100000
99930
48257
79812
23975
46662
35108
44954
55096
10228
77275
66864
87232
17596
44759
36425
9910
41868
91589
92238
69196
66488
43981
85087
38080
92881
16141
45657
76169
23111
46929
2299
70986
16192
11886
80301
15129
28840
48288
34728
60975
57149
64944
93898
35982
28919
22326
17245
49092
83402
69320
69379
15657
83383
36467
43288
71780
75895
81949
95861
22151
57693
99724
86084
56030
29426
62657
84317
83988
57219
5772
27711
44160
10453
65749
36139
21822
86850
22284
52670
92612
88961
8739
61215
69921
30647
47659
71482
81974
70617
27544
92934
40148
92051
48578
39232
41408
22674
11757
99446
10029
17565
49188
70609
16296
15480
82634
9648
81390
86042
22068
72842
86268
50956
51279
63866
99485
42909
87100
21243
72654
75690
99459
29965
88202
63131
53171
88896
92744
74259
26140
98826
28208
62787
51268
9918
87782
46510
92975
21295
44053
12002
82580
51609
22511
45715
79157
35659
32772
3080
30688
40944
86920
49209
44048
73841
81088
61116
6530
16804
41020
40377
42113
11227
61937
41149
69101
23521
8773
98068
85612
94256
503
45704
78028
80875
11782
40294
88034
11668
17936
93229
96771
10571
62275
17787
65991
36918
33859
26762
45976
50838
97287
60033
7206
28568
39507
96525
12216
75260
39428
65125
84349
59723
35975
94325
49978
4338
38419
73035
19551
61893
6772
54278
98611
64504
8607
62473
19675
28431
95582
50303
57160
86531
67147
83445
47857
23679
52048
38293
14452
76029
59251
86412
26923
8183
2496
93291
80246
1253
39657
40904
49792
59109
8023
73524
20171
58116
40255
61893
97185
2089
27818
72604
14157
7508
78829
26894
43630
43443
7186
32353
60015
7229
13692
53429
97894
1767
26235
66961
81465
9326
34459
58368
87243
42304
1409
81240
27690
44887
95221
35528
81784
81776
10087
92875
47510
44870
62525
9881
25064
65760
72370
35479
22696
798
14043
92171
42631
42459
68116
90549
37759
91244
92857
43691
37472
86265
58519
88499
89783
97816
29830
22095
58169
5222
52107
1997
85264
60537
93599
96323
86143
95142
25978
91962
4928
71082
99522
63819
43300
90982
38884
26312
40143
90822
85067
11218
32953
22925
77681
23733
39649
29079
38345
56513
45127
40439
95166
88222
8917
26378
64084
83917
86441
37751
88707
7907
2659
53827
82576
60482
33495
83274
45842
17437
87650
2873
56791
10939
28140
1707
40944
28132
32074
79494
69434
39093
4487
42338
55630
54030
62690
68051
10532
70515
58461
90465
26621
28003
57736
89435
88052
26205
50767
56192
78350
60999
79293
3956
86088
29777
60708
67089
26619
1968
10796
36631
48231
16976
4185
43915
39548
23745
11838
10716
56850
11653
43003
64394
6674
4493
17988
54759
41357
33905
24019
92662
20930
43516
82341
46335
11998
91359
61805
86591
41221
25888
40855
51879
61126
90672
62826
85447
34719
98344
62234
6540
16207
14308
80981
49633
46940
67202
41192
269
70245
48066
63939
88459
23562
27876
13217
33335
39999
807
37770
8472
15156
99964
7312
84521
49757
56360
45550
87782
10511
95580
9406
39903
42800
79858
66399
65188
46479
31897
32307
24505
92986
2977
9838
38256
26592
9908
99170
4730
22074
93376
98524
1141
45293
61814
22464
65234
41015
66062
39611
56991
94837
24848
44341
50069
49708
47281
85778
74943
69182
95926
63678
53267
94315
37397
71342
24001
85272
74520
67392
62904
71232
99791
91739
12875
14594
34876
25077
86484
64714
39251
27980
42169
83399
14762
72142
46313
55352
37232
93912
56385
69610
42592
93106
79252
66883
69207
26785
17294
49086
61841
93057
69422
81811
33168
89681
38442
71670
19882
63083
42939
98697
79133
54025
67858
95907
97466
4900
59626
58528
39183
53614
46948
60694
71203
47992
19610
78423
85268
43422
71179
7664
93647
52602
31259
80362
6141
37768
60912
68039
62818
37770
44662
47101
25571
69409
10509
775
61777
91404
86209
51476
79453
97932
70620
38938
23081
87882
47292
87173
70617
32502
69402
63219
53223
98106
20575
91188
76014
58124
676
98353
28269
94402
2315
61516
5781
19817
56126
15974
5875
35455
92981
79632
42738
77327
43848
8526
11327
63759
51279
68296
56821
42746
99707
5403
80430
42453
86064
33885
66396
35458
23717
80765
20189
83581
49959
31491
43066
2599
6924
28759
77161
319
26062
29356
80770
1632
39881
99747
2664
56039
30939
9241
51606
93702
28686
40116
29885
20429
12103
5288
41614
30201
94569
73588
78631
41146
49834
13868
91291
22739
74329
34278
36671
23368
38802
2086
83508
37206
98676
67570
73183
38420
92723
8865
70778
24497
9831
99642
22255
309
58240
54229
73405
4505
13119
32223
81679
40641
92331
45812
16101
32834
44148
21302
99621
3984
38265
60774
24092
78949
18198
77370
26626
25397
95239
40018
66002
28028
24822
11251
63254
36016
47160
56109
92041
40799
95282
4147
57183
5154
98584
72770
14185
54585
82211
31492
20701
6915
14159
45033
84507
14552
39360
14968
90488
87452
37019
13321
11606
71219
60013
86402
88804
15459
79949
52753
39282
23376
70645
61753
78527
7101
78958
72741
32427
93666
85769
66634
44231
29811
10815
24891
94241
45031
25941
46772
26904
14410
58151
17655
80870
70773
13223
18026
15926
94449
79784
52048
85771
41650
62035
66228
59429
99322
70676
92353
52517
65370
14141
68042
57244
95149
51654
5991
13851
73123
28036
37283
27773
75099
82910
69038
76397
53681
43241
79581
47586
27172
94484
36027
20871
58286
389
98693
23581
71951
40304
49981
33444
91637
30036
56278
52715
33857
42947
57282
79217
24755
46225
16138
38095
87111
23542
17096
44459
49717
37955
64240
47258
26710
86686
87567
99095
19504
40067
84290
38927
88417
95393
89542
50186
5092
49608
62838
71319
71037
38624
288
24358
65792
88755
85820
75397
95573
79509
78417
89725
84470
15065
77655
52127
28847
10711
19117
98012
61036
39672
88895
37056
30810
29382
29219
61369
70518
62845
58433
43673
39696
15391
85356
65419
24097
13524
58608
85393
32711
6474
82681
41523
62012
34491
65240
64667
8034
52192
90273
5947
32942
47458
79363
17501
8516
40804
50217
41044
56354
23540
490
50619
45148
65938
22796
36759
86267
13321
74366
70339
48894
43310
47127
71979
19200
29982
57116
86629
78524
21204
88036
38455
98876
58014
2654
9199
41844
67310
89978
44934
46723
49472
38031
82638
95627
62600
19901
23518
5275
85977
1231
3120
51908
70845
15596
16653
19366
26640
71819
27760
85805
7255
29347
95600
65727
75242
69511
42889
48606
35826
66500
37272
23929
67047
36009
83416
57914
43949
56878
7987
16514
67583
22012
83838
92647
17821
2342
83850
1441
97732
3045
3285
42100
39068
97080
87968
98920
59171
72430
89215
11622
58731
94019
33356
61153
2722
27970
98537
19572
93834
76904
63913
98733
71623
81074
51825
6612
61143
37706
41347
92605
41505
11301
76892
65977
40281
80366
34624
1257
66226
32096
88772
84938
27911
5097
77393
56261
36537
99279
84062
63688
28675
26280
78665
13916
12650
93096
30991
9824
12961
18983
35656
72822
79001
18274
88437
11915
54402
26422
85388
97847
70979
46808
4530
32826
64264
62577
42958
98557
93899
46414
25342
25488
83738
69103
94251
40886
43590
83856
2530
37659
2859
2110
41068
75656
54160
4658
64405
50621
34724
37346
4424
56075
93051
31125
54240
65187
25993
77159
86747
2500
90673
25247
18982
5619
3731
68124
98067
84562
44401
51683
40226
91632
50193
18692
39450
62003
90216
35281
59751
87965
26070
39369
74533
2048
58090
13899
37279
97765
66112
77498
4965
40612
69878
53888
47703
87949
50322
84462
70051
68657
63266
51523
68475
77076
70097
49903
40631
86273
813
42301
58009
57228
20852
63881
13613
60363
69427
36720
51362
94342
85285
80583
30383
30048
78632
48978
651
80840
64139
80350
49973
85049
95795
47179
16736
69252
52743
97607
68455
11053
48069
61250
80340
59473
24701
58684
27273
21614
65856
81389
76346
16769
9685
37894
39770
48522
67223
54211
4357
86237
34840
3677
93773
42401
69012
31966
99260
58664
46700
93761
47712
48572
68079
98028
73597
4906
69388
60822
44228
36020
24534
10058
59648
67781
55606
5360
9332
10921
9984
18829
19018
91184
21989
11515
50736
2497
60469
46465
62265
76257
24044
28899
7594
95943
35667
95740
37727
11328
79980
33066
24244
60245
19607
80020
83087
97646
53144
90242
27150
18588
735
26982
606
36649
83651
77255
899
25488
58537
94297
21471
54931
15330
98005
96016
17320
4317
5731
26410
66946
54532
58444
39891
74425
44619
82747
24501
73481
51582
15403
31707
49300
79728
87692
81196
49372
6618
69990
22534
90572
39012
67408
4960
99997
2637
98944
33666
37432
33025
66758
21763
59994
65137
69300
29828
98240
39195
49456
50222
99295
29239
74587
32814
56018
56253
9258
36891
91843
91158
13213
96153
94653
75760
40368
51744
78038
57967
8657
82645
65649
48627
70285
24834
32239
5318
82350
97059
91933
80461
49937
56483
59239
16345
61367
81657
74288
65111
25844
2369
42424
84410
962
39943
6703
58985
72416
64028
40902
93865
27891
81562
74051
78667
85927
26238
52266
78294
34152
11468
84311
29966
36637
96250
61522
22922
24125
48197
69332
12712
86352
7090
1696
82866
85197
66301
11368
64117
24781
75295
69186
91793
85426
819
7900
99486
96960
93379
82317
78965
18897
95294
83438
79201
51587
59234
86605
51278
61098
58687
55118
28228
86250
19440
29686
92101
93439
76895
72678
52742
44300
92257
55839
18244
32081
14283
76236
51412
54722
62277
79668
75594
36017
38713
13062
42494
90977
88979
32656
93296
44847
3505
43732
96930
39402
87068
22948
95886
86769
38275
26375
25508
54115
38019
54735
54440
26352
8426
60932
15209
15533
62453
27433
58621
48166
80558
16575
84371
77452
28125
89158
57987
1765
38840
60376
84193
68592
6285
35425
37591
59277
99453
77712
50478
4120
81588
653
84352
40046
55716
86008
68287
81495
55193
79723
338
6952
85323
8687
73752
87163
8700
33116
45300
34795
72652
27095
25334
97965
20277
78418
82157
87795
84436
53879
26261
8804
48292
17877
38138
56978
97621
22712
35567
19859
10884
69331
69417
6386
68297
53294
15847
33188
50167
96577
88495
56675
99828
27292
12317
33079
63218
50125
78446
83437
54793
82800
26001
75665
1939
85789
40214
29815
51976
91535
28966
27694
2375
21924
91428
22713
89345
8933
21081
12924
48843
77949
78313
12090
35769
51535
44012
76502
50690
53563
47766
82310
3363
76223
71754
70150
95264
38350
30627
96088
81784
66906
56062
27063
24877
58510
17926
77519
34363
74816
84700
12402
7615
22121
48222
56425
42457
78445
75658
32591
21952
5889
54948
90587
99961
73366
53625
71308
20426
20772
19279
86964
42587
90643
7604
14411
72359
8609
29357
14585
86150
14254
19250
48723
62896
37378
46611
34172
91220
99397
91138
50860
90287
26971
62114
66267
78471
61809
68264
49148
27400
90542
30620
16616
16877
47116
1667
49944
60956
40106
80676
59235
50264
728
78935
55649
91033
25178
82514
64881
40381
89719
93316
16940
36075
34694
14819
29436
94703
98337
25087
93820
89525
16499
95928
81154
43671
92979
25727
76137
97
70481
75658
45955
57489
47656
60293
18282
21571
4262
32724
69406
24310
95250
97106
33955
78569
53426
2046
52442
22390
70312
9274
91876
28397
1459
33937
4872
33295
1372
89147
27759
45880
55691
84610
33944
11287
73207
7765
15250
46622
97503
56076
70434
66864
68602
62156
72161
38105
19390
47503
45301
66396
82346
54975
18332
16064
55851
43800
63165
52320
13393
11256
20574
26893
8337
61143
68834
29986
94057
61447
51829
26177
45292
75637
58903
35204
16874
41593
89616
96757
41099
74826
92425
33839
13031
28996
76120
38422
14669
53448
22580
73956
37334
83724
60205
66506
25700
40158
62147
23943
8292
66369
52743
35568
17206
67156
28024
87272
79067
77080
75610
16306
88197
4643
20015
8016
47597
34238
4339
94963
27197
13378
27649
61795
62813
60719
46470
99333
18311
26304
14941
97451
50840
29357
1250
22648
14738
32639
17800
39248
58571
86231
88724
96265
90835
22841
43216
86963
14272
93679
71697
60374
16268
84009
26371
11159
74125
22218
98561
4777
45101
72249
11404
88893
58047
93255
71579
47915
86919
72840
48728
52111
37036
44692
78674
53372
46687
35875
45581
49321
58713
52656
8033
18899
93338
99956
11922
16529
82963
22843
56256
44433
64694
74994
84795
92917
34490
28428
67148
2470
20947
90289
14302
71666
54859
61642
89966
4805
45496
86561
42436
82001
66846
15150
7204
93529
90463
41201
34252
11141
44362
92336
75217
43744
41741
98450
1906
22811
55784
21594
74274
67312
46075
26436
38773
64734
56183
71612
78810
28918
65760
29144
29620
48438
24430
663
37996
41254
13876
61800
76718
72874
38958
94049
54206
17881
58862
8240
27005
16067
86524
83672
10296
81167
44700
63072
70799
33086
85231
25571
86948
51186
80631
6924
17978
29230
3077
29288
53227
85518
82231
33756
87602
83011
51603
52070
77556
72588
74536
75498
56275
99698
25795
1821
5615
34042
76584
14607
77362
36879
12992
28035
29662
44486
67571
36280
10441
38627
43387
19821
37942
49296
84442
39558
5985
89995
32042
26779
92533
51639
45744
32281
32937
19647
55784
79371
81786
86702
62035
94591
77257
36828
53825
39580
53777
69099
42004
83949
72122
97839
80186
91856
50362
32353
8993
53744
26686
54544
95041
25128
25691
57906
40070
7217
14916
59778
96233
87244
22264
89423
10220
72536
30090
92216
86596
40678
95473
84298
80584
77322
31707
45239
64666
1804
47647
49513
17490
27087
57140
69791
62659
29326
5237
71352
46246
97068
78479
76056
95099
5573
53743
89749
31060
54643
18324
87070
91179
16745
33022
99410
7934
73127
74631
81611
23054
81279
95707
66224
79393
316
67937
89070
76066
45374
21935
52452
30815
74776
66981
17977
99094
87143
23758
43520
63242
4176
88273
7174
53559
22239
32679
42804
71818
37000
55408
7684
99924
64603
16656
30545
36853
22133
44389
42998
85585
61140
22075
29694
24124
87896
45942
35797
39787
46684
13463
8093
73903
83409
43679
67685
57042
8469
40095
88952
71263
50725
32279
56083
96303
96297
63995
98130
55089
98069
28075
57988
35505
70031
71523
28062
35366
85489
28507
84539
34021
83396
67818
87036
86110
84697
35754
15712
81704
80270
92696
39189
51182
3123
15611
94824
31006
64350
56093
66012
73400
58154
8058
63237
58107
408
78433
58688
76721
7517
32769
24736
75404
51201
75314
52817
69776
37984
15696
86761
98586
40850
50640
94364
50440
34876
77937
54975
16704
59233
73048
62220
21332
82357
4673
77740
55369
301
91303
15249
20141
92750
85741
10151
7307
50582
86192
42728
85972
26886
79139
10924
81406
13392
19489
16153
39851
47754
46667
7479
49441
53190
83139
93531
59636
95365
10809
68327
97248
7397
69698
23779
22480
74965
17195
35743
23701
27378
31532
78804
40367
15719
8493
63445
56968
21470
78165
94643
88351
96958
66741
53159
9131
11650
88773
52969
92849
84050
24314
81107
43234
35262
12791
44901
37574
91551
25269
4713
32262
46106
21399
9388
708
89868
41109
88141
90525
76763
57723
35027
39219
63040
94264
93648
28921
88230
8555
40
92720
57509
75306
5958
71829
37350
45564
91050
70772
29604
43578
38677
17897
8142
89014
65162
63674
76377
81606
40728
13482
13438
78113
91917
95922
59372
40802
4921
19352
39192
78681
44101
54898
92814
85229
41452
27529
86546
15927
42570
71864
18433
91286
91287
11205
84196
12230
96840
86199
63812
80407
31659
97217
38497
23122
45465
60364
93137
62593
94398
66285
81576
83878
98245
19583
84527
21567
19048
3028
41434
55586
3451
49636
3875
33475
20670
29048
13254
35146
55518
30904
7593
41988
33086
30826
43514
54919
76127
26067
19294
20183
12030
52476
26795
41516
24901
11785
68476
54064
55095
95325
37813
83119
97861
52433
38802
44736
73947
70962
13863
33353
42904
82955
64327
10807
79279
15345
88793
29664
75206
26390
24775
86894
87772
90811
34389
4146
22210
23567
79593
95141
16948
21612
21421
14244
24456
33460
46265
81778
13395
34756
30492
83717
98890
77502
94922
36131
61015
4792
22358
20941
89867
50605
44450
87693
11672
90206
52059
97308
75444
68456
10153
67197
42267
9057
20792
33660
83176
73810
35953
55802
63799
66044
85985
83726
69434
56913
32179
67007
4260
1414
32373
30714
30752
57785
98192
38372
49222
58703
89396
20273
1799
27826
54559
46982
13728
36695
6088
40017
86656
59556
71915
66473
54328
30818
29521
70421
60265
92496
88910
63037
57176
39401
95940
26723
12387
97520
16677
33512
97664
26048
91982
77954
60173
19063
48560
77885
19534
60212
92644
51731
87456
68640
76491
3282
18841
91914
75062
58865
42991
40447
34888
16332
2381
94483
56262
57462
5658
67692
91679
1649
52597
22256
95951
86705
76440
33648
49225
74323
74092
51857
99780
4109
72569
53027
50245
80405
36234
43545
6332
368
96170
33158
94280
7233
13022
97683
45568
20025
25073
96302
48171
32256
73301
66997
41871
70519
85004
90653
20694
97692
77080
73729
81484
1245
71137
15474
68334
68499
76129
68951
20456
97906
63340
95108
60444
89953
34443
6128
87530
93573
19101
41324
87056
4767
70950
46505
8184
41446
52105
83967
43206
61203
77964
68787
95565
19353
22818
62296
68748
5193
70985
83753
92551
7909
25237
32482
51506
76049
9802
20092
29777
65632
3887
79470
15576
97173
25919
36962
87746
43957
79401
66345
22689
57304
89649
36280
36779
20082
66385
86673
25066
81345
73001
58250
94095
7209
18998
54277
49098
93250
37963
93812
8212
94564
47937
29358
11700
33188
93253
99686
87806
28449
82511
59152
8197
36267
91071
6247
70683
98224
66145
2825
63206
10835
74429
86333
10499
30815
77992
25685
73805
1259
85032
74286
95230
89286
12780
16372
34768
48443
75924
19098
27578
308
74883
20619
41961
56650
99409
72113
7038
5256
94727
6190
83504
42731
76967
34775
36672
29001
71298
8283
47846
11519
78502
10095
12272
43357
93669
55015
90693
76746
5829
38837
65504
69805
35326
89310
25132
26963
56709
5865
92640
92361
66297
49707
95439
35923
11421
86018
8754
9040
22329
28368
50753
69185
96576
86146
42975
73042
76558
74849
22171
21718
78988
44540
3323
18190
4132
5456
82987
14329
88333
31436
82736
42243
18472
18764
62500
43099
54813
90407
52507
24641
431
75012
75107
12706
75066
24050
26793
33420
95247
61037
51805
76325
89775
96200
11109
56259
39463
43142
33482
32514
7992
28042
91202
19428
60836
66359
48297
97642
99220
9652
1944
8510
88055
38286
32543
61199
84506
87924
47775
77285
49563
61576
88556
43113
37936
56395
3941
18813
1101
89773
52902
67162
90734
15292
59430
58946
11427
14753
3460
58945
83957
4155
76526
70330
78960
71195
87238
57723
90685
78814
63556
823
80297
32681
15692
23081
63721
55042
20321
90296
24348
75579
72715
91973
66784
97620
5509
55691
58041
11921
5363
98982
68539
67756
14152
44552
90937
22545
89558
92510
9723
38040
29617
3619
84925
93868
51161
98048
37660
64430
81392
29329
39858
84120
82846
88981
24169
55835
98591
16557
68856
9363
20427
33507
86900
26473
11585
55404
6831
53715
52086
90324
44943
83040
44116
81961
51355
95393
61762
35430
35899
19626
90474
90775
89944
60477
47763
69446
13217
86866
30568
45735
55396
4851
4338
50884
61725
10207
84152
91498
18243
10527
21626
15316
25972
73641
50069
60520
53441
24196
67769
5873
23796
34453
55188
39967
38917
68526
19075
69425
20636
24098
91000
27568
33376
69032
20277
52299
89017
64723
39563
43620
4377
25506
29813
81672
21380
52100
81157
47430
90046
17699
75840
64148
90186
39172
66479
51992
99675
48108
61402
95206
87303
30706
49248
37403
20761
82723
73692
79042
31449
56067
35260
54622
4345
27049
12848
5318
4944
26193
83365
98614
4507
20337
93798
93705
87160
60427
6435
49654
50319
29493
54600
19139
64307
57119
24692
73299
88084
50672
45298
25522
72674
14923
47709
25318
57814
75618
77607
42450
64290
25158
82245
51045
92641
12689
24818
62398
43894
85474
23484
45569
82357
37826
70375
39268
23938
94614
83145
13954
19289
25956
78896
27323
8154
91499
15750
7296
74459
38623
98724
52705
79972
38042
5285
69203
11599
8470
4979
7699
44795
29984
75326
50234
94210
55297
19171
72371
50723
68203
33244
78951
31702
48855
42594
27344
15561
46026
29404
23889
79706
91117
81073
21502
56206
97946
5208
53702
94444
70008
7354
26369
64891
13891
16016
38191
6760
79536
95612
14516
47692
68751
55396
32842
66155
84136
79492
51153
96517
31683
70314
35740
59592
37834
54879
35603
83027
99491
98028
13915
85452
14093
94178
53962
74221
19972
42891
44515
65514
22547
44085
71851
77485
75387
63980
39712
52929
13694
23811
54542
73427
513
57945
21673
8255
17992
3703
20390
73285
73227
98113
67821
46901
14447
85526
15871
40532
44664
50900
81038
49528
30603
16159
13057
35308
79386
55694
61879
53174
39825
93531
98361
94257
52848
71075
58987
4215
97996
5603
91973
93052
4566
64699
98886
26356
54772
65615
48809
72790
13665
49821
16134
53363
39511
65065
52874
57464
70664
36428
72971
47880
87559
82835
78189
26184
11894
71742
34425
57290
21495
92052
98850
82616
6246
37303
94391
47784
20453
77133
67093
71772
39468
28375
93837
42507
29797
80935
71675
88805
58945
34536
28495
88825
21535
38699
73023
42658
24275
11322
45768
11223
72595
73890
85197
32927
39597
98578
92371
42766
30934
23841
57194
50263
59095
23458
4840
98155
8484
37970
17756
1242
37356
49176
91268
52223
45162
2695
49665
44216
15322
37205
572
29250
97368
83047
46515
16102
9338
66454
39198
57574
81264
27178
11123
27436
72302
13128
62350
31326
69879
66853
5418
4315
24730
87822
64480
1778
81037
58637
4774
85907
29207
49906
88814
98895
79766
21977
89448
64405
7875
82443
67478
37093
44989
28691
21201
42347
38377
73616
31816
81378
26650
66298
53750
32814
22824
76456
63767
22018
71393
89756
92641
11612
98091
98055
29139
88378
51655
61444
2321
11941
51598
80352
95476
77856
11482
95473
9506
58898
98568
96301
92403
90759
71283
68811
50906
41552
90603
2353
53707
64480
87583
31504
42404
2137
66202
33762
14243
54026
56337
7300
63361
70046
21723
67209
95517
33000
84089
80025
86032
6158
98159
91319
11304
44946
68287
63246
62745
87239
78595
52550
64256
16096
66613
10301
96699
55306
23750
38320
60415
27513
38671
65695
35911
48137
25550
22593
76293
1343
98616
377
60800
83566
74458
94492
95712
32239
81794
90082
86843
79649
69077
90056
35726
32566
18875
87851
7881
44520
84733
69779
46011
86230
88048
65359
59054
63775
11540
49128
24153
26526
82028
44417
9374
10566
16498
75069
77992
49577
17079
82882
16820
49994
39138
99894
84281
94473
24642
30853
9075
60734
38225
97890
84975
48916
62423
18320
70620
60516
19968
91175
25443
92410
72607
18435
18611
2970
57882
79244
13885
87967
37342
77225
10833
40634
85961
64269
53607
49292
13443
13242
68301
3441
83129
87648
71623
28088
41866
49147
26089
53291
84643
48052
33069
41180
50028
44445
48325
48588
7120
98935
3166
76074
91308
14304
54616
63259
20127
69496
18251
85437
21867
19888
2114
65724
46266
79562
55652
52272
48863
74272
2310
87300
4728
11092
89839
95191
47707
56343
46481
87971
40008
52683
52457
16384
5824
70157
20962
11464
28056
37373
56265
5265
71648
33252
14400
82280
65259
6015
95982
37819
81457
2066
42512
57361
92041
65802
75817
48775
43028
97182
61449
60378
45124
89708
22756
2391
12809
50649
35761
43002
52144
60634
20068
25695
78363
87423
90072
29057
23795
21548
14884
82555
67731
99128
78271
41114
16641
48117
2809
5126
21865
56077
72862
27972
18993
54360
33221
96256
82462
48560
16992
83868
72412
24887
93050
97329
4145
80438
67848
57802
18106
59052
4193
20599
20776
51483
68694
74521
87617
95593
88566
71581
35356
65484
53643
57528
59834
46215
44776
86170
95897
544
24527
54064
29029
61906
70737
54196
17516
79041
444
26645
90084
79775
66557
87711
67992
61842
20011
97793
41909
55449
30060
27846
291
45845
85128
98529
27310
9235
59719
21435
20791
58932
75028
78425
98992
37377
34911
11323
71227
14601
22102
9595
44416
17157
24082
59547
37665
18586
23903
41834
44569
74175
65314
99339
92087
83532
75222
7732
61254
85070
31756
76892
78056
93936
3756
3533
35827
66514
98064
75376
58143
5443
22304
45168
40165
23348
73677
57774
43688
44744
40406
49384
95801
11133
47877
12917
28612
20600
21713
84522
33248
68365
82791
15015
29032
83795
32478
4668
81686
97209
74003
30768
54739
35960
14557
26001
52506
38273
57391
70503
85391
60941
97062
93186
21221
2037
62052
16089
95302
75950
86584
43869
19050
65627
91631
76472
19761
55635
34108
73934
88791
36826
75773
99695
72418
50815
56063
82415
77263
97510
78108
64354
76941
42898
40200
49033
57684
64997
15671
80388
7481
48883
65799
77060
80275
65975
19425
76718
77979
14656
33079
20002
31080
8220
61687
46400
1940
34036
20104
50061
63619
4039
36870
76465
27492
62697
57221
49211
78597
62962
43299
62968
92382
57612
38062
88715
24962
33003
32841
10107
96198
35079
84313
21680
94640
24495
75085
25574
2433
15524
34946
76693
81071
53080
23804
90227
79931
26789
11392
52050
402
62380
4645
59239
77468
90893
97949
46068
33419
95523
89902
81647
69075
76522
83760
11232
56374
50135
80700
90168
9684
31386
21055
89030
43870
13458
84385
65278
32155
78006
81810
29095
13519
12747
6469
93891
93345
16020
19699
56999
60027
41052
26829
75156
71581
62955
52147
35515
89404
96760
92359
98297
2639
78626
32323
28572
39608
89146
85501
71639
53038
20384
74726
34603
65673
53654
60328
63598
33052
97066
32497
80491
51839
24715
53344
80164
25781
23210
15379
6959
22297
40744
56986
65533
36146
49945
31270
96030
36378
50562
44724
82256
18012
32138
69478
97792
30078
42076
98607
56901
94487
92742
60248
16647
21465
72492
85856
81785
58029
63860
27420
10267
98264
14877
50386
30933
97050
16619
57971
11455
62981
57058
73120
40318
50788
12413
86228
84558
49380
99947
54979
67316
39649
25449
69240
97770
59134
5462
64440
45868
78080
65296
575
1422
52858
88368
10015
85424
71476
11438
95375
86926
62365
6397
1484
62534
7227
18506
61080
55146
33104
38458
35964
26662
3578
83392
61298
78146
32882
77443
76810
89205
41484
15882
91049
25454
59478
33387
65570
72507
20313
80942
12526
55738
70102
51563
43913
75378
17998
65397
50342
46242
4272
19885
55982
84447
77843
60058
14545
33175
20374
87171
10041
60674
88958
10915
684
54718
29939
3997
7788
52446
65182
80266
26812
40738
46913
69685
34780
81756
43505
54397
39170
54894
95407
94658
51059
77055
12419
35695
22842
17608
8827
61898
32090
28489
82368
82797
58300
9939
33431
4609
96422
50245
75564
98584
19602
56483
86270
3966
7325
86597
46292
61023
44647
27277
57863
92662
6922
45248
28686
42408
7763
46357
25051
99189
67516
98318
65184
28346
69798
72756
31429
11776
49695
39933
31450
85263
30050
62527
36903
66470
94259
52381
86823
99111
33249
23663
69135
83371
12113
78271
34812
18948
41774
15441
59976
53292
46091
42263
7866
51379
71973
17229
88257
7543
63367
4936
89823
49032
77652
91906
96390
26441
76101
37464
21243
14395
48428
63024
92700
48511
86619
41369
90076
26642
76644
43783
46709
25371
55562
30915
12510
62615
44544
65988
39617
61257
22249
30989
57749
58290
38135
60360
41060
46217
75269
16452
69171
24376
63353
47131
95549
30610
48556
52205
92268
85890
74559
42444
75075
12150
83392
19125
28735
96349
23691
10451
61290
48119
23460
98704
55579
33794
14826
9476
57441
7358
80422
79881
81078
85202
21575
3952
67442
47894
78816
19355
45729
55016
9325
12366
31511
19648
5491
1247
24183
95877
13207
89022
69777
410
96649
90560
57390
79697
18320
29611
36814
34473
85567
99765
59493
13969
65260
94381
8798
36275
3239
72910
66087
99486
42511
85397
36267
92747
88633
54733
70068
21072
23840
53894
9742
9506
60567
35281
45618
13495
51858
90244
18615
61857
58840
44314
45366
71722
97841
3300
4763
51131
60265
79512
932
47969
56989
60215
54162
14047
82205
67940
65320
16572
33893
86476
28466
85582
37891
24864
11758
64000
40837
80720
35733
59868
89521
18204
25279
63745
48797
92156
84705
90533
62752
954
84653
66794
28330
96195
52893
69478
61326
49376
23383
79975
62194
87243
50048
11285
30010
30472
68044
64744
56125
52892
23458
29520
73226
48856
39482
69753
54382
44465
90815
34540
8231
53914
30820
33284
22585
14978
45311
75377
93056
24836
66467
75370
4476
86824
19677
99434
1173
64999
42400
36733
44600
19007
91094
39879
2724
56678
51347
60131
72287
57494
58132
14632
61112
40669
2114
56999
41560
26918
58085
84931
48390
41377
19134
76858
98501
35055
94380
48499
11270
37987
58436
8183
57126
85873
5122
47853
38036
7593
85539
91253
64674
69222
94081
27643
75220
2326
14086
96755
48845
20987
22596
54958
26797
67926
3041
12824
91591
91625
22788
28190
41714
34012
15308
23432
93239
12413
53429
71708
78091
183
68782
87610
7774
96299
56975
74157
56874
85902
86328
23811
14827
66469
66368
92432
50456
12229
30165
58685
29524
46
42588
53998
95931
68648
38039
94072
1906
46729
32801
15049
21908
77713
47751
22118
23270
98011
68957
64919
65810
47729
50920
77693
25283
59308
88869
18732
87613
52675
73710
68376
12020
35495
79081
21933
3660
24512
93472
57753
88270
66016
25335
65041
4792
44540
14868
53546
75838
71273
75315
21292
6047
10970
68557
84588
93484
63680
25941
64866
30375
19118
58244
73747
88027
59582
71006
21276
42051
54408
69352
17352
59177
37865
34322
12463
49445
84398
87525
19001
63689
60868
53735
44312
40595
31263
43017
79533
41229
88593
52600
78971
63371
73972
73740
6706
62923
75539
24928
69357
88712
52321
63044
91802
9005
53066
74929
4308
26088
10125
6017
72443
28252
94459
3610
15065
67834
35596
81149
4138
82862
52659
17660
39387
17432
37391
90202
46988
61078
23491
6253
78511
36276
82760
72788
5597
49403
88012
18113
99410
91631
2191
18892
63277
91786
41015
2351
95125
59008
94532
52395
91869
19576
49032
42454
62695
25647
6593
21508
94183
4276
25945
37005
77598
6553
9295
99700
92674
25880
3626
50069
7947
43855
14474
12652
86733
33664
29381
14398
75507
35400
98029
99474
44484
65018
26849
50692
66881
39398
24070
31581
782
86132
4868
16684
675
5007
58458
70012
87240
72612
44049
97590
14074
29987
78684
75054
34629
13370
79282
83210
40392
60733
65585
7210
92328
42924
32042
50187
22938
24594
75101
83305
5646
38738
33642
37962
61673
7167
37260
59964
63235
87506
75572
73173
70130
77980
69923
72904
55116
71119
10368
86903
33452
67814
39944
95368
31212
80067
65094
37666
18833
57413
95214
85631
62489
30867
58187
58439
61060
68052
48486
25907
26792
40180
14497
18734
44784
63987
82154
86037
63828
19442
56496
48669
11532
34883
94873
31197
85390
60437
301
97114
18852
95409
35646
48908
34887
17811
60118
75417
16345
23770
48016
5576
68056
51416
69709
18575
13453
3225
2289
9129
47499
55544
75
32816
66892
67371
26399
15516
9425
80847
75129
20788
10337
72284
94076
46823
64808
2031
92614
28953
58865
98742
70783
43953
70595
93645
70743
5156
74800
97991
49626
39079
37526
70
51584
76399
45895
94242
23432
48863
93766
1225
12701
61289
44391
1261
71912
2391
78406
93157
72268
37538
52673
57538
23306
36146
69937
75071
15663
98299
78703
592
34163
61226
23544
45254
31518
33788
1060
29710
27255
58877
88715
60155
2389
50101
90819
24302
31565
50308
36572
39102
31546
26289
54494
72438
51282
78799
39274
37289
38071
1277
42066
43371
87143
1575
97216
48659
24550
93700
4763
6868
52037
16991
39189
33618
92965
71880
22348
63061
85971
95660
46198
73329
38369
3340
63312
97917
88419
66685
97246
81078
76210
51387
91053
44471
62743
77172
78912
47059
87667
85259
23633
96871
10988
6085
31786
35939
78802
14356
46533
49877
29691
93545
98550
66474
64860
87005
41863
14837
6861
69907
20752
31373
15064
10711
54564
23486
15695
49527
54021
82966
27636
75105
45940
10308
64073
99909
70587
78106
87052
38341
76644
53669
87974
83840
60487
95838
94906
81814
54859
43162
98677
81555
55187
65701
31854
25916
69823
98063
5425
36162
95920
41616
42672
16208
79976
17185
85284
18587
74769
57141
34538
72157
8655
91041
28392
75371
79237
83297
63616
57874
11563
48677
99449
35791
2509
93291
58980
92542
47483
89409
24023
83849
81118
95271
93097
89373
39399
69460
19132
67602
45419
5920
15051
66819
62905
28182
19566
85220
12660
85456
57104
80433
53035
67451
94584
84882
54695
42421
25317
63116
74079
97844
62155
88646
86474
70654
76197
37638
9075
65600
98644
52288
76346
12641
87153
39353
40763
31848
6901
58762
4343
71231
45200
24787
20893
32814
80328
88910
18502
61824
88057
37599
83450
69928
6195
28031
70285
43896
54868
5854
20916
1268
47110
81053
89282
49615
11987
60960
4335
99413
3334
23167
62205
90352
67699
61163
53938
46729
74917
56990
32715
68178
1455
86087
75650
35193
70414
76503
32554
782
67414
36815
47171
83563
98153
10851
84769
97582
17791
43966
80630
67108
94639
46290
14157
37744
26212
27859
47237
81952
53576
89260
34441
84688
33501
56691
79401
58950
22858
99106
41807
51189
35336
35231
65474
97000
88759
77953
17841
32633
37995
71045
37404
83091
5173
81708
1840
43156
56523
66513
12703
5761
11775
61359
73793
30546
18942
45198
28820
21637
31375
50198
49035
19198
9176
1497
49587
26646
68136
11296
24610
91573
87625
7865
9691
28877
9727
7905
76143
48569
2168
90689
61605
76420
16423
77097
43095
59496
86058
25836
16514
78410
40413
15083
18073
42471
82872
59704
60262
39255
78223
79110
86770
49054
5482
53225
6244
58124
75869
67788
27702
82899
98009
23575
41071
32219
48991
75072
50753
28602
14101
78095
44079
82190
59044
28945
24058
63193
25426
7414
71038
99521
97342
13789
40738
33754
66229
92001
92791
48687
60994
91699
98646
88328
3617
46829
49610
48210
82794
58287
81540
29867
84609
28385
70755
94126
38680
89181
47331
39781
18878
41988
44756
10784
45652
68508
54038
39744
71265
43381
44771
73853
10582
32728
60864
2149
91037
53918
35002
74855
90041
35317
67118
74487
58202
85879
88827
74708
71702
42281
30605
37973
3108
30121
77282
63582
43332
20497
35624
11012
1930
59406
2922
7358
4713
48269
26518
81630
61888
61540
33402
92624
20323
27926
26690
95471
16676
31678
53937
51915
27732
93163
10320
62926
21451
99583
40300
73740
26568
59765
45919
52938
98236
98692
70835
3030
46531
17518
20122
56541
4391
99114
72340
95990
56166
65026
25701
52883
8217
88980
76483
30185
48318
65918
14232
32388
90680
2373
32141
21963
33671
25989
19906
89267
19810
28244
66019
64576
91478
23114
42755
48999
73213
47009
73024
87172
88037
46470
11685
10851
20270
69348
16352
79283
1490
80718
99791
93028
1031
76561
22980
23035
78957
45501
39349
99243
6431
75409
53505
64676
58205
97754
60760
37376
37534
90007
24775
2643
40362
28745
93819
93368
94265
32911
16806
59291
34722
44219
58024
86476
90626
42167
44395
88904
71842
78628
98861
68563
45176
27601
36886
3407
45154
27577
12277
59938
59783
13185
21953
85210
2518
13877
44088
55153
47125
30445
10370
32707
37184
49235
19498
99702
64458
58443
63128
99666
63897
67455
38032
71328
30207
73237
60384
97247
62550
16056
98225
50977
34527
27748
50995
41819
2092
25756
49080
87262
1651
99797
23795
68742
16179
39704
1033
66165
23979
48596
22710
38020
45100
97429
46642
16146
14433
95822
34683
96468
64828
81712
8181
26670
11975
67014
78717
29596
1560
12532
22096
8108
37797
59380
60867
38270
38702
78644
36105
58697
79335
5006
74173
51865
98222
71215
53004
14264
90222
39846
36808
88172
30317
15586
52558
1269
58841
9363
22056
92941
70195
29536
98134
10292
55268
17419
94512
23554
27745
34259
59186
44845
59122
97156
87592
90106
4191
98204
80518
76714
63237
26639
68278
15525
12908
52315
52815
38870
16933
24938
8841
95491
46575
67435
16982
54653
84949
83032
51821
7697
72717
86982
45238
64223
63351
34922
81879
47441
7875
19442
17803
780
4297
1637
46267
80608
64405
7195
62394
30741
18781
77901
481
95492
39047
63327
22847
70829
33630
17240
33697
24071
38104
774
65451
61125
94233
115
4742
38104
54289
72492
50144
57531
38954
6060
25693
94324
15720
18826
88498
25974
33882
89930
5221
36836
41159
9048
38753
5699
32866
36317
74823
65496
83681
54857
83861
28758
16589
42745
26550
94665
65158
847
2239
12418
30367
9015
58194
86575
18448
6084
95831
92543
98899
62248
39474
71654
56587
83934
74172
61488
94491
73734
38603
39828
37086
41361
24249
58591
88180
34934
72120
68981
80293
17744
17362
6712
74454
19576
84938
2011
26149
82681
54305
49624
66954
86989
17585
39407
79103
44511
57909
92835
459
61541
62186
51040
51092
14987
66781
69702
26456
18160
10260
27316
74812
39998
9849
95142
57093
66072
90662
63966
66108
8508
75857
3884
92028
17973
7399
46428
77908
83728
87004
75007
85887
45335
25589
91581
16567
67184
75439
40161
29826
93726
12548
44433
81548
38509
48584
96259
8885
15027
21751
8905
64537
35459
92829
25703
43847
33234
67012
87375
47634
28283
21612
42923
3341
65532
95580
8521
92546
48713
6656
95126
17899
88233
22394
10605
4294
70577
29203
19364
19563
4949
39852
71223
72620
74463
67739
6874
22111
89421
32275
45596
52252
92596
43223
99437
98516
73514
71135
25617
54022
29583
26509
47841
19111
22832
62803
36132
55756
96261
64576
75368
11361
87678
96496
79464
49781
13811
94416
58022
4017
46820
88243
33153
21424
85549
1462
36747
13914
84430
84785
79926
71726
28637
50287
29670
68675
74872
5672
62293
62442
82082
3206
18824
65267
14852
22518
91525
44596
42030
59068
70916
86359
6320
64117
91814
38467
53956
92826
73536
5804
72276
5372
36778
96837
22559
63556
90713
66668
88228
11646
60297
68568
79180
44825
34942
56048
69349
86501
58699
4481
51373
46685
55410
30534
3100
86139
33402
95118
54345
32968
63342
65949
89865
26866
30843
73835
8566
80903
65216
62704
82435
4202
38656
31352
5407
93277
77918
95976
27982
65584
26512
68470
39535
16333
20245
79546
91543
33667
10324
59477
4853
83210
77593
65026
79546
88576
62539
94139
75521
37599
80913
59711
42978
91496
69330
44118
91250
42434
92039
2450
92499
86649
49204
80857
6515
24139
65043
40922
63745
66002
28006
67754
36588
97141
72214
72188
96150
91431
38874
17407
72876
17085
44129
88147
24176
26631
8980
21407
11611
70332
53274
18465
82617
39285
88179
76727
24539
9586
28078
29201
58352
80194
96130
80012
45170
89338
79839
59532
28259
73229
77615
14793
46251
76440
97252
79853
95715
70475
92745
80043
98603
79036
47498
62347
42176
33879
68666
59758
71913
68403
57760
97827
91631
18390
25567
31300
71082
3278
61584
96786
10719
10373
28145
14939
8541
398
15015
49864
33241
87060
8109
81295
19449
86053
59411
57251
52509
57420
92916
52053
27778
29174
29599
86865
55898
57858
34948
97828
4629
32445
11977
92809
34719
59421
57390
60953
79902
81364
29538
24227
95795
22428
19432
53827
27968
29689
34850
9032
49902
84457
4141
76570
43360
12875
73654
9571
50167
69415
1766
47328
18000
60735
12735
67469
61576
60421
55663
11130
32439
11248
13879
45228
1029
26711
57593
55136
11101
8198
99372
76351
99250
18858
72693
21713
79374
49006
31148
34437
58335
2041
1690
16166
79092
67755
48731
45395
47623
47678
94887
11146
78657
61013
36443
95332
45971
53936
88580
45618
83609
5163
19224
7710
60166
53479
75000
92300
53078
88582
19788
88037
73405
63612
94786
59568
52372
92355
72089
3873
63825
64998
6603
61188
84417
54146
86312
55365
66977
72586
87267
85870
62375
56890
85618
58809
91939
11409
13134
9668
87789
77741
93594
998
12124
39228
56933
65448
97386
19438
54164
39466
9083
48832
22696
86099
93879
96859
17906
45282
73988
84447
37117
11444
51498
5459
18559
12675
85874
40646
89862
73724
57992
57238
14501
59180
18231
64801
12581
1001
35273
29628
48442
29407
42573
89590
14178
68139
6789
43355
47279
96314
90726
42174
10111
47848
2747
95946
63572
41309
88186
60267
30441
37719
69870
85591
79672
60885
6096
94104
85170
45402
73547
58518
82603
31793
81113
29851
77069
91861
31433
39919
81037
57862
46117
42075
89923
52675
957
88906
37141
76918
66266
1862
72827
26617
78584
30120
92609
15832
67855
37600
70882
74692
87949
95056
49846
14775
63093
22832
3809
42903
66692
91167
74665
39146
15909
41972
83335
84883
12829
67894
38672
56601
18953
92395
31175
20329
46064
70966
35226
86228
76285
40638
44103
22465
48379
87691
32187
65376
55027
36591
95437
85722
1812
56337
30639
37731
86172
68293
78736
38159
96451
37814
58662
77891
76577
40835
71901
47184
58442
57080
17257
27974
45615
99624
47675
2100
42804
61761
95404
62827
41735
7513
13593
2087
86692
36438
98849
64258
55275
67194
5568
97688
10576
24848
61817
43644
82254
52089
20962
10126
44339
45908
17320
64627
90893
29722
25279
23767
20677
29030
83317
16806
47855
53402
2929
85762
52890
94297
86371
54416
15722
10847
57042
5508
61753
83324
78409
58379
9643
29557
73527
95448
42256
86188
84720
41269
69443
780
80127
72082
62286
6692
87470
68525
35579
23853
74068
25018
7474
90223
20007
33722
47347
63327
85040
63305
3664
81354
15765
7441
43735
46877
7430
44645
7081
28546
36606
62179
59561
16705
20964
87524
85735
35467
82142
99176
12401
14666
38641
55006
54478
70320
13590
19044
47607
94010
12385
16589
37082
97238
62343
97057
59823
97076
36335
67768
43651
10977
83202
44349
60220
38160
32704
9988
44423
15232
48272
56351
54423
76845
35921
82157
64595
20483
71506
28046
98953
52781
28298
26918
1977
51147
58045
39947
92917
54919
60747
33650
9160
83340
64926
64659
69771
20011
55828
84921
80699
85486
21499
82966
42272
24610
85054
86035
72868
75227
17284
61840
85861
26591
38623
55379
20451
20816
64161
12289
25011
2156
67763
2596
42096
47313
52617
10317
85303
64614
22912
22023
44863
26304
84010
65467
59372
39722
61766
31522
18315
13052
81888
30959
96644
2628
11286
80541
11729
475
1173
56349
67717
85988
91916
60175
31666
37395
81845
38864
50077
70073
68074
95257
4150
52132
67814
16877
7173
23926
11320
83763
83273
88845
68796
45151
56021
71987
81445
47537
59340
49399
9648
2761
80851
41211
21723
4395
41067
78480
16220
7301
9958
55370
33850
25453
35440
39443
20784
44999
85157
18415
96700
39817
71364
18982
54679
72736
41586
58594
2263
20207
75054
32797
58043
12229
4177
27711
73783
59932
40958
36476
82841
21499
64089
74715
47718
59922
97963
65280
31392
46967
41420
32494
70602
55525
70166
96520
23282
29875
76377
7959
75743
15897
37324
68344
5348
40044
24726
17
89294
84823
5882
39773
29406
20664
39808
22584
19981
7775
97004
20903
10506
11033
4317
738
53592
26372
38560
24873
38468
96573
22770
95687
71186
39704
24075
15811
19843
43252
4702
60491
95145
660
52250
66530
24732
94781
63966
21173
86494
5483
88707
36205
56173
5101
86542
35651
66363
83929
21302
9403
50473
88332
7258
86466
17461
46639
74632
5922
45418
36659
75715
74914
21387
42907
24497
55907
46808
32946
339
69094
88255
21727
58454
42527
71816
79218
16947
92022
84672
93119
8696
1524
53802
49005
33086
25574
14155
58390
66553
97969
45157
44229
39101
85529
12893
58978
85150
13277
34602
35857
81904
5134
27352
41788
26114
6623
38098
42571
65457
25844
10913
78021
66358
10709
43598
47086
94685
79626
97019
3484
5148
68249
87719
29065
23348
52958
44073
3891
8313
47173
7400
49309
58715
57267
92086
52443
5870
33578
74976
40699
54201
80212
88211
2898
72149
7311
49003
35056
3288
35612
19093
90512
53227
74318
66491
8605
71784
22711
66820
91648
10747
9594
42974
80610
6181
7000
27286
60871
57774
23833
97762
16228
33278
40684
8190
41716
17626
64749
82017
42310
32776
53299
51317
10201
45817
78883
27465
77761
55299
68917
63093
25358
88328
28229
66174
71387
19499
75702
21738
56073
51536
53919
27838
47811
93160
67224
51643
78838
96829
11990
82964
86539
96438
65090
56765
62792
24529
40185
61183
12216
52149
35547
76375
78577
11591
68819
13814
46748
55111
39286
49069
58455
65288
97528
99181
66509
64190
84389
63427
43146
84104
82142
34790
58855
65853
40502
84172
25987
37679
70017
28906
73092
99358
21022
18328
98166
80322
12609
9690
97654
5534
50967
48543
89165
65366
36638
74711
27825
94244
45208
63421
1592
75348
67047
249
62594
32318
55148
14375
62945
90730
49903
27221
98759
56625
25021
6797
62309
52273
13901
42652
83391
63317
65503
85558
23421
23253
19144
73153
44433
34873
43914
88942
51505
72625
63108
29412
93750
59561
40091
46663
6229
75695
26706
19124
81671
11002
16656
6616
31033
71451
12003
70169
91650
16878
76126
30323
35913
21066
8694
23936
19037
73065
8919
97552
97020
15063
53564
59900
69360
99826
93216
97808
2838
15688
75314
98100
91120
27836
45955
7893
78485
42243
83338
18182
50354
72221
74314
45855
82785
51994
29917
92105
60913
52013
32738
55584
55313
43506
38563
94107
34212
79078
66364
6227
32257
63037
68940
40236
48560
64074
78849
40363
34290
70266
77334
89178
67594
14409
16065
74064
99668
51989
5565
50589
56267
24772
80572
23971
71606
64540
1080
33002
39354
23336
54945
33751
82819
61271
58308
37471
97229
73295
55795
65422
30517
91292
49824
35584
89872
88317
35742
99150
17682
59123
56946
59446
7084
99752
9599
67087
21021
7131
99604
74834
94781
37677
72978
74404
55155
74930
91821
11851
73173
98997
46919
51122
7689
46073
88518
51102
91838
75114
22292
37380
62888
19973
33242
46024
94799
67689
82012
52893
86609
33901
93654
6474
61165
49830
83501
17189
21631
1961
69898
7444
25792
84508
7768
43563
16849
98978
26313
15450
57767
29702
74346
93406
13845
42393
85940
44206
65862
32401
89916
73957
50080
55720
71486
76548
85836
36071
20879
55860
5812
31186
57751
52360
58657
11867
852
39173
28903
12917
10307
3601
4189
36513
44674
77630
61501
99307
41593
40304
9378
1755
23341
22265
36509
98939
99467
19252
97605
96698
25183
74264
61906
40315
9393
98031
57617
87906
95341
66327
72004
30914
1912
94908
65447
54854
46629
37577
68823
3609
18137
12025
34581
91649
38329
7478
77524
61606
16507
92799
2030
38
70970
76734
66365
5982
84239
36018
94560
31886
64257
18763
40943
96451
78239
19543
19690
21141
71022
42715
91796
4723
71276
99231
94045
79622
93116
8814
26371
38881
88867
34942
93031
62088
34320
74042
80433
26750
66862
65212
94091
10866
48927
75980
18891
14272
95771
37979
27861
45085
87749
36041
16141
18420
71795
64404
45132
73229
74590
28293
86613
13570
98284
66315
92696
83752
93847
33280
82587
65743
95803
35254
38461
87823
4726
89015
58624
31776
27117
21019
13948
75924
85348
30210
25474
70276
68296
75985
65024
43250
6533
47724
88148
74846
33194
87824
11062
2237
88246
15766
59665
52730
50853
12813
89693
93515
8627
55176
54538
83407
7867
48631
17245
23178
26677
91382
44517
93591
48010
181
49203
53877
74471
17304
36783
79969
25483
52777
55078
87107
5231
91967
52851
63339
3941
82122
65302
13267
62141
13227
91701
21102
14118
96408
40421
52971
51518
13966
96765
29447
71094
28668
45381
80302
16731
49943
54629
41845
45964
94009
61910
58984
3345
53094
32415
72096
61474
63070
66837
72265
11440
13608
62108
14202
51577
3037
50001
8996
31058
65941
38074
74323
55259
64836
36731
94314
93796
20092
94792
65260
58447
3942
76278
24322
76539
86012
91682
33414
51916
15943
92263
13835
60699
44076
38206
82639
93444
56087
87136
35447
1589
82416
37075
5628
920
20123
77561
5188
98039
78064
91563
12893
56832
17533
43166
5368
49297
85426
25841
68624
23252
28561
7241
2252
76794
55874
28301
28380
43689
78740
82236
75152
87828
11424
39251
13790
26148
58756
77018
29950
72058
31771
58174
89311
30661
80641
28138
61697
88416
77374
86372
94912
51767
33703
71461
54564
58632
92389
62444
16556
54875
62995
26825
48755
54314
79290
43171
48322
57240
50063
58336
54215
28287
20029
7467
86638
86331
51120
65646
66756
78642
59139
64224
18544
21509
46080
19101
19242
20304
3435
91563
70292
35399
44291
13697
49367
74613
55066
32062
47760
49635
39174
59968
57494
47740
36790
99348
69911
87410
46676
38597
57625
23908
46728
48881
80504
90502
43268
8345
38828
35105
71517
93504
97806
97752
47402
62338
93736
26406
60960
71478
33933
39970
39151
99729
17973
95208
44878
7284
52880
27
72618
93922
62730
35703
94683
48072
10548
42888
60545
70259
33959
19835
92447
74053
68753
59110
76593
37619
77326
860
45802
40451
83960
83375
17823
33296
55746
9482
21770
14055
62202
76152
37912
51999
14150
84710
2212
741
98577
17250
83467
93506
67716
14644
59038
5638
28469
2775
194
61340
3296
11847
68919
89681
29642
53512
51387
35772
45038
86306
94436
15244
68333
72731
45507
76348
64241
67222
54858
19705
15694
93365
82268
88517
71236
51954
99069
6659
81144
5587
41555
76972
52740
99705
60879
94835
83458
27015
22068
27016
63414
59332
18248
36052
12644
75351
72451
28270
28989
36228
6673
21152
19336
69821
11084
68712
49132
3465
44158
81093
67339
27970
10932
37287
91305
12016
37628
39515
60100
28233
84636
12523
71041
99837
9819
26672
54959
78005
70923
80569
32712
99650
24395
38514
50743
68324
72221
10211
6503
12449
79396
90231
1366
5629
51545
56762
31346
38764
32089
72865
64881
90555
15690
84834
37911
93789
49279
43747
60284
77350
16418
1224
61114
7394
20268
20042
17702
90580
94545
58722
17381
98183
24209
70064
62792
53627
95314
18540
36275
87421
13296
67100
36313
21582
48011
2162
27187
77094
36159
17504
70713
30108
69687
82154
52141
18237
99930
1007
67588
57849
4872
16090
49353
2759
76695
69602
2138
39
51102
15704
73896
57577
65702
95566
42018
70287
9507
50971
1078
14004
22210
26029
79525
76711
23017
87473
88163
83019
65629
79221
48912
82098
59104
86444
95449
26080
17848
95395
11213
50034
13156
27398
15188
85794
81047
31920
90015
13873
9222
75297
73247
7331
58037
62579
7479
51796
84292
14907
42617
3346
7358
43797
74460
23195
63224
35690
19839
21827
5245
5339
16626
83213
37086
5951
91297
54451
16795
92770
12087
42318
81170
32130
82230
91098
6733
40773
25751
75920
79298
63633
15847
62624
93100
52040
14351
37145
49456
58896
80980
18427
50784
41178
14325
76298
69881
26035
69866
84199
93969
25496
1561
58817
2250
61779
42142
50716
72930
21650
95277
61870
31010
36202
40609
8496
96450
70724
43648
62839
23648
85284
53623
31521
89887
55857
5808
97582
86917
81841
17552
68133
88492
99645
76837
39143
67818
31594
9203
29057
27858
70915
252
66133
43108
75950
86065
19792
27656
98611
27056
25664
30842
32194
41803
49085
80838
24267
93911
60666
91271
2327
11249
42647
59674
33690
33676
65283
97294
14224
52652
92587
274
6238
84435
65119
8767
23396
78534
56571
56469
78612
22507
72015
13072
35950
43115
88259
19239
94959
58510
90332
91908
33388
45578
16804
79393
51827
22806
63433
96874
94155
61057
34352
3288
14742
95942
49969
823
42510
71843
73580
98155
99626
96855
84577
22555
27306
45440
81917
50282
5430
97552
18245
46739
87822
93259
87027
66055
48546
2636
8173
18060
9684
17726
75800
10891
81018
56388
66219
60213
1984
63154
52988
68355
19325
486
20608
9674
3443
69411
14282
85248
82703
59979
77161
39778
10026
99897
10164
61189
81888
6237
88830
4381
24115
37619
50782
23964
81170
85453
9048
61218
66104
12062
46201
99328
80987
45340
18230
88128
84268
88474
35764
64902
56093
77988
39883
7607
77343
68187
84590
64259
50686
96203
52233
5021
25326
83640
20814
1328
47496
29560
87105
50076
92224
30742
46859
31726
43490
38761
75309
88036
40407
19661
9057
58706
36886
47052
54651
17383
62703
71150
15282
2394
33560
25584
55135
72565
97259
95584
78500
77480
40573
73170
37079
41192
84307
71878
78572
84222
76129
2147
70091
45810
39409
61931
52209
12529
9462
44340
41826
59392
75582
75099
27388
96395
38968
44971
320
71037
17033
54010
51777
45039
57712
16595
37235
60701
18896
16224
86770
56996
35451
66320
17513
24519
73504
51488
24889
69251
28474
1851
56046
74796
79698
41886
87770
13279
61213
56402
40356
98000
89013
44964
33507
85904
15024
84336
74265
17174
26904
81293
9331
20366
4910
49208
40925
8691
18744
91294
42139
46780
69147
88813
87368
46538
37865
25525
60655
39711
86733
50818
93284
99890
51461
60363
47196
24023
50825
57455
41649
55230
33805
14076
53052
49415
62555
6364
64364
97926
12251
22993
68330
60798
63516
75089
41954
82251
34813
26321
4706
16037
46484
63181
37054
10168
19314
3642
89322
34627
49743
76015
95135
20487
54080
87008
68966
76706
82097
46984
63312
52873
17452
70220
62388
41298
25616
58822
3124
9957
12821
18307
7149
23214
18091
38548
78875
3583
47754
32423
12232
42052
16282
31787
18247
27698
20296
2743
80661
55231
19241
53113
65770
95983
76528
48837
74
77052
53895
98314
80454
36454
74065
2034
35741
18147
52686
9667
7309
9632
25043
33694
47367
87279
6409
3866
70309
3018
41395
73945
55002
44157
58839
40514
48296
84931
46124
65124
60287
63594
19065
71655
98315
24510
10907
1751
47615
22229
12345
45534
32614
10881
31164
11030
36137
94807
42204
9103
99741
66098
82043
30905
36343
70150
10012
92633
75615
85628
29410
8377
43936
34888
60499
81402
76237
17340
60824
64924
15272
53768
51361
64766
9756
64619
83587
88420
74509
53994
41976
5623
44129
4705
51901
80100
96039
19019
55846
72240
99807
44994
70328
16887
37337
86660
82056
59734
9808
79738
99637
8727
72582
73065
93428
38211
42491
17715
44733
79795
67166
17633
30868
73092
72369
67156
15321
83536
31444
25217
94180
12474
96342
64666
87562
74820
86279
81881
85944
97821
63964
77537
44697
96609
30370
74510
55120
77761
54450
42664
53382
96609
17345
13951
25893
80047
31423
28744
43307
5549
25218
35324
83685
8178
89670
30994
26538
99874
13684
35401
81973
12988
56557
30165
61109
81210
73162
99596
35512
8729
49804
28516
61864
74676
92227
47744
20923
36348
60629
12256
99878
93615
39202
14084
24340
72371
67288
33256
32067
42709
8019
8084
40737
37603
50220
78867
9779
9972
57284
80795
56569
16750
88357
97650
94018
91222
98706
93691
28405
321
99317
44064
35289
75860
42438
5959
34535
59160
96054
86282
59993
98480
61778
49355
49135
57601
46653
47207
50999
70033
18647
15533
73069
97683
87075
33739
46667
85514
66465
70262
84444
610
72879
86789
4077
85133
59715
58176
63887
79613
20192
4972
15538
57665
26810
8095
25405
49477
13577
48952
14967
54537
87920
57289
74260
99669
72459
25733
3227
33955
84800
19048
92271
97384
16393
41172
6194
94035
75469
73090
46895
75370
82219
44134
33255
89084
50706
72528
90153
11914
67803
27677
85990
39296
95547
71325
98179
11752
44206
25138
53093
28934
81327
76166
61675
30159
2748
93258
57676
83929
86689
37250
81480
90073
38337
55074
1348
45787
77467
18743
93216
74787
59160
95198
76033
32126
26459
86404
43193
48102
37575
61587
65661
26384
76811
64466
41442
18169
88369
86785
72100
27755
17084
72768
91494
8209
7067
32725
69822
12444
26390
49162
85752
95227
40255
58015
54559
76940
17310
74956
84189
42265
82092
34323
58575
91435
37637
16079
59476
60682
57100
10982
26319
4132
380
92975
96825
79318
67132
11267
82859
63085
46696
83401
55384
89759
75767
36320
6058
55479
53257
13819
58785
95008
47637
94134
51269
91233
4009
41978
16430
37962
59984
63586
96729
67223
55525
54017
77200
64653
54709
9610
92569
46666
12377
25347
44722
60189
61281
55127
17639
71749
86462
98113
17530
6761
21070
58255
38115
82903
2010
9938
50434
41896
51349
28430
95221
40970
48185
69390
28441
88101
59396
19414
36121
45093
39547
38414
52029
95656
1057
925
88261
89694
91490
20161
22362
35811
86286
80211
27944
78055
25202
410
17134
26356
71583
72864
57856
15348
10568
58660
28789
58407
24868
20575
71671
9466
46811
43889
69367
85147
82858
56773
91238
50009
18405
84568
98785
26956
24381
53545
73362
22825
41229
51256
8717
32301
1857
97561
28469
96701
62804
27487
67702
11957
20425
8736
86071
15431
25643
35260
78415
2337
55869
2203
3851
91151
21955
75810
43007
68904
36890
66617
33146
9951
69556
55026
77432
25025
56635
18655
39468
23085
94936
86163
49598
53737
61507
29668
96385
22106
45572
30542
84379
3242
9601
57047
22380
14143
3303
78345
96522
25039
48442
81399
55091
54657
75102
27088
796
77120
86570
59114
6058
38670
3248
40468
10275
4004
27451
45955
91255
4182
72972
97525
13597
39987
19620
87384
51121
95969
79147
47508
22958
74264
27286
28515
311
90773
94832
38368
22195
98092
48309
75051
53293
64633
46177
79143
38253
57816
18841
46893
39474
55746
65154
2330
6385
55017
99875
8554
76071
71261
25264
74438
18883
75284
48796
99199
29100
95166
26342
90477
55649
34487
88380
84725
4053
26150
43012
91769
34100
63908
88214
83160
34702
31188
86141
31281
71186
47557
92285
45294
25331
45977
67538
54023
14048
27924
92570
28459
24679
53364
33399
32806
31835
5681
23850
42810
88961
44220
9085
24293
50334
17942
70175
67226
66690
89178
80902
86022
50404
81108
34571
15216
87868
83502
1626
78188
58790
23342
2230
78465
48275
95701
25138
45050
49568
69088
81483
77687
3838
51886
25201
93236
59897
94117
49389
41159
23231
48589
96514
72810
41213
1794
48506
6562
87097
95244
30027
49602
88197
49253
76218
24166
78113
99340
4554
92328
94888
27055
49552
57321
35586
52779
86177
97017
26302
15958
36643
91616
12067
169
37995
79089
4067
66255
88865
75865
54237
63182
46834
44410
76026
80956
14758
40294
12700
70382
26214
71108
11887
99143
42398
52711
40299
14552
16184
9455
13374
89729
59670
82036
22185
50944
79114
36336
25998
38609
96103
18318
56215
35795
22717
8176
94165
84279
48143
86876
68569
54933
46769
96194
72407
91166
91782
63665
3992
51168
9625
76159
16931
15707
76999
7226
50818
95126
1414
32376
74818
90756
80878
55568
41800
49477
63855
7775
64035
86116
31203
81996
24853
64612
48182
39321
50634
52748
83521
81514
11900
2105
72912
51740
21764
80677
44938
78127
71873
49162
30843
32022
61792
7662
19969
44277
8442
96771
75561
39543
23013
81189
73128
14997
90948
7213
71521
43661
22192
24477
84242
63442
372
74561
76672
6648
20045
86103
36831
70900
624
9881
56099
82483
74328
50250
98180
99241
60477
72413
43064
43331
3624
7754
98924
92055
64112
70704
90308
68254
61044
83046
38939
57473
5839
53636
30227
94100
56267
4595
94500
63778
6158
49537
77549
43905
84458
94448
65747
81620
3479
95886
11701
32460
71703
92295
60654
62016
13110
72868
2444
68104
42338
39245
75119
82884
27500
4835
46726
45073
42559
96654
79472
93657
74734
24735
92252
99361
44652
50324
30515
72968
85616
98327
48772
96717
16670
16725
69576
921
52339
43983
25620
71028
54386
88795
60650
72872
61853
28013
65055
7817
45115
15272
67455
51296
23179
40333
30890
43796
85969
77003
7555
19727
84536
12639
11164
66351
31551
9792
95212
91893
82274
72738
71178
76761
12002
86254
58963
59579
15171
45897
26274
97718
84981
65438
24737
6017
73812
30069
36098
58448
45279
65550
93712
74950
78886
81650
97010
29508
39206
4665
76457
38825
6846
74807
71357
34971
74969
6909
56636
54427
34210
82883
60701
79461
50290
76130
17910
35146
25446
5379
9846
1560
86809
97279
6462
22009
69874
63772
69267
26757
59321
32230
3590
30216
91647
61239
47726
42467
31609
42287
15461
67819
70962
64134
11924
62152
2205
43440
22749
67891
47330
29510
44773
59059
808
57514
12529
52723
71874
89339
92232
93495
79545
32927
13989
86226
80035
73567
94331
25423
8059
23061
45111
35765
42106
2423
15838
27405
39380
73730
15718
9816
50647
26250
9986
41381
93030
52602
75993
71813
8718
83572
27862
62742
26957
59915
10417
51108
53187
84740
92032
54642
61542
83015
18518
73848
77274
81463
73340
99905
19469
19003
86003
15546
92426
14656
15806
93354
78785
38227
57103
51243
93083
10984
79484
13221
65578
89939
75334
38246
48370
68104
69905
61229
15698
74580
94037
35870
57437
82166
34799
70509
85599
10791
88315
84931
9415
29844
34129
36175
32633
48719
26142
86282
15656
33561
88659
49131
52509
1824
64649
4173
53680
62502
89823
4727
91539
18318
75766
39959
26791
54044
20128
87333
34997
22481
81089
30366
6348
7295
17525
30366
8546
94485
22378
35965
60761
12740
6311
79085
13064
41536
5898
70171
78292
27884
62686
37468
13844
56073
84645
39060
33436
11308
20291
74720
89906
7737
41099
99295
79781
53654
96543
54181
79797
67763
20290
78049
23280
35492
75842
68818
2566
16927
8765
24988
68842
68386
58661
30074
45924
13494
85014
88671
85189
44989
60272
68067
65748
55433
7679
29777
19703
82097
52954
10509
85709
69388
89547
38634
66383
97457
23148
46659
73841
64725
60134
85600
68228
23944
45584
36861
18809
95953
15690
98563
52869
23584
82230
79131
87462
30044
76987
31959
25854
95479
84544
60632
97793
51234
1063
35448
21787
36898
79968
10573
85969
57035
48460
8946
60758
79298
23858
18341
79201
32603
30812
2512
34530
56088
84837
29746
12593
38543
35349
82040
50755
7945
70449
91358
40461
43672
94843
41267
40382
35607
40061
23550
85772
57366
15326
65780
10853
60335
60158
40994
92567
79572
63088
88086
71088
39927
86937
60097
17186
36762
39237
78811
68967
90978
94522
31243
87527
91583
81066
20097
58965
64983
15187
56754
38977
43245
90986
34344
42320
31195
22758
39582
70534
23307
67260
59790
83326
68581
15120
64621
82570
7810
38394
5953
2154
31916
52521
45706
22793
86685
81758
9717
11489
30400
37402
1358
2068
42272
16596
49569
68590
50999
83892
7183
51863
70344
50080
62739
37393
21306
58696
71630
14995
53206
87807
30233
269
96124
88836
52945
18497
53825
30937
35289
33439
23460
19468
3867
53147
45040
71885
27702
77505
71284
7346
58758
55977
78657
6215
71186
97973
38272
66221
9866
93731
82385
32782
99754
18939
70143
3822
95268
79888
52271
12458
63552
74642
84120
77400
53539
95012
82993
19616
99428
75464
6402
93576
73890
61715
94463
86393
28260
21393
6114
27614
43966
73435
40790
23596
3580
42235
94179
82357
93663
43409
43128
52815
57566
28631
7788
53216
31860
70870
42146
757
47195
71922
14624
61740
41862
13813
77008
28436
53641
11097
63826
98927
28124
74862
62158
81099
90130
66449
33253
31495
967
314
29114
30341
42021
43647
14500
31576
80126
22924
61985
13730
23672
54606
55267
95718
32358
73673
74887
6510
18602
46058
30513
11173
73500
57841
40944
92413
43166
11832
5666
17705
76298
57831
81839
70754
12926
7078
29558
92684
4961
34910
16662
56933
88266
452
70409
94901
44616
14286
40463
83959
80827
60665
83798
50273
18701
28902
81725
97369
37337
92576
27678
62786
83086
62248
9977
10639
61161
79289
29595
23623
50442
46127
5477
26937
24720
79893
8379
13441
34914
85802
27319
41863
50675
30795
29405
94390
46358
11728
52030
88505
98031
10634
63289
6900
54204
38732
9865
45992
43508
10038
72950
1144
26946
52295
35846
96564
18157
76095
65183
58453
36595
18736
37545
50854
21986
70695
73402
50727
21588
45381
66419
87990
75532
343
25800
56298
6543
39339
86401
11287
94801
66602
33128
65260
99640
44944
79927
13846
87756
39495
6972
116
20965
41828
77695
78497
27646
96644
41888
95596
71680
58847
2029
93354
21224
65047
10560
68817
94747
21272
13500
84847
50262
9831
18133
62359
33541
22037
56933
36470
7603
86203
96944
20960
99120
25705
7880
48621
65477
87342
39870
68655
17971
95882
46631
50653
45194
65466
52870
3513
9667
77068
65404
64046
18390
4101
43854
82855
35072
83904
67395
45394
61646
34059
32692
6144
12604
38133
10324
97385
91289
23352
4763
5828
92391
35748
98423
77178
6528
3709
93874
96504
77592
82225
82085
54911
33337
7381
94983
21078
88532
43283
11466
5138
36977
17645
71770
88674
97514
70934
38439
28973
77344
6784
51535
91070
39395
68824
77957
76462
71942
92499
28400
40889
19828
8739
79884
36164
97468
53699
78944
75722
34966
65309
74316
22386
36089
73848
1394
5722
55337
21781
10815
81098
6929
6787
59436
60862
20829
57929
7713
44866
63433
37280
459
12044
10465
1020
35369
9641
5514
22680
73653
20792
96815
52057
31958
57578
31476
94304
81740
72347
58114
36940
38503
68668
67159
27281
33533
36266
64600
20070
86198
3163
59
66147
63778
35293
3451
93472
65339
48623
58418
5492
71648
92210
95838
78335
48141
45881
99265
42624
13778
57359
70655
56096
29656
3607
897
41100
42278
37173
82384
46771
71608
50737
77409
95385
99566
65513
34255
2144
3185
25776
40973
13973
62360
6918
16484
47671
10181
31373
67456
78922
38010
70427
52075
27541
75215
91126
67596
95730
75211
26312
81244
34007
41089
1071
38930
69642
45716
77923
50234
16785
16469
67718
85914
79793
85933
98000
33822
56043
23182
11178
4633
47091
46252
8142
18817
72186
40153
44520
89621
18640
67483
65533
69929
73766
43226
59881
34148
52374
80764
9205
30634
70822
97607
85708
79045
14825
97922
24038
52411
52779
61263
69031
64598
63522
82634
99314
31691
29139
8036
1033
45955
70160
12535
81922
5458
2917
53916
89415
91080
53066
86784
11939
28661
10657
26499
40693
44900
39667
68963
45425
97585
60547
62944
21537
76487
53425
55468
92290
35291
96708
17660
1625
73826
23982
90780
8334
34650
50826
4813
91990
36480
91178
72184
73760
94268
85559
84639
88002
32888
49303
43178
88673
82347
93346
11504
14268
11611
91743
93841
18985
30002
96613
52827
82054
60819
58816
90189
46320
74688
64867
74432
13314
5620
17985
89518
53132
15281
19443
33920
86291
83423
33981
21678
54123
63452
44611
40296
62890
39655
89521
7095
47068
70742
44019
1594
63253
14584
55656
37504
88720
69840
70251
58797
27248
76547
17837
3315
56994
83432
52131
58674
74435
92148
45223
15857
6324
42302
51259
66633
44488
39020
45024
66502
73850
60189
39116
1415
60751
296
25165
55360
88768
54559
82236
58966
44814
59459
42786
79081
22576
60219
79526
45655
19142
3094
38319
20099
12313
79215
43869
22359
83943
5431
60735
32164
25166
6658
12854
70988
41728
70067
3539
23406
62525
33949
51532
27188
32801
88144
89783
96823
38355
88411
35201
2836
81384
2993
29126
97550
30170
33687
35915
56533
63587
74863
65105
51832
50294
59675
79827
11453
80546
81721
96103
61587
69393
36378
32459
93926
74880
76965
56995
39955
12510
98796
44907
78768
70123
24911
95420
49044
35080
72656
79498
82230
47069
63868
65494
17022
88044
89731
30655
39347
47207
50292
37504
6501
44972
5491
15741
14338
54555
16138
18362
48510
82768
93264
16502
63482
57443
61076
59016
87349
9770
80443
89519
64282
5334
4209
2464
16279
92101
30695
64616
72597
51708
43317
22399
86735
88249
20050
13823
65868
31400
56855
478
91049
20940
51244
54214
26456
74172
59040
43583
24256
55294
99437
42421
61232
24030
21774
139
46803
83865
3925
4683
72112
32861
37651
91727
28580
84939
88074
40713
78698
60675
76230
27795
9770
29239
96392
58434
23699
71195
44904
41220
74231
82566
77137
41300
33913
35682
73414
35231
98973
4453
84311
39251
11346
72050
85131
22060
92187
37570
37077
17331
29402
36159
82507
67826
47119
93929
5765
75943
43932
65124
66238
4285
27156
30230
48362
28217
52102
26232
12244
70675
43526
30046
63836
18357
77174
24173
50467
30668
6521
56645
73615
47397
5496
33332
97956
47498
36185
25227
77517
98403
99325
89121
72901
61195
68601
21254
48284
97347
51877
33892
6632
94363
78366
61959
55878
65965
90221
94018
38833
11698
93287
43607
30659
28011
22954
91915
99127
70390
5190
80394
78819
21952
92772
43945
28691
68497
45867
26274
35831
18950
13060
63671
76504
97996
32257
25956
39794
83911
99224
35606
60279
443
89543
18141
74393
93534
41699
91528
23126
86019
76656
62183
2476
89241
90180
68884
54157
16995
84608
42547
60426
96993
52434
96541
4311
78470
32989
82548
79508
75644
47440
77080
80528
82384
80044
17678
98981
24396
69878
74450
9732
91733
70100
47422
34952
48540
39747
52816
98463
5947
91095
88928
46013
7052
90855
46362
57936
84272
75956
57670
94388
53668
78331
58802
98185
75770
84778
60814
5044
5812
1887
25358
82966
1317
46421
62251
91864
24376
83139
46078
22330
42152
49510
70615
29337
58209
50775
45243
48415
45119
98786
83928
12913
67836
70564
57755
93496
95474
12909
83985
51791
2406
85726
73751
98994
54814
2270
59300
18178
50054
22433
26170
74832
4217
75221
71680
19321
75751
47962
56266
91080
53766
35501
4230
43120
30831
42083
29986
82236
26544
95508
2824
40871
28435
58703
24589
35551
25833
79239
89291
12995
64718
94002
12035
75819
32996
77994
53540
39147
95172
46700
52817
55665
75405
78554
35278
86828
57923
92437
32837
67525
55427
50866
92344
47517
11309
41831
26033
47917
70629
1691
24739
81309
78813
12456
61750
32458
29524
96008
9358
94540
9273
89705
32680
99118
47792
94161
11855
78201
56934
13740
36360
21479
27619
39682
60460
47479
3438
50921
88737
39955
44048
54104
88164
37843
20008
23574
62159
67882
5097
49906
43090
58361
73656
77329
51211
67184
10918
98331
92463
33540
76323
18854
72523
10224
99978
79887
6886
64224
10593
35187
59389
86681
59264
29029
59902
68515
95588
16761
59112
90888
62219
96210
1563
73566
69109
35693
49780
78955
93676
7761
32135
1277
35106
95903
89290
67232
81237
52166
29232
39740
656
44089
60848
7528
42733
93442
29109
37243
96542
93353
69558
72888
42519
11269
27200
31669
59070
10829
3895
31993
36069
85133
26273
64967
4197
59164
35505
16035
93225
26229
84408
14902
47816
17290
92062
3381
1820
59210
45059
81405
72435
88659
80025
6282
30184
26958
29005
69812
81831
78496
23384
80898
25764
11443
32751
7836
43354
80516
68457
40639
88975
22285
50817
52011
62777
76299
77407
1300
70162
86277
66876
95073
47505
65644
29202
51178
83973
31279
90176
84005
33424
2238
69090
55284
2840
90036
48693
73773
39159
77543
10436
93102
16590
56001
80519
85664
43393
39255
84911
85412
12088
75530
4580
34817
91942
85815
58648
31883
3203
62116
76445
139
19298
87445
22450
98327
44855
40926
26852
69872
41242
10954
40989
57581
61405
36131
36983
1015
42502
43623
73700
86101
98368
95156
66566
73486
29145
23135
91206
54704
86206
89419
28537
8815
10780
18392
80357
2644
34229
37423
30657
40115
79090
6409
60144
47945
49515
73932
10577
43345
41607
43969
15466
3942
37709
46583
87679
95329
21276
94578
98243
79925
78454
94205
68075
22270
76937
22795
10022
16475
41796
16910
75839
77026
6528
85097
66795
50930
21849
64126
52293
66068
64198
39895
58914
33707
22123
29790
14366
77507
53963
92236
88422
45790
94502
75088
89710
21204
45383
74287
42452
12623
39264
35808
9853
88853
37719
78892
68357
58333
61461
12489
24281
84472
44681
16686
48028
71706
33613
43623
57447
18514
96069
35428
73564
96343
76901
6984
79347
55913
48763
53375
28179
82049
12164
75898
55968
73440
5696
45723
15225
16325
47600
65000
6832
97254
95104
28436
91119
11360
65865
68242
21445
66567
23922
59781
94988
34590
58013
45644
70332
76949
37945
11374
94315
73398
3806
8151
33712
82827
86713
27738
86562
25415
87355
10770
50554
80343
81889
85220
24912
43832
29901
52088
73906
80432
5006
36022
62922
7593
66529
25438
32910
74592
35170
23889
53210
69698
69587
55852
28041
13141
6644
1686
51512
3682
69714
12341
47623
24504
45836
92328
58142
17380
36116
73604
64290
92729
59149
79532
32437
92777
96515
19521
12590
97775
85480
75809
38240
2888
86399
70889
80060
63468
42226
74440
64294
99310
20043
27499
65040
85393
96625
85878
24528
94188
99460
1857
90956
28071
55456
76930
81532
94198
56391
97922
47061
12596
915
24667
77762
17397
96276
25330
35281
21333
41138
50652
93784
88769
56541
88074
7699
82685
51790
92896
78937
85451
70734
52225
3425
17412
75010
62719
76725
46215
23078
77016
43177
88297
54802
75347
83245
20013
43215
78818
29894
90882
24589
78382
63745
87771
4118
1952
34648
24180
77214
54176
57057
94227
93507
79583
47259
92187
66196
70589
57172
20486
62079
76791
97813
16836
7413
32813
58210
7615
41848
52603
86949
10489
91355
68915
27067
667
46670
91117
97675
86870
10838
19111
42782
54371
30866
78955
45372
86330
87667
97161
62866
32930
7303
39112
57595
30551
26460
66069
15341
84079
77274
10667
99736
19066
86790
8431
46321
92538
37618
71745
70282
14117
72972
86426
6996
88311
73773
77819
80398
60869
92871
48699
77236
54671
57685
63928
61680
11693
27777
72783
64371
61761
1574
55356
52056
95555
14261
92252
97018
43487
59444
13180
60373
75311
87601
14687
11033
6076
84814
72465
39859
42819
49481
53313
82606
68506
72983
30134
85653
51883
80149
63274
46342
24140
85737
32169
95347
53492
64
42167
99208
79637
30327
84620
75315
154
56036
85286
11501
83605
99173
15538
76791
78585
9890
17106
46212
43520
73110
3479
96776
9870
56361
48959
83878
32620
78616
14675
58891
36662
90271
33098
6123
34538
86002
99323
55450
51390
77200
77167
31832
78864
57352
44832
66232
27514
74376
26282
22147
79662
87867
17321
76591
76080
17103
84188
33671
23126
68898
78350
12818
73926
35472
27473
54902
30565
5525
24043
79257
70534
65179
82873
40729
15737
11343
62385
19643
98736
34993
30501
8626
111
91554
24445
46752
42736
43772
33237
17695
96116
72334
85708
20616
60562
1218
61585
85830
82256
77956
15498
4900
74579
38983
81753
16125
58641
98078
14492
63732
16833
16805
70774
77416
70735
80156
91808
92664
50956
97392
32553
33247
26733
943
21675
61682
2026
44548
4773
58345
3763
91582
46274
2297
98169
12774
84049
82889
82658
64008
62430
49726
20259
20151
56885
51072
73320
41125
65977
78387
39885
48096
17642
26875
26026
80570
15734
8108
16251
8000
4660
60521
67708
66977
77349
58168
19451
75544
83977
9812
28827
91474
95008
95320
46976
83684
35219
58005
47940
39422
61942
48175
70728
95798
47714
22609
21196
93379
70826
35717
38677
24294
27058
22039
40046
96364
32370
52989
80450
80352
51518
67545
89271
55171
79944
83770
3489
23418
23531
85177
12322
59422
40951
60563
36573
3327
48610
84238
9473
18028
59026
68095
82628
46370
4545
31141
32772
27156
84759
56983
63132
99513
36542
78083
34412
94988
38033
28723
15289
3856
63975
60734
85656
41988
46512
4179
7207
83492
55578
67642
38693
79032
28279
16467
42119
62201
33284
62480
82456
71364
25424
35992
82087
12892
66117
71234
94177
80752
97534
64250
30487
10397
66733
34715
64764
37888
97762
82039
89890
53581
43374
68935
31867
41702
34911
72894
42987
15714
45055
12583
42815
66842
94075
13930
37563
80989
3766
14365
99286
14826
24686
5048
66913
29477
89428
54435
63731
23898
72882
82190
40366
94162
13422
21222
67154
24290
76798
86676
33138
55510
9022
3001
52800
19828
7565
78662
17310
44008
10002
41366
81954
48915
53601
69494
75355
78993
87363
24709
74146
14956
10809
67516
48859
11897
84711
56155
77933
38584
48634
46269
21073
90068
13641
89072
81413
40940
70489
41967
65612
69374
39220
28759
48742
25413
91192
95742
63264
68334
99729
12867
99560
4821
38033
44486
63995
39556
22097
72170
9120
55025
74114
24509
80156
9179
88133
79498
24819
2137
41675
73600
4803
5124
18051
97263
51305
35254
23487
89825
57594
30211
10242
20066
68731
37499
89267
76123
63954
68721
1246
7934
16397
78951
994
14182
93778
50280
69748
30166
61660
4695
58784
11529
96491
75720
99910
42807
64940
90533
34942
63188
13139
16390
22412
57954
69971
48156
71012
15218
51501
41646
52634
54420
71639
35924
32746
67556
59746
16138
1920
51527
5322
16821
33882
24934
33856
94181
28290
25927
9281
71460
81215
90737
1900
65412
6315
91528
61565
65329
1226
81631
93190
75484
33333
11573
76138
51288
22411
55292
63071
91063
53108
16440
78055
83344
58559
6418
21520
53412
54423
94131
41058
98316
82423
19223
24856
95837
54832
77629
68529
60795
36389
49295
9079
33305
43265
67649
91448
49511
42665
77383
94519
27480
31681
92286
95042
66541
29920
27105
55155
77426
77306
19960
9683
92090
16375
59119
60202
13621
93254
67488
90122
85199
39188
94122
73695
96116
34763
98242
16364
43691
14240
23151
75885
89272
25110
56204
34441
87509
99475
66992
13607
72715
84799
99714
36159
36435
45828
44286
62584
43768
71284
68139
28887
79494
10561
97835
3136
7290
73451
57309
90022
87906
36499
95528
67389
92504
75248
36178
24549
24986
14179
87833
13277
4873
77443
78598
13484
63587
79562
5850
51889
92484
2119
4114
66204
27876
31714
94811
74759
17323
8254
22621
45611
48899
12176
83085
88054
3589
72653
67859
58128
37942
9597
9207
19698
32531
17405
80522
9656
20453
47075
10386
84055
47542
15083
81552
11322
2007
7396
25259
44401
6289
16109
13185
10079
67041
16705
73012
95003
13133
13021
1669
51071
91831
16056
78875
12552
52023
4993
81442
60238
90281
71672
87133
82044
69955
84569
64909
21219
92310
86967
87728
11576
35256
5582
54967
83243
91451
21218
31757
11829
80316
87021
54181
28292
45236
81331
49560
97750
60999
83646
5063
52921
14116
37019
30715
19188
32614
86091
28953
61015
64321
73368
15628
29712
66070
64413
30286
41706
23613
53914
35106
40892
39654
21894
27722
98757
92730
54530
49958
92710
70974
55959
59442
62396
69088
70899
44098
59909
97830
42638
94978
12981
14921
85074
18255
13438
12195
82908
47804
50406
30747
43456
56762
70109
45891
66994
72161
77495
23880
59656
89381
66628
30779
29988
33975
35377
28650
74208
57823
59027
1431
69186
38614
31342
76802
11329
49764
33426
51270
28414
61980
96287
32166
69625
38969
98494
84893
54670
36254
35527
77096
69929
513
10675
64302
3321
99182
33270
73455
33181
93111
84300
5819
35947
79849
82639
47607
87939
90776
11047
63728
37112
7818
2545
67154
67498
5517
53031
97950
75985
90000
32444
58025
9320
33471
18362
91984
31261
46081
12656
2189
55030
25973
81060
41893
95529
84038
72051
36109
23650
64446
50558
12480
3436
38899
44745
81597
81511
65216
41924
5459
25945
92408
47104
83560
50670
66469
90878
67761
27753
79079
36507
17382
84961
83707
68110
89351
16069
7270
53078
28775
7423
72397
93293
69031
90259
74762
84785
8870
49936
76805
63334
27529
65235
83693
49655
84205
48085
70887
34394
49623
45548
34885
37161
7486
72915
50090
4856
21639
61883
7410
40524
57869
42122
67978
44436
60033
17624
47229
72372
27909
54889
67638
27548
29471
71188
36852
74894
68898
25509
15733
49574
95349
33885
95527
76723
73035
18083
62817
78270
20275
49912
31799
63963
95271
52325
68910
75408
68945
68017
16824
16713
85440
11098
41261
61529
90766
33455
13584
56823
54126
39606
5445
48603
42777
67819
89321
17475
26443
88729
76830
28279
94287
89736
71780
86493
70204
2551
92395
40838
51175
33188
84926
60969
33480
60097
43910
56517
19266
41053
13868
9462
78001
44746
19396
79001
74427
52894
7739
10991
24342
70800
54665
54882
4315
77803
22521
3454
29637
3984
65926
87165
69798
33751
7455
22302
17450
86107
16281
63564
54629
15703
58239
58008
52553
47922
46840
54801
18961
2124
3931
49751
43470
1036
24407
10988
87513
52212
46046
91125
37719
27241
13591
62200
24523
35058
75962
40191
60
11901
81279
13989
80316
23519
48172
40883
17146
30779
46372
2023
23891
94474
78425
19001
98061
61750
92139
36012
48267
29074
87696
99039
5129
35483
5940
15511
23114
78449
17400
52525
88169
65941
69900
56089
36789
69619
82315
55680
92586
63585
80504
66667
20046
91688
75624
89416
88101
96887
46495
22619
18532
4420
33371
33305
66860
64555
67868
20267
93280
1252
64309
78464
88074
63971
33111
477
56052
79663
29564
66011
17763
83292
64574
90592
28952
54282
45249
82220
62014
71324
35503
48920
36644
73890
88241
74464
54086
35000
69394
73267
28474
33783
39138
416
68203
94237
44872
75256
13414
29264
15752
99780
18743
20941
94058
23204
90323
70440
78461
12853
17869
75965
99602
78896
43536
53055
56936
8133
35910
49405
98476
92643
78530
82035
11131
53010
78653
56765
5182
60623
80063
948
52985
55982
10879
31091
10815
13259
97700
71408
50849
88381
58737
63734
81346
36986
25750
87740
39364
81832
28543
81519
44154
71690
18936
49336
74963
45123
49872
1141
66979
82822
25227
81422
60999
56470
17701
51225
85183
59669
84209
16156
75346
51940
36871
28311
1071
17475
60853
55075
8928
20561
82092
83999
88128
44525
14496
47384
7919
90189
59495
96486
34863
49408
13342
58546
77924
39273
61829
17929
19454
30851
62051
87592
60669
2933
54600
61921
16639
47757
9133
65379
74492
25425
56801
56447
62652
66577
88534
47572
79999
95437
69132
15717
42569
32882
79612
54913
12255
5079
60891
89393
49500
74437
94602
61213
52227
56592
91398
70476
75062
97732
3128
55794
46826
70121
38006
23679
39923
44170
15687
83510
38330
68585
72205
44556
72283
80224
39705
80347
48039
88169
85899
6440
25415
43193
93505
35109
79672
67899
2962
83134
28669
44486
97691
36769
71322
27392
88225
39716
71335
37268
4219
34850
62141
93949
53830
92956
59911
71912
713
63760
44357
47911
39729
36260
51317
52698
77213
66230
48099
78331
87628
62137
61785
12119
71824
48930
16542
63389
42226
40795
11152
82717
39494
71780
41956
44010
10564
803
45905
34297
87901
77963
31327
99211
36425
21641
66043
47379
57437
27159
35096
76183
7429
1745
2324
1470
5586
90063
20011
36896
81114
40785
54350
60304
67278
94127
18466
88550
74612
85769
26867
15838
4253
28173
43823
14943
48790
35147
22713
82288
70443
68597
2487
96299
33535
20828
83944
95995
87934
33749
54553
61518
55678
75347
98078
91000
93461
78639
99287
96541
8375
81950
83703
62389
65479
55884
70566
4750
51894
75431
70616
21485
16798
7129
99318
1429
87717
93899
7807
40542
90479
94098
71204
63141
24585
13977
6036
4470
6534
44953
4888
99836
72760
92721
84006
52192
67337
41237
17215
46821
32735
80980
77024
49818
89060
75868
30524
29143
41335
99932
19294
92365
84205
37158
23111
74180
22212
85391
6761
67940
96788
42321
97533
10292
36637
22683
66458
23042
81492
68468
73781
20669
33545
58936
97357
27831
27025
80627
84432
34880
51163
4266
88073
84637
42368
12615
6713
33689
70642
84851
82118
608
86998
72395
49616
78683
65529
19720
54098
24591
1844
94926
4567
21482
27995
45541
45505
66663
94389
97483
17975
57783
50676
56572
61429
46592
59627
58088
75923
25889
15378
48173
7569
19381
74341
60903
10615
98799
92487
97882
91395
51404
23753
23689
36941
24078
19442
18585
35990
98729
86200
15501
36194
28051
83500
76064
10392
76967
45217
31779
76097
4169
50789
65807
33045
30471
43345
93851
88883
65733
72303
83530
67038
99896
3226
49426
34991
19300
56523
47736
77620
65874
32645
51092
85659
44453
72402
10013
66520
17489
37039
92556
80738
89952
20839
1096
69672
74783
16725
72049
74552
5147
20753
21202
70097
28442
16091
71761
35870
41449
25641
25473
64610
85236
38077
72597
90859
66345
41208
47169
3226
13871
805
4719
51646
85316
97862
15339
23532
36048
25900
72933
57322
33705
82421
41853
4701
65871
40366
50539
53383
59977
13228
90869
3533
21267
12701
19895
99590
74982
88633
19378
69501
52713
85678
2903
18123
56711
49635
239
83587
72116
31817
20737
45327
89341
76523
53635
89667
93642
83451
77594
95691
65807
87758
21329
58769
48169
72487
54548
91461
10103
62436
4634
9301
82634
57699
24859
38545
22728
89075
31726
11487
77723
54599
18658
28938
40160
5058
81234
95641
15816
19939
63099
71641
90859
16624
97142
21723
29655
26318
77066
10642
35633
28748
1046
83131
40485
1493
19591
24977
22501
10136
69452
22096
29857
79140
91607
91577
32546
19744
95076
46201
18787
20878
61445
31310
9688
90655
18047
2255
4390
17762
66969
22536
45577
80133
20031
23939
80554
64130
66218
10295
25124
44674
30237
8938
77121
88454
14557
45734
64614
39970
89853
81000
26451
30869
51797
90927
98963
70677
4284
31051
60892
56812
65579
91574
78348
50444
76602
21424
87963
2940
51198
80896
27777
86195
97016
64720
69913
12624
14746
60214
73250
40958
47753
55063
857
31767
81763
28312
77062
33
26322
34758
74970
32796
55307
28623
45297
74631
3067
25008
86747
27208
42924
92609
8323
38440
25241
11255
81459
35116
56528
13440
17495
89142
32844
8331
44657
87790
43363
34785
21689
23623
75035
11681
77172
55769
27574
77762
5195
20224
14040
80285
87247
58005
16749
9442
52847
20387
71268
83479
87703
78556
28532
48620
36519
28850
53695
76365
17162
48029
79165
22553
41010
55810
61814
67427
33282
21793
51530
69125
3846
76573
31494
47279
39758
32857
77886
65684
46090
65863
3748
10663
29941
33232
14601
38939
11393
45152
43557
47907
79054
47016
8616
12696
64215
78239
45801
50293
52164
18896
67050
63870
6226
15971
97181
49460
40069
46828
23315
88934
75019
37902
70268
18134
33612
89975
51258
6628
11836
29923
88563
67745
49607
66983
41188
98406
20258
97340
36999
59035
60299
68743
46270
19404
30366
67383
78163
82163
91289
35436
55837
8414
77263
26312
76888
17767
83677
91430
48807
58143
44766
48837
50009
35718
72631
47758
34375
83745
71085
90595
54111
93697
43684
31844
55961
20619
15545
93842
18796
23789
68221
65909
76792
44289
71930
73603
3469
23474
94048
10812
83801
21170
39477
86471
14715
30989
37414
58609
53860
69903
62972
72714
52327
28566
94762
15801
26563
54745
93832
13926
6427
52054
58256
78201
54444
96962
19447
25697
35394
56413
55366
82927
35447
13560
28104
21396
17433
58604
67397
70527
37646
53113
20764
88617
28703
14281
86275
78421
98140
50520
59900
35651
99110
46017
60890
56290
42556
5281
77226
50078
74567
71448
72212
55752
53131
77489
75241
76623
1885
34148
33741
27176
76030
50248
82642
98966
22857
15337
3119
81480
64305
76535
163
40223
70080
50210
16478
17109
40822
15204
37729
7916
21981
83147
48370
63434
20504
21022
40007
55145
75824
20885
85987
16461
19373
936
48620
8661
19699
45859
53234
90195
8071
20966
10866
16658
36934
65605
93800
44673
92099
9048
92817
48308
74486
52521
81671
78105
62393
76297
34580
26879
43991
50994
34042
25379
63351
43878
53704
78592
82220
23050
33064
86291
45532
34963
88604
62418
52348
90497
5176
60347
94469
33435
62123
12839
23149
69038
95413
26223
9083
89089
81603
36611
41218
74669
87909
98183
81923
66140
17670
95273
57929
9466
30192
18385
51890
54043
78771
17156
38658
5991
94455
27697
34638
81705
23147
9105
68232
43132
37376
14384
27164
44202
59666
24748
19210
79087
40828
20705
91887
67587
15759
46687
50955
92664
77861
9760
30861
44730
57584
77631
16588
74418
20725
34972
26556
74054
85214
90851
45300
8308
30777
14027
3168
32160
2192
55008
60517
21266
18238
66693
76803
54727
1317
17053
26324
157
36189
14869
63917
53345
30391
75738
67121
98866
29714
52594
70320
527
41910
2660
77631
32933
61624
59015
40890
97515
74028
70255
66827
24697
93134
5974
30693
95369
61919
37663
44525
10194
11815
25000
35614
18515
40886
87444
2277
25580
89810
8453
32954
85331
47340
52793
18717
89263
90473
84254
78014
91500
68951
12798
6098
93355
98037
1435
64123
20045
58679
7399
75008
22513
11538
94708
56904
8410
32629
92503
47187
33865
2161
40007
3324
43429
1038
40573
86321
34149
97619
10977
1243
50654
19624
85029
72888
84842
47982
79415
97773
65670
84172
97207
30636
84561
75522
2973
89937
29930
51529
15741
85360
45939
60665
78241
67176
9629
43626
81819
84911
9231
36034
1853
62357
60663
74783
50409
36750
90449
27066
20377
53393
51874
63339
46467
66369
30187
42211
78901
19872
79833
83155
49679
81903
28623
50627
93166
86317
54735
40575
35783
60324
4500
34373
36068
92826
24252
76833
68688
26862
73216
41150
89011
46075
66842
7254
6565
69231
62820
10783
9573
44230
45531
84871
30839
23660
5587
45407
73289
18525
39065
938
72296
53568
68908
68181
54803
59389
87432
10188
99084
5706
93755
61140
79488
97538
78579
33339
70266
3866
63464
97894
87776
6325
73298
80716
92070
82204
61751
45956
41054
51071
30657
52840
59848
16283
89845
15642
17205
49631
34028
38025
54438
6652
33838
92973
83188
4333
65743
73387
25609
94411
93735
60671
62320
38771
58687
82862
90586
69027
6822
9380
77921
10786
29726
86416
77831
70783
24037
73676
49566
44743
36112
8898
23993
29819
6841
916
48591
10692
58218
73277
54656
12935
11851
97886
94270
97295
28761
10226
97658
25593
33635
4307
43225
79429
5485
75781
11277
79684
6056
19773
24219
15634
39429
87102
45916
27260
38200
99505
10063
33897
31266
43189
34520
10872
61758
28901
6705
95669
30062
8512
50010
52817
95555
90181
86536
41051
15627
38021
62918
59680
24289
75857
4661
91971
20665
16549
52401
30782
4931
3608
64691
3951
1751
72562
92989
25216
62296
4740
86779
24149
35430
87847
22715
94093
64409
59032
26968
46003
77236
73803
47485
68128
23933
75972
18086
78119
29555
20989
67284
42608
27933
55856
87540
31294
32567
49248
57927
87144
78397
2022
87797
10937
771
77266
73838
66373
91420
49499
84764
12422
52398
43493
60399
79978
48063
9141
70469
20261
12631
71794
63171
74688
72566
7407
63442
70762
27554
6885
73299
8950
97465
6044
97120
99717
92418
53923
18305
60122
95882
16525
31720
5451
3445
34985
69541
60488
47762
39486
27399
64312
7410
14459
74877
88739
71320
88053
75532
43032
47706
31464
16677
43643
50393
45467
81085
9969
112
77123
79227
89732
28441
2980
17448
494
49652
63056
19247
99174
86959
33621
25534
84989
68107
30774
77159
65340
22440
1379
97764
92837
28058
77458
57861
50405
42449
84747
20516
6278
15137
70827
95425
8681
81948
67966
38372
69591
37387
9225
53370
63362
75028
24034
12699
30164
80127
93265
66394
65966
57637
37153
79321
19352
91512
51971
69407
62685
51386
64590
19109
64798
39688
99200
58909
72072
7280
90676
68559
80547
23621
22232
21470
93195
15374
38537
15115
68873
80768
54718
65537
22985
55278
4205
75442
24116
32100
79034
46719
32393
60861
20005
33899
23771
48150
5867
5169
38347
25538
31584
67590
47454
49604
3262
69663
401
88551
50294
95025
2635
37183
95110
16621
41450
2294
44728
18778
61625
60490
34398
12966
25850
95685
20749
8326
28403
45790
48658
99602
69627
96934
48367
25686
10364
94539
74459
88770
73823
94877
92207
95831
42335
78114
75881
61039
28182
40196
68944
83646
16060
24065
6074
86903
83068
16534
14087
43143
43420
12025
28292
62260
61634
19620
55550
2225
27111
79285
87089
3248
29881
70903
96464
80416
61044
86702
8555
64514
87455
80621
40649
8484
25015
3438
48518
4775
75518
15411
14431
53519
55128
39563
57676
41196
15523
40929
13769
71837
9977
29760
37396
42878
15513
71632
75142
72615
53501
41517
20124
80083
50738
72048
8458
44631
20110
26793
72740
56557
30520
58326
1530
87631
1102
26632
83314
69405
44385
8770
96740
11675
64750
93242
22147
91956
62178
81455
24745
86202
58121
69256
37433
25514
3797
69525
33364
3449
86401
26571
37487
2513
40414
49031
23286
14906
61565
95776
37716
59572
27513
71556
16895
7514
28667
13229
8408
36486
27430
84649
61578
8174
1150
64708
13293
98012
27734
97374
19094
84110
48588
49870
96442
57405
63676
71781
9532
34275
49264
90408
74945
22947
3293
31366
58327
32767
37065
33768
89960
48822
44121
11972
95034
69365
75852
24420
99309
25702
66691
63403
27024
32300
64682
41078
34950
21898
35837
92602
69174
54692
88686
28563
53269
55531
68335
31978
37510
31644
66798
2810
81174
53377
67328
54623
17837
1572
27123
52147
36473
59595
36618
84976
7784
58163
44705
70733
12982
22967
75252
45354
30853
65861
28281
45659
21116
10831
17182
59186
19900
56449
21723
37065
94235
75622
48635
60582
36471
93808
21482
95680
20512
51867
10969
52671
69330
25132
16047
25242
24448
60579
10012
91492
31491
43459
83764
96606
29130
27742
88901
71075
62736
98066
34247
64975
14324
6128
94358
88913
29646
41670
36073
49351
13312
37748
30050
99
94039
58924
14309
2388
72635
1235
95604
5180
57172
72120
13640
59484
85625
73834
64188
26861
34547
65807
9492
19277
53310
16114
82691
62846
98656
55984
66826
70692
38113
53542
5677
99942
10916
94542
53013
53336
59025
47798
90328
38751
44606
67432
64076
23314
47129
37804
20932
25223
85378
77597
97824
74337
83790
48375
21488
97187
59892
51442
85392
9459
73968
92829
34476
63210
33113
36101
41406
81966
39157
1573
96455
33839
53049
94555
12065
35868
78241
11329
36798
78398
95504
11726
14267
13738
76247
29178
18349
83198
66778
88471
15893
73461
83379
52969
6961
91944
82460
90144
97947
21881
9641
63741
81289
93386
14932
86388
9844
23704
11556
81988
12176
37360
97202
16448
96437
22903
30685
95678
14160
65479
69762
21836
64407
31652
14352
49609
26073
23268
33803
37529
30909
26404
97572
90537
77021
13287
70172
69762
95811
695
24880
18540
19437
34539
86979
20938
40276
3002
83069
89546
87987
42908
90292
81785
63543
59874
31846
3682
125
65241
51055
26521
84478
62364
30947
2120
74857
90137
95900
77927
76766
27786
33787
34966
20241
58486
99054
76337
31519
45898
41915
96981
63091
9396
89965
69390
69585
1454
85202
40973
40602
95297
13225
90981
17530
23983
59061
70104
66832
20765
73952
97544
34442
18497
45670
92519
54235
8183
7444
80265
72720
20981
75351
60549
41996
30204
10289
32936
36526
65930
51960
58386
84581
90929
11319
63078
78849
96669
10325
41954
66872
58677
60788
44379
82287
68805
838
52756
35931
16685
57197
74345
16910
88156
37512
84407
91146
87548
59908
94826
6692
60480
12000
83324
64861
21568
24816
93985
10906
67168
97715
42092
1669
65959
38627
17135
6631
18531
84175
49785
68058
2878
53070
91950
52386
97215
12912
6992
49902
40604
36386
40821
94024
53265
63261
47180
31607
39963
43455
95700
14250
48413
38302
64286
37907
91488
20688
68099
61300
26402
43745
12088
64069
76000
20361
61187
55538
67555
12376
78243
72424
73286
92743
91523
7171
6944
5195
91414
35154
60503
88430
23902
45596
70545
11946
30008
67126
39676
32893
27307
30456
15952
43175
78651
67
78272
87663
34386
84543
70089
52421
66769
25952
727
8651
17859
96575
99770
22466
82601
29449
35642
98792
80603
6655
7200
87008
3421
20332
74071
43994
68873
58735
59040
437
90725
12903
20545
4338
3448
19151
67392
63852
6904
99981
65578
89324
8815
76848
88513
64245
61548
88877
82830
14432
36537
66180
10066
9286
56163
99137
91313
31317
13478
91137
84628
16840
45520
35231
50741
41789
66878
35188
4238
16027
91255
19855
51
15503
4414
75032
76677
80059
36487
66304
40282
43771
63378
72275
5676
3607
65
76149
14324
76252
17587
99920
36342
62803
3714
11318
78912
10491
40839
49850
64368
92552
72611
93423
75577
21717
18028
88020
63978
37042
97265
90404
11050
24950
61661
99443
63097
25513
97243
72727
96128
37404
98209
99810
22844
95123
57881
10437
28679
77383
45293
86114
3093
94049
50857
95992
28000
57494
18583
79735
83168
57212
38993
10286
12557
77353
81698
63837
85282
70936
62346
54851
39108
55317
62209
43822
47659
98190
99740
140
13692
53703
73203
71288
33311
72289
29194
73875
38141
6435
98088
37833
49668
6184
25997
62847
93004
94005
20216
69806
73244
3758
32426
73615
19083
40175
82518
70562
27126
577
52611
32616
2135
29745
31287
84625
66278
25362
84043
85965
40186
24419
28731
77558
22042
3699
59922
48269
39773
28059
23685
14908
49240
98226
19856
49997
43624
74591
48651
8655
858
35670
69417
9660
66290
32198
97468
4592
22769
74119
28775
64795
62499
62360
4871
7724
71514
27405
72045
35318
44865
1282
46362
83007
57769
70345
82558
52650
436
38034
37016
67110
60970
91561
26932
9724
47663
59794
15240
62417
72233
39632
37652
14993
59261
55061
4701
48578
7441
66708
92019
89725
84859
68064
75957
24550
88368
82132
89368
69389
2597
85263
26386
76790
96302
195
66352
13273
69763
93726
41537
13540
44607
21987
64530
44253
784
93535
45715
73978
63403
34208
55313
41609
41720
55347
4397
6596
77605
87228
19526
58254
88442
28847
83584
52828
29971
72215
71327
12213
28266
81885
615
89636
76845
827
60629
13376
2525
43355
67448
44764
62735
38941
7540
70269
89144
48886
76968
84378
27272
22250
23205
38042
30753
67437
48371
56005
28025
3269
14873
17199
1820
62615
85062
25178
97676
71839
34
72365
35201
38240
92355
47243
89308
16470
25442
1271
54143
97450
68021
67131
69045
54398
52645
83260
40391
63173
8410
70167
96159
93990
31761
12992
13166
33983
10852
35900
5720
16098
60771
23042
80678
66649
45896
23800
96551
23708
25233
67501
65165
76897
54923
98011
66423
517
75250
70381
22100
85689
9913
66481
78741
29328
14256
60929
325
19193
81063
91970
7029
44493
89521
67129
86713
44301
70892
96983
92491
41486
82200
74819
38219
43036
34862
30674
50868
43598
65568
71491
23586
63209
71914
52588
98361
54
43805
81980
54778
61680
39845
54798
87949
22418
39266
67925
16668
19306
30905
12001
6253
44988
67381
8587
85341
64361
58771
87902
31652
42341
98309
5637
97098
25522
60903
50727
46514
53756
55233
88072
64470
90422
92609
10579
90292
97546
51075
81051
40178
69199
86959
31890
98942
32307
7443
56299
73614
71320
73098
66997
10876
12989
46718
44446
82091
98604
82053
17147
83456
28096
43660
53128
82729
24828
26931
21934
85239
5679
78864
85596
58690
74751
52675
90109
5653
26229
75220
31055
84835
80397
80559
17105
50228
17301
91557
82955
31589
11105
27693
80369
73770
26366
41062
61844
13092
69232
54156
12312
2601
45727
64658
63225
33775
4524
6266
51719
75611
22332
44254
49256
74650
63358
12803
46196
48349
38251
34917
7084
47073
87216
38782
31727
14314
87936
9448
44475
31959
22786
41511
69438
64228
85460
30837
28368
44849
79938
97627
51763
60814
49062
63270
8158
73155
13431
85022
52907
6635
92815
85134
10764
73100
93385
98557
6180
59600
39230
1645
50419
19684
63532
11279
48370
16876
20088
75790
4385
12551
72479
68961
9803
55563
33703
71174
4758
1711
34024
98440
62653
8852
10180
52552
11843
13004
10013
50226
40867
69078
9924
61679
69723
20545
42221
28930
8874
70382
1627
60575
43867
63114
96033
93815
52908
52821
51021
9440
188
24109
23289
43796
26678
89337
8890
48358
75701
73086
16824
84224
48404
15081
71202
61826
72959
64037
14882
88719
75546
23515
23671
85087
36024
23320
8436
26031
35363
52598
82632
97009
72901
73684
10418
86731
92866
32124
76485
8908
70809
99119
38464
64079
35187
62517
62077
79922
35753
75092
25975
97042
81996
99800
25110
59067
33553
68097
4734
58519
554
90555
16992
6629
46413
94359
84536
61195
38245
24910
39661
3656
84738
20339
74604
29624
45234
30453
23487
76301
7543
20159
33786
81584
18846
20728
25084
44278
89407
34187
51213
327
36910
20644
86649
19500
92537
88721
38667
31932
99028
5159
37882
79990
32715
67038
21803
36697
60432
47774
31112
28962
86758
90405
23473
59023
90277
80431
60926
62453
51852
50132
10546
9742
25035
86531
52646
38858
59986
58670
65202
13212
71698
43587
57153
67359
52648
98365
11897
39434
83559
36645
93115
21270
63446
57669
28861
91627
58884
37752
72851
27816
77556
71992
41077
18970
62362
77939
22912
69912
2049
45769
26967
55257
28680
7373
88798
36677
84489
50151
38710
15091
50572
2089
73116
93500
34034
85414
81788
66717
67225
93687
26629
78309
83145
72102
8963
96824
70144
66787
83560
80269
35789
43287
2676
76043
50525
74673
25381
31284
49526
58615
82966
5355
46211
80736
79600
66353
35133
23137
79395
19272
97467
34531
72733
28723
97066
89909
69549
85978
28162
91912
20369
81421
9110
69471
46400
80307
53839
16739
6588
15980
3260
40568
17775
89333
97190
20972
78797
39674
59694
29709
87770
73010
27981
18867
57459
74395
43177
29156
74511
7944
83574
55082
74730
47577
83246
2516
2824
98460
70353
57468
22795
81771
67925
66415
99989
2875
93355
24051
37291
94373
12966
96948
34345
90348
77325
7221
79455
63836
50445
22825
3781
14446
29277
53017
68100
65155
68786
27101
49854
86491
81804
54095
24093
29100
25103
20669
22606
85166
11172
43572
57702
80976
16296
50255
92939
38206
63524
84258
42513
80668
18052
86353
63043
36185
59280
27470
95074
58442
21019
179
18942
21405
29204
87308
48894
68081
30889
2970
54354
99660
69489
14592
11222
7824
75350
94918
31937
48335
98064
14815
36862
82248
40186
99362
42957
37996
83489
64365
56188
3663
89020
34536
11366
10711
58094
60444
91586
53005
11926
33757
34752
96567
13722
84043
54560
65472
10672
17543
26979
72424
1186
30120
56213
37331
77955
15014
21611
9677
70860
51489
58449
52185
16643
3658
6241
9916
296
18779
29194
34568
96044
26604
4548
43040
80973
73646
33099
67817
31711
60266
47455
6088
34222
92294
86795
27212
78262
35983
71734
21215
82479
27719
28558
72591
92536
87408
9555
7873
75474
7437
97485
20223
94846
19194
71976
38314
19463
1541
51055
62898
40166
91387
33703
27846
59014
31515
49304
32128
96644
35956
3097
58548
19443
41867
38283
84017
28930
71833
98440
51791
12993
17952
95834
90369
68165
68024
37575
68480
10351
99086
64518
314
75839
2194
27381
33494
86115
51617
78230
2288
69174
94781
21456
79020
60472
11301
7208
70838
66266
87735
70534
62343
48467
50372
19960
83008
65485
74650
6831
69651
9670
59673
95600
47269
6496
28306
44322
2941
13982
63868
37483
30288
76940
40285
18741
26654
1018
8463
82906
87974
48459
29034
18557
43358
12175
54079
67173
47922
41460
74572
51348
10344
69540
11657
47327
55513
61591
44337
95092
81908
91425
95345
6379
77134
1099
70773
24344
69976
87590
89822
15687
41633
18690
27809
2324
63445
73080
99837
93243
69818
60474
61136
94730
23076
17673
35507
77585
89547
29399
89864
68181
64260
66728
78336
73697
96111
4940
86462
28925
573
54590
56095
25284
18804
32826
2999
65649
49594
53290
21279
61895
26960
18803
11919
57826
47326
26689
67277
84325
13918
92765
45922
75350
20061
23710
89182
98267
9921
31958
62723
57096
1403
84693
92545
1740
32686
72228
47124
31304
33489
94012
60918
14921
15958
10634
35890
54191
76473
3792
95763
71174
94091
99070
71529
32932
83170
56847
94637
63047
36053
90572
8868
53497
96011
79621
18568
9901
66922
15651
55305
13963
14315
50352
90698
20383
45742
33923
62886
71452
13329
13873
65448
48823
92366
47958
88003
55006
4724
84587
39798
26731
88151
5817
6065
80172
38864
44217
208
19331
78578
50388
16122
15168
64091
50949
2061
57076
67028
99095
9873
83660
85711
97802
54598
70221
33037
5242
38279
83239
71776
53068
36813
60223
17831
71169
92077
52337
32752
92008
83550
19994
73765
8968
56888
21216
57427
86880
80430
72878
97427
58923
44458
82583
58863
85435
49173
77998
56114
35595
90970
44626
29854
48598
84931
81115
96643
36608
51868
75801
71960
61307
33172
85415
42505
854
25218
40995
31011
21666
63764
36248
16575
14684
72516
5862
37214
77819
52330
54325
54289
36205
24677
83301
46338
6804
41521
49434
24716
76714
57167
86541
38104
55470
71277
47190
83997
79756
5709
97159
65620
44382
24240
57762
37751
9040
44913
92560
40597
63332
57191
88388
32901
80142
96056
17117
41605
16784
61468
13588
75335
54113
86285
42824
4783
1668
40929
2361
68818
15993
90626
12071
91852
1334
34337
36082
2084
4324
20274
35128
43260
35325
34716
14574
96753
73546
94586
24398
61534
43549
15925
86919
82186
35803
72126
18365
6906
24922
90341
24966
79372
83409
55350
74217
15939
91783
70923
65507
72242
95730
27543
22175
66193
39415
82496
42382
36865
27350
82729
44579
11846
81269
81855
80648
52977
38836
9443
42394
2463
11462
50128
33534
30847
8679
22986
91619
53525
37597
14032
14540
16330
39813
8139
51178
9724
17295
18421
49547
9512
12109
38868
72578
87400
37900
74866
34701
91515
12216
57302
39233
20412
24265
49649
8572
20558
60850
30264
59806
46022
886
34005
8830
60539
55789
19923
25445
94429
405
47822
40050
7878
85834
69655
17183
53740
70491
21931
70289
639
79291
75896
63180
96266
56050
54082
59428
51408
51140
84161
47845
80230
75303
46280
26529
16717
66648
89282
93558
46489
1665
32132
97879
99477
45511
75054
82418
47658
28934
81881
17732
56758
93178
96035
60431
1216
89655
96745
94840
68135
79730
25008
49946
25482
74041
45026
36059
76330
16847
33102
39553
42760
4688
92839
59941
10943
99701
76207
33034
69876
20103
45260
78735
34637
65356
33654
77639
86520
12339
10872
95938
10024
83064
90354
30421
82695
19210
36709
661
22714
39286
28004
29373
28454
64971
56345
60843
65754
89817
34897
72756
48832
94399
63923
16149
4713
21409
45549
87350
16546
8711
13176
83193
83117
69804
28500
50999
76191
79426
8765
11736
60037
8975
63941
87357
64776
50541
57018
70278
8946
60294
4626
86407
48537
6834
70890
3
53329
7626
25507
17686
39088
32169
11788
79655
86892
39240
55390
10343
38244
23323
13714
85650
66601
94330
44011
36874
29003
29890
4265
3816
60281
31188
74260
41360
24087
84437
64966
29164
81188
23654
91191
52030
2853
49879
47830
7268
75133
78073
28445
87807
64933
23728
36932
48457
43257
70121
10522
82603
60805
98033
83488
54932
76412
66555
71534
33607
23043
6958
95960
44933
61413
76408
13399
32706
30876
14949
27772
91113
91818
19809
90369
90671
2304
59355
51630
73712
74296
56582
71869
28132
13425
98831
56306
55946
8875
49541
16490
5749
40214
71743
49527
76734
82602
29501
23671
56546
11335
39963
19190
26789
72243
13594
68821
49914
10041
29398
53865
44887
22533
88261
71543
44356
61605
43170
70184
93323
13951
56638
37543
15914
26909
96920
61186
24291
62312
60155
52092
90241
14221
94572
16244
87046
58991
70276
72408
16384
84126
97215
33000
22659
85666
36029
7109
85599
65419
77448
92327
58940
17281
76743
46387
93128
22116
36262
58602
3840
58104
92272
80724
74724
82325
89115
78088
43536
67896
64598
71679
94410
53798
36178
68158
11491
41956
13667
40529
97119
5427
28116
5729
79702
72044
44901
46592
14380
71941
95185
97910
94694
50741
67801
12929
31763
90784
19348
43678
31942
53086
28377
51489
55618
66379
68018
56226
36963
67543
1588
16344
82692
25366
26888
83440
57444
80917
36154
37354
99188
19838
5876
75453
30912
82631
52433
40152
88272
18
8604
3437
83738
1792
80257
98472
46491
47839
78375
22056
91486
65411
21506
62022
67858
11702
14995
27040
31309
35927
16542
46890
97254
79231
16329
93162
16452
6560
4595
86144
32815
87612
29873
11550
80590
21645
72886
70091
53729
50662
57991
96816
7727
87344
66754
3938
37123
46548
44972
47503
46900
32055
47087
42297
36674
90665
27033
91587
42733
1808
93071
78945
62408
10189
59483
36935
32887
89626
61236
68454
98345
95002
2452
32761
59065
89431
48755
76707
67036
7385
73942
89532
20361
13238
84864
6385
63633
68351
37651
79803
43369
34192
32877
69273
32158
12700
32720
91981
62062
88035
1970
64757
82736
70605
11815
62421
97581
29884
33953
49263
88685
6611
16125
21109
85923
25931
63954
12096
2405
42008
58371
21122
28388
89325
85326
90509
11698
38856
69842
31592
6727
89300
22600
81539
59973
90701
84419
66331
58529
50550
99575
32531
32597
17186
49829
54209
47826
45568
96916
10590
5191
99487
34919
2546
30486
33088
79677
82452
67841
47309
91363
64917
49956
68957
79726
54130
28212
76669
79178
4392
42076
94134
86707
22447
76240
65880
80662
32690
3004
29989
33201
9311
66159
41237
98829
40228
93598
91667
11787
91170
74124
78444
40511
80862
20186
45332
448
8847
9584
42942
92115
84703
27900
2654
83144
19330
90863
75482
31656
75024
69702
11835
51403
46635
8869
39100
77964
93563
69588
67367
79561
37251
49795
98152
39392
81529
16783
81234
66327
75891
82502
12561
59875
19736
59543
69484
58268
80246
87
58311
24574
28578
50297
99923
59272
13303
47832
64035
8725
90392
71851
57653
87097
43167
34781
30956
10785
98538
87677
48273
90906
58960
98650
56902
90904
71082
4078
93951
16828
38237
28887
54989
48794
92723
36725
16557
95442
67218
56332
92093
33877
15679
34526
70410
67887
70807
80387
51242
54371
29453
2796
71546
88998
44787
65512
13740
17332
5815
88207
78244
48695
28016
53358
24377
84793
18126
22215
3286
64135
11602
19680
20408
10009
8915
66811
57719
81417
93898
85915
27852
69855
96122
81807
12923
6922
4090
24833
36448
77142
99154
99581
67231
15184
5685
97576
69093
11001
8538
32445
21861
81914
44549
26075
56628
78672
67869
88738
65526
50297
94119
73697
71003
56743
39028
45153
32617
38275
64962
26341
43044
29053
565
60511
62232
83765
81862
87865
74506
4783
19072
91016
82610
10088
99814
14230
15973
57208
58631
94874
22229
99962
61443
6026
92611
75516
33127
98693
9271
47727
74127
55556
85387
94770
19056
50948
84806
53355
52995
87214
69033
16702
77512
60697
96469
32480
83813
71839
64785
50027
70639
97816
86140
25707
59369
74980
61616
61965
41070
56687
8199
54936
74360
74123
30499
77399
22792
73990
84625
1885
83467
34844
61031
19792
40165
2047
2963
98081
89378
80430
88854
79934
18054
27730
97154
11981
29600
48353
1738
75059
486
17520
87613
53993
65714
4286
21573
88248
69595
61352
81057
18691
20611
97455
40156
82406
48927
19422
84047
89355
28109
92782
79105
4965
39945
13393
88347
89338
11369
76567
93956
56351
81012
31466
37224
4036
30394
53636
79408
13405
93668
24818
58638
94633
55768
40549
8695
8499
20670
77035
75495
16203
95050
98921
52335
69345
49154
13156
51717
30242
13723
59614
22902
50552
58661
71273
77691
58694
9422
92973
45611
16903
73645
175
35348
45121
8117
69311
81992
61726
40614
974
5339
69107
16664
24447
36802
81750
28618
44896
63186
31997
22017
37703
35202
4373
78559
22265
30040
68488
60033
3546
249
29162
61234
10362
6019
63432
61636
49565
47610
22300
55778
29101
54400
2231
32847
30361
93293
88306
61403
87212
22870
57964
24439
68175
37179
20429
58384
62039
42143
12622
41522
32194
13766
77335
37472
48946
76405
78920
32616
90433
1622
21932
83651
88043
17881
96426
1313
26709
84248
29546
67824
36342
73842
9082
24492
90786
28662
32920
58499
55556
34741
90384
28751
68679
67594
15036
54430
43278
13870
64395
1481
54271
53970
38605
25029
62960
54958
18516
78725
83710
31950
93433
18794
87042
88499
20745
72502
84407
58079
48431
6882
33671
12641
79336
40654
13374
46670
4791
25048
50029
17663
13117
8193
5302
50081
36471
79122
94101
66181
9256
79930
25116
78090
23561
76893
14959
11840
50464
92573
47246
38993
64112
29275
29576
20166
12584
93930
88568
45156
42569
40308
2120
33178
80981
82535
78580
52904
91397
38238
62402
96361
15957
27279
51416
41714
33105
85586
62166
81023
5395
98030
17112
52887
27990
2091
17568
47120
48253
77053
99057
47525
47536
55506
7437
59990
26939
25103
33696
20938
51808
33870
57854
33054
20562
7977
87881
62882
87189
96828
31167
92142
83166
53246
40867
60963
88925
74205
33728
16161
76052
92886
57692
66329
71655
5300
41823
22303
44036
61225
35425
8314
63711
39155
97607
39669
7562
70996
58438
30045
59559
58395
1765
94666
99739
31406
61288
43526
37436
67593
62107
61243
39185
48420
50190
93623
24423
64409
88996
64387
2437
51963
53179
42946
50824
96671
24212
74621
7846
44738
17374
4126
22247
67984
95229
57012
51785
47819
19606
33379
5634
96196
11922
77399
47675
99671
55073
24508
32048
14673
45105
1408
61933
70576
11235
59626
7174
2176
44817
27542
39364
53708
85629
62246
97945
15182
50406
7028
93567
73074
80434
48619
59839
79466
83781
56661
25169
9272
93325
87502
31088
82319
92282
79840
26330
46571
79957
50746
27353
3742
17995
80811
77251
37862
38356
56041
67617
46651
22627
74932
1955
42980
55318
95481
22044
53808
9291
3423
85010
41314
10964
95974
59762
12225
81951
87116
6026
43064
40104
60157
44441
65124
24405
80818
48628
87371
7347
69027
55131
23824
55941
21301
80377
34012
78310
15572
62331
22409
24476
93916
95068
2304
58451
69914
79904
37645
34112
52184
49951
36873
70900
65250
53905
92669
52989
41183
78047
14986
85875
54659
66879
92923
65309
59494
285
69936
76922
55019
50951
2614
39539
2418
94239
88372
63520
28116
97676
75064
13303
80566
40743
36798
87391
76837
74718
97878
72498
59580
1715
78368
17539
90459
60729
91072
51207
75380
30281
46880
21670
74306
31965
11832
12360
71877
51951
49512
79486
10178
29725
72205
88640
25765
4229
48100
89573
94038
84155
13345
47523
47596
65040
62585
47332
38759
52278
73090
48587
89640
39895
98279
4033
78072
2660
11047
43401
22100
83638
70772
64923
93504
90601
35435
22052
16821
96821
64831
52129
37446
89597
97731
83031
36406
60593
8377
95510
72352
72260
57414
66195
70244
46742
6901
13645
13653
17115
71688
9653
82343
80466
89332
10714
5872
3324
19228
86651
13776
58330
31163
10851
45931
73322
8306
23912
88275
35442
54823
8559
48200
12579
37974
90246
28937
49982
22295
69606
7769
10024
79907
5154
65956
60656
68002
61214
55674
13755
81077
67933
63313
33591
58725
35225
87884
52588
78466
38717
26173
53188
4029
74255
17879
84125
77741
25049
27867
33274
90302
48178
19101
31799
17311
59159
36978
96897
84256
62022
84710
45854
5285
48861
13293
77593
19292
36884
81300
55314
74700
93971
88522
38439
41826
81205
62695
26209
11737
95745
10619
65133
87667
62979
91206
25339
82668
80816
88922
35561
66424
40474
88234
44699
79408
95543
70576
36370
40290
51542
74239
12346
31799
12149
67712
90774
59824
99276
60938
30436
49891
93302
83341
4863
61305
72875
49026
74058
82842
3085
89948
1961
45125
71735
20171
49797
878
37744
49268
53811
24232
78157
65467
76210
34665
25658
33988
13364
29534
47930
58704
23733
30723
9553
62441
82892
53297
56563
84065
23975
30627
75555
33864
64735
25546
32722
74344
85238
27813
992
81209
80909
91368
45125
62667
5290
51683
66446
65905
64336
66010
76926
73996
71945
47095
25963
50083
36306
41429
76088
92154
64188
14468
32435
28066
76125
40135
94799
8650
61054
54989
25043
74574
71879
89201
85557
16215
10707
55123
23720
56259
19883
30955
57205
2836
85796
71422
70330
93614
3191
94686
79393
722
71952
14566
6874
69385
54855
67851
61524
6129
70041
26713
24589
76166
75214
99318
50880
95997
11708
95256
58615
41480
83964
83733
8715
37452
91636
16276
69031
75485
52750
95173
97327
87309
98227
96743
56037
39819
11363
49947
74681
8857
94162
18669
2374
64920
96126
30846
33064
31441
40606
91358
51281
59247
70060
65491
83581
66884
87046
82837
4141
81862
11745
94549
19345
89283
80287
12128
3827
73962
73196
51379
88940
11331
46563
75296
16697
44601
39295
10532
83178
1499
51523
50429
50045
13239
39393
77267
23357
35743
58776
24350
75403
58399
37240
44691
81057
48881
13793
30885
59170
27058
57233
27925
47380
85234
42143
77890
40920
24433
87415
13632
90396
52130
14267
96078
32481
1953
21110
32335
26240
41393
50328
28522
72712
33285
62642
60252
14161
41795
46048
74930
72966
21880
6160
5994
60013
94622
85915
16365
20463
27425
64384
54306
6400
61077
2580
25888
34610
44269
80665
44464
70903
53307
9408
61764
47382
30479
88675
98131
18121
16178
72956
44316
40532
37856
17981
91558
56963
82800
57735
51227
26425
93457
46950
9773
10583
28213
4413
90244
31031
16407
37651
5607
6487
40483
49241
62678
88544
56486
93342
50498
67610
73920
21993
79681
49451
25812
83787
30181
18733
56775
31700
16747
11776
66509
58212
95022
46800
59897
8719
13401
41549
65761
76560
90229
43707
64283
13839
16400
45408
43338
79190
22553
32217
92599
62951
23253
28571
63644
91286
99479
78226
90057
60444
61582
66545
20212
62808
29559
19282
35962
43579
51170
19272
91738
48585
1690
21974
71972
90094
36511
13400
94296
43014
98432
57386
83670
67154
1392
5734
31104
72141
80883
23154
50971
66560
10448
68177
11150
74123
73354
8235
32118
19373
19725
64162
93079
26954
55480
90812
85849
67929
99877
59893
20318
12282
39680
30854
81710
82028
66507
11642
51112
84757
8869
46934
94432
87232
14215
73316
48273
77250
3250
12251
77916
10514
40464
95205
72195
81607
76342
34831
9173
66129
70777
49422
39419
33265
70187
54169
78857
10371
54328
38402
76928
77701
28222
21018
33704
88120
99804
58928
27555
28989
34341
3188
41605
5382
18829
79387
69601
10496
15591
38608
99045
1149
73870
48363
2580
47985
52502
38495
65533
14064
57523
45433
63230
52989
67234
35762
26224
12269
90346
57863
37192
85921
40013
52428
36773
99503
67214
3326
66218
48923
81256
85501
75727
36032
80364
83836
7370
75277
55350
96831
13210
57510
51604
71087
83115
88370
74352
17083
11619
23473
32068
62019
53208
93535
73195
64845
28645
83445
27003
53203
80706
58345
94230
30976
22967
98374
45525
58541
65659
30837
92905
94921
79834
87018
95608
38093
55839
80277
77528
60624
62513
10874
43528
77409
80126
94396
87203
75639
11826
44888
75251
77894
80130
30293
54972
87469
35885
31552
43449
36425
22777
13677
20932
86126
77711
75107
21535
61579
6093
79053
7705
26957
35065
63663
56135
65478
63484
91539
60149
58827
64172
63728
71702
96029
28835
31395
20925
94677
31737
54108
66947
88167
9440
19394
77957
17072
45400
29823
63893
78495
53049
4839
46440
12760
79593
33434
62993
35270
78464
81832
86174
33738
78141
22895
65207
17871
94883
24929
45092
90679
38397
21265
18800
26251
23630
83612
88008
67375
71873
36949
81907
49396
61475
37364
87262
40314
11389
6554
66534
47095
45004
59265
93046
1250
11263
99800
44690
21360
89178
71352
46136
31790
44234
55079
29277
66315
54659
28547
69640
8996
20167
7223
5002
19099
66517
70227
38835
89152
98562
67216
22075
13260
93930
99913
2375
37401
45892
69482
3138
11219
35625
4138
95972
17948
13067
76631
99881
42762
14360
35104
47074
58142
5748
93966
36813
47860
67313
11445
4229
2141
41755
76255
95653
74294
68607
30628
63361
74861
12190
68261
25528
48221
39314
57193
1356
26193
68065
19215
75847
53292
97728
44320
26790
3663
58732
18759
29838
74250
82290
46238
68544
31634
28005
13050
65583
12651
57443
46072
56816
76246
30183
24939
32802
10487
73333
26972
42904
32827
1940
55446
33882
30917
41005
44173
533
95029
55951
84334
93152
95267
78906
89221
79441
70760
63953
13679
96552
46810
89238
77573
96768
76699
45874
45209
1708
52194
44733
53166
38090
56813
91175
8694
27608
93448
99796
97507
91934
74901
95234
89196
84879
65157
46491
56014
50536
576
2990
91016
73831
42072
50764
51755
49748
34365
59901
17116
84163
57251
31347
40263
10415
94397
72206
74266
76779
91876
66155
3894
57603
47290
20026
35796
51739
40573
53189
20864
74881
52718
80567
30007
95262
25993
7654
35751
47641
18241
69991
57609
93310
39103
6663
31817
22627
42145
5886
80621
26529
86760
11868
11626
24859
36653
46947
96225
80687
84376
26061
94293
10858
15276
31028
97640
74607
48269
7558
96912
67753
97467
62563
52094
2080
16642
47426
16942
36285
24494
76244
83700
46590
97691
29904
24447
14684
60410
66165
17607
48997
9263
71029
45073
40705
4781
73295
38563
88060
86038
81438
64553
78268
99525
31932
7936
52142
90760
24397
24852
98439
70547
30700
50113
648
20950
47055
97065
2374
15455
85040
26573
62333
17198
19369
9428
36465
29113
68855
79471
70363
77791
49101
77900
47878
87541
8279
83894
84865
56018
64270
34916
77090
19784
74814
6797
76758
72132
94768
80103
90171
38673
65577
89373
19332
5390
72327
41170
42464
43537
66296
94706
2713
6346
76891
4950
61097
87254
430
1927
1446
55374
47574
36615
46308
5929
70089
52255
15621
74964
29964
25965
59697
63328
27250
23208
23233
81361
61442
57613
35533
27049
11997
60161
70081
47797
50316
12123
56277
33337
15242
21403
98227
88322
90297
45682
60089
12346
59266
69213
70700
76911
27739
18347
53069
64189
31207
52908
82997
75499
75177
51913
79926
74227
14610
69991
24872
65346
88924
74287
87990
50670
52783
70234
8219
63822
84258
94713
36007
59079
38513
81208
97221
50693
75794
26827
61841
39201
87498
52759
92508
20821
60546
66435
61872
88777
36159
96837
80642
6065
17992
32876
97208
34889
6050
81976
69768
4984
26543
88654
90855
61699
55907
37428
59069
22117
56740
6676
44195
98171
73295
83417
15079
73457
15288
96026
18341
1966
67579
75555
78502
39192
90564
85213
77365
82377
42399
29625
80237
23821
42349
76967
2633
55898
48798
43639
69337
42042
84813
99502
97968
93025
35313
38344
61210
82068
17278
89269
4723
86379
66392
9128
79474
77019
86227
40531
65763
38509
59158
57597
38116
69822
58087
72699
52860
14924
92797
96347
83487
65646
35323
1822
8920
20507
51804
87952
87376
93301
38990
86373
86855
50827
82916
58722
26406
90375
35620
16440
90210
4449
20535
21203
89793
31261
68602
25759
69566
38667
88600
95584
2091
33111
85942
2371
13754
91583
46232
5890
63561
7691
15191
59949
54162
53567
38336
38004
15394
31045
74789
1562
90180
30010
84722
24313
83335
21470
44769
14337
3967
6625
22675
18174
63374
39646
28294
90766
48476
85840
12747
31379
71476
84618
11090
21083
51770
29517
95204
15698
57950
99142
45447
36820
89873
83045
66446
95366
68944
78739
51078
2358
46758
74866
1043
97902
67357
95750
62321
38862
83713
59065
86953
24220
68445
84233
31351
57775
61227
39090
19671
88007
5884
88843
52523
68448
72506
75969
2857
48629
14098
89388
84767
84721
32241
12901
82025
76682
23621
55260
93927
84886
45476
47865
4840
50784
51225
92703
52057
74027
82930
69175
65836
70632
99381
13294
41371
32765
42718
81239
5621
90025
54163
17612
18214
65104
12068
68921
53160
117
74436
56647
27925
41481
11484
22681
92400
39806
50101
45572
5950
91891
97510
28117
1912
9006
92648
59035
26878
56687
49504
62835
28212
4710
89284
94716
34567
95327
37629
13335
67804
4319
44703
15908
22505
5673
7893
60363
96392
13183
37364
15957
2077
2657
3195
47069
82083
34462
16158
89238
90402
41672
76879
91465
20612
60706
67637
41140
15620
1239
38046
18681
21638
49891
67178
90531
32252
44398
94938
43569
98997
82369
43183
46177
1091
42126
70561
72072
3621
66609
94365
75634
7939
13886
9288
77393
40923
48248
92848
24942
39992
32006
76207
92657
18478
79159
81982
76459
86311
85272
37553
84136
63014
5486
74841
74328
98323
95030
36477
57011
31088
56668
10743
8354
98979
11174
41935
64862
45924
70191
43706
32415
75666
98796
34072
43965
41247
3175
56132
23293
80218
19681
1756
6909
51389
62335
84880
97074
60883
10570
4884
41601
34143
11711
52572
19787
21169
60225
52018
34734
48078
19486
23474
36998
31981
18979
26716
35822
62671
6175
63207
96856
50298
43211
35284
89128
633
8997
37109
42670
8939
89092
32780
93677
48680
36491
43220
14065
42351
73386
89879
33022
23067
80588
82552
18310
66664
98131
5808
59153
77709
38950
30375
52579
25139
14660
63475
80447
7048
10349
17610
54131
27205
40145
2779
89898
25760
5070
50662
44800
72037
17108
27631
32857
17745
55543
31962
6158
22249
80660
53007
6242
75889
19447
9944
11552
31863
5462
10457
14502
53870
94838
76556
62964
40286
42587
75842
89014
892
88715
46446
27288
22441
63699
37401
77803
42107
42254
7833
45522
33852
61052
38619
36736
13740
54071
12734
19346
92161
24946
12085
5435
41516
60752
10592
61388
17038
37758
49025
69695
77363
21993
30666
93098
77687
16315
5855
11100
69926
71816
24079
34683
50728
29557
71838
45018
24464
88361
37196
22113
92179
51341
39208
42660
54317
34311
28231
24786
72649
5115
31436
49276
50731
56776
76924
75826
68817
12072
69658
93665
96423
75851
58099
78418
63212
55377
31181
34750
44520
51684
60079
51609
78119
58177
87599
25144
69507
76026
20932
39374
87020
55219
47104
1534
34333
62978
36436
23870
8393
87089
96258
93969
77351
74188
55950
22153
73533
4581
95132
11741
55571
82176
227
22284
24381
93104
69645
30027
94656
62624
52784
66235
86352
57991
26196
88674
66845
96765
55907
89416
83067
69442
25347
9858
91968
92350
46961
92829
41451
63189
37634
12595
90454
67063
80362
97067
59142
80513
83971
61622
23530
42758
76630
27129
14110
39348
48925
76220
52731
23154
15654
25533
75745
12790
64245
23592
97780
23837
68745
90549
90314
93921
82979
58159
93889
29733
88642
76678
21802
57296
72658
98427
74517
64384
39136
64269
97019
68698
4044
41260
17425
87470
8804
54358
50610
21203
26270
16458
59698
93785
28628
61805
61285
81983
19549
84131
17749
90380
37244
94472
65127
36236
18902
26231
36521
28661
53983
71444
90223
86686
89991
95625
90828
93160
52784
56836
42192
95525
52302
43645
50067
61080
23471
34161
75986
46992
48652
16716
82029
54045
69752
26919
23208
1892
16427
80069
72915
71353
16947
8787
49833
51884
28872
14098
67388
30058
41265
67375
91248
27945
17503
89062
11687
66311
51880
96903
17149
37758
65416
68971
69516
8979
92811
94865
34965
70744
96907
58599
46660
78155
42160
87944
31352
57964
20887
84467
60674
82166
33146
74236
76010
25712
56595
54238
85238
48394
22121
56902
82506
26296
18630
17150
44482
15233
42298
10378
72133
64740
59500
15419
21793
92170
18721
54994
44186
54032
30002
69738
65389
38838
85635
60009
47879
29735
59042
82708
32994
61321
65187
94004
69064
96317
64369
15282
55355
79416
56862
86493
7348
83593
21701
72969
4661
23786
28426
64153
96214
14893
49588
33636
33957
75669
46118
52959
61672
83787
20767
5458
7912
21778
46297
28804
28924
9071
25117
72618
57050
20043
26150
95920
75726
20308
15102
20597
16067
66101
93425
20288
48080
99951
26962
62153
91963
18790
52650
2354
36706
42093
80221
4694
76217
9900
29630
63887
96094
4804
59433
44160
48777
98844
55283
80569
66693
84780
32542
18134
93407
98797
96241
31255
94643
25123
99767
74644
38446
86003
43878
52605
78058
68561
17654
70402
7232
72327
34278
35882
8610
54558
2558
74016
12720
79546
88660
16499
44056
96054
53901
43426
22408
29400
11401
90055
58239
19697
3907
49951
94660
65100
21572
380
16260
16375
82116
37188
46901
40338
98546
43633
97584
90758
36103
36321
10953
34761
36532
90117
26279
54289
30958
63037
68098
10240
29795
28896
90212
19981
37008
58563
49433
65859
97514
96214
8968
83510
24465
84541
97977
91425
24080
15422
11886
10224
12021
37058
23831
80842
89586
74829
41425
19254
47208
11407
92834
75132
32900
77380
97322
70757
92459
91451
17877
51876
75764
25731
48834
65149
94089
25774
76892
58181
22703
80647
79541
2432
6727
69303
9043
31128
93475
1718
95724
64888
32244
91614
88581
57791
35663
70887
89406
19056
21639
19568
1049
31244
75000
4115
51996
66493
17014
69913
92964
53675
72822
92183
5826
63141
30565
45100
6465
81770
33275
80358
89374
39008
49852
73859
87294
61632
53989
72463
45927
90797
43580
72523
63043
14233
94402
51219
13664
62963
94757
82391
48221
76986
58514
42878
84668
76266
72568
99614
3282
77815
14065
6051
57877
48104
43716
84081
1775
78376
56158
74015
93116
48498
57125
48181
62673
29293
57827
47101
6947
37380
89418
19845
12397
65854
6196
85233
49144
42485
50430
33463
79839
19732
4793
83038
78812
91573
26683
24078
36887
1199
72133
7208
67432
7182
65837
42109
59853
36165
89816
81998
9381
52988
29649
89456
70657
8163
66205
15164
66222
39752
69848
68134
88573
51873
33312
59810
58176
80443
42908
338
5371
26762
75145
23273
95841
63154
96955
51164
54707
34757
70140
52436
30345
82166
57646
66294
95853
37681
34604
15140
25623
95621
68171
24953
34967
6369
89878
35545
99269
77758
75443
18941
68928
62900
44370
44128
1512
32118
64737
59748
88747
95796
66148
17629
61691
24433
13253
85112
4286
32781
6368
56947
70758
47937
45710
36327
72576
63594
7489
93653
69243
43977
10103
55902
1312
66582
52756
16773
74109
77621
44257
18872
55184
65880
97601
16475
56446
15229
12687
486
65402
29934
44411
99507
96143
37859
57779
89651
39610
77963
42098
51798
71488
4923
28483
99143
69536
17740
14163
5018
71066
56409
18807
93629
95209
63325
68947
82252
17085
23869
11295
62688
24614
50139
62471
20929
12752
80404
41648
82315
22277
52397
71346
27675
16083
61921
34594
10239
87360
2792
13100
70396
10479
6257
90489
8254
67793
27922
98697
68008
22754
76368
82023
37044
49242
43555
75137
35732
39698
97901
18914
88191
51329
44730
70213
91518
12723
25233
95935
8144
42104
5015
55736
28627
46694
27923
42426
49887
97609
32284
64647
12249
33388
60369
52771
99595
11709
39136
81826
59165
4342
88535
93021
11325
42056
29466
26963
20464
85008
39803
11763
20549
38792
79185
13813
49048
15470
8243
74525
22088
32643
31291
36830
80489
46779
18030
59897
89825
34158
91144
78198
98273
28962
12907
10362
87428
76079
15742
78171
91358
21671
6962
81023
91008
60059
24573
7645
5103
89387
94521
61223
44338
71131
64122
48007
90251
93134
49966
52990
69668
65552
41814
90086
26090
51579
70210
35646
49876
4281
27824
85305
36350
27370
71601
30648
46550
76256
86514
16139
12096
36555
45840
23300
37942
8705
4851
78148
98608
14052
18118
38700
27808
54239
32886
31909
14924
1584
95437
85099
24250
19541
52541
77167
48695
80290
39494
90580
86172
93478
54272
27454
27783
36165
24600
45227
37459
81747
90881
4741
29157
96802
23190
18902
13352
68927
8689
95661
80600
15332
59438
69409
25845
66991
55326
73253
53608
88572
93207
8395
25294
90321
12187
90602
62343
4328
41431
9575
18686
26764
16640
57148
92481
6835
10449
24907
48711
97324
76544
7239
47704
16242
2687
32493
87078
85594
58271
63626
90608
43218
37947
28706
67778
84675
4365
6646
83741
97534
53166
62854
89498
86838
91690
16135
14511
82351
18827
39709
35535
47246
24848
95516
57845
49786
46952
39198
39661
34890
86142
42342
94292
44880
24768
52259
51613
84506
2767
60612
79067
57969
13011
4995
46599
33066
35659
19146
29923
29804
65058
79603
75565
78990
50092
77383
78691
29949
93749
32654
90718
53315
74487
12406
83201
91671
82968
28383
95776
10824
3488
32135
74890
44429
23865
744
68859
80955
21903
23194
14056
93683
92025
54025
35266
42974
69655
55295
95539
72801
13298
95267
68131
48661
27424
78496
31820
13160
85945
63206
33303
97811
84154
54093
20803
34649
868
98647
32765
62631
95845
82625
80349
25072
90905
48076
81542
5869
93319
59462
85668
15132
81685
33818
29831
64958
63076
43532
96100
99640
31779
65213
61735
58722
67973
98853
89043
39265
20372
33597
5752
47298
82762
43715
63076
94375
95794
33864
96823
92997
47834
36536
66207
98133
84561
16489
92875
24639
51663
5638
14665
65048
77878
73932
94201
7719
46307
45779
88901
17799
66572
81813
68627
6446
9642
66752
40406
1291
29137
93361
27708
72749
22913
48972
88135
80199
21750
32209
45960
33990
44568
16383
37024
85128
60933
3150
1106
35684
92748
45817
73718
17462
60909
20549
95704
26576
44586
50439
71703
91200
5211
60669
83066
85005
47196
75256
15532
43822
24556
33289
52422
99470
86967
7963
31254
65417
67230
93049
8744
4518
58393
25318
26501
78136
58304
35361
31439
53046
88726
93147
57074
42876
2701
65721
77932
89300
72848
74703
39565
62521
9562
43756
76635
56562
56528
80754
49415
35827
9799
4428
86217
81830
10772
34132
18429
70478
39221
10941
43374
77261
79454
94294
72291
75224
26642
95856
64338
40601
9830
17461
42955
99728
56760
14075
82696
5338
49748
59963
49380
38990
63613
4833
2012
83496
32067
79288
55326
28919
52506
28828
61348
64101
48190
24511
57669
39980
53356
24350
59241
43803
95766
10304
86765
88195
58451
66473
23377
53122
10735
38459
21755
52642
5175
50963
83399
25202
55301
69047
9987
88549
75045
38436
77746
77000
9892
9579
6106
17974
75024
27165
40116
54930
43328
41304
60930
78411
74458
66221
61559
86126
72691
32521
98329
45234
66928
81604
32584
99771
69861
95479
66186
93544
41712
57527
23679
96293
25530
94874
56911
80300
55005
82010
75446
22069
22571
94243
41752
83014
72775
35736
61887
78508
21530
85556
47848
34988
48427
52653
67461
36046
39821
55948
81463
76228
10410
97655
91467
28600
3579
5054
6104
38367
21614
69591
18007
71667
47100
8952
60445
52858
35200
24751
51672
64076
41788
51758
93814
73743
64147
33719
6928
75508
27822
40538
29986
89187
52857
20953
17928
560
71612
49737
31555
57891
7247
63037
50437
55315
47062
53250
9590
35650
55480
41577
30686
44544
25594
54375
64565
20577
37135
49292
82915
74171
43773
66188
76192
19685
70977
38737
30388
58711
22725
20715
84217
27434
23257
5148
30818
80171
19692
81731
72603
67663
18378
91114
4213
30346
20849
88539
67311
85974
22563
35950
66959
14765
73669
68377
79352
69502
15494
83947
91168
66345
29889
71637
47327
68307
84562
85352
61066
84672
93691
61459
38773
38509
65064
9569
36484
47018
41787
6341
46528
42582
9860
28801
65318
67399
20544
34676
53942
19458
14467
63334
79039
68786
27416
41267
46928
59923
79196
83204
58939
87942
19093
84053
37023
14382
1660
91039
87105
36200
53325
59992
86557
29968
71618
55712
60661
64025
67027
63497
18024
12405
85235
71741
15054
53849
48702
44174
17876
69886
49600
99071
43658
59459
93241
8309
97010
68804
59735
83298
66157
57950
41532
19901
16928
22520
85360
82477
12767
93088
86496
81521
13996
90681
99488
17934
98927
68115
56167
64691
48448
32782
78206
75562
39295
70052
58769
34552
53481
44799
63083
17227
20499
3371
71369
74313
52595
45470
61770
30924
45922
91104
49687
36721
44295
97916
50960
41925
35287
66562
74277
65129
9544
93482
15079
29475
75929
76605
76142
77130
64046
9209
98274
84410
48821
57893
1435
96035
69821
8366
92053
63229
88857
86650
75201
96092
38275
81628
29433
60953
7009
5004
88927
28495
49767
70040
97105
56988
90149
41775
32409
32661
88706
99178
8501
76234
42534
96327
69029
61498
62265
84999
65794
95161
60639
64780
5977
57155
86642
7306
3174
26569
75261
5198
5357
95693
66487
61431
80304
38801
26991
76037
22398
70708
54029
88459
55679
84424
38246
9750
49115
76042
2871
11227
15960
62798
46296
20537
45991
41566
39737
82616
96210
88672
4697
79829
32875
38315
99744
32271
82025
34873
79738
6259
88734
85091
21512
76212
17822
65157
26128
66541
89549
59462
9893
18465
70605
28475
9453
98679
80805
84473
7246
79158
44801
26443
53625
22320
33198
91775
97310
47867
21933
22382
4755
71525
44004
71531
23372
17772
64492
31308
98882
54210
60202
70374
91211
65431
74876
68823
51662
13745
79319
82013
17048
71407
77884
70054
46770
72038
32297
16740
9828
19691
76029
38662
21817
39041
49216
93363
47902
802
63167
15462
82252
93243
7680
65983
46151
58299
39352
75134
73941
54329
46486
71132
76985
48870
58510
70702
92079
75996
57614
40258
94854
7905
49351
23959
21931
93609
34533
66372
74601
80418
91585
17578
72670
91399
83581
62682
73824
38558
90568
80561
12957
86229
96113
77809
19105
9742
64304
13729
23361
29583
25163
86045
20916
67826
28743
40861
6815
92244
67539
71651
52875
34473
31745
66787
59398
94432
92195
95117
82301
83432
19074
2078
49798
84349
79078
85274
13370
27204
49786
74310
58657
79866
25193
2724
76491
21978
3588
883
44872
72209
73614
27293
55028
49616
88811
72493
8327
25473
10956
76608
58837
28701
9921
93802
70660
63695
14611
27029
57592
4586
65277
89085
27379
2132
88146
73252
28100
16178
85385
45373
10765
90990
23389
75471
14647
3243
59092
64170
87542
43355
20678
2879
95704
89493
39842
73234
50315
61287
66704
61731
65294
30771
89797
33590
36004
50362
84611
65290
58677
72443
14604
68960
86872
45447
53218
15514
20303
3044
87056
67001
80561
69910
60418
60108
18713
43003
22972
23610
25074
20213
46881
16271
78166
9580
91809
96867
63759
98733
52307
88993
53409
80052
77315
4331
7134
80712
59159
68620
20702
63179
42550
67334
76823
31102
25470
84776
44306
14960
93302
51508
1088
88977
41354
66667
12582
19087
90744
5251
62987
13833
31665
51578
3932
99761
96552
94885
31850
95495
27402
32875
50678
24060
73503
34807
33427
69840
81392
55466
97618
11765
7669
55176
13777
64463
38379
18578
24830
39689
38327
25982
62923
35597
98996
65537
73308
3567
55603
35287
76103
45198
74805
48000
45859
44141
90753
1406
89254
25650
24166
18579
75740
43882
85666
34238
98894
33628
78535
45475
86041
54312
95050
15992
43519
58249
41488
72880
25501
23535
64342
47502
95358
20573
84594
35607
99952
87909
95323
9242
58904
51407
15702
30718
280
9422
73523
35169
80002
16618
21529
1565
57408
33603
20497
7875
99656
25222
35133
23851
69983
21009
86368
77278
56952
38374
96360
829
25943
13011
51834
38409
67252
60365
15697
41729
68502
48974
68097
93708
14810
25658
38690
3536
52856
62476
2726
37791
33644
64155
38009
56813
28014
43334
87278
69027
84737
72235
3709
41784
60186
24918
66997
45892
70089
16026
29190
83004
63836
25141
15793
35502
80638
73819
606
36715
62994
24717
55341
12633
66162
99831
55354
11089
85175
99146
33793
68183
66122
33339
426
63915
17055
41112
7842
82725
46530
81964
72081
59189
25332
78351
6827
5810
71556
54971
11707
92686
74604
32932
33630
92507
13290
6619
29498
57110
71878
977
77936
41161
72738
87903
53767
16623
24056
69343
50654
57334
55599
4678
25402
54607
84165
94096
92785
74786
2352
73529
99162
88523
12906
28558
37238
57483
33219
75014
801
50743
34912
33787
60251
93084
41761
35266
13189
96140
51314
91194
39480
99982
14032
70999
41044
5396
11533
45470
14117
22575
82086
25751
31896
77384
12274
13593
16797
8313
9266
31460
40341
71357
37258
88695
55569
81804
57249
81000
89718
69879
30440
92352
83653
62144
68423
86127
94452
43006
55765
74351
91494
15950
36818
84173
18630
89519
51351
35369
48832
13225
86608
59440
81874
80645
96500
84457
66032
25299
45362
28348
34682
4847
95596
70217
34028
83353
12246
68783
11893
40234
25219
91527
65470
80179
65155
39414
45789
21457
79236
16730
47565
13302
59997
38595
42731
71364
47664
20640
52904
69444
3065
66337
46260
71187
58538
38169
49933
66854
40245
98999
42388
11855
44653
62369
82707
34739
93577
18419
7830
53659
42425
58313
28161
94397
15430
69280
94230
9665
5959
23505
36515
26335
13675
43956
74294
46919
25512
47972
84808
86925
25463
7276
73746
30050
12632
92436
29971
17465
78138
74660
98839
33662
47338
75444
81181
60885
4618
23435
47552
84834
71975
90025
2966
66362
42641
47478
58705
71592
19133
65508
10332
46845
26389
55210
99849
66418
68354
30352
32664
95947
79897
1184
29447
87877
82008
59833
25785
72857
69081
22879
80431
46702
81915
98425
66395
47845
24364
85664
86213
4779
82942
35048
97820
28257
73215
54060
17038
88262
75600
79022
20919
19096
66821
82482
97574
41330
55136
14567
87326
40321
69178
79943
35098
52179
26637
2519
25847
95716
71559
1401
69404
5945
95002
97248
65004
435
82822
16244
27870
66571
1926
67630
79125
51862
19330
79248
7696
40934
35810
18209
47503
8145
46717
1904
79675
75503
34466
25421
91253
97052
1840
32802
61640
12669
93402
67507
93106
1611
51845
3856
25635
7293
26663
3997
463
56373
57181
72559
10166
24438
4409
71807
79304
98797
64245
80812
75403
62481
13312
45524
11845
50879
17848
30850
62715
48717
90131
85078
99335
75793
53785
73718
91741
46891
32961
52899
46022
31356
29911
70466
61107
93757
60269
33972
55398
41630
4141
43131
42292
96174
60828
90543
30973
81677
69585
96502
65346
19296
20738
35560
69234
84305
81075
81690
46941
85280
13287
22254
84466
96753
5418
73369
97392
36505
73160
59896
93065
29069
93293
79963
65270
25796
10947
70793
19340
59755
24638
42599
1182
33794
52707
66157
45523
46948
19334
66772
93043
14570
88768
68515
45205
58817
8551
45421
36324
30157
2490
73242
79762
46589
182
49507
61373
52591
3838
28667
32364
9538
3065
26134
36049
52331
73570
51382
74818
6858
21655
65532
93040
7240
34400
43277
794
19316
88998
25966
61791
51032
294
62105
4742
33032
50267
46571
42411
67542
74982
67976
76006
61850
55468
36683
14960
13396
90249
34399
94852
97796
8275
52222
30028
83771
64661
65532
66780
91201
69978
92441
8676
36249
94084
82157
21488
62483
23615
30728
26158
50457
69164
70758
84606
8254
54619
88727
82904
72701
34729
61873
14727
22614
4227
19894
75456
20788
17344
65683
33020
79904
14104
99835
74529
90378
60233
22030
10204
11224
82043
70710
71727
90709
83022
57991
13264
67958
88678
37008
15691
10346
31030
44896
96056
62302
95333
39848
19482
2455
49639
76135
13391
15753
2251
25132
50401
22053
68093
5743
43037
18546
31720
57333
62255
1519
51622
89215
47977
10057
86945
93865
92789
93347
43896
66293
37503
92860
86054
34506
45683
60632
62944
62326
74524
99654
5061
65228
36605
22596
32576
44630
28172
46788
71671
34116
67291
14239
86891
71786
98830
79096
2490
90579
8639
41234
30681
66296
76677
89259
18638
74096
24191
14286
57969
17566
75790
90223
51690
54527
65934
15830
47183
34817
65703
43413
97928
33953
76676
27957
94466
80845
82814
32089
53768
98618
24285
83362
68631
34596
10142
94039
98799
99059
34062
66132
87539
58958
67621
15876
14340
97803
41447
76509
66841
78803
13648
33517
82490
40920
52825
51415
59568
58989
33039
69600
32697
42338
22362
29269
76783
78834
89710
83473
22707
14818
61867
89379
75505
16575
90036
59291
70081
88467
40691
75107
79391
10578
25015
6741
95089
9713
70033
77269
31606
77652
61583
43831
64648
63533
44466
13020
35067
43045
65344
11048
8048
20570
45332
13469
61829
70896
95055
46252
72582
77202
16344
81485
67764
58194
91215
465
85100
58771
4598
57971
75884
97127
58368
9122
73684
53355
83546
17489
36476
95132
35070
43914
11072
34298
968
91257
40687
88224
73955
88386
21525
60938
63464
84707
20242
3529
44883
82607
86933
69878
62846
67866
25023
60400
95404
61812
63505
44675
74074
26772
37451
22988
73483
44095
28783
57178
65405
12765
69602
88635
68075
29014
74699
49666
57539
23606
68709
68011
82903
36126
27108
12219
80362
12088
13994
26432
96924
25813
59230
26404
74275
16186
97299
82607
19781
11378
92720
5235
24686
23632
56667
81527
33549
37577
83632
13603
42698
33798
4008
8363
49102
47948
17637
85957
59952
62483
47922
62048
97905
1144
95214
63746
20181
6471
10085
15935
27885
28757
85335
16594
61162
82426
89390
48941
88238
88344
72270
57710
69771
25071
53987
55691
69719
30659
13747
91059
99113
58039
1204
23055
70033
83375
28318
62120
46978
83516
18171
94727
76358
60465
50111
66333
13584
57157
2207
5495
33851
52249
39954
39638
9757
29673
8341
36084
48825
68311
87902
75027
73745
46186
97374
5729
31808
97522
79509
64829
11067
16658
16757
1514
98049
19455
39702
53188
10636
95085
37708
73814
4553
54656
38173
65565
15998
99033
92706
40212
33307
50604
34285
66051
692
6709
6879
95388
88184
65933
80226
71558
15598
50971
32989
95520
70517
30540
20862
88204
21314
47461
52721
54692
14619
18805
53768
24860
24662
80091
93813
40035
97327
94047
63508
55535
89159
2711
98521
5988
20844
44969
64454
94823
95090
72277
43021
10201
90287
29166
40302
58177
88164
26772
94565
40657
68664
20707
26687
42115
73808
75401
26974
38211
70031
14421
89507
65336
14811
39111
31012
9290
72442
43910
23084
56195
13529
9153
44971
35674
89091
69135
66634
88156
16744
69236
85463
68324
15997
41087
44956
57284
96596
94865
96443
94562
81783
18752
62337
98839
16839
61966
49025
43827
12845
69306
19751
30697
23162
75569
29143
45185
19919
60701
72740
56160
77295
29240
50858
66091
37958
72306
12540
43677
10803
62925
61618
28902
53154
98649
14119
94507
4491
65363
72960
13936
49948
38905
84281
27132
38788
11975
58828
40020
66263
46021
18857
47682
2373
1135
95917
35985
80186
5513
79521
98913
76315
1944
19631
93471
13007
70807
75342
41446
97742
73814
83257
31436
39822
54342
67400
59017
99961
77558
31103
45655
98912
8334
76159
48748
29709
31437
99330
58729
18527
70789
1611
92784
48824
49940
35123
85354
37347
45147
63657
89070
58250
25560
72048
71659
35198
80832
82646
54847
10359
90538
81979
73113
16695
14529
19518
10619
78104
45864
5060
42996
7419
52330
70789
13721
82634
19436
76192
22872
91270
31895
44134
57402
23462
54503
73475
88080
84792
8290
1506
93245
81627
17189
20651
57307
51297
19087
3036
41704
23289
49707
69918
7744
74004
68794
78423
31934
83524
51902
90633
95175
32177
55058
59361
28594
2905
43417
53185
51620
55021
63859
16361
42813
35837
6858
99819
35802
73447
93884
28649
85830
32987
35056
72457
31065
5139
86821
68537
91982
852
65407
58889
52629
12048
5692
87294
48651
35986
55750
49211
63789
84522
40787
49606
42708
91192
6363
31160
31263
21408
10972
17769
20720
66611
27807
42877
96652
63182
34141
57560
97921
40639
49573
81457
87231
98107
82247
30870
57157
60987
1763
6183
45003
15414
57465
80592
7902
60210
79206
77013
48544
41641
15547
69816
2145
78868
39024
30373
11204
61716
66242
73507
7566
57593
98787
55749
92939
17785
42137
11161
29497
45624
91246
24623
32324
15394
76926
19214
25844
3824
69875
45838
86740
62726
54464
10796
3572
51366
43145
76988
49537
63105
97075
60180
17611
87896
95695
90141
20691
15696
89759
68931
93286
50428
11502
83960
21678
46187
6600
85083
43073
14353
84544
60386
86303
66210
22491
40536
13131
82102
20813
99118
63239
18974
44433
47446
18428
52091
11264
11110
99143
2165
93051
33392
69858
92654
91601
18632
60473
54658
46360
3803
76607
94772
59304
52743
8128
45232
99544
59080
89781
28702
93717
44878
16222
82407
30165
46453
55450
41178
57197
92043
95443
31277
34328
65631
54184
78651
54035
13670
52451
5284
65528
42713
39795
34726
78671
43900
55039
77585
78590
95140
80377
19321
18191
60420
21703
18662
14615
38402
21935
82824
29035
93572
65786
36653
93729
4197
62134
90083
74357
79065
68928
81425
74329
38329
13121
60679
41242
49015
17167
30200
92326
82002
24993
2959
39510
3958
22814
31549
30082
76841
39296
32493
84245
90675
92806
61558
18974
67514
61251
76151
83105
82761
88143
86624
7052
23093
70805
14353
3602
85266
970
30258
84450
48025
14265
9082
48301
13646
54157
24900
28041
29053
6064
8480
59302
85751
570
64278
85950
410
13302
50996
18769
44509
80377
7827
63711
55713
16840
63671
13785
31372
62084
70163
39573
83817
19327
46797
63079
13353
96488
75897
8343
38881
45607
34007
84677
25998
22876
59150
41069
30216
38946
32627
99618
33969
309
58232
50422
52822
68311
64990
20595
11408
60086
29176
80774
48061
44428
38540
5750
95538
38356
96383
372
99797
26141
68122
5657
72864
82715
53483
10593
90392
4848
99662
44149
84107
8808
89749
3642
91589
2864
61966
58860
5503
89923
72111
75669
66718
71689
83206
42174
12672
24418
85643
49986
40429
65350
71046
54859
30995
19254
87174
79521
65726
29613
14894
48057
97501
25952
3165
1104
6569
19437
65850
33776
81255
96846
80735
85970
74285
77061
86094
65359
91005
56444
90102
61737
66001
69934
85267
20501
5744
70433
48800
71284
75381
68964
10498
32268
20672
11983
79906
36581
27276
67063
85473
44311
81996
74293
91119
19812
9095
18879
7931
47635
90287
43439
37324
65151
30477
35152
53502
52237
72338
53710
20069
45302
27994
49609
73200
50184
51785
67719
7401
64964
54298
89381
28183
89817
86742
65661
73420
62840
35049
46585
97220
33363
12356
25798
61239
77903
97079
99037
13091
40534
14812
11603
67620
74869
79402
17705
8956
1980
3659
44258
15895
97159
95843
87563
5465
33783
32326
12947
43185
84232
38922
43355
88788
8711
72945
29130
72747
25747
90422
15134
86625
34271
62101
23043
13066
48649
23868
36431
8218
32514
80560
25794
14002
96246
9474
97065
22414
16654
67862
17694
27320
4773
46976
54551
3497
23776
4947
16207
28777
63254
13849
32254
27899
91090
21228
41942
91516
32824
16910
92440
56357
39979
53874
26406
25376
67984
83834
63429
60580
21248
68333
1831
66354
10546
67157
32086
15289
77107
11316
235
53322
19439
54130
63348
89405
54244
8946
18857
42551
30369
50615
95702
81985
46508
56282
74785
19013
97898
86817
76805
67729
56526
40764
92358
98626
31300
96326
98985
33586
12319
85658
97308
24908
11205
26081
26876
61646
40808
35264
31809
41042
13152
81686
16123
30124
12041
77577
49182
86002
4490
52224
12846
10389
21660
74548
78352
68445
49151
97945
64911
55156
27472
69259
9146
47034
14400
29537
71819
76236
92928
27495
84859
67646
53789
30707
34534
34855
95700
7152
89464
63285
3903
23153
78246
37011
75723
5927
99475
80595
95138
14178
36424
50756
5196
43083
4556
39338
33541
96345
51382
59174
51064
36622
31008
55745
83576
87432
58758
53323
82985
98253
12024
19130
84236
28621
56167
89760
10254
40347
92225
83892
65508
58740
79094
56018
77178
4231
65
41681
19566
82266
23181
41841
10917
35798
61719
77760
11254
36626
70083
22795
6
48422
77892
68352
74661
57688
96044
2751
39001
40284
56513
95617
49170
10376
94942
84665
15301
71131
69670
18123
66001
59531
38700
92546
45268
63076
50364
38511
58185
6557
90314
90203
70150
36394
1900
53780
9426
67528
58137
20431
2592
85702
24162
8875
15701
67424
15868
39158
53960
77332
30298
76205
31933
4513
66796
19373
85765
19500
5416
10158
47824
48461
40592
70988
51292
53898
63786
70543
91387
45206
49041
96384
12194
56081
92187
30345
24371
68003
2092
94509
19400
76780
24521
99129
78640
6341
86340
67727
89958
96399
72884
14474
7299
91213
58455
47304
85067
28761
8484
66021
55094
32434
88680
26943
58215
91868
6156
44372
22762
85375
94414
44346
22877
92923
99845
15463
36144
4832
86476
68300
77810
94556
53462
80719
39092
54830
84719
96960
78439
76434
44773
2642
43586
61924
15112
61775
41813
49371
1251
70824
53714
82664
41638
91962
27028
89736
2552
5581
79545
23736
18017
844
68158
85241
78507
25006
39038
20461
50605
94872
3302
43631
78072
72367
11474
75142
48550
1501
8495
56385
65363
87059
39641
91493
72138
72982
84477
91577
36519
6373
2928
92715
9887
32747
40755
86894
40635
57474
6711
56376
47664
68503
14645
80141
81425
94818
20391
53267
33390
24079
35922
5101
78697
93629
17910
4746
83319
47355
91798
40303
45805
71790
57263
76019
2657
83937
71899
42101
60239
14412
98498
80542
40838
33870
31732
35554
78880
43036
16958
71470
61254
22346
66569
67201
13477
97051
4303
60318
57010
30255
13020
12000
90759
90427
647
83108
35526
48847
31112
36773
97770
38784
94402
42446
66323
56075
2057
53471
97927
76216
21248
98228
56241
72172
48692
36783
68319
93309
54944
96829
73818
31732
27400
85896
32138
14714
58560
53233
873
89626
40548
3627
20100
78969
56953
81647
80796
85799
87496
97344
78675
1866
7224
8548
31581
70906
92344
29075
32237
40894
16534
91799
18306
98353
46997
63396
70256
9541
42149
20218
37146
26923
52278
85075
7480
57325
74883
54588
67639
28990
74916
68731
26430
94256
8273
49200
71260
3793
45233
98303
54325
49415
38963
20313
92235
537
53015
99474
75340
74464
63402
18273
78759
87902
46844
16130
13928
96959
19685
7199
52262
4826
78739
4057
36033
42779
61981
27440
5226
16958
33621
87288
88877
79636
43675
67838
42951
89111
37053
5761
83285
2852
41019
3058
57094
70640
72258
71584
83936
6490
67072
48169
95298
60357
52040
53093
35434
42727
33305
13796
80215
30247
4567
51736
67455
37623
24949
37561
84402
22529
4091
17148
26472
79139
4428
79729
17853
54087
97192
88907
14912
40210
88885
88602
25295
43392
12649
26366
64847
91931
53158
14757
49702
46197
13662
2352
32203
64293
57560
68671
46566
69831
37084
34496
40207
9020
20605
74376
10622
85837
93606
25632
94126
84335
75878
99135
14947
96732
32882
46745
21041
84374
90178
96372
36602
92854
92093
94761
69868
35885
58040
24628
38501
30475
88708
23007
26552
59558
14158
81103
17224
11345
29565
28816
66933
79467
78489
15326
82707
39361
15148
69298
28858
26291
54619
4607
35527
91026
66774
73197
37210
85486
87625
43663
86856
13760
27963
68789
80043
71104
14940
3921
50050
13029
85077
38487
44057
67529
67611
99048
43881
21457
36488
86818
99829
37371
34272
77422
81470
95077
25524
42422
97692
84215
59026
38926
86572
11799
86497
72950
60388
43079
86441
53977
99018
42928
72516
3509
53295
31304
37964
77353
67958
77814
79671
56151
63904
21367
63441
57722
93631
63248
25266
75731
31924
65175
69890
77729
99952
11717
72917
10453
6936
87549
73658
85910
40991
90630
77785
17214
15538
40672
75229
97291
7720
99083
79089
44504
55491
90354
95242
74086
17855
6884
42364
54816
81923
23743
33640
45623
96060
78826
21588
15064
95917
2564
92129
16391
97103
12015
21501
87554
60498
81496
62987
98433
7676
19303
27807
60900
92342
34419
41056
5385
84418
56060
67976
49317
98373
14469
45146
98999
17304
30462
18546
65632
65444
34034
6682
35070
2295
26934
55366
71321
56308
25213
49651
51044
78465
71918
44948
13124
58923
16980
931
8841
48472
34677
68518
40846
4111
65225
30454
79993
70448
23647
57014
80385
71544
15011
99916
50134
6412
54367
94547
60073
73531
87720
36156
65589
60924
3346
10323
94692
70355
84013
82178
58280
35807
57908
129
98039
38878
86592
46181
94708
94621
95517
65400
1671
27427
12447
23566
92344
61434
17698
48807
84069
16017
95471
61910
41455
13174
15080
45662
10668
15378
58373
45363
54117
2088
9393
71713
75206
84989
53598
55534
15795
16453
59153
50679
18982
15703
2325
527
26629
37744
49097
27476
82438
87552
52769
30881
33642
11534
6611
20808
18474
92206
48619
11405
62732
72137
20150
30484
12791
10863
62223
15947
65429
81246
80179
43358
37443
70111
96407
44626
22746
8874
4417
6739
49055
5197
36415
67719
77828
64642
67614
42562
50519
27192
42338
96278
96800
89094
57196
41240
83162
94739
12292
11161
40250
18881
71784
75159
34095
58136
27734
58706
70240
37220
74367
28384
47295
48511
12831
11630
58547
25471
97571
88886
29683
62829
95071
53282
52205
17621
52027
20044
89708
98952
29946
34324
77516
74581
8205
39234
28774
31020
83100
55898
80526
8746
5108
83487
88330
87008
69317
47215
54764
22923
97140
6857
14832
52424
1838
44750
49526
70335
9087
59869
75110
65398
65898
89657
96951
3043
72769
16541
90773
34929
45589
74927
56896
13054
29718
5779
57213
62122
46087
94092
26957
39275
48500
76877
33369
27097
30126
82789
25387
89135
96552
42772
92196
88237
89222
71655
6843
57051
97761
55434
5465
15989
71668
51079
93179
84604
67749
28720
64323
97784
13848
52179
16768
33328
53840
86665
28756
26216
38053
37059
8801
45321
68753
76527
71847
42562
71849
57177
5113
82134
82289
47935
76867
40685
144
53217
20719
52766
31519
66043
8548
10016
1020
29811
28262
99529
45139
83640
46691
34418
53091
49211
63241
85151
56834
35641
82140
88886
33153
36818
12037
31467
33247
16928
11307
55890
31910
1652
92185
86429
27013
9916
66140
68035
2316
19097
71570
17849
73785
24124
50858
14896
4317
91942
60838
31441
56801
30253
52315
35765
42623
83980
84754
19693
21967
32310
31494
4654
55055
31321
73439
71780
81252
93315
81337
33603
11776
62829
93143
40684
48844
95893
56906
42399
85239
70212
33295
194
29577
50717
60337
66897
37960
84580
89546
71004
86793
11776
19145
43168
25979
80779
70180
59527
45200
16206
14685
34044
69798
61549
76576
87327
77794
65231
24870
409
50446
25621
94823
29009
94250
11410
10891
47124
50518
56973
73767
1281
52891
89429
69745
48087
82563
6522
65076
86777
39861
19207
12637
52827
578
49749
84496
31732
57311
12848
43591
8060
86172
13193
22726
42315
22324
49766
64362
32857
98669
64395
34586
35281
8329
66183
34541
55926
50485
68259
80578
38981
62265
18069
46446
60977
58450
46659
76405
5832
7647
21710
1575
17594
78510
18244
34986
9924
9472
51112
27955
88752
11447
31723
97085
30219
34467
46394
38326
26994
26751
17121
22308
74618
81431
30227
72875
74414
40065
99814
54413
93013
90240
17475
76116
68720
32519
80993
54172
58587
50193
6707
83213
46564
4413
9571
21845
38880
66658
42221
5473
949
12713
75833
85232
39452
80871
29003
34345
37653
31632
95042
28034
76680
2206
82602
29838
54821
48121
65731
37346
67539
78975
63859
6122
56630
960
15308
1729
75369
16414
94666
50296
63322
62019
54296
69920
50830
10059
82026
40463
51228
22178
98819
22764
59939
41854
39796
5913
23906
85918
78346
92637
52946
26559
42975
58680
95893
46608
49070
70314
21153
90816
34534
75783
4679
17479
80323
14386
30346
2897
39186
75366
52800
23604
30369
27183
31930
24910
95569
52089
97587
74701
13976
94408
1686
83549
7815
93574
94482
74142
29874
74378
41408
99506
89880
75111
74331
91513
9122
22040
68011
87745
57291
43288
0
12060
83076
41169
98994
59165
93352
53546
11856
51634
61565
75787
11059
77416
59012
96863
9132
55633
23144
4385
78507
12462
4516
74240
14360
50139
9187
32360
83287
40575
21632
95972
86302
13711
18239
40938
50200
96859
29315
67367
91216
98178
59401
99298
53384
31845
33302
74486
93125
85638
26502
9253
61274
58342
99656
24483
73373
98076
17216
16039
99366
69019
31836
62055
62787
71965
88874
18213
78613
31404
1222
5746
59063
25133
94896
76540
72900
50821
9310
12312
43443
31472
27878
30047
33147
97301
23931
51566
12778
65680
54737
72585
63357
90168
15605
8310
3956
40531
14399
32885
55312
82679
1931
75301
29267
76762
67984
93497
11506
1142
95502
16222
7636
12811
9169
65156
10075
31659
61593
34261
16920
38499
65744
8561
94315
50459
62073
63575
1835
89239
78903
32867
15980
96475
69837
48518
46524
54802
10503
50168
87017
79458
77711
10435
83389
12924
77680
27549
6377
86795
77920
12596
21082
59180
73857
9884
54200
98053
36777
32084
1195
27875
46153
41164
7961
42375
14136
18805
97494
87532
83349
640
97980
32533
91816
71496
22481
97534
28608
90709
67979
89823
82208
61932
73302
33412
5175
85314
40279
19045
38569
50069
45093
70321
3112
38423
29139
57600
3931
41525
49617
16405
18183
54162
56527
62934
31677
74642
74220
75006
15062
41582
80565
16654
99870
82316
29373
48474
5629
26375
13938
9973
83540
96650
11356
7415
70753
56103
63950
12103
43802
65041
65667
46019
17707
81751
61318
52619
81266
82570
74105
72084
84943
40689
64926
34625
58206
49324
73376
13616
49628
35024
55913
89360
97408
31477
32944
71045
71240
2956
39017
4119
76595
66293
11969
85718
15932
1781
14824
35016
11678
9862
51523
36631
54862
534
487
12827
90499
8090
8360
92608
62124
41518
62308
1815
65330
27051
21965
65885
41731
11687
3784
31097
11859
90757
87364
13540
42342
84420
40420
95653
4886
83902
38009
30768
9337
83134
79624
99153
28818
18012
24422
83647
42090
13535
20964
84242
80911
24430
9533
94221
44974
71530
16122
74536
2707
6851
64695
90265
76962
22333
54685
83115
52203
47434
5310
27539
40191
52334
62489
65397
84804
81578
28985
11365
64424
40228
77499
96135
63576
16333
85130
50951
12174
32623
30087
61865
44171
93218
92921
93184
42088
18583
33199
79756
28545
77272
95641
3216
2041
31590
23138
26620
40611
12673
73361
8257
16274
37690
6383
97054
75026
26152
80845
56747
570
24236
7642
23139
82256
23482
67277
32580
69644
18268
45619
77329
36766
70479
5763
4709
57058
93083
33228
45348
85207
17378
97669
26636
57998
4022
72911
86880
69864
73955
61923
27078
71856
71631
98896
69447
6308
9435
30951
43553
57076
95839
27676
96011
45407
25282
55152
48440
31698
31578
82793
44525
234
1265
60898
40786
45838
6998
10849
38258
87364
54878
59252
47081
9408
15327
80303
65095
5028
70704
16018
78748
60752
83989
50583
58834
47184
12678
54831
61864
23627
41056
42326
75718
16081
21587
99026
1575
9723
88915
83280
2565
67759
13454
35623
12380
59148
9616
82823
43439
85140
69117
43853
96124
71838
33852
2131
74367
70635
49315
69110
39834
65151
83419
53041
70792
54936
5386
22320
2757
65814
4995
15033
80958
92242
44554
52983
11847
67883
23745
69864
55118
3397
76956
16681
51987
71844
12317
36870
2428
91831
61658
57490
43784
30579
14806
27845
20782
69453
19806
51542
39057
21938
20037
25734
48396
93332
64513
33505
59470
8796
88791
37823
23401
99095
92158
81515
5021
41717
49811
87656
73331
78899
2121
5896
494
42
54869
65234
80361
80606
39049
55566
48590
53742
74635
38626
42799
25912
9243
20919
95591
2353
18692
71576
59654
39752
28452
63624
31070
56568
94571
12504
23003
50251
4093
8148
69715
55758
11915
19145
19926
72325
98145
58502
69310
44744
27454
97004
3448
36601
36585
69598
25792
37242
63906
97730
67720
3506
90002
99595
39164
32824
42
89521
88355
8659
69157
65334
37939
50718
15195
2572
79910
18795
40986
70627
46372
42069
38465
68887
73377
27048
37103
72030
94127
8717
18625
6754
41187
49184
88886
30874
18227
47226
55722
20543
94637
16320
85388
3886
45199
36388
71705
14856
28079
95646
79659
23348
91428
55344
69613
28406
27618
45502
18367
84278
5642
5973
12952
45814
50284
57392
94582
67946
28342
21013
2787
87697
6928
39213
88771
21740
54831
93392
62029
29624
30026
29775
66720
16359
66724
4513
20221
31547
33927
32696
13792
74154
1785
22938
98318
94224
68997
82285
52458
16427
95752
6933
7125
79810
38707
4525
80593
24250
22906
20052
31679
13078
80727
9809
9230
3234
65232
61473
92693
68484
32726
66349
32927
12133
4919
86247
77772
16966
8514
32702
41782
30308
57452
73232
21882
53340
5125
38525
83527
48361
98196
67709
7748
96655
15795
43022
50801
37224
53276
1652
78498
33940
5698
98126
39747
92500
88946
34950
6373
84055
16941
11153
17004
11002
7821
64465
34804
48200
31010
95161
58486
45294
52356
54688
71826
75062
67120
62551
64621
38616
78122
95043
2727
19463
66118
22573
80674
8633
28872
66051
98793
34617
71307
12823
37304
2849
80426
38833
5615
10731
92820
74362
39314
75906
74906
1456
65841
89623
18841
26647
33921
39515
18449
49013
50653
48041
6047
95432
55751
43353
12558
44931
89939
6450
47017
68532
25985
66346
47222
12313
2534
66345
85234
84919
85395
53169
72364
61344
70538
43625
880
23277
10336
35751
67178
7461
65184
70337
70156
6377
41608
34687
22583
86885
45385
30343
52778
36179
85584
67825
51615
78861
39485
42780
81119
54006
15793
85212
89923
76856
95694
39561
39975
24818
40011
48355
48833
21790
20880
78917
34178
81826
97434
23380
76772
80976
13598
71924
89216
60298
66607
44299
43412
39318
84031
86618
61898
34707
26612
25874
26475
83493
80136
96392
65666
41538
29665
54621
75614
77182
72054
42485
80965
43858
29536
46841
52185
66810
36336
81063
12724
32713
17299
96424
12690
31441
75492
4355
7878
84491
4641
38238
48155
63944
16969
28517
90731
86779
38937
29059
45714
46754
28349
58939
51674
38681
73681
88793
6822
11031
48132
10970
60461
56565
27473
18333
2275
67436
41578
76819
62678
75028
6589
59732
64490
28242
56668
81462
2510
91398
49133
27632
47476
89181
53655
6828
42375
60213
94850
40759
17146
51732
73735
92455
9465
67139
43155
96268
99539
47011
95366
54890
6972
31979
41134
93734
74527
52289
37025
96958
50506
72715
3607
1772
18473
71323
98916
51873
306
23954
68655
77842
96502
90469
18454
10848
21857
42674
45117
9351
3609
54068
47076
21342
64848
17879
59019
92846
2978
91100
38351
99972
31137
91607
56335
76435
2115
8349
9967
41550
62305
96427
28848
23675
78546
18278
98808
31440
25559
19504
53633
98058
59349
64613
75407
87962
80284
1630
19774
62172
16024
18609
72670
89020
96295
27064
39590
876
46414
35962
65332
84449
17509
88759
86052
39969
74398
9762
48750
59334
52719
83902
13880
6721
35189
96386
25024
94539
37942
75954
49844
64346
82613
25228
85097
28569
93998
4874
98626
1914
12939
90895
47376
71301
42664
15653
34914
78567
36964
26483
17148
97735
38394
99614
93642
57424
1090
20991
6465
12028
73175
13115
88953
42768
29139
32067
19033
72134
98431
11535
96389
53665
56673
77711
88555
40764
3574
79378
26347
30433
17695
95006
99765
18837
1778
16685
91510
58513
83317
60921
60503
4606
78944
40559
29771
16519
5508
18645
91857
49378
24026
69839
97202
38794
30583
66724
72032
68592
30557
65489
35532
9160
11280
11903
63652
60423
74885
84303
78176
66807
53650
76379
19494
67261
45218
59258
81632
11154
95319
3354
23355
7672
86276
77651
83148
89438
95573
9284
54169
71422
36023
31810
63635
9801
18735
349
85116
75331
84034
32690
23167
10143
31717
71309
49386
49810
6497
47788
99914
46543
90862
2459
3139
56831
23362
97676
78187
30461
50182
48933
52325
20088
28523
64729
30906
57212
33738
59969
71478
10468
56662
27939
73322
41886
53325
40912
93503
87765
32620
44914
6885
20455
69105
60563
86107
92082
90969
84984
31930
4943
44266
37119
86206
74174
88606
57967
49460
858
57565
75578
90477
18453
32951
12809
51020
38767
34299
16091
54478
85759
225
61021
11317
5674
27032
75205
2386
43973
2542
90539
41441
74653
97239
88713
57515
38118
79176
29463
58475
58928
60449
50121
55128
13772
67113
52226
53413
6672
7057
21778
17875
67136
84255
24868
85340
37464
93641
59351
29459
96464
11407
18558
93851
20707
82754
48433
37282
47395
5846
40466
97774
82603
91351
16430
27719
97511
48671
29109
30283
24600
70346
68407
23036
71759
27643
32091
96273
90631
50654
55093
49875
92964
27232
60793
34723
5597
89418
97464
23210
50000
96648
46342
35315
99682
12993
34681
84546
78032
10469
99757
30026
63174
19222
98774
11830
74720
93534
1835
11795
17866
24310
85091
27113
70262
74121
65247
51469
11390
91010
84128
19920
5198
40286
1935
62143
85981
1702
17862
41615
60452
78676
19546
86451
91238
10852
87025
48708
21239
60780
49906
95204
12355
89508
80483
59575
24912
40757
55919
26692
39393
40036
62125
77340
39075
86243
56790
79725
972
95503
18018
19507
1651
42992
13496
80577
50229
27402
55711
68274
40384
51575
52858
52764
54385
30315
34494
30232
20410
92453
27075
63657
34525
62870
9842
21014
28851
29929
65087
68041
52809
17254
11077
67464
56836
9083
42034
82665
99418
8202
14969
71953
78366
41653
87801
20612
93304
7945
35279
92774
60585
12802
41966
75120
94039
7561
65912
51522
15484
4406
66080
18122
70242
53944
70642
96119
64845
43509
82789
82276
12357
84302
8484
29526
28597
30124
8343
94413
23876
42578
28061
14316
61866
8454
87666
80572
69725
47142
34656
23208
84576
92462
27009
6026
2033
81176
45323
65375
63106
86943
79298
49037
19937
62619
65850
71320
96377
68075
91207
60741
45064
82549
94816
92342
51985
33277
50142
92278
87713
99550
40958
31084
17179
25505
7133
39969
59655
55819
75796
16642
55494
41319
19437
8234
48145
34258
49235
89485
30388
83920
29940
11708
66178
19456
3397
33658
90823
15559
84524
82505
4664
49421
58084
29962
4413
6128
96340
92103
41374
81094
38558
90536
91808
58230
11247
30238
88040
80695
90660
87707
74567
72561
26045
30362
18655
62267
79422
70001
88182
10587
90520
31228
85961
45563
17409
20884
80474
52212
19805
80058
39954
61811
14999
42749
84178
94733
86188
10156
18241
82666
50157
46890
2835
47834
87556
69882
89146
63478
1336
33970
44193
6425
57929
43210
19571
20012
87073
75236
20985
36443
20172
72132
25086
76217
17040
29986
42646
45760
10565
64827
73641
33532
7697
62159
28697
79395
28812
50144
75753
76066
21582
38486
6892
8264
50915
95255
88902
52947
91578
25312
91717
29780
2897
67274
87635
66617
71694
60110
42336
31017
97864
2620
27532
77470
52485
48204
4742
80754
38625
8431
90169
34680
19427
6585
13741
66552
58238
43674
78383
74451
75362
15391
32221
6407
49671
93120
15486
33140
38684
91065
47923
21195
37868
56110
58393
8789
21947
98027
93986
20572
68186
9203
98471
61514
22434
74510
57878
35505
85819
66924
1556
32450
41934
30469
74007
7383
46331
18597
56861
99989
40804
56760
65997
66416
46793
91061
44024
27467
62361
11465
64808
15391
30133
98062
68461
11100
48696
39879
38013
68579
46901
51839
14899
67629
91154
4622
76462
98742
87383
16919
38741
49973
35102
72894
854
51976
30173
76378
80131
86778
55038
53461
19831
45572
11502
47079
65748
62303
48421
45421
2839
57775
79311
78846
50579
18977
3187
31213
76119
60217
87710
22857
3892
4107
45543
58220
36250
2652
45149
38383
67666
79859
40046
64812
90802
31427
73094
28534
22309
76666
52108
6359
41039
94621
25000
43288
15251
72970
20600
90386
93071
10132
8616
45621
86539
82472
97438
13676
94723
51359
43042
97029
9265
32812
52978
35098
7213
46806
76349
30426
32667
19446
5488
56510
86371
44674
9563
21822
22684
36654
40749
59434
11746
40380
80939
88571
98004
58759
66136
71705
11165
93778
44938
24215
98702
88263
56584
60010
3361
73801
36499
7178
69823
55653
87978
41601
51380
49250
20903
54967
40208
36025
19391
17818
37585
36070
417
89924
2236
16647
2093
75972
82131
97860
39029
15883
33530
32590
64885
37264
66315
98815
40486
69533
30394
42714
86946
88114
14675
65543
19026
67232
83493
50454
52161
53381
24308
56979
52841
36228
3958
75501
6023
36908
84044
74513
77222
13928
26475
88435
43581
50730
82816
81366
52184
35896
67671
57899
60554
79592
3759
66726
87162
23153
30323
65401
13814
35348
68256
51562
31371
84319
62551
47504
56813
30024
30069
88845
84389
69747
47378
75174
79643
69494
58980
78513
14233
61526
11628
53184
81033
28650
94846
71187
96641
40482
77185
40355
41565
47614
29385
66512
14010
53220
17901
56682
31105
94421
66025
17300
20418
9294
5881
12144
83736
54165
33943
15529
37590
83617
13510
35482
51668
81210
28026
99218
51684
16350
41742
9793
53481
80583
71801
80489
40293
11614
75889
24451
98570
43580
40570
61573
32190
66955
47315
19128
11259
54951
40439
36635
26318
33461
40170
14904
77509
59612
18822
43076
43657
83267
14263
42368
70900
1453
85742
3852
41630
60595
78735
95662
40465
37901
74742
11822
75341
9310
50773
82633
79457
51141
46820
90020
42402
73349
80419
1137
79387
66046
55284
82417
77757
79184
76739
25891
63888
63536
49366
39226
69716
95724
4152
45222
43352
77598
15407
1012
59959
67165
45858
49393
40969
91615
8330
92019
7619
2245
60665
89836
29154
18547
64856
62722
31897
64609
85135
72552
71577
45874
13431
98036
79143
61092
53429
40002
85712
58848
26981
90427
40070
90513
94652
37242
64806
1761
51586
53512
90786
72098
15964
49222
56669
47236
41135
65396
31279
53977
97170
33975
1030
93882
61953
79727
74167
92658
51583
89748
96396
25327
5757
48688
27362
50623
99408
21447
13456
27409
44600
20219
30616
24240
39326
61755
61996
52765
25016
83178
40464
70672
4287
44669
84380
39047
19527
93283
62465
43772
17128
6460
57978
31331
37149
28962
96931
11319
7974
41286
6663
66137
66642
38242
27951
17393
25665
32204
72220
94570
2735
10333
45623
81903
30135
3172
43215
87622
40199
25459
49890
11816
36622
4317
42714
77200
89388
13986
66899
8484
35259
17282
82711
70501
95468
57464
75772
78419
90437
66557
13509
67992
32122
69685
58555
67091
62519
29328
31791
67459
21201
62329
89748
27947
72720
75734
43434
99795
47387
171
53349
48502
74598
66388
68539
73806
30341
91693
24651
77618
88610
63179
60987
81084
60171
9083
35680
91202
69215
7975
81739
89611
98039
50775
57661
81837
11355
34712
7889
41691
55309
62509
10556
78363
14133
37817
54409
36458
70996
56166
76272
36318
21896
36416
25230
71017
49762
529
15477
20321
40766
86801
80218
48055
68641
97003
50208
11293
92711
94032
94779
11317
61606
17221
20418
89081
81520
54286
80404
85425
85675
83008
77656
23544
86107
97788
96261
54603
6929
98991
7083
35951
43905
13826
14843
1163
39611
4426
10058
95319
79147
62564
86557
94069
83812
86989
62427
27758
38435
23791
99415
6112
33996
14003
34787
8218
70520
67173
17935
91305
3144
95815
61353
77690
40515
38156
30159
83659
84877
50605
55511
29743
75140
29800
28751
58995
85788
36828
81262
78307
98975
95827
22219
60801
57395
27166
64311
80983
63616
28679
80387
99854
51677
52688
13127
13196
83220
77752
1192
875
80320
93798
62898
11220
33896
87773
68926
24479
57584
49525
72104
67208
25473
13139
11258
15340
92392
84649
55200
72815
2560
32757
71734
68379
78430
56729
58885
83490
3030
25004
82069
56516
62318
64414
49380
23883
23644
63789
81194
60241
77309
31706
76178
97205
69061
55021
10870
19448
30836
65801
58666
36110
43318
88945
8609
49775
83087
51066
77308
37370
79128
12072
29271
42966
60436
9929
27373
46676
69861
98707
65110
88498
73109
56746
37238
74855
97355
71372
10456
10045
10487
2006
95502
80976
94403
80245
30913
53996
57769
31540
32562
54519
73220
18432
70498
75018
12121
33859
4193
42370
97938
31910
72452
47446
54736
97827
38095
92635
98702
52839
75048
32706
960
76636
72804
6641
42256
40790
84553
39165
64547
39639
37403
89538
81910
84708
13990
12390
10049
42923
64425
17727
73470
88606
84716
75233
89696
75956
46274
14006
68853
63272
21141
17116
42211
39097
46438
80650
84341
83732
64513
93699
75526
212
46906
3109
74773
62243
70884
22149
40771
56180
17958
21680
31316
72810
35941
55669
12099
13323
5520
46835
49127
89542
39566
81603
67333
80262
51542
26333
58311
17306
24113
41535
18801
15872
44479
44471
53791
11038
70831
5268
20296
33379
41386
80113
76753
68394
94392
23454
2934
96480
83730
30322
34679
57244
47351
64594
53214
7710
74240
87982
52397
65846
58115
78733
53333
44612
51820
20853
32301
11012
37877
33676
88882
10959
4611
67168
36721
3610
24488
40297
4289
90147
81270
46588
72626
1618
81733
6950
48364
70483
11616
80535
97062
41744
12377
29339
65516
70911
13636
25853
60954
51358
11530
83190
30835
2170
29257
92588
8751
1362
66025
43768
66807
77103
15210
67770
23147
95656
71169
6803
95975
6078
52575
35676
59183
99521
82330
65409
11116
86546
79780
59630
52953
91080
77866
81894
78126
97271
2586
18207
97843
31741
76936
11472
27989
29652
25505
19583
71481
9586
24819
30957
91072
10738
34121
4710
33748
65732
40302
91067
11204
97203
93933
65781
17720
19091
61001
60651
33316
3419
69816
54851
78074
38619
1221
92282
27958
29758
64356
42367
71696
79619
39
80253
80169
58690
98604
64962
68904
59467
91665
48688
41118
3772
97772
25722
72745
27374
5194
58427
5182
50766
5476
2672
47360
66968
93481
92601
2232
60441
35707
89812
48018
15794
42018
35942
41755
43395
90882
85889
14995
51506
88365
27999
46557
61325
91761
5978
91705
72756
51774
18170
44742
84494
41041
20605
71272
31545
22556
84725
68433
4343
63170
86759
40040
73136
46030
41600
89876
88509
28792
45997
37150
7569
84907
42397
57075
39040
47820
46971
42353
53598
48459
22944
98099
2664
69817
38399
99656
3205
83431
17854
4322
84082
46517
525
80223
82184
82884
94946
17197
60776
15012
99387
58347
71271
67558
65533
24513
88256
44656
98826
67117
20318
84362
18089
4061
53756
89194
32540
17623
90362
28575
89464
24726
37354
6130
47350
16040
27365
39021
99515
95917
52154
55138
94474
50371
39064
6301
6427
87400
90435
3314
81578
73216
34462
88958
13022
35433
11816
31416
45248
61176
37352
32878
48258
33234
47090
6042
62544
45288
24345
39933
63353
84475
55501
57162
69916
99045
6835
66777
2405
42190
57888
46913
43114
46807
48915
48100
27100
45315
64371
27354
91850
56586
2533
70013
71280
90703
31022
16790
76266
93656
57658
12425
27356
174
31398
1351
42928
63145
42226
8536
39392
50628
46988
90857
46113
91353
74895
77827
89058
48536
83834
78204
83258
78096
45855
12521
71950
34037
18941
18245
79525
88692
20863
27943
63896
23080
50867
4690
34740
68593
7609
24444
57341
29172
95483
76505
43984
69064
55768
21186
31981
66699
63865
33904
58961
82614
10476
77507
38705
33781
34432
19287
78077
49790
72020
74256
40092
91081
17463
28515
74225
31267
34152
57513
31493
49286
32369
44479
35943
93516
75782
10894
54925
52275
45637
12090
15402
5962
30159
57124
19172
30588
61472
87907
53295
16539
50685
44167
43147
14429
55633
1400
22801
66837
20283
13265
31901
5176
43705
63842
99729
38433
32848
78959
52861
31656
38876
92613
29426
80490
45625
66881
20008
17006
9338
91621
71394
41572
61511
56837
30352
91389
36759
68109
57823
46131
41663
31049
41826
48703
47295
12474
70819
26451
45009
57403
15536
45705
2740
353
17605
81271
18831
67172
45346
79711
69379
38151
63219
73266
33642
42434
66980
56393
55281
86899
69450
87974
56402
76489
88920
16901
42077
42153
94764
40228
29911
91269
82066
7962
31260
23245
69274
56530
51526
11188
27588
86470
45788
71889
92498
42943
5636
89689
97584
90906
29648
57254
30631
5828
35799
73342
18019
33244
12841
19123
20232
72823
65094
85469
69393
77903
23966
74267
66467
794
33465
21324
22438
34908
22083
76343
5966
77883
18761
72166
81183
83674
78901
70799
66526
8063
55413
22114
43082
27011
86208
12460
68064
72042
87046
87557
66949
72949
74506
45286
45870
88600
3687
21906
29062
28201
82732
27470
44426
12838
74977
26945
41904
59315
71347
30460
33210
18172
50677
43616
18631
9301
30982
65555
36383
24642
86108
65187
61345
18465
65522
37406
18136
15476
48988
97886
49230
79916
41730
46825
17634
12681
5524
6793
38697
39750
92847
59884
77470
38101
24363
80517
57567
86161
87578
48315
77543
11753
30466
86842
7558
16755
71744
85367
40492
93455
55551
42314
25225
4213
32340
30084
67030
21637
14109
1574
7777
93498
80494
37296
85031
11670
32406
92971
47989
31256
48568
28324
90538
27221
37573
79608
40688
98094
66857
23207
69860
45091
6562
97324
69475
5058
60410
2709
38267
32042
35671
63125
52746
56122
21524
93478
65289
70282
23396
54007
12945
40823
47732
33956
79562
27334
50356
24563
48228
12110
25076
32210
6136
8799
93741
69165
43529
8658
54248
47568
56112
88795
51786
73046
45351
66729
17874
25295
68145
65344
41302
69626
79741
35963
77309
38751
75816
7755
73703
54324
37779
28302
25944
55852
40978
44099
41209
24922
48120
15119
28161
18750
26888
72020
19759
80536
5879
95690
40470
26966
98254
83555
22663
1325
88995
13616
84641
53301
58705
11789
70685
86406
85164
50886
88605
44575
2087
61538
51827
69412
73240
43247
39312
80203
2122
38277
86830
50400
9587
20080
52075
23427
12855
54918
94894
24066
27182
72979
99599
34084
32100
94795
39855
49749
9342
52061
41623
22834
3367
66668
20370
17831
58253
79837
80706
74281
9251
25822
64433
35130
15945
24651
29175
68234
63771
83420
74639
54639
75076
70424
56507
58350
19914
80281
63126
17529
39453
93842
49649
66499
1010
51445
45851
41058
65408
76327
15170
23394
52556
80068
60447
2882
66947
72296
2653
85487
85253
34879
95137
69377
64079
66885
72541
99680
34892
73451
87710
82687
31233
8443
54150
80985
89900
58662
819
21268
77337
28562
22528
42581
84892
94864
42147
60201
54262
41535
59737
78544
89470
84548
45509
65241
29660
6602
96756
90553
87575
53112
52113
14572
86305
46952
7515
11889
2821
14052
97949
78252
59867
93804
6618
18910
89420
87198
99789
17193
81500
80210
38847
89624
65033
91340
39097
19206
9036
43829
15140
62140
87851
96700
75642
66842
63689
81463
70076
27066
5893
44006
22043
2289
28399
52638
57639
28300
11325
22677
8914
33988
70360
85322
51895
50160
4730
72927
96445
44907
26788
51729
40168
18959
48170
15178
4773
83340
18018
78651
76482
8260
64877
40953
10513
51004
69018
26492
20432
85995
87599
95131
37652
88327
13092
49046
15630
70560
58631
7896
30030
99845
30765
4505
21110
46370
31885
17697
41365
78686
60139
91935
83705
92682
45324
90309
44195
68530
38641
71784
93097
87634
25192
21388
95473
40604
83087
52492
85295
86431
81675
84466
20112
36261
4086
78130
64372
6943
52603
75591
58521
27049
6064
59211
33124
21093
14379
22711
53180
3711
17009
42061
73700
6429
65482
43476
50250
84091
94233
5201
72069
40229
15484
15875
69972
87555
75699
95645
1127
41884
20501
59344
62517
43481
72820
64846
77919
68060
30137
77546
21151
28894
9739
53587
28031
83832
29926
37884
63637
47417
62359
73602
72999
10994
72572
25303
91297
56995
61489
7486
63784
66845
33802
45517
86039
97485
48215
59662
54715
8619
13564
22220
41142
76573
32816
47713
32113
82856
17769
4112
84980
71528
23083
54629
53350
92937
54252
17389
52129
52100
68634
84730
17985
91459
83775
10530
95526
26650
95229
49145
36461
58216
55351
58513
95851
55153
82059
91585
16773
9649
20633
90036
630
51284
58190
46787
48081
52660
52592
97435
23468
54603
30583
62184
34143
96744
48276
7826
2682
601
95310
22021
67345
61268
32289
29698
45880
67110
11006
26483
96735
32514
37887
60826
40253
39146
60810
16770
98015
28157
17000
93421
91153
12281
4808
79288
36621
51286
38359
3301
36072
94962
37199
55800
93373
46260
90221
15950
2949
733
3788
8456
5203
83684
52889
57045
35807
21262
95360
55421
76188
55175
13340
96243
60265
30672
98403
69472
43491
36409
55206
97873
59101
80811
38906
45436
14981
35737
96566
15941
66326
52047
32431
84624
75544
20434
33406
65772
2640
46186
3942
3815
67796
42697
98478
73194
51149
32810
20240
85837
25045
12422
81326
65717
40414
41190
44245
25299
1366
59687
33991
99835
73918
53012
9361
72515
98424
83168
64209
50447
26691
32862
49863
26088
51580
56443
9748
44330
67188
88316
13826
10001
32027
51823
85311
75177
97910
1139
86810
87157
64361
13115
79896
23075
29559
87502
35901
30545
28118
14340
61740
3169
24899
25645
52915
81410
55916
94930
27218
93873
2006
11106
32149
45230
48709
30320
90286
42142
11757
34792
72126
10482
50769
57234
36959
95903
71842
83163
94186
91105
8767
39278
71603
94663
81630
81553
92849
35662
81605
59264
25310
37386
5938
64231
52934
87235
12753
32746
22590
86126
87324
21341
75783
3646
43185
82197
49847
59425
35890
79968
44945
6606
88079
83471
99825
62965
28226
65560
31350
61836
44684
49359
24831
21477
82340
40519
32584
41503
65370
33408
37269
29052
636
2915
397
2334
67339
17083
99016
10771
10695
59830
22363
81817
93427
3619
47760
82741
55924
76386
5370
20927
47575
14963
86116
40101
91046
67378
23041
47103
90696
85980
44362
26449
55126
8438
98903
25923
17655
50177
25824
64323
84258
80373
87938
50156
10912
47667
16639
13142
68884
18567
38158
85304
20234
32968
86905
99358
77271
62082
18280
39268
17997
96179
64771
29366
1297
5528
79833
70444
32864
32391
26570
25544
62774
95117
16735
42663
84149
57266
49455
41480
74447
20163
27874
52444
91677
22735
74700
55627
39446
17895
84784
83457
8651
30952
92770
32055
10260
298
16528
47926
1253
58931
38154
60208
10535
61844
56697
4878
38538
35086
43802
19311
14298
49404
25533
20092
7050
71585
19812
73285
64395
33788
98507
28574
70068
47289
34234
46226
75726
57605
52939
62263
43468
49843
34948
32019
4484
81910
8891
71307
19598
61900
82850
29877
3319
35176
95772
34397
81585
51753
35338
54231
50726
51472
38100
31177
84933
77376
43330
92865
65943
17340
42433
7529
94154
90490
50410
14912
73670
22696
93522
54544
52707
7608
89013
67420
18921
37795
26931
97836
12578
8885
58275
3721
77466
53508
14995
9861
16753
92487
81963
92625
68652
61235
4969
17183
67480
98408
1805
20228
16592
34773
88610
98020
3009
7854
64908
5400
90103
27264
77348
38081
67855
60932
87968
27681
18741
4719
64846
46794
38229
69370
62619
70330
17604
33061
97671
7193
79434
19150
84715
81571
79591
91539
34866
45676
26332
6461
82019
45785
94133
28121
59238
73162
8815
13253
77617
21908
90682
94260
72893
87339
26278
98635
93208
442
843
8512
41685
3040
1908
71500
47893
86164
19482
5184
83037
32164
43003
56377
2512
15245
72945
90794
53660
37500
59687
94446
77847
95140
92832
7764
13675
15946
13209
56925
28644
2660
34396
73196
11065
49630
41756
61759
31734
54302
52553
1651
30331
22577
4484
94840
10274
79036
91005
36793
41852
6608
82875
7456
67400
31355
58017
53257
84449
75528
74902
38939
28929
13688
41190
71750
77480
80907
61672
72951
66015
49974
65156
7648
68007
70311
91288
46506
94658
85138
92019
58685
2647
44554
66171
43141
59581
37468
58094
53299
16891
55259
26393
77037
38742
82541
87546
54922
35673
46987
78867
76435
26266
45019
77910
76026
58683
70662
189
65931
76499
44692
27962
92563
53039
72219
12443
79315
67145
22046
34891
20629
57201
77560
88507
67578
7587
64194
86051
88966
2843
45396
78285
2234
47914
75628
35307
80372
22838
30905
44935
7455
22698
84623
41448
43991
97965
70840
79724
5443
20128
93187
36563
61954
61720
85654
22498
99509
69915
23426
1152
85753
76940
99318
28237
82035
242
24180
32248
39713
50009
79297
15470
48285
8412
76222
97581
69668
70533
17991
88929
90813
66488
70150
7345
95605
1920
54167
99748
41013
19211
97788
17788
81061
46372
26830
31491
68741
5144
10582
72385
75395
6616
94664
97713
13497
89059
40983
79587
94466
44929
3312
54619
61484
94690
27702
10042
93226
65414
70023
67033
69517
97313
65614
12754
3076
22305
53388
70720
25123
39909
60950
34902
658
5731
56289
14414
91687
20171
65373
34954
78039
31243
30532
7787
59455
76093
41411
36620
89810
81874
4170
25163
50775
34351
95409
94903
66678
64883
86548
33260
46733
34532
73405
66952
63347
71217
8477
59758
27645
52262
52611
10356
65776
10828
43789
92384
50748
14879
39745
83392
11743
38327
16051
86449
80465
55660
33311
67768
36075
17133
3038
15252
45334
19366
44050
35030
32054
87925
17666
36532
52490
6594
39468
61629
56808
4964
20220
35276
1211
53407
55594
7327
3616
56255
31340
40514
60899
1200
99096
55330
81711
86383
502
35603
22642
25910
33230
28624
86345
21347
12998
74795
38893
63135
98482
11602
47313
68485
61609
58549
27870
14180
63285
61121
28714
13730
73222
17894
4550
86093
23473
20583
40770
15684
53063
26422
13667
41934
82208
37637
31111
36956
81945
34497
93006
68821
30643
76790
34919
10649
6855
89083
78452
72609
32619
81906
68122
4073
47965
92637
86934
38447
33342
50345
90637
77133
21662
94334
10999
7469
57099
72569
68582
92021
36819
25934
21667
71899
9712
19623
55908
35953
52226
62678
83535
42938
50609
83851
11668
70195
85842
52422
68357
36290
4634
17682
36919
4635
63520
30358
78753
10360
113
62264
2824
22921
2279
49191
93300
97558
71735
2755
53690
64266
77073
75991
63018
6625
59713
48365
69796
69139
71306
40005
60289
7657
93960
86559
52982
26951
62779
90380
78379
92753
58968
30958
82155
45617
37705
45268
38624
5748
8512
88542
96739
17517
83363
78984
25365
13190
93481
99458
33587
74433
28056
85697
57038
14782
27736
40845
57928
72045
35348
81406
41725
35955
57456
40341
12483
74063
48504
20913
64422
13823
8695
26120
28998
57868
40923
60417
1334
54736
93524
37536
83442
67418
17365
58300
32412
49880
73572
44812
89926
67036
64954
68540
19281
43232
3544
23686
20108
37959
36328
95077
52587
41420
81415
34468
36639
69034
32248
53630
91930
92905
20922
92569
22062
3351
66415
72395
86330
47405
28706
61853
98486
1958
31027
15568
42860
93758
40807
19579
71199
26860
99011
7408
5412
42306
31266
69728
72431
25319
33717
516
31555
77745
62402
30501
36264
41203
14083
55257
45368
3080
91543
47792
20789
11659
51388
60912
62581
38834
29650
83877
87061
56007
91111
94807
32260
17587
59849
11832
89012
83992
19133
70157
67914
45321
35507
99340
5098
92638
29009
29306
20383
39896
72576
4263
81115
28509
18747
16417
7254
55593
17528
92027
93420
82233
56527
20154
45353
9749
56093
56894
74836
23378
70834
36609
64907
51581
82171
27271
99806
67541
86258
49051
34415
55360
84689
59213
18439
8459
5798
34003
95178
24826
28121
97873
52210
41423
37839
91984
67767
29669
56435
75449
91867
78659
75228
22811
3355
86873
50810
30801
63638
55025
96391
6177
36464
96223
12172
85730
19855
18929
93360
6659
25398
76072
42622
22419
55322
74420
2319
71156
34610
29359
98711
84394
94580
8267
35343
26089
75879
64381
30813
49999
98400
12978
25050
81248
55756
30110
56420
3140
60201
75273
86800
83851
61816
24961
99213
29257
13647
45548
6337
22983
23473
6501
45588
69725
68763
78035
42022
21025
33455
48796
86186
7596
87608
77869
81603
24030
73594
44149
78374
20993
13531
31058
66000
4655
6160
37167
6089
71822
71189
63637
74386
37849
37767
20250
15009
59913
47359
45029
28771
14948
47618
69352
21947
53385
14651
60677
84639
88945
16569
63102
39940
15332
96079
52446
25549
8521
22513
22611
75738
29791
77646
45177
82923
6036
25963
6763
7394
93663
71621
39305
86775
76462
89582
71955
31356
42625
9199
87602
28281
29252
53678
31652
14079
69591
1696
12339
17155
93946
66869
22956
29261
45353
91001
24143
60585
51115
45738
47979
70281
420
64465
42048
90242
10283
94588
26939
14057
55963
25113
65496
81157
25529
64738
88991
22812
31525
13229
55831
24581
32280
90315
77152
21994
55923
98804
20399
73041
80820
19974
16960
6055
99595
1207
20396
50384
52935
95948
11919
40773
61384
53308
39967
81072
64755
83836
46246
59499
72866
26926
41323
94356
97892
71608
59273
42609
16251
38994
3768
33523
72780
73524
60421
87981
25389
74048
37512
80294
54450
85956
15179
71930
38500
12296
42499
61857
41998
96312
36006
51127
95140
10629
78107
80765
55435
45393
89112
80988
46109
56338
82022
17015
86428
32904
30557
64059
29805
2
49223
50850
27829
67628
4551
77713
5407
35781
34719
12614
67890
68523
87022
23185
19916
69888
36536
43674
52100
31418
2825
78628
93708
61490
48707
59327
83933
52523
45019
13023
97132
31698
88013
63304
93117
43085
93146
33282
26083
58828
14789
78411
45795
27384
93269
60673
43695
27124
59453
46860
125
61234
48232
43134
88200
50495
73043
48602
75933
2684
98216
76477
66269
68741
40747
47680
31399
70424
15731
82013
4419
62891
31938
14465
19483
63576
18512
35991
54239
76425
97818
97758
56344
75435
28494
41956
23439
60531
62550
75518
25210
29617
41738
39932
76946
9964
7594
68357
50432
36263
98783
69314
17290
94493
4392
74178
49627
60452
85558
41746
17829
33956
57469
49303
62330
88283
52272
8512
67748
66114
34759
16366
45801
41208
84660
99694
62627
40724
8978
45394
17450
93988
61468
29917
46341
5633
37893
29942
21322
59388
1031
48127
42679
40794
89318
17488
39302
87065
53913
47413
20681
48904
28984
10661
16389
53510
29826
63570
51312
53928
26881
51048
88553
79015
32650
2199
49711
57481
56933
69647
59315
22033
46146
52947
56323
91765
37270
41540
70712
40259
77420
41204
64708
27330
38057
9651
8577
93645
183
86182
48355
95455
34272
5204
65172
13446
42722
59390
22418
90212
73765
80015
44372
26816
47803
30254
25177
90629
97267
10932
297
86175
95305
70292
26843
34654
94902
46535
18384
34856
87980
3329
74959
43362
53857
88324
50933
82684
22277
29617
36487
88068
97494
52457
85379
24330
564
1277
55036
18308
84581
38280
17791
29050
41839
56938
5946
72642
20407
92449
76602
11069
30739
71993
50032
42468
43240
84800
35142
55149
72902
97278
17227
80328
93650
38229
1284
71907
959
95774
11321
30702
31949
80319
40225
35639
10866
95087
84455
48712
40497
43858
47611
52201
8665
8433
40328
65301
99396
61000
98154
96638
45732
59423
83251
5969
55100
66773
20673
71137
75729
51859
36719
13499
55708
30091
45796
93328
68303
93583
74474
4356
76993
73243
63446
79808
80840
39134
88348
64750
78063
53682
59907
98512
69956
62844
11659
99824
99059
87385
45209
98822
16856
54363
28468
34467
59650
91747
23969
14861
44858
72404
59535
21112
80163
88417
1737
65757
71777
1451
40219
56881
6987
3069
22488
57343
55115
97674
97090
15507
79785
59442
73763
34502
69410
76839
97888
60338
39669
2781
62624
4881
39958
45943
6504
87133
60903
41329
78358
59689
65859
882
25261
97895
36512
8540
18873
91721
38364
35852
52607
93604
40978
53508
92817
10072
83592
71957
93624
39234
25922
40224
6616
32461
32149
95594
37669
59444
73185
89598
67231
40936
10697
52771
58475
85114
11318
89406
84142
21025
91883
24396
3490
45261
2109
81876
49034
26885
1930
96412
60762
3194
48318
13170
39155
22567
37916
45003
69815
23974
35469
85774
98207
94828
31924
80806
27314
913
83012
97575
73566
94469
20097
68790
64820
91460
75543
98655
64744
75752
31917
16177
56350
55971
60794
28819
29239
68101
88412
80289
73710
75158
74013
25724
81391
7050
86106
18793
81917
24083
27795
68009
9819
6134
22965
72609
64663
52018
23716
72125
66334
37198
26629
17929
95340
23755
64021
3294
14451
11393
5537
57283
41308
86954
17896
2195
40525
19220
81853
14523
29162
56369
98946
65676
67992
36074
31828
97901
36143
48152
47619
63432
27633
78427
52646
80413
59590
54259
90236
43214
94682
93001
79899
15564
53178
72039
69533
10177
42453
52695
68605
64429
53805
46607
15433
48340
48372
24748
62026
73306
88836
10301
25210
12136
22870
16271
51925
73479
15411
70140
70712
79415
63725
60546
65631
76232
31070
14710
6525
60934
20939
68053
42802
91000
41427
10758
5088
45834
32526
11918
4385
42275
74984
53269
4250
8684
79669
10142
11005
57876
9343
37699
64098
8101
80434
2386
65112
51017
1350
20077
44612
19454
84389
64126
90240
27385
67808
63823
53880
47071
52219
90283
75985
64637
21019
40291
1816
79095
33559
17925
59442
31276
32445
80787
66279
33616
77917
37783
53687
53758
90696
53166
19810
73632
58376
66983
12092
66919
20224
67622
72133
28471
65635
54488
82413
68407
59394
49258
97451
69516
54965
29785
34444
77248
96719
74237
67522
30607
28575
19719
13084
98865
89687
20837
58244
84372
35871
59561
65348
38274
6441
81292
55698
76781
43707
40605
91034
90428
98402
31722
95407
51460
52065
99783
54337
65348
60584
10297
19617
57347
31072
12851
96021
78759
11872
13211
15004
23797
92869
71386
84909
32654
97299
90694
93990
51857
66752
17498
78570
59932
99228
84088
58976
82780
76757
9165
77671
87542
73888
77122
74007
18745
46997
35912
52040
46471
21682
92520
98289
49653
14428
87595
82563
26223
1239
26292
66233
50181
57356
30674
82989
14829
35363
72018
46670
91886
3748
65472
44255
90756
86324
58225
97618
30481
20159
99279
33153
90340
85061
58645
13190
70907
50296
95038
26487
95936
6315
85084
69539
28796
51756
35420
95654
92287
41857
51614
38649
668
50459
91981
25569
57531
38866
13188
68127
17761
8712
208
49337
4683
49978
4491
42780
4157
60004
17142
88715
61225
49771
36929
94787
3958
60894
27593
17429
27552
60164
85842
90611
46830
68053
42222
24487
59118
90276
54519
50269
72781
17223
74158
80469
50878
19080
25023
2062
11159
69708
37441
76258
25641
62569
15645
71824
58993
43182
383
95196
9449
24971
59406
49095
63664
83580
97837
86902
7551
12840
10384
25789
3269
61339
80251
90503
92548
625
28277
76399
32541
6791
6322
42873
79359
63627
18068
96331
45594
39792
56024
28475
64417
6504
6183
43348
45005
54704
78597
49061
76660
34906
96364
60546
88216
24881
68913
66132
3671
12739
32502
44196
56784
89970
35022
14544
93374
74769
66902
53288
97799
4306
2547
26172
87075
7260
73790
23522
92997
80869
92201
51163
83862
70456
84620
1570
76675
4398
96190
80409
92142
3058
17392
43737
54700
85891
20658
60310
54222
23772
77834
90335
91909
44360
4725
74608
99932
91289
41623
71930
48116
4149
4256
27389
94109
90845
79530
67441
99469
56915
92646
90513
47934
11872
16984
62794
96986
54455
10458
82425
89913
91540
87013
92865
50902
185
44824
58900
3539
41228
71725
3098
67748
37360
89524
62813
32891
40244
33507
96794
29527
57266
9387
1178
77418
35380
75528
7730
48526
14266
27742
50227
94190
5590
17125
5620
87384
39512
89004
31953
63535
15227
24901
45132
17973
8105
91045
59392
34123
92841
93770
88384
95084
41832
82615
36604
17311
38
99042
81573
15823
50487
16499
2611
72825
83143
95720
92479
39548
25353
61301
80519
88283
32450
42021
72586
60327
73941
95014
2694
52368
71723
56729
4967
42929
63754
15250
41864
53707
76591
58572
49467
38462
79763
70780
32691
24534
66159
56022
7029
26813
29888
21189
35327
22609
75118
694
78428
86382
79214
70547
46784
61802
87055
53657
8306
3365
89567
64595
18004
83015
45535
94539
97818
57215
62949
98039
13339
85353
62737
3949
43497
23867
57773
66894
67652
71613
52288
26779
49796
58536
12273
23662
91205
75330
36692
50382
42202
44284
26894
26047
59236
30367
17068
72971
56841
95803
59444
44276
53680
85786
76773
90185
78634
34777
12261
54122
34142
81021
74016
7487
6873
87258
98923
48789
76634
27140
65565
68956
23252
92698
43848
92428
67792
1246
79193
68108
98640
70626
1554
34114
40106
84240
99472
73804
98532
84499
57156
83640
42958
48336
24260
63799
69338
6489
56167
87316
38679
77640
37000
61626
54081
48027
58154
72712
74263
4235
13869
34372
35716
35297
33512
18801
37011
70132
9686
79651
55704
28525
41627
7946
19035
99952
40929
41286
69878
23983
27947
19160
81935
45344
78995
31988
15602
7160
99368
65632
24636
66663
36175
95310
87226
94290
61681
43729
29455
39765
29353
77072
81124
14749
13636
22396
53465
29768
99191
18751
51405
27329
95510
75846
88979
74935
48143
62098
72994
84339
75174
63903
41552
20694
54056
71983
6218
54542
49126
99724
5658
54943
50812
89844
53894
95013
6478
23487
34979
28922
86713
76474
64226
67323
35847
74544
15531
19169
29138
61984
29172
2630
45513
27084
23427
10614
21525
54523
87390
40355
43194
83824
68511
57341
33523
41422
22437
98964
73096
937
2496
4927
37683
71260
81836
78664
88869
90777
35589
1008
63494
76178
59768
25586
57588
5370
47271
55996
61817
20341
59101
67991
73303
12684
31907
41201
21474
97905
38416
32934
47470
89971
22683
79959
19436
41602
4551
4108
91617
45150
80392
74623
51402
19132
24380
79172
16031
78304
30013
82068
20423
5139
81644
43772
91238
67166
15353
56270
44799
33003
6108
80047
83909
22682
61875
58253
70623
84412
89203
86394
14984
84568
23077
86067
67152
22032
58642
93800
79862
46232
3256
17605
96519
90760
33477
76037
83799
51474
31036
33424
77840
4312
1670
97648
30053
48344
20159
50093
55811
81616
47337
83322
78808
96953
65629
36755
420
69990
82867
96099
2915
33233
35233
27635
24245
13065
57315
72250
67989
65506
10205
49342
27195
43743
27325
46859
96226
88369
76095
60456
66856
54608
65742
8414
50062
33784
79560
9174
26071
87830
1365
54897
89692
47223
69208
23279
54261
71990
50553
95446
74893
37889
31027
98692
78086
29385
28272
60366
50373
39888
63559
21072
10719
62888
72139
86615
25202
75498
54938
53773
43177
75247
71202
70014
81132
28301
46462
37869
96737
90002
99596
33853
52380
45300
7509
77005
30900
82548
18151
58111
48140
93136
17388
69337
41463
80602
76918
5172
25260
86060
24967
13789
27251
75743
51105
69398
87889
88863
34311
1521
65786
65737
61088
53738
75179
68331
68128
14175
41134
34629
65711
49606
52057
98434
79423
3781
18677
57604
44190
86072
96652
33784
13809
79801
23249
59349
63189
69178
5042
17912
43830
75225
42664
32006
20492
95823
29975
77580
31040
32253
35106
15245
57091
21186
75638
9419
52509
73178
1247
7188
43405
77038
60339
71693
86059
53840
65221
27994
33133
47473
97940
39536
6226
47208
14274
61052
96213
36133
91037
87115
7648
44063
50021
89972
56864
78533
48838
40178
4946
50821
66514
28855
70979
87921
15746
48893
17749
490
78606
18471
63920
98478
30722
9674
50467
70287
24107
121
76507
91902
51004
17764
29099
94460
37273
55437
29476
47867
41475
52229
45362
785
49585
50170
34688
56309
78393
59446
96433
50548
23809
28428
64948
90851
39922
45770
45842
12385
93733
60426
43382
66853
553
35522
17867
56103
19048
14648
29985
78770
67385
93320
25191
82537
7382
39856
49465
19452
35801
61066
75872
12470
69749
43553
45824
23445
73088
33025
60767
77119
42404
84966
67489
24021
18908
57347
9197
75816
14632
39131
47932
97599
28138
49208
72090
72962
48642
26706
56021
27657
88056
12602
79511
82867
36604
20254
57593
41638
93850
12081
90272
7817
59891
7198
37174
78816
97406
31134
40487
23305
47677
83597
56249
45998
20650
13061
37503
46749
51854
57600
29778
96863
13865
31804
78298
15545
69514
46386
45582
69851
37264
4854
44743
44161
88803
25894
69847
43170
44588
87467
70364
35747
9895
23567
35906
91456
74554
20743
71101
87591
12779
60623
23679
7766
59327
80617
62052
84137
84701
26121
95108
1311
76108
99026
51784
31298
14988
68681
14667
37131
30676
58294
9572
17068
55114
26559
70652
17472
18679
2167
29841
63152
53825
49855
84403
5936
24909
29273
12217
26197
83419
97661
97027
76364
97335
20913
76040
44233
94483
41665
48547
84290
41051
64015
86389
41408
2400
22782
85237
47394
39410
96062
80829
73236
96888
21367
85874
88734
48367
45405
57460
73245
91659
99498
46162
50122
22647
72307
72600
9095
3801
72522
84164
62782
86329
42893
3743
87523
98494
48196
66078
74380
76316
96210
89377
47382
24816
79130
24266
58553
81875
18364
95689
45908
54366
71228
83477
31814
16661
418
46772
82025
90432
63895
23693
18994
45052
67189
67130
89045
45692
68497
13180
12341
30690
23891
33597
60742
18241
11710
78713
92499
25722
79564
2402
13010
51996
3814
21749
69862
4735
614
57780
41673
37139
62611
73546
13313
64709
69981
90094
55657
30196
90317
44500
83616
71984
3703
89021
97958
15430
65172
26756
58814
13315
54563
46748
52988
67055
62070
81288
65071
32542
77455
57556
38176
15679
9734
60993
92699
21654
79367
64004
42804
25640
72067
66398
90986
48199
9805
23009
27982
456
99647
33023
27874
72460
35182
12381
24507
15292
48886
69185
31654
12356
65390
17735
71271
55450
75228
6752
28312
82261
95333
57126
19393
58581
61752
92312
79726
8151
29176
99072
32207
14453
37437
26129
33121
84029
83143
88961
97229
27715
25114
57533
39297
85645
91651
75656
95738
91087
72093
34234
93319
26831
10497
59882
74692
35150
54437
19815
9074
51078
50653
74788
28257
47542
5982
44919
72179
73076
41620
58875
67765
29665
50446
34454
33960
95312
38812
96417
1839
4729
65250
28521
59939
67771
7905
52372
78593
35747
37476
84671
63060
27170
19324
16542
72078
47177
39641
814
46036
42370
33136
97199
60139
90863
77483
63762
88386
62824
97988
2338
706
6256
3670
13393
97255
5148
57335
2817
75323
81399
25796
54971
70851
33868
56356
23716
52065
4695
1392
23694
93456
76555
75474
13981
35215
52780
34953
13469
14520
98791
41341
18360
47426
32013
18305
41414
41486
93543
95073
29705
86088
17218
55450
51259
16859
27405
45485
97606
10012
60997
79171
1840
32516
56739
33405
65108
79310
39992
81287
23718
4012
61705
89405
64955
45021
3635
72111
49457
43159
82044
35353
97085
60032
43133
61837
29833
52872
19755
16719
45739
95921
70275
15217
20650
50790
20364
1748
49883
43709
99558
2967
89582
99028
79912
37560
47580
70585
64557
17570
58106
23743
24155
70605
88977
66321
44258
29003
53588
20665
583
84080
14523
92068
82720
14913
43031
83248
50592
58560
72617
93493
16668
63640
99203
64457
92903
40187
12911
21706
69328
61330
2580
26061
63163
93587
89282
14736
58936
50735
99140
52929
13299
76678
93941
13689
91042
73610
56067
12495
57327
25026
91892
22212
53330
1251
87598
98267
74583
72988
98220
74530
45663
74918
32624
75857
6660
37240
88330
6978
53900
65712
24917
5079
67409
95694
36382
37322
66341
683
94925
7
21647
60152
26595
13257
15291
46697
80051
71523
53896
44904
9499
85029
41929
52151
61570
16695
58237
70289
32420
65622
93994
1832
37555
47535
15568
16391
71549
7129
58833
85951
27159
94413
85450
92300
99094
14669
34432
90945
81552
79928
8499
8107
27518
21665
3098
74462
91037
9272
76766
59474
71309
9650
85366
63391
70991
68087
58641
46832
13202
70528
58609
15106
63847
28810
57215
94296
89451
18835
10985
64941
3337
25439
71839
16968
81690
29492
90530
54138
92951
38891
62946
94598
54590
97456
14231
91664
66408
56980
10099
35893
84522
90421
19320
94066
1820
99894
18075
15006
67969
24041
60136
29066
94518
19122
67141
82761
257
82109
6157
61100
55646
73649
84320
88047
65464
60099
97223
50046
15106
73616
18097
85190
24370
49290
64423
40730
72896
7835
82547
61001
52898
10479
58802
99520
16442
11069
31811
47307
35876
26669
23228
99904
40151
55285
24746
16977
4738
77206
74750
17180
21716
65956
23226
92370
72079
39011
59229
71073
56935
87121
82282
64864
1161
76039
31373
37308
33856
42126
56565
82037
65914
57374
61829
12719
15164
92484
70935
95244
51324
64739
15674
79980
934
64253
50923
82731
68079
59325
13170
57681
61898
75955
45571
29665
30027
66382
80842
60259
85215
61473
53539
86718
98397
44770
68130
78002
57639
76487
86591
17301
1791
3690
34120
59459
66967
42613
68256
27858
43942
87735
92106
22928
48281
9726
22645
82692
53144
75213
45633
24030
72726
20543
82623
46433
359
89739
48346
27917
57288
69463
61524
31977
88515
86960
20513
85602
51546
99714
71200
49562
45967
54750
93016
94006
44323
37659
36783
37856
77556
24023
49301
38287
76007
61334
67450
74150
67025
87475
12507
62612
78094
45199
92233
80060
13032
1401
95402
26448
8101
65641
10024
35563
91619
19743
38058
16031
23716
32074
96602
40102
33169
37634
82496
64193
28382
1785
68409
17461
99706
36668
4434
53595
32509
84
54055
96859
29814
95198
28301
56778
49948
54092
78021
41243
17718
12775
57712
76130
80079
35943
83514
88281
72276
78503
21988
53729
26410
17756
10330
99949
74985
86215
97640
59449
31713
89873
78044
20147
96934
84325
14046
85608
81114
76415
31675
8754
71933
89780
25232
43240
74626
58129
92401
46861
55658
84406
86080
51049
84371
27801
25406
4959
29071
99803
29342
15197
24737
72632
18819
10500
87176
4178
74681
10835
4650
25623
26367
70678
71647
44362
37935
66810
96128
37215
52079
91285
69221
50535
91679
13959
77313
70796
33353
81387
5948
33973
82902
8648
25148
20950
42021
91865
25315
27600
62259
85227
25471
54860
58404
68196
36480
88959
12245
27032
58779
25010
69924
81912
78746
80706
70325
32323
90088
56053
69678
49362
90752
86186
3489
98504
96273
76655
70889
44155
10533
83337
67956
6126
22032
62600
54573
35383
74090
63540
98056
33743
73116
86703
3501
2079
75719
87069
4423
68263
28538
61649
82808
98713
14509
70765
4370
15076
75515
8472
84600
95585
58862
24065
45771
97062
60813
65156
28829
76125
50294
16323
47268
73392
99530
71633
22673
80459
79117
77853
32529
80041
94267
78419
98934
90271
87568
76531
6546
2096
8247
22576
40003
48711
37593
87421
63320
38950
26860
96259
23276
71189
88560
17300
52472
14990
44051
93310
37350
58700
15340
68445
11467
24727
59475
96714
73704
24915
97387
92844
25348
46557
37084
12110
58142
22475
5239
14256
21758
70011
14109
60564
42962
42326
56922
52971
27955
98995
42904
50023
74978
67769
36260
51454
3492
17609
37718
43612
55333
60339
72499
97554
75174
28537
23735
73606
16579
61030
2834
55255
65365
90217
99921
33640
6309
20063
10120
91853
42212
53494
52863
85969
9123
57930
67481
50077
15830
52646
25816
38723
21352
42079
97148
494
4154
54961
60952
86494
99002
96358
15123
65058
41483
97134
86084
26037
6870
82416
65693
86347
46238
97894
62157
81315
39319
77223
19493
42198
45747
68198
57790
56958
15117
57736
49530
93671
21237
76816
36199
30454
91535
89347
69998
81978
95957
13495
36343
57087
83697
67454
59563
67075
9375
94897
63587
11564
9325
18409
42304
55598
30718
7141
63780
92459
28216
69751
10219
88720
21716
88669
87146
95852
24282
9175
59898
24707
18296
68018
60605
73032
58405
37155
69916
88105
9125
84041
52423
42121
19615
58550
25407
7120
92642
16986
38513
81724
90923
98190
60604
12032
43912
6043
68338
37975
43238
430
3930
96632
13016
5194
95991
40044
22592
44126
30960
25563
70111
93264
51642
31993
17879
59976
78427
78924
72961
45697
80427
80125
79838
1671
21903
64053
59704
91997
89277
67252
29201
20512
55971
3572
54476
94272
73022
25263
79936
3509
31682
12519
18407
68908
30905
36296
14556
42186
55162
79625
45996
66775
34548
37492
10479
43660
69763
17697
5283
6442
71544
79540
22527
79265
60793
16258
96621
37118
56443
53427
65591
50021
12782
78687
38662
5586
28333
54581
90209
45538
32065
42589
83520
58475
43300
93510
94917
40102
85512
95288
1125
13503
89655
23772
3892
4034
91393
66802
81936
60406
91822
13727
25863
51433
37475
93432
2736
90469
12140
61133
53020
96912
76530
8519
85649
98644
56122
75941
30726
35838
56892
70093
64281
58918
36675
14762
34076
26894
77493
14733
17880
72051
48228
16056
39769
3208
80796
44764
81013
11036
39815
22639
57444
5869
62642
72646
77407
6005
14353
70713
56963
83420
10193
85446
35337
66116
324
26428
87691
1774
96740
16681
16392
35221
72104
29867
27076
67869
98815
52602
84069
75208
40147
99859
5527
39242
73671
64098
89457
6526
71783
23507
51667
7163
91474
68568
70160
70570
996
10280
74023
75566
31726
54490
88784
5964
34367
92545
73729
53436
29128
62136
66849
11038
3215
99444
79111
16617
90685
57843
98276
668
3572
26430
43383
88336
91706
90517
36299
31522
8427
91321
74752
14207
78863
23562
38641
1571
42924
57550
59627
74655
11196
36252
85039
16279
94323
68880
34189
13983
14525
97507
79512
45081
72609
83039
49536
29748
80287
20636
56289
85061
27418
22119
97128
41447
88424
37937
33430
65769
1457
37559
80023
93900
81262
57416
61024
1837
93166
45485
82813
16659
88303
86108
15108
66885
33083
10214
76252
26947
8938
94118
37968
49899
44866
7065
771
63036
2330
60576
68040
14146
85228
82011
88170
82201
86353
50935
64888
24156
86907
18906
92524
93245
72786
47933
35240
72096
49409
3614
57812
39634
25369
5878
36171
15811
32179
30501
530
73391
25656
618
61352
73
4506
9974
43581
2570
28687
41349
75179
46027
68551
79611
10659
75599
45266
46015
17847
57270
22776
74430
16038
60789
78630
33915
18387
72963
36490
81180
59417
97834
72111
32677
3408
76237
66154
28679
63349
15464
60435
64909
32461
74891
75300
85110
95600
89878
65548
71524
24173
57386
56459
46585
81318
63723
55312
42673
15899
2912
68637
28727
29220
95420
63144
21081
85616
42268
37815
49139
66978
12816
26719
1435
5470
91184
97711
84201
91336
81333
93417
86951
20747
43177
12124
90426
34228
84142
18422
19587
13154
8476
87573
74904
14694
40919
7435
10960
6140
14033
97651
95632
14425
30186
32356
34898
16713
35304
1831
30512
78567
51498
34728
53455
95941
37283
5255
49629
39352
61849
10644
58947
80009
70741
99539
90948
22558
83789
90519
42333
46308
32857
68696
33814
49749
63404
81803
50663
13993
59857
3421
29391
82626
7437
26005
4757
722
27522
26111
86015
14541
45544
68219
4985
81816
63730
73552
51831
56363
13398
5093
31906
90925
80644
52911
42519
97161
67369
68496
95590
58307
64734
17436
97644
75708
13008
15364
50033
11236
90616
63944
59641
40358
7764
40717
19417
73950
35019
73293
96077
15389
41355
20457
86365
57004
84521
28885
52431
50406
41231
61699
10312
34471
87734
52803
32169
37433
48987
38609
25951
96028
44300
1602
24186
6767
39736
21973
42515
70297
1646
52765
37085
78226
25269
41603
14961
58915
10160
75287
71821
6960
81573
32620
30691
96833
31111
8709
46593
17734
49023
72162
34633
83267
75210
61037
72457
91343
41216
95460
26134
60989
11920
43028
51549
80181
66783
69240
13350
34131
3483
82318
34904
5865
35268
96629
38955
63559
56426
29364
519
71135
94305
42198
57787
22596
9915
16924
63076
40934
55756
16527
58313
4955
16330
82642
45875
96545
47841
87546
34979
2621
5892
26633
71757
473
54603
37327
71387
57717
58416
34991
83492
75560
45347
76913
96757
51950
98866
92392
30370
98805
53923
57421
65101
6221
93762
48194
20429
89876
37769
84730
95972
51846
75486
36992
78567
97407
55953
16995
82746
96071
67850
25248
68731
11448
51214
20431
56145
36340
7250
75813
48421
88474
71202
8614
33828
10493
62085
98287
63421
6999
90334
81799
18813
45401
94059
21578
87565
13470
34268
39295
61885
39265
61385
53376
69152
16406
95154
93839
1314
76101
86240
81205
28588
6040
62026
46849
26665
18359
67632
75304
77310
23702
59300
45000
80210
99664
45594
52450
92870
29853
99701
70141
24410
86541
98323
94497
29990
24920
82283
62706
7667
22487
60795
4425
22245
31778
55012
71428
99949
95011
7196
491
34187
86350
98401
3531
10810
13589
9250
99477
65022
23829
48128
42560
18455
34116
33878
61393
85804
91374
90768
36929
11546
63954
38942
9009
39092
71681
82661
54125
42683
73181
12612
91832
7017
3905
99814
46218
52939
61821
88110
66087
63520
82425
52703
92578
87033
21790
71615
24796
64664
26432
13605
10507
78684
44797
25706
56195
15837
92305
603
88015
34246
48685
33942
73210
37947
3907
52358
84482
90693
48280
50147
88630
60535
32597
23054
77279
98710
65548
94375
8858
43106
82163
80764
23848
62183
44829
86989
13100
59205
48382
70976
41575
75444
4128
81515
84812
99343
42000
79112
19067
30122
46439
31804
12044
87870
81281
46439
55062
37655
90937
97802
13326
36803
84467
45416
80434
43281
585
94478
19225
40611
87413
26605
78949
5677
58961
37809
71209
79906
26999
51516
17420
10553
23633
10739
42709
92863
79121
53024
36121
46673
31063
41372
56567
56704
97687
64632
30487
75412
95680
43093
10194
4109
99730
6130
88056
40652
54165
93168
26873
91671
1571
49151
89777
23573
29950
41450
51316
11897
41344
25707
30558
50547
38221
16921
15365
2700
14785
82286
41775
49719
58896
556
49632
6182
52314
40037
87357
37423
13720
56333
18959
94341
35904
50160
56163
29481
12159
5707
72581
54400
42606
40777
94634
82697
40424
52017
49440
36388
43365
39537
35768
49037
5305
21087
36925
38234
84263
93733
25295
88655
11795
25664
15338
65855
63414
14515
10901
81601
56805
68972
3817
69496
24375
66225
1524
46282
69041
52220
41873
31067
2755
4125
13310
21362
47762
26910
84473
6633
39052
28790
12198
18788
83615
88046
13778
56370
36127
90686
71661
3126
76253
86797
75691
65782
92519
31859
81288
60123
52498
68537
2863
90041
22781
66295
21804
32183
19954
1169
3813
99823
55952
29160
55098
43308
56133
40598
97720
70995
67953
23788
65435
69546
29233
96894
78457
87848
68995
71763
77469
46295
97252
21539
56122
45300
28157
46943
94698
46641
2697
88728
300
19071
1609
8081
7208
30188
36711
35510
69632
57035
58500
36801
11076
37181
27508
83442
8215
55363
62513
38308
76375
36000
139
92755
26806
82567
92800
43413
28861
652
87592
83197
91184
8893
49100
99106
13677
33140
11529
11535
81158
585
60671
57977
97428
45306
5905
90505
28093
63173
54516
25981
9024
995
71713
44275
36286
45172
46157
57734
36219
32181
89877
57865
59918
94900
71390
73664
36973
81557
54612
35346
33098
12665
86534
76359
89063
18818
5789
76128
6201
29029
12398
33798
78702
5076
99444
97577
59449
74717
78581
65775
69843
87246
61758
52336
18353
67788
28516
67639
10247
81470
99426
57115
57843
89282
65080
16148
34659
89702
3352
89122
83969
41888
99803
86817
36677
76251
44848
79671
31601
30916
12517
81904
27685
71358
16846
81452
16507
5553
46511
3526
81811
52455
42295
86705
78945
39905
82581
39974
84443
94774
76488
16374
60281
45864
14887
70411
89139
81389
79386
72019
78378
19586
18672
96912
93017
55004
29052
99514
99549
10782
68732
76332
84319
48482
57127
52742
81548
35581
92959
88348
99020
68565
8157
22635
99317
13433
10273
70509
51558
96799
76116
49162
36472
89359
18498
55953
67979
52375
64186
69511
9222
87336
34329
75679
53989
87928
90453
56067
19689
68805
49559
69737
99257
37140
33819
89909
65034
98725
30185
98254
20634
96610
40684
53995
11233
67929
6865
21364
47649
99214
96189
41519
85497
20059
15829
31180
28552
98724
23376
91784
67483
88486
78138
47930
16200
503
51285
7004
94974
36347
80373
28637
53329
65912
75329
85896
39089
65262
92033
11456
72296
87233
89426
13249
76099
35355
72292
52916
58967
23586
26772
94248
76500
47793
1112
77056
3809
47270
73090
93548
19004
31430
45969
62419
41470
79563
19121
31302
12782
20541
48563
73500
10278
98604
40542
64018
7905
76478
70498
78307
64489
61043
52319
52033
5601
23771
75843
90939
97933
16739
15038
94313
99644
64932
28934
45145
66914
59631
40455
34756
71874
49536
19583
76458
98241
47903
32933
65966
50296
8166
76076
57726
55265
9939
63211
29317
91551
57704
36652
25182
21472
66358
83191
19073
8757
83933
19269
44238
63616
62539
97247
84502
55457
72663
65379
10630
49835
9820
47682
37787
54099
36533
92470
40511
89370
95311
36844
42036
98403
50110
52715
81542
85375
28094
19786
40273
41602
22962
2107
55315
46660
85757
13953
76004
44283
47012
25641
88469
5203
73574
18802
62669
35838
78767
23474
12770
12287
77406
26948
47089
88769
57683
11712
4556
42973
61094
46931
84600
11788
28109
16331
98343
77842
83482
22081
5798
76062
89593
60297
70717
48879
74856
52839
45022
56696
98022
59334
96487
90091
57448
59917
1680
96558
85169
17565
13330
48268
42304
94658
88090
72990
29072
52981
31646
94485
48372
14868
67370
88845
14074
48808
50618
76457
34605
32799
88650
70809
25209
20010
73354
26342
9861
12708
42050
74365
88777
276
15107
22667
27881
46173
85517
94404
24248
92437
67441
77573
78987
25707
63864
56984
93944
29622
63682
38160
56609
97640
82556
94650
71026
87829
73249
71490
95677
98757
5680
26398
38099
68997
50467
78679
46886
33136
34479
57525
177
34167
76467
56460
57288
1968
69844
58838
75616
84088
11947
95679
71315
27980
20111
89420
35523
2564
92347
59903
70696
97564
31427
9464
38732
11112
51815
1116
62703
15598
7933
3169
30472
55443
97166
49334
22417
54129
88517
80715
79183
95497
76679
48048
54408
63187
93561
4676
82105
65409
52069
96115
80107
81138
18243
40868
97321
92747
10247
37128
91938
54978
58913
53401
1108
95851
5938
32622
54237
91041
99423
27849
32020
68727
95460
65903
14684
42459
33043
13055
74591
54430
74683
41471
1531
59849
11739
30098
56017
24945
44448
58173
47884
88157
63170
58933
40385
63530
43743
56296
52340
53791
24213
25718
47860
55933
2470
89497
83557
11654
97760
81029
10739
80147
22643
73703
26638
69676
69426
7621
8800
5598
11890
49849
72585
82956
56957
59466
93807
81797
61844
10119
43777
78537
41791
13749
30534
99863
19527
99723
57775
89055
57952
47706
18301
2786
47503
74576
5299
12794
95781
73680
94550
43891
27011
78200
12845
71173
67622
6124
40788
26805
16940
98472
16279
5793
13471
79080
26878
5877
1876
24564
50037
23368
74695
8775
95355
16466
32645
89980
15587
42962
69419
71967
22515
18392
8966
71112
80881
71658
93611
9815
84116
29847
77942
45657
7262
71798
78518
24236
9821
82233
98499
19224
55229
22421
15149
30719
8419
55582
5753
92512
22705
17198
61037
18112
56691
7392
65436
28818
9488
68204
22712
85752
77653
7232
14695
38014
74028
16291
84344
65994
28371
23230
78708
45703
95326
89065
21830
74248
38908
90617
48866
74283
15580
82759
64079
25365
29855
4646
82597
89343
96018
13767
39096
15553
21883
16219
58434
85691
43889
17897
28743
42314
86939
30074
90196
61877
29826
21461
57686
5706
93925
55591
60180
42544
36913
95606
90590
25804
86371
77830
58066
51128
18241
77998
63718
84658
60183
8677
58261
76312
76966
85816
19439
14071
25034
66261
89732
35668
34537
53841
77448
99319
47715
80418
43677
32796
98500
33360
95124
57321
59366
60346
24941
79990
33
21998
97533
93506
53504
5788
63473
50953
98041
13363
56516
62024
11799
75916
32526
39142
92167
57655
51854
91500
64535
96195
56194
29390
94883
44488
65324
93587
59132
18259
31580
98497
39888
98506
79619
36299
42466
51652
66252
74272
75017
63061
89141
60901
18810
4965
58132
20198
37795
74272
65962
68023
70152
45076
75632
34606
88190
75622
52185
23072
69961
2672
48398
98056
45144
87791
23229
14901
54271
13657
5536
60349
99721
29446
48177
67354
66321
35722
67723
24694
90360
51127
67022
94377
5931
98954
72872
88043
35997
36106
82900
83813
85451
17384
40481
3784
91398
26667
92669
30090
65521
96491
80313
4092
96876
78685
65835
15535
89929
32672
33343
63346
65256
69110
19950
46056
70126
91529
90244
86595
48189
73083
99868
47868
62861
78584
78001
61490
57968
83494
48674
615
61316
64183
3079
94182
97726
50840
17935
30914
42323
64244
10422
1242
12413
22850
80920
7696
9977
94140
93570
84839
55756
98514
14880
30916
67154
38821
28166
72526
2083
70555
29631
99851
47200
60305
49951
95445
22988
90220
77826
78863
77401
49994
41844
1711
6092
1687
36006
65279
36294
57938
33102
7750
71946
85996
8373
68191
82676
95634
44278
11040
98859
80129
61391
66480
13110
3109
40016
72307
93125
15614
68957
63125
55910
43877
11586
53895
66547
58891
67803
35432
99321
10978
72097
95239
362
45990
37615
9055
82838
60738
32197
55025
61160
91747
45869
40830
62162
53425
35652
23549
12722
90572
83763
80772
90594
95825
61955
88773
52357
95434
79216
95450
93523
44505
63943
89181
61990
48797
89127
61224
836
25704
94917
49368
78438
31758
80775
9675
20187
46822
78940
53997
51882
8147
81130
68298
11726
67669
81211
53605
40065
68035
98193
96455
85238
21704
58311
21503
15928
60488
7113
90904
7647
59409
84013
42271
42119
38775
55318
3063
83099
33690
54731
79548
94465
39483
26667
70359
29646
78452
47666
57962
70568
97210
77490
731
62867
22196
58798
71194
61631
52884
49689
81578
18720
89424
6831
76284
1647
94007
1136
5794
98018
19268
47597
58652
66428
13089
88399
74555
8398
28241
70961
68964
11753
48083
26028
45698
90239
58102
86892
85470
58413
50790
44789
91762
97876
77419
4853
87318
89555
28365
31834
24260
46438
52819
60477
11119
41523
26938
51256
68637
62707
77530
1176
67307
329
22472
59317
64797
70061
71032
81208
82453
78645
91121
14414
24725
69152
31498
1893
97977
39410
50671
52635
11966
27449
84012
60883
30241
85101
41645
11717
10514
10965
98001
66500
92911
61357
86699
50354
23750
43766
19269
16269
85595
80216
71052
73584
34145
17368
43690
16364
13331
46753
49276
96776
94440
64770
39462
24527
35014
54400
26727
36671
73021
69145
73792
474
61919
80311
73268
94645
7643
53908
99872
25775
84599
47215
206
61599
20154
70065
68503
602
91154
19854
2548
22760
28047
29520
86036
11285
98671
40720
61461
69099
53764
46998
61647
70452
4610
86504
22973
70826
26789
93040
97946
43787
57408
42160
86565
80591
61817
75062
8415
65797
19606
16553
29962
49099
39261
9844
22653
76105
22760
48227
19029
84253
84359
75345
68521
58030
70873
82579
34782
99890
21872
57864
85550
79951
40694
63104
66455
53931
34831
93410
30903
1110
86360
35576
29203
27155
98765
29005
1851
86426
65385
55335
9726
75670
24541
52299
27786
51094
98321
16465
34027
94441
96617
38474
21399
52365
98500
23696
82822
84864
65900
19883
10663
1202
64560
67470
9546
66863
43894
85539
37629
8993
5884
12410
75000
28155
18368
13844
69289
26841
85902
22871
68978
97156
17829
96642
32064
98076
86692
63002
15660
17661
71175
87061
34787
46778
6885
51145
93769
5263
73996
58008
19289
67258
61372
81560
1371
25924
18534
66093
27208
6204
36379
23009
39512
33448
91199
3565
23480
71244
83504
59031
35159
49862
75449
48443
85759
96996
92928
88715
43240
63880
93899
65175
54241
56091
24737
75081
52231
18940
85646
55210
71191
52860
4927
44541
2073
3107
67697
27124
68122
48085
16956
4
66250
45356
51588
21782
63993
89363
49330
92398
47133
22986
89147
81473
88892
70463
42441
72103
27412
19575
24383
24270
82817
55746
97040
17180
12459
93978
84390
28743
5643
87860
9483
79996
94472
97873
68067
8983
97608
16082
28029
29063
62264
37958
73354
28229
70943
11343
44024
56336
75469
49677
97251
18936
49588
25508
42928
49258
85127
48220
88184
7007
73880
67658
41216
29083
49201
87004
86691
77325
74672
13180
17556
89881
84490
90658
26361
3560
79743
40903
20890
5541
25237
3135
96902
62425
20502
6749
34135
64970
96284
91841
7525
16638
26281
30156
5448
79618
68618
88812
61986
96995
89524
18464
27159
25541
94426
52809
10410
45433
96288
37414
50427
5285
84336
58828
17054
40384
97863
22014
50075
85266
56745
12002
83777
17132
61370
53827
37869
12519
74315
42089
46180
86138
84709
11798
72244
27262
75807
60694
79822
43377
76574
44667
86751
89280
65561
9964
40703
99446
56050
811
49497
29180
63504
62123
15185
86715
15199
67716
83464
20670
29228
31903
95929
43510
15257
96441
44367
87773
32551
99415
55030
18926
16623
87110
31381
32421
36939
43664
16759
62594
57539
50201
93444
48752
27009
93887
90640
7418
94146
39602
34889
27375
57168
98316
44257
17793
54217
97292
70206
44356
32820
60023
62770
96343
61309
29336
89751
55051
96015
40154
50527
80042
35398
27628
17563
67231
88453
28062
32536
60899
10503
51061
63396
58652
5733
20674
83560
86364
47183
96413
34496
99617
58223
20926
2708
12572
51575
18608
28902
52932
96961
70588
65764
56566
87751
59083
7654
10382
58512
81431
74801
25145
27924
50699
25675
46606
98732
92889
83325
47869
68941
79086
88162
15665
56207
27113
58831
45947
45479
20615
3202
96493
24184
19009
22500
64774
75943
17940
74579
57736
41494
91210
78948
17482
80886
44882
51089
62582
7307
1804
90362
56077
91852
70715
46019
24281
76522
58240
34869
83761
11071
3850
23142
44520
65746
82271
25660
88598
73038
79197
56362
69180
49381
79304
2016
53767
59394
84754
53409
85882
80998
97410
64039
97404
72197
54550
88883
22209
46791
98920
20548
95509
80307
71368
38480
24845
93835
23550
66314
40256
71429
25015
1296
8148
63018
41441
1836
24252
91952
58104
51644
64050
97739
12052
14889
60884
94773
33251
1284
16639
17744
83316
2403
82535
87383
31417
37745
76809
76324
34224
67304
13505
69475
41933
65386
27699
98944
5312
736
20065
2944
33700
33891
88239
22476
55369
81592
4399
18018
4688
25634
79317
88462
6161
29718
90368
10773
35257
85311
91290
12816
92458
63457
55248
82529
93807
34229
92487
44438
74396
22892
44289
34354
99693
47917
56581
30332
8485
54157
49639
52802
39137
98297
94189
7819
9641
10218
82422
49482
51095
48145
88758
88848
64050
68337
99605
63585
77022
71287
95911
15376
78876
36948
71434
62482
36157
92002
43546
32545
85065
93587
22939
13389
34144
55471
36829
81869
70732
3303
84226
29567
19772
13810
68
36850
10028
20713
15549
35170
58107
56806
94740
12686
56818
30390
42909
75972
39607
10002
4360
96373
21120
73995
72576
30481
60969
63320
14037
18580
1327
11768
502
20871
15240
57930
2082
7634
20579
83800
64546
24969
24397
56407
74945
41822
32545
60067
69674
78899
5254
67503
22134
50220
84346
11095
86998
97230
86939
12621
1096
73659
84150
55818
70206
33932
80437
61042
70709
99621
50367
71933
11242
56058
61323
76865
36923
60661
23264
35238
61019
7004
55013
67605
83610
78522
49794
86307
11639
60159
98405
29489
43049
11
21225
19248
30333
99992
90689
25156
36933
77236
24751
72501
39249
42605
17455
19787
71735
89686
75970
85888
29478
87440
95456
4270
94237
49603
58254
14372
27461
37952
71051
75301
53482
32991
36741
92910
55942
42696
22308
90637
41064
92213
22064
65868
87148
81558
99247
19157
16195
85605
28339
57095
41502
97696
60158
48581
7041
81683
69528
33035
65901
1110
78285
40853
71392
56803
71160
15447
72296
80517
98149
53286
94110
78692
71566
68488
71054
1059
73217
15400
97686
33115
24313
90952
75177
30884
20978
85043
82001
38841
65985
44610
18824
41402
28933
28334
31374
73715
56662
43535
85840
78751
52080
40445
74175
90133
14552
47966
64609
40924
21216
58215
58691
88280
68826
93644
40615
55089
32429
34834
15372
88335
13936
27917
3539
68296
44490
84869
23860
75507
16586
73564
25026
12047
32105
14769
33571
64899
89394
10040
12303
85560
49505
73868
11358
7350
26404
50857
85382
50088
24315
70893
70467
81748
69885
36237
73316
72230
15183
41802
19498
60338
64338
54840
87544
88349
77813
79826
24790
38808
96453
9741
11000
31723
65235
1718
58849
92010
32063
52194
93989
82217
75430
49068
44668
19550
51014
19990
79958
28997
19156
13584
92248
27048
25325
8065
67803
87203
44754
11581
93395
32648
230
55863
42970
95796
88140
55167
35274
77650
51992
9851
79754
84732
32814
74572
62368
83997
39424
74081
60782
59798
62461
55030
71663
987
35142
58570
98061
38996
96805
95518
93213
69758
88266
77857
24202
35869
55897
32399
59148
28918
53583
76011
16798
68086
46201
39561
74382
3294
87673
28585
157
97361
31998
51045
85782
12932
6735
96110
65639
72075
69406
47733
6643
1560
55069
9147
66801
60419
71736
21295
22107
89983
8235
22652
2008
389
44705
22064
51494
88400
43161
5065
43470
63106
9728
28566
83486
75402
15168
38222
57311
9016
60734
19884
86510
35767
70082
29171
92362
95144
1242
24459
76977
18379
96445
47403
93946
567
57269
77782
7544
96851
70976
71069
58671
2651
96459
23392
43733
83917
27190
66947
31120
36714
45406
75894
59386
49673
77379
85911
76480
55809
9675
30746
69626
18384
79012
93600
18603
96277
68564
74127
70496
21927
58552
13389
53046
50741
96707
19063
12803
93590
551
56530
22833
69491
80753
36070
41245
96038
17357
41632
14420
60192
55894
98350
4849
43799
80632
47489
52198
46801
11662
3858
46716
60176
65300
56987
98594
21507
5901
77739
64176
61767
97611
73526
22359
69145
85054
93284
43150
45617
24147
30046
76457
78816
85381
91227
37848
88248
88356
59171
56637
73898
13303
58742
1127
97670
78101
9945
60154
91181
14834
73286
32065
10165
5695
72285
79865
57216
22097
38360
52776
50018
34645
23354
27884
74844
59477
31436
91737
16623
28068
51930
50082
95608
51759
49517
70597
91859
54379
73554
56956
78155
41436
53117
60389
94630
7385
98102
25175
23280
33103
97990
72691
78734
72294
64211
27430
69323
65403
17538
68687
59798
66573
73951
57700
56440
45188
63939
63690
84921
21126
22760
68380
79818
45692
5801
65663
71494
28212
22797
63889
91108
54351
40309
72284
14437
27058
12207
61465
19488
35092
63909
54253
94970
92876
69793
12282
21240
22304
76973
25821
59661
71013
56554
6420
24051
35443
4654
52293
23903
46329
4345
13769
1118
41382
24938
60963
98460
49388
91785
30923
32687
74917
2535
44341
5143
94632
98651
44713
64870
84029
62633
89083
44839
29701
6011
94773
10413
69534
65176
21026
77343
76948
30223
32776
86752
53526
36894
22467
96542
86171
32816
83853
35786
99631
33117
26966
22347
18512
79861
11483
60144
20179
99168
17433
97399
67010
53432
98136
87665
16475
75174
49255
51416
58854
62808
56215
87810
82411
51002
71427
44052
92819
25751
56333
60591
56304
40469
92414
76355
63428
18569
67622
87666
66060
60442
80512
7335
30768
41885
17738
18342
13033
3121
92929
31296
50689
99408
9013
23151
97191
3834
32696
62746
37319
16353
12283
31896
97687
106
2352
41550
64866
88439
23820
49236
63755
72656
98745
67499
81630
13347
97758
69963
3934
2345
74740
91982
84199
76370
20616
44416
69564
47175
52994
17943
98659
23213
21506
95246
16707
31139
3337
61955
59822
314
86394
39681
65723
99313
7439
60130
19617
29744
79491
57201
73515
64661
13362
3028
85152
60222
35477
75531
46015
72789
98439
68128
40818
75249
45034
66725
76336
59657
93328
21244
39498
60943
96628
65043
9798
28173
39515
80575
57186
11593
87094
40643
51426
59484
97713
96895
9691
872
4876
542
78990
96447
23343
25425
10380
16395
73609
12540
28760
90820
86722
75094
82117
23190
89709
5931
96817
34050
4931
23073
35059
16382
46861
3141
23129
27203
297
94101
2765
62595
85160
48481
13225
66508
27812
88088
56586
66323
1173
98796
21394
10413
77179
71780
58018
15396
66133
31118
88418
72012
54490
94987
98656
61133
21559
43515
93073
42741
73885
68667
16246
54358
55159
55022
69826
68795
16738
85363
76021
30331
21921
71553
65524
32551
9401
35298
17721
7579
49959
45445
70696
81426
19520
19099
65169
98819
2925
82032
97308
30814
95893
42704
13548
71903
48137
78384
66550
39534
8613
54980
15493
25576
22310
67022
86273
75428
73501
94972
29465
65180
29450
30643
51925
11998
63297
29945
32726
70111
38338
81598
26729
28240
53640
26240
90294
94671
79088
47940
12608
17430
60760
96732
25351
80325
59776
99817
71813
76123
62088
45238
82946
44739
98355
53421
3975
932
32026
9564
52555
16076
62168
63117
939
21774
68717
21273
41948
31354
83375
93688
55884
3409
74293
21315
2294
77427
29046
96487
24444
65583
61928
75840
782
4552
35668
67027
89305
83599
20685
90804
92463
49028
84901
9203
65137
49917
11725
6917
40410
97656
14298
86170
33349
10200
37135
63962
34372
92625
29540
62202
34163
54025
5664
41673
57007
10789
14996
50924
12413
38617
20652
84924
17821
56366
31777
29121
8071
49043
60642
18457
1922
50175
3411
60752
74257
80877
11990
12572
14333
80694
33108
30318
35736
82628
29003
78174
44457
33326
86555
3104
4722
24342
87459
11419
62757
91985
70348
50335
40597
21565
78388
68240
51558
2771
77187
18004
78008
48350
32440
37447
60077
70800
53610
47785
33325
46370
94398
77870
36934
50524
25866
15763
57293
66
48707
50384
52942
6597
56551
67742
5544
94138
74472
92769
48327
83471
18216
97542
17868
69624
2340
37297
70022
49946
50244
45745
89380
72054
359
55373
33062
64703
40517
99917
24098
43123
28188
94694
79055
19517
99811
16760
11679
28320
27992
50388
38360
43863
74938
89690
97683
12621
56327
66801
55105
56357
40674
39968
8733
15016
56458
96030
91755
50689
7080
2736
71739
82940
50391
13971
33919
84571
60638
19611
51428
19706
9489
33836
82417
14707
68951
68080
95221
17938
78127
2693
49093
28147
73332
21858
50204
43964
5800
86762
9575
89958
31169
8377
43280
90141
45836
51641
28722
10715
82265
5496
65224
1340
90831
57628
64088
85885
80844
15449
76883
60521
41484
80069
6285
97224
29138
69377
3555
52611
80361
12235
57877
80654
69222
38640
18196
39104
39141
67902
63522
78949
12848
91613
4752
67036
67315
30635
79633
19872
37926
50906
70962
74846
35217
78975
80
24659
18401
73194
5593
22619
44214
82445
20759
51690
85648
75593
69840
45702
23735
87972
83735
26881
10294
12507
43605
73943
66693
45427
31545
94556
20067
97294
93783
60232
8440
24512
43588
50146
24067
94720
11034
31481
72063
37076
95606
3159
40203
14545
6524
4735
35406
85542
8646
31999
92763
82711
45840
12980
55004
85693
82460
99310
53569
71245
59654
92943
34446
18946
53274
38479
45817
85792
53743
32539
77186
70606
74626
44352
90692
37852
49094
12226
74156
30444
11680
1870
85725
97252
61365
17900
75954
19659
53356
80662
47474
39580
29095
5102
65209
35515
62831
26636
39019
62155
31718
13068
9598
297
87860
23632
70747
51686
50217
99604
92962
5908
30499
98827
91216
93005
50973
48347
51840
70912
80268
58600
36847
97014
91692
78345
99898
69036
93183
16005
23631
18088
92861
13310
29096
8841
37248
77151
52343
38744
71580
68068
64067
14445
61357
63248
22814
21010
99274
71252
41444
77198
95664
98752
9676
30990
11991
13864
69583
49355
85358
47902
29560
78225
42272
78187
81437
95313
31840
29785
66906
12787
99471
36117
70509
11068
11572
2903
24842
54721
95967
93284
17700
54999
85456
56841
65627
30911
93279
7016
58204
95000
3833
98763
5367
70408
1719
38277
64006
48623
885
81755
6098
65224
25437
39883
59542
26064
72436
30986
35842
45127
19150
94014
15635
11217
12016
16193
751
74965
5760
36029
51904
19515
71492
21591
23974
83879
80295
56515
71609
47598
70885
13393
5704
79299
87519
16099
31965
45436
26708
10877
53555
21813
47510
42773
23119
50056
13979
29302
96056
70500
75459
1614
34061
23784
73543
84648
13634
65295
68125
78581
88968
88445
53070
8630
21797
32009
76424
74620
80338
84071
10119
67543
32095
45939
60373
45341
80576
21362
80677
40358
36332
8687
46940
30175
95353
13026
65739
46953
13776
4835
63924
77919
69549
45703
28146
5885
4327
48066
5976
40939
85314
26892
42021
60992
73115
85584
25183
84718
90116
78261
74649
47496
21015
85698
46267
28080
49033
83443
34533
83991
2670
7558
24226
30388
77166
87419
76668
65306
57853
38152
9251
172
66416
61402
4548
90585
34121
13091
98423
20561
54882
69631
32009
60540
46593
19208
67814
64768
95602
3443
49958
33252
29139
66540
60177
88176
41990
60117
48140
98594
2688
17383
64920
40339
2462
80977
97634
64310
20381
44117
9073
38885
70348
33164
5051
72856
74241
71605
42032
862
88430
18400
66531
2664
30951
829
95318
11970
745
46859
33384
3628
24372
72375
90548
27245
90458
97447
49783
27381
29558
95464
3959
35038
8810
15413
37073
56915
33711
39658
2192
57588
2518
71459
31916
61992
17102
92403
31434
35015
93748
76509
88927
88722
28556
99658
19044
63929
18878
51633
54178
58489
22533
89498
86586
58922
92716
26413
74616
81798
19856
42196
28471
81825
72008
7018
26871
14995
85098
6525
36589
19802
4634
13924
84436
23666
88394
45729
74837
55718
50941
97228
5168
12143
23035
85440
46312
88834
86548
82850
29901
77356
68697
2582
5419
49256
83065
19804
68039
15404
54248
78444
80253
23164
98677
85196
79896
81007
8079
96307
14574
71464
94956
37478
51554
60636
61583
39976
89397
17999
99146
53579
43747
97193
73965
30802
1469
2676
69219
79469
45405
67945
19411
24678
97169
15636
22001
66271
46006
603
67331
55456
78679
35193
24086
29301
12499
84037
54585
80419
48025
67091
22343
50657
62745
8060
63266
41032
25040
57399
70264
86698
65025
19949
14968
66324
52771
80125
72238
60419
3391
2793
7566
64648
57581
56391
43051
40348
23118
93407
35239
40477
65062
80679
19011
24486
55472
34884
55008
54031
44297
69894
2760
77367
89089
79512
55147
55648
70673
69021
93805
76684
29186
38153
10320
23648
87678
10959
72349
89824
98321
10139
34862
13189
17770
47979
61140
71481
3612
80150
19501
42533
20760
86504
35706
5655
40337
35245
30348
83032
39831
18480
60893
76293
85359
81489
26136
19014
37196
57369
4809
430
81040
81199
83941
69244
76343
88314
14673
85481
56297
64418
94278
19533
1658
14736
75687
85054
71130
92399
20919
7983
3784
45857
89955
30958
13408
76799
60684
56163
85067
45583
85384
88903
71157
99423
16855
20727
17415
95849
43634
3724
89773
17370
42072
57306
60347
99127
334
19763
67857
48489
14353
9025
32218
88387
47526
80541
75339
83902
30810
41602
37267
84351
72593
89542
1518
49878
97504
594
46862
39741
22188
43661
47641
22178
94484
16857
69410
17270
85784
49210
81335
17961
65895
93632
83656
10933
49001
41485
25945
12826
6508
88166
60747
98043
12130
88996
80448
16381
77718
99234
35802
16628
46555
50043
91204
88399
9578
20016
97978
7856
58781
68170
32259
15892
62125
77198
7024
39621
74147
21500
43255
90115
85132
15412
91683
97216
53246
30873
61225
30406
89561
13645
22218
81795
38757
95140
66241
21030
30018
45385
61729
1961
24031
71265
27464
76252
64034
97695
1573
9266
12601
27643
12338
75301
27952
49171
80831
81743
68364
10000
24126
76232
13460
98847
91406
45679
20292
99780
25731
10607
84702
58174
44603
62262
30515
62261
39790
28330
54685
54344
76117
63222
94114
3688
17976
4355
67843
88740
84012
15538
77016
78769
73761
7339
69362
43931
41108
69823
82603
31426
64910
93356
13382
53149
65572
48558
48110
84164
84231
95960
78228
55436
56881
15631
79924
6243
96917
33560
34205
22885
96023
87811
31518
60900
10194
53571
41825
30575
83986
57946
22407
91124
39334
5232
89829
77183
52475
69872
4241
574
40127
53617
14768
78146
88595
59782
55837
37019
50711
8591
87205
28015
48720
20486
16349
72329
91014
64309
32502
36666
54498
17211
88957
30568
87531
85185
64739
6307
43532
24189
15268
88022
70476
20836
88013
54472
24396
75433
95417
60933
47902
23173
12164
63313
19259
78011
37164
56861
27297
7691
57778
38977
43875
33084
26335
81396
50914
10897
50233
28091
39813
8038
44861
46088
31901
81303
59798
80079
66689
44514
43192
57225
94757
73203
35890
71266
69731
76344
22983
4664
51100
23846
8920
11110
19974
41002
48047
73
31768
82112
65210
58394
6698
29886
69971
79919
90020
99282
22095
12138
70629
25281
90796
23717
49111
40385
85388
24623
3840
54465
94337
1258
10763
26641
72996
34840
62516
27201
69671
43889
1794
94274
59200
4610
79538
82399
83347
64005
71283
69973
2625
61205
81615
28603
33720
23173
78382
7505
6507
93183
94454
55549
6400
85836
70011
12222
96906
21456
75222
17963
8401
90711
21484
47219
51862
93849
93233
36631
25436
11491
9008
13633
49237
81999
9938
16504
18728
74382
50434
26449
58282
72568
64979
62567
8280
33157
14202
91627
18435
7239
60191
6921
60632
92546
38669
13475
86663
97850
38430
34554
35145
49992
76279
67675
52072
59620
62459
15033
54266
24842
98160
96580
74919
77589
79383
59369
67999
23037
49764
81935
63698
29952
74130
18788
81366
77816
89032
25617
50318
38507
50641
6140
82568
9795
49485
31827
9799
35120
84730
33595
54634
87065
1043
73667
43175
90759
69593
40242
34388
31014
36565
97362
99543
46203
31685
99711
27469
23140
12464
565
41178
27118
18918
1821
90956
48587
64194
57142
97176
30195
85213
812
17013
86452
91238
99666
24315
45269
11728
20403
57646
65269
39382
68312
85499
75914
75278
13572
19558
1073
61509
97101
75131
92137
28608
85390
63580
91298
38593
56467
87801
47401
74455
55132
16951
64402
25144
5946
44965
18271
57519
31867
13634
58601
71047
46712
18399
87180
47467
77031
67914
30909
98138
24251
32468
12342
6313
28144
68850
30188
86522
80734
32918
20747
930
21257
87308
52985
40620
90022
73502
59226
17401
81196
24618
9331
39535
8873
68421
16725
16455
80077
22142
29758
64564
14565
46955
17833
43501
185
42835
76474
76466
49351
23042
15526
40866
89271
84652
33048
65654
62681
9461
12710
34496
23372
48276
70635
17123
55540
60699
81278
82100
24767
56219
66697
24219
14480
89234
24785
79133
53401
55025
21810
99330
93549
72245
47762
73955
9381
17243
14299
10267
76919
28869
12963
22399
10733
94479
26875
22046
62345
25362
90578
41428
37842
32250
31349
68387
65563
37152
30914
64490
40116
55843
90322
2427
20793
30909
42901
35720
89168
41315
23806
856
17607
60588
41416
23074
52803
49538
25123
22239
2280
3821
84183
52829
78738
83114
89130
88037
11054
52863
658
39202
38869
90149
54836
37035
25368
27695
41929
61190
31902
61504
57445
26143
29848
82035
31011
45286
99574
66205
38562
89441
97308
33177
51469
89779
10233
53770
48026
81563
27661
6032
56478
26055
22947
75589
71008
97850
52718
78912
8581
21269
58177
74066
57238
47195
11461
91299
44994
7994
94829
65040
57658
98877
43101
91670
15665
5983
3463
34365
27981
69639
1028
2554
9701
70767
77404
89768
18276
7872
68068
38300
77093
71548
89269
19039
67021
33074
9829
34956
55177
25891
10151
17112
9415
6263
71344
81604
25401
21788
14519
85421
20037
34640
7548
72070
27009
66171
74936
19079
95710
43033
63892
15238
71809
33875
2665
53199
87835
69569
3400
1732
27662
85498
55768
99393
59647
18276
64131
80750
80680
45971
35723
70157
55849
68784
91763
28013
54206
68219
37058
42416
46447
1574
31299
60146
57408
70135
43316
27591
53953
256
47335
11865
14326
41316
71067
38519
49120
27091
20507
12083
45537
7537
67479
16521
23371
2628
85843
27028
89329
62032
77267
38803
67323
90961
64670
55201
46000
89304
42366
31740
61263
99149
57315
18666
24350
99618
34888
35086
85785
97203
11009
306
53604
56801
18833
61203
82072
95004
77261
31875
27038
68012
86739
65526
45557
45535
28704
77674
96666
55089
5290
35805
99684
90041
52084
96456
71502
4192
89793
85731
92990
9924
57652
44702
24737
61235
24044
22593
18164
40883
40739
24836
8417
41773
77015
18640
77783
34512
87053
52961
8589
57861
60750
35633
11012
82987
58147
1173
27842
19057
90020
57461
88339
41879
53724
35159
62767
81145
97983
15094
15136
21761
62620
22974
73593
8163
39478
85368
81066
69347
43457
75582
29579
12374
80146
55207
30862
27858
33515
41930
37734
17912
62105
34621
36624
96898
94169
59679
53343
9650
13802
3982
77827
86498
63317
53299
78692
65077
62733
36225
55768
50354
79282
56393
46330
50733
27741
99382
2462
38972
47423
70770
52191
38789
57106
76149
51500
34721
52405
46766
53054
88479
25163
74021
71538
60808
49037
92691
98217
11510
33773
17549
16816
67685
73386
29206
7196
23524
36739
69084
56220
2112
2699
97664
41594
76627
53809
47529
90887
75768
35217
7676
74915
50903
47725
68137
87542
5017
11891
68681
65037
17688
75444
6216
77372
62130
95638
15126
51324
36202
34220
49236
24684
28898
14174
19248
12235
47566
65717
58133
19913
81483
49561
18758
22462
38836
79602
4639
38528
71868
71238
36134
98764
87386
56356
79908
61648
4696
34511
76228
9431
97723
425
44037
79734
35587
43366
11599
4421
40706
69982
22911
73702
93484
96772
10343
94267
44268
17577
64062
12427
14183
24443
67985
53742
97499
81242
79150
84104
78148
2806
31813
55384
57506
35416
62638
59854
67482
21378
53379
17009
38005
29705
97708
61571
14584
71554
57019
83723
1516
5925
60234
24220
63300
6203
80748
43178
99336
5375
47092
78510
69897
99488
28265
50100
35799
83588
65876
75916
61246
90545
61480
68535
4095
44592
60435
70665
49966
67638
83592
31446
87456
75193
52697
93923
92981
25648
29299
25224
82622
7108
98649
11508
72218
77695
9838
97247
301
16369
81685
98937
76707
60479
49444
8481
80570
63225
99625
81088
87637
517
4455
14137
57061
32724
46691
60851
49520
74330
78432
56322
74834
96564
45770
4428
14393
36529
42006
40823
70035
23929
92308
2403
9551
78861
79365
52683
73790
55237
76295
56658
91297
93665
71543
14105
54475
95283
33992
53542
92626
18161
34412
54068
44835
22091
90603
93157
71046
15809
85142
93005
95184
50384
66860
98189
12249
86395
66465
21950
54001
32786
6342
91663
434
75461
41383
37572
42291
62110
66122
81602
56423
76754
87519
34321
23585
2017
50932
51241
63077
84329
29391
15927
88247
56171
27968
93128
15521
42658
84369
50715
28550
85135
54301
14469
45635
32969
76381
44662
23802
54005
73285
51788
79759
14172
6262
40230
82713
83647
88097
74046
29856
1119
87577
5795
26819
14673
41984
81071
50764
36929
84874
96658
85118
48893
74745
21630
12358
33081
88214
87341
47262
97899
54046
46219
20934
97850
45480
35935
65012
70623
53921
58046
55204
90064
82775
89307
15449
88983
76910
26286
63588
52510
57586
37732
57229
11381
10189
15622
63437
76264
66344
58904
85537
93403
16946
17655
75187
35805
93226
71879
22877
17625
82879
77736
50770
17658
38744
59878
18613
55038
59255
77806
86827
60846
96078
53224
2346
77730
79127
30387
12154
73808
31416
81486
12607
81561
20783
14371
92922
49823
53065
67964
36648
69312
11734
994
89433
75251
32719
96946
43324
54425
94554
22211
72331
67517
86844
72411
15101
59860
25339
685
10815
3820
51433
18851
5160
25687
33115
71388
30194
97687
4337
81262
66824
27598
32571
5903
17993
33110
92506
9576
76306
34001
39141
82946
59666
57996
69279
3499
61011
2730
88416
40198
5479
4364
32187
41322
32148
31767
16194
58422
2782
20958
61902
7652
48342
99946
51559
11481
80010
44421
90796
38460
63167
96895
24923
61106
70623
64642
22725
93149
61079
82072
79453
75173
35261
63338
9934
28327
63076
48349
28245
13884
86742
82628
8611
73180
47382
93266
92281
45840
10863
78869
92933
32762
83695
6699
10521
54347
37113
94134
84796
55357
79955
48850
80134
2456
86695
3502
96187
55898
22938
29831
95938
8840
6999
81893
96615
20640
89772
28092
13288
4484
65607
81718
67833
76295
37870
9609
8858
10831
68766
27714
89832
41240
73640
82828
58171
56727
8491
25064
45053
22501
99686
45904
84594
88291
20382
26944
49961
22910
86179
46787
52543
59115
13796
81055
91265
91957
40746
34302
39621
6877
55573
32026
42647
45825
94394
43141
84344
25933
37890
4998
17132
36039
53682
85670
4528
57584
62995
51671
90209
80289
36186
24645
68671
45697
74052
20150
86431
60335
89228
69124
27440
23424
36319
77614
13766
87838
15093
72091
2968
44103
63207
6949
69631
65821
39564
25513
56550
74670
94121
53360
99147
94131
14580
38200
52954
5269
6321
87474
9702
50818
97547
61849
79513
24864
81978
28529
21277
85424
78792
18804
35732
49737
23690
72846
8145
63539
66427
22314
1209
95813
36943
98904
34213
42507
28233
69483
32995
8175
33675
96984
35067
18459
25303
21532
54876
85447
88617
51314
60684
26940
53265
94733
55206
60783
94309
89070
83088
87305
73365
12932
99080
58767
18789
44246
79437
49938
61028
38311
85553
82516
12249
94753
30385
91658
1831
99825
32046
39197
45244
99485
2248
93894
77114
16432
89048
45790
46001
75463
99366
77612
63471
24633
14861
98562
68700
20229
52428
6439
77854
72923
1500
86875
14128
37555
58017
30102
19149
67515
97825
63541
7718
73229
21839
19258
39183
69741
59012
90998
54498
71009
13515
36281
1830
81550
33124
31465
25504
9698
93015
94435
24014
82441
9184
18033
90644
19916
28873
55864
23397
34035
52547
6293
43266
63239
27406
67429
15805
86797
31440
6356
6677
52103
28757
34505
36771
21478
98904
54826
58634
59317
24714
54487
25914
1200
40594
32623
5121
73899
67544
9851
91927
77325
21677
23968
54573
97045
98003
78926
87213
41596
45513
86843
54590
91041
70846
55782
77516
6855
63724
38916
4704
93624
30217
61752
43443
13763
54204
21690
46787
23290
16613
80290
32703
1086
97605
13890
78514
10300
1919
56031
94326
20812
90831
64929
85420
26218
93001
94797
49210
53903
7856
51259
35851
6055
52784
75157
52067
9583
73631
93476
43486
27387
9457
76528
62927
24289
16435
45977
32291
48029
88171
50998
13359
11841
11075
99476
59828
34912
42734
77412
66763
94907
94458
57257
4283
69150
92349
70624
87526
45862
83876
15857
1255
48152
477
7317
57283
6046
71561
98167
82248
85174
32054
84875
56055
89885
69539
16766
99609
53067
75283
23940
17769
89260
732
17133
37442
76661
84094
64938
88230
39331
85180
19741
10091
17130
92433
39424
25262
20623
94005
50131
94852
45698
53576
47525
63601
86150
30425
77438
70335
10999
39413
59151
70343
33355
15760
94677
22089
85407
98179
24555
30502
15446
46738
82616
35857
29134
97832
66717
54818
87583
19809
63193
88912
576
37033
76911
87014
52566
8568
89173
7650
87809
25569
35724
74309
59689
66640
31970
60267
41314
70147
65417
65403
2317
72054
12518
79975
28977
53402
89975
81163
7406
80528
19049
75086
75613
34710
85210
97844
67452
29717
79188
66419
76791
72458
36694
56004
77325
5809
16141
40508
2034
15831
26240
80751
64010
44118
8337
78264
61292
80360
44276
1518
97934
1427
80144
35225
33113
40077
58760
15276
34104
93359
23554
63036
921
17870
47734
50079
36944
90972
94130
5877
80591
63662
96578
18179
75430
37852
19335
18488
41968
64704
62097
49272
17799
16600
63549
13117
48798
91302
2056
73072
82182
4098
57485
72811
82609
13800
12168
56527
8644
95512
61549
35170
25490
73031
53028
87731
60942
18212
84848
89295
41537
87420
72629
81570
26114
75438
43145
73517
1068
51474
93212
86584
84402
71039
19488
11304
69728
3181
21848
76957
49465
72334
75840
29451
9456
4532
81561
24810
41944
42651
42643
51648
43719
91245
35255
84380
47769
48661
31327
48558
93504
29547
70954
78206
38287
20780
39344
74170
85701
56211
96539
34344
65935
11634
69784
71243
62966
70368
78428
8032
93215
23866
81884
48906
39494
26631
84504
90537
24855
23477
3031
20677
71319
63340
86475
40628
47110
60449
8867
81573
67926
99315
61206
64181
94477
89659
35529
54458
63425
99451
61586
55810
72429
77849
64924
4462
45195
22767
84829
60102
35345
77507
46547
36103
68012
25650
97755
98283
17214
28129
97915
44095
46648
68509
7596
73511
9506
26467
4695
53103
75444
32483
30575
55715
24221
30193
1
77503
33591
18966
43629
97856
17657
65441
92883
27906
60586
18561
27859
76222
21521
58184
90066
22194
48490
65338
32008
69263
31526
91059
88538
1118
16005
48815
21395
18423
24811
72427
21503
70750
95196
59025
46241
19006
57803
85756
77737
80391
94481
7490
66883
78693
8401
36094
17589
83199
25932
69500
96673
72503
6190
93969
64224
1375
15853
73922
84403
22628
13489
36103
65685
75418
77754
49274
16907
61848
52589
60509
57370
90724
61793
85831
83332
64601
77980
48571
65120
46512
27302
31285
29317
56932
14561
52174
8326
29200
50616
86319
49384
93554
74390
74897
48387
84230
43455
7260
99164
29291
33588
80660
14977
63316
64395
28137
2965
1644
39365
37358
33385
83910
95728
61383
65472
15925
39485
47720
31362
15479
26750
78391
1065
8916
80343
12041
83434
75137
71580
98712
9644
35588
14230
45927
34716
29965
86806
98000
79647
87045
36962
94629
28343
29180
48977
32982
70349
20637
17815
84691
80107
58245
56899
38399
53515
47880
18162
98426
4006
77488
67190
76059
75439
95401
15243
97178
79602
25200
58197
44524
1274
63894
90844
78868
62589
96525
22482
57854
88943
38182
17018
32340
8056
84673
29565
56329
98580
19922
42387
20024
88793
35376
70930
91743
51319
70214
38417
14205
25456
25417
62926
8036
52384
44524
54635
74891
78542
98697
5523
56275
96753
48380
30328
8781
14037
31420
82125
21890
77429
29209
56508
78540
81917
63448
77877
62275
96561
91877
95036
25360
87509
96910
68899
1353
75129
21433
54907
9771
92708
50245
1368
38916
32240
85913
42175
72611
59407
87970
87095
42677
75483
62080
46743
18830
8944
55990
37627
93635
13119
2550
37857
58256
91437
92966
48160
23392
63585
49419
5919
48256
58720
16082
69033
73092
72771
89880
99510
19988
82997
64019
58166
8314
21191
95606
83915
84487
14435
42471
50669
6909
46596
57379
13029
26355
34510
12097
36070
85302
52286
96935
96623
86128
5694
18653
23036
23089
86629
51620
10548
86289
95053
61327
37121
42422
85047
47730
80060
81519
59192
94349
18678
64639
20280
87096
11557
83950
28891
61031
18928
2678
41196
10882
1663
2653
42518
88937
79483
87849
17026
10711
22034
29685
16291
13080
79613
34810
62728
37172
11249
49552
58066
81082
3474
57169
44169
94143
17741
97130
57850
38279
25047
51495
53360
98538
77101
99580
42182
41090
81664
68364
24426
53653
56201
50338
87018
71427
80865
53132
69018
32974
28820
36668
2586
31096
99650
96079
90942
566
54924
70300
97438
42127
8712
16722
58063
28915
44120
97303
79402
72596
5676
96516
709
85520
72639
16503
77458
21380
1845
50857
34708
99443
98697
56061
67596
13937
72585
85961
25010
80084
73832
62665
88241
37534
38171
35577
53737
3528
61816
34706
67708
57101
37500
18604
76436
49334
84254
92335
97281
91310
27983
84207
18455
34174
30070
75467
64066
38714
92256
82331
57211
67873
92896
41738
95626
87011
69008
33739
12229
98068
74078
38293
53762
41109
16425
30019
44246
62098
13711
41761
25524
68187
34431
96131
97554
5974
96093
87843
37100
36916
2609
83482
89411
12532
65724
76509
24983
32162
66395
55281
69824
65214
42278
6126
70833
52321
83668
26461
45145
46999
18931
96889
29587
27262
25725
93569
34491
92296
60899
69061
18369
82980
66979
36474
46145
84386
33623
64155
35358
27799
49018
10726
8783
48180
92102
66263
80232
8422
56270
62831
68581
53055
42217
76513
4703
62848
84442
37022
68173
17211
7183
91729
14784
74112
23528
94900
79750
97495
6410
73766
63218
30968
75326
66458
4554
46137
36067
96515
87725
13547
86110
2544
66631
46317
67411
36855
73438
85323
90186
95531
95735
22677
40318
44330
11096
66216
36083
74483
64783
65940
90068
56289
6333
32354
40370
58281
76297
29300
4851
67323
75704
6611
90846
84274
52660
57751
69005
82962
69904
89180
89926
1706
13271
64787
91013
61274
91620
63794
35912
74507
64807
39409
46653
68592
38189
87859
82679
92115
78803
77767
92757
99379
37261
28199
50522
69629
48661
15256
73676
54977
33337
78322
57528
64881
20602
86813
19802
94346
87291
5509
56628
58693
23048
20591
42338
14833
97395
64797
5584
90338
34227
79700
17550
55920
41330
71656
44313
809
39565
9010
32160
2760
98257
7124
73511
68050
54095
36898
42571
45155
74467
94654
33553
46412
91943
16957
61002
82068
93233
11838
77643
80154
58846
22896
93633
18276
6359
64116
80560
40853
81944
38424
13158
60651
99992
97781
59003
98681
41934
99672
4289
27952
12510
94722
12707
83143
75740
69622
88030
4855
41041
6132
1929
83008
16383
43938
68543
55917
45422
62994
6609
87881
6697
44336
37939
42297
13520
41159
3654
19939
44508
57350
87818
98633
36843
93095
66065
30186
69564
59130
60606
85182
63515
39431
88560
98872
9875
90775
63532
65800
33019
11691
86824
58250
90518
21916
14816
59014
6591
95402
96834
50012
19971
5647
54316
72573
85564
36636
72920
34852
54393
19398
7391
89892
14975
14347
20632
20944
86373
63108
53259
33780
85203
39086
88211
52467
33457
97545
72034
63247
40618
47449
74873
41807
44303
94753
87199
33510
484
17784
93920
32105
83594
48166
46442
40193
71487
74027
85547
76450
17380
4463
1692
65980
13542
46582
20689
13667
26436
16393
2417
92963
50061
13586
22770
33878
8502
25948
37753
35095
82109
76498
62917
95181
10575
90082
57855
24778
10829
99211
7421
63441
65066
88314
76133
84550
9493
9492
58786
19923
77924
2036
70291
14113
22700
45841
1581
41468
95709
11312
37594
52187
53816
17654
84287
97057
20726
45215
19305
83084
258
15569
75667
24068
57308
8665
44648
82239
56036
37186
90063
34322
2822
80001
72693
28844
20830
26394
68446
29288
48400
17785
7612
37719
51919
38353
66779
94339
32807
43344
66663
4046
50294
44610
23966
96696
73357
77149
2534
62896
25248
26341
77729
28836
89061
92674
88529
55965
96868
43752
41834
26969
13189
63421
79113
87275
57539
66565
97037
82169
49297
88350
45689
26480
81099
68975
63797
32669
77187
58450
70567
3169
40354
31880
82283
40767
32104
30030
10766
47427
371
6087
6090
72306
20140
86737
67646
78602
54955
67855
66124
86320
58794
14516
18714
6801
35811
90290
41669
5188
41764
94640
77758
69888
69909
1605
89145
88203
57495
30713
60238
50632
85919
12651
70951
17506
62743
81017
44460
88602
10215
92442
13154
58269
48544
75859
31658
5578
17233
37452
21185
25609
26475
4945
53912
57367
29323
99002
73180
23619
98286
35645
24089
67747
96370
96615
75105
54960
57243
74507
28021
4042
19370
94616
92534
50703
84516
99108
4541
8347
71995
56678
83553
14349
78886
25921
64382
64894
86341
2377
73896
78752
46160
97332
4679
93917
85436
44071
56192
973
60929
14076
83701
49808
82864
33509
74219
28772
76321
38499
19143
74236
59715
5615
84259
42813
66755
54557
57371
60360
61641
31292
18977
9460
69116
41875
87588
42126
73754
53998
49178
18480
38144
62536
70316
25293
58996
72763
93192
33543
72037
33341
44502
20729
39078
97910
88003
48223
27968
73464
8201
36117
58746
58744
52006
34635
61192
20688
4509
82741
44887
93201
46881
97557
90146
42742
98966
99239
63334
96736
14146
22808
50357
71236
17020
49350
3511
32257
37642
17463
54399
27843
76864
56991
94445
81975
67319
21674
14837
25284
87178
95772
41312
76789
79772
53572
47852
33604
83442
65785
33764
14675
97330
38497
62687
85145
37890
89507
81465
20603
9246
54297
62523
75967
21809
37034
54296
69553
51725
26598
97961
87493
59185
82670
29263
61001
31101
8143
4736
10313
74659
77921
35058
34477
50044
5487
71678
36467
52401
79540
81734
80103
55702
35923
88487
981
73139
91525
78453
663
46348
44377
13173
42674
86204
54073
32797
24660
76242
73173
11399
42443
81836
87426
77932
25297
64578
63564
79639
1998
97606
56478
97611
10822
19859
95388
8029
95534
52274
74775
21501
11529
38282
36954
95615
1284
2802
62396
19873
90887
39143
58262
84920
42298
67948
33424
22698
48188
97919
72998
23756
70371
5807
70627
33987
89586
29227
58750
63171
93611
4035
53208
6338
47959
95744
47901
53253
59179
89111
72353
59553
65006
95750
87951
72495
7177
65939
48230
3607
22875
63165
13748
56392
65767
83728
31473
73091
60625
68176
90248
73473
80929
76675
50827
60352
97174
99669
80449
1737
67958
44852
58801
48816
58974
37732
94388
64628
88021
62851
51245
65449
83222
73783
17706
98828
54205
10365
43013
25362
5898
73696
25803
95571
85445
3497
10820
94250
21804
39958
34218
89168
29070
73292
38765
30144
19005
50372
90472
67278
85457
38159
49862
36187
24893
81278
46046
95136
32205
23723
46649
54106
20636
7726
99816
43124
91778
45007
20866
5129
57403
17363
43531
74711
75061
63435
18359
47393
59344
19770
13390
94995
29874
52001
88456
6365
43558
27234
28972
67710
7410
41849
79219
60987
93807
21818
747
53116
84583
13120
92307
33406
21843
61914
94561
13904
73130
54616
21321
47407
70803
88770
10509
23687
5251
87440
15627
5907
50336
47539
81504
2907
65817
35117
11165
69306
14017
43587
92721
14232
93293
32932
11338
48901
48751
57818
24393
54382
29637
85901
63939
22351
70939
43136
69652
29484
50049
88892
56249
58232
78508
78693
15215
93096
59378
80860
20948
49728
68267
60646
80825
15626
19942
12194
37925
87941
63001
48304
47990
60286
26650
50267
8612
146
86195
16907
6955
45106
70552
41485
40495
64123
80667
67399
62874
31300
39883
93975
71268
64260
66066
31001
76601
401
38945
43524
9747
64483
69296
83315
57952
12839
33849
84126
62664
80983
90387
47552
96120
78192
94838
79376
55862
80061
62595
31825
35441
38167
17684
54597
69524
70292
74814
72662
84496
24229
67150
42550
20909
25198
83041
3689
13592
90503
46464
74021
22375
37901
99281
98314
75163
25900
42476
74558
63173
31683
71852
16031
13116
99449
79360
62573
38382
70052
4137
39006
77162
80096
69807
2589
1433
63369
57737
30205
80913
22575
4482
68145
0
72385
89710
12323
62518
5642
47068
76164
66605
41013
71593
27228
31311
68766
2285
16181
31610
26716
31553
37925
23570
50503
59526
59580
56953
80166
68945
54483
71083
481
28752
81117
70059
64029
1495
44065
22796
69323
95386
68830
38911
29515
32072
47754
3674
88568
52622
6560
59263
66945
35401
88630
21480
91870
83
65752
8347
84640
89838
15565
27955
53530
56561
98928
3793
64650
187
28746
28838
88387
67528
58619
74324
93813
64689
22543
62611
99241
54518
19726
15074
80935
58746
71621
58629
41074
2502
63138
39496
98714
84913
15410
24168
95726
99960
40986
58590
62274
74637
91507
53491
6669
1711
86736
40213
53451
10807
4191
6492
66106
49636
55664
97004
50015
63676
42139
1999
53846
52129
87785
16267
67582
19755
61408
98083
59763
98521
31893
33840
78859
99203
85785
59768
12561
23806
4648
58704
17648
55332
37243
33373
2596
54752
16762
77464
3927
23384
49712
37559
89731
43188
66534
83313
9371
6910
31967
68897
17236
22363
92108
32288
89660
93342
59589
31771
78582
86874
37415
19422
72276
37071
4946
14516
20165
88543
44131
37829
85987
15509
38116
28621
83358
15545
47273
76003
28796
68180
25501
14784
68426
38371
7084
8672
26404
67844
82793
87739
54317
83267
35969
18240
95177
6066
94707
79901
52260
44678
20852
43145
23253
53837
28474
96621
53509
12126
11810
81917
40015
95646
15173
27401
75169
94521
2598
48683
67930
74203
54747
25595
61877
96868
35087
74551
63374
5023
33915
49834
85198
46477
71502
37561
94953
40366
69991
10949
24715
78567
20578
21473
42562
39536
63150
39942
30988
36329
37662
47507
44241
97792
40036
94157
29406
56209
49582
21608
72214
88286
39603
41532
38342
7371
48331
79848
36221
17109
9678
73332
28795
85444
71991
50193
61977
85478
86058
42075
6384
59112
44526
11532
49207
37082
34279
31194
31584
77348
39877
81045
22872
55040
84859
57067
94719
5382
71801
24444
62594
78602
77337
37135
84395
92819
61577
2804
61287
94558
43795
46561
20168
37263
16413
31611
39782
93646
66342
42153
76275
50851
54422
57589
47150
51790
97877
42160
31469
93138
22835
16720
36570
83613
84860
95728
12277
52244
11767
87866
16292
77234
61523
10977
87620
15741
68185
94763
11467
78452
4789
60630
50857
30734
50100
89578
92370
61754
71565
604
8182
26730
17541
40073
78328
78241
23780
25361
1411
5836
84296
42186
3024
47404
92457
93440
96932
48191
71778
59511
32475
52466
34872
93619
48911
85169
29110
19869
20947
4101
29925
1065
88860
28108
80617
81565
43504
56068
16744
76671
30626
37214
50661
52270
12039
13648
39815
88978
11135
67750
55183
28897
10789
1361
10952
3597
58730
62771
51232
86880
40888
7208
68600
33561
46166
85281
15673
74664
8417
47809
20305
57775
14898
78481
19508
34664
42652
52750
29762
97906
58986
44050
25042
96910
15438
49729
91738
36549
97601
56839
26831
53761
97963
53003
37261
18386
36073
49848
93445
6189
67391
70865
75980
4424
86007
32548
47068
27082
81745
55764
89908
25542
61222
46041
51938
84286
83787
59048
33857
23915
53238
2708
72252
41119
652
54912
32545
78908
93649
85324
49276
22066
21044
152
66032
68513
50379
24961
26158
7837
21292
75403
50627
33207
64161
65
92668
51424
54069
20281
74034
99111
239
89323
86530
55924
30592
32809
11106
49567
56815
5081
44342
669
15738
86561
68930
12132
54166
43808
2443
30692
12615
42189
37046
85793
62568
94290
1226
77764
78636
50675
65713
54715
66757
45971
98300
62415
99340
93370
46207
35259
29055
21562
87825
48642
93136
94271
41558
55453
98399
99572
49621
33299
78491
54974
71414
63333
50871
64663
99856
92775
95800
4202
20884
32577
58042
97166
75512
68421
75574
51286
24831
47866
42226
64061
70960
46434
94871
98974
93125
63807
55996
6170
75885
23709
70436
10832
63287
71374
91586
46366
24961
4769
90700
99170
64246
1590
77963
66349
86040
35691
78913
36474
40272
29081
80668
46093
89302
46421
99585
91618
52583
28852
7466
53298
81728
97916
56941
56023
9524
68688
20328
34977
69007
25252
83208
53965
40301
45524
67835
6990
37011
44190
33539
54405
27314
13587
73590
14697
51964
9421
4249
65707
63605
27345
78108
1063
86134
76453
70304
38319
19619
94521
39688
45557
62640
91403
11416
51540
83941
30401
38113
43054
73549
7411
88852
13429
1274
80172
62888
50862
58323
31678
4636
35002
76101
88112
21677
59698
89405
70584
2043
90424
61723
2097
15527
27009
51045
71388
3488
10128
66119
76558
98859
5384
15742
89644
83723
72315
99129
51271
25023
98654
25013
77439
96372
66375
4019
94581
3670
58851
80973
40592
53142
56974
91196
67153
86759
27897
73101
64145
20865
85482
46577
52460
81047
80571
21692
18901
88492
31307
84493
98572
6360
48679
37597
35797
91812
53798
37282
74512
15137
15281
65332
22391
89774
98525
57891
61898
76883
55020
75452
43556
17864
53681
80258
3976
76628
39253
79123
32391
52850
38731
5877
76378
39980
78184
55374
36268
15713
19876
52913
25321
74492
23862
58745
71123
14190
3763
95961
36339
24634
39735
43893
20300
61632
97967
2550
14954
13079
30143
68588
71853
19076
17834
36513
2349
43518
85871
76363
84859
6332
13058
84957
80387
27304
95046
25873
1924
48891
95888
65448
37620
97098
63252
64265
10876
27986
560
50114
75124
6012
22954
19565
73653
19667
14586
23312
34428
74349
37321
38115
50589
4189
44177
75946
12017
56411
90678
22929
22078
23625
1684
95556
40554
82968
33088
56672
30607
64937
48571
86645
52862
8648
81015
5397
2681
86209
30232
67479
70439
8689
37252
72284
1856
17876
37392
30976
50876
23795
4843
78102
79620
54258
52115
28173
27963
60907
95319
22219
34377
18940
46977
66189
81282
23491
16439
2136
89778
34349
32478
21369
22310
9862
50000
89332
37097
27792
73144
6713
41581
77754
82751
61465
40297
52482
89899
88043
50093
1311
79830
89995
54265
33027
12891
36610
41750
4966
56924
72795
91589
87546
25836
87728
70238
29035
65623
17536
9545
59454
16287
99474
53373
66572
93356
37662
87069
61350
64009
6953
81989
75592
14304
4513
34305
58902
35964
23930
94341
820
2919
15313
79006
315
11141
33422
66712
89935
63958
4722
38351
89564
24028
52962
53004
99926
7876
31176
52635
28811
55266
90214
25855
60038
70680
55917
87917
75220
90402
90428
99573
1563
59498
12611
84102
656
49500
26666
37574
46637
6918
35392
39723
22100
24579
69077
34007
94599
63729
5084
36533
25177
66948
16579
19030
68704
44847
46694
72934
88963
53675
95825
3932
79068
43301
821
77680
6902
84857
32075
15275
87917
91850
59432
93419
10214
36957
65162
82425
92232
4709
61820
56984
91949
77168
29220
50745
2390
27940
89642
46771
87955
85483
65051
25268
53640
6552
57670
24075
49294
3365
30237
4480
74745
97801
6856
54071
30436
98274
24960
75683
60641
59049
29641
98869
60011
68231
74512
41328
80295
68390
51701
47684
8719
56096
40453
2951
38055
45288
47026
65077
28880
7050
38855
58418
4892
62918
85676
4678
31598
5728
61222
46692
83445
71474
11641
92880
51750
49537
6629
21126
49375
92747
36237
58902
40389
8490
9023
26780
80087
4067
2755
89034
15652
96820
57166
92707
59711
5340
3309
56980
72076
36774
72615
26728
14786
96819
31455
43932
26509
65923
71202
27051
41765
31827
27226
14414
80175
5221
28850
39573
51400
58927
48921
5704
46891
4709
8630
98886
27774
3353
56789
80883
99179
60088
49270
47747
77056
34153
66210
92496
18669
55945
43534
15364
46323
41538
67958
96303
69410
72064
19792
34834
15526
15028
18894
5209
56355
42721
73868
14303
77557
83535
52739
72922
98501
16166
20289
52698
36918
37152
14139
59201
96797
74808
82737
98542
56396
10187
39146
83591
1584
41951
45648
82710
62010
60122
11448
44953
77282
52132
12271
86392
99083
39293
25105
73836
99621
34398
56565
35121
25845
59409
78946
11692
175
96187
49648
23486
73907
1415
24063
32717
83424
93375
41298
3953
12518
42331
99102
11792
57941
78505
50526
26862
25248
77239
31997
70026
40990
26017
24245
21097
68657
89582
61441
18920
34366
24773
35277
9370
52904
56225
9388
94653
80134
4215
99408
15064
27190
47313
44370
93778
86220
45003
75343
78110
28375
23534
68404
33262
50756
93981
92104
16992
6502
12943
34011
64702
78251
50485
34194
3057
90485
7636
57472
34486
46048
32412
38587
35953
6650
84689
85433
48991
61683
78370
75729
1610
45164
31052
35391
6707
66027
67617
81024
39527
25800
14719
28714
49765
65139
48919
3764
34622
57866
25042
69047
66352
15680
22574
40736
12992
85404
90625
88117
62941
46670
68341
3947
2970
32128
41304
64946
87643
50421
21995
53893
15013
66268
9292
80194
3296
60754
6668
10341
82417
87457
36923
37398
86360
63969
89770
45769
51870
74684
39428
71478
88852
52320
22992
21059
79894
62073
98392
80339
72997
91558
10768
80868
94398
72307
66357
78688
99735
20209
95039
33342
93753
45209
95541
61593
2216
15133
20531
45425
940
11405
95517
24441
97735
14786
99795
24779
52807
97299
99358
29064
3685
84046
74989
35374
46996
73251
73703
56509
89493
44962
51659
27319
80868
38696
63600
95893
17859
70588
57276
24559
36877
17527
19445
70866
9304
81852
23590
4762
75155
76526
46476
23185
413
54232
59381
81990
32685
6558
86936
25089
92903
21039
94798
42421
76043
35136
34779
55214
22153
96258
86855
23141
62817
36730
27837
55560
10227
42982
76974
46805
6103
67924
80182
66809
57389
1225
63874
28673
41173
83754
57074
18293
97282
88859
47180
75803
29358
13611
64686
43487
65416
51565
19158
23901
26095
68775
64536
35602
26975
50373
84608
82622
88394
91038
84820
86335
24896
49018
78249
48954
62510
46710
51471
3545
56562
81154
54945
71582
96287
51734
1791
5773
96885
70614
48358
62307
27198
3512
34528
7854
17144
55501
13573
25608
74573
34219
72149
7845
55684
83672
38757
47498
45248
46617
54141
45182
47025
472
49832
32863
4615
79252
75512
16637
80410
18065
45814
17766
73910
6515
39921
53305
84402
82989
46903
38878
70345
66809
86859
48402
26181
79611
72217
65090
45634
23669
48180
26816
49773
65360
73293
65532
71358
57951
53208
44990
47899
85840
39938
81666
70310
30004
50996
37872
2263
7847
61692
80729
83701
10132
70584
3321
96888
43336
88068
47061
22153
69165
46899
69640
71057
89260
40958
26827
83117
63940
45435
35025
30090
78579
89534
39094
74922
45144
19103
88388
96369
17106
52217
84584
89481
30614
88568
9101
2514
31292
9496
68335
85266
56723
52279
83778
15027
41631
69454
84531
61433
87263
25633
61594
10592
31176
64286
51281
48060
31600
88559
33004
30694
96999
14151
79320
19344
18118
15573
34717
15016
72853
32950
27158
92248
99081
86650
79486
40818
63325
18188
31811
41765
86119
64288
81572
72097
87161
65728
69586
28836
47338
58315
63079
53493
82612
48218
47874
82248
56366
17569
99074
52335
4468
50729
65376
12524
3358
98474
55282
55970
15972
41212
50068
66727
86124
66021
42428
94537
15603
76303
88586
70322
67178
59021
80470
59002
94508
84150
77112
16245
60563
72368
85815
37134
64507
67326
22464
44221
53882
22192
93283
42913
29414
95934
74295
65502
2294
14181
36961
82688
8668
86476
11683
87321
72610
26705
74911
82356
87516
5324
66878
1975
33848
33716
42275
9184
9544
74372
49572
19909
64106
73997
33656
8096
77100
73777
38519
75998
38329
96529
797
9999
66236
60588
39683
21714
58900
30399
27617
51880
69761
65689
84284
36948
65192
49704
52026
88061
51436
69414
95563
98156
11901
82469
79083
47722
83128
9300
97983
58312
13072
61970
1140
37409
90487
58390
63660
495
51491
1943
43404
94583
45678
76509
28270
16186
89767
43377
70435
49396
41587
19712
40059
73331
98066
22290
77103
39377
3235
60558
61959
43063
82614
67840
96066
91833
49596
75222
93813
86635
14263
55566
45166
8659
50111
56087
80269
65041
60046
62767
74139
17377
28762
48229
41104
6220
76424
66460
64957
63561
60666
38559
26695
21596
93013
95542
31029
9997
80541
23795
97158
95684
89810
76212
98517
5858
48111
79049
51513
61351
52857
5656
37352
12366
35842
45352
419
59862
5663
31281
18243
67037
23617
64432
88685
69934
10267
75582
34853
91832
10283
4579
33100
72747
16466
4839
87453
85590
32432
90397
50331
91466
59607
95192
92880
57448
3048
64589
78743
45005
13499
63807
14045
84901
95776
29502
74488
79171
2913
49065
75233
75722
66680
95831
4931
92390
84208
72460
69621
16325
59655
28200
24731
59684
1302
4908
43457
88484
25555
86547
77661
60652
69056
11421
25448
46209
86966
31790
84320
40110
1086
81638
24804
71766
37933
99743
94811
13252
22631
62988
55856
5112
17259
38641
6561
87517
4942
78952
32851
24445
73116
97445
46742
863
94820
25934
17229
25283
28562
13516
76171
37194
97521
84956
42437
89606
97073
19274
16152
4213
1632
55500
43719
23733
89906
9243
33790
69030
73279
20689
20210
8648
37465
49392
51335
80410
98808
49932
18776
20579
68049
49295
71356
1807
41620
10216
99510
5379
40326
48351
41080
40124
28979
49944
39273
58604
3622
51451
29310
57486
65434
15475
22914
8291
16336
74019
46269
60838
76346
12022
38115
23764
43085
68069
24571
83831
66147
35241
98412
76457
38776
27071
39263
56152
49947
64958
35812
35291
16146
25527
33203
17789
86749
16427
82578
86207
96062
38280
96857
59802
61306
44420
17874
97695
40073
77291
33330
17575
62574
13
89225
97256
80988
28692
48564
64466
92104
50584
99932
45396
80922
45861
91513
69802
28298
74012
77122
79212
5085
84905
58566
26819
3233
33291
67025
13944
9501
38518
13883
28014
70371
97597
28743
20193
53511
63141
6005
15583
58274
6708
6553
73276
93612
89684
86863
98434
71192
13392
61514
66252
15171
35681
93259
9921
86487
14816
8894
3887
39976
57866
51654
97800
11659
24369
40952
26909
59729
28454
71149
13401
45877
66565
49906
9158
40275
28764
74722
91955
78088
62358
23061
223
74259
81448
14497
27285
65376
6716
36201
37965
71550
88214
25982
66645
75675
57145
7122
50184
86603
49207
64006
32772
34069
68903
45520
86999
96005
62115
88039
97411
12262
47123
94781
92005
87197
73702
52705
95210
22579
14488
37444
36431
5085
1055
56421
63343
13545
93708
58530
66984
93788
74624
51426
66297
80407
63346
69005
25622
80085
46759
66879
42790
56210
48701
9318
52316
99641
41268
5423
1893
92412
5577
69012
16041
46751
84271
72941
85176
93660
66492
86128
25297
77757
80345
92592
87058
48770
68034
37491
6114
92036
96952
12075
36001
16070
53578
15152
92408
30914
22842
20729
53292
64076
29458
35114
14413
56090
6616
28866
27123
23908
28559
1912
64583
26763
91128
14690
21486
9075
63368
22849
61491
38728
41081
49189
23869
5864
58312
62107
34492
84849
72448
51435
50935
86835
82638
3491
64056
94016
72994
73289
28089
74131
62880
28812
2925
98183
6900
51166
66260
66332
92145
44871
7476
4730
21326
35736
74799
97046
61090
97580
98297
17620
26796
27519
85638
14568
89666
50176
11328
65206
14312
72040
58702
1960
18472
13688
72818
42685
14440
99842
20341
60626
49514
55756
78834
50466
87194
46268
26590
83294
91075
50389
9658
94472
29890
93660
46433
25070
39155
16348
70238
77388
62336
18888
40249
13880
46971
69971
52867
47633
54655
48472
55163
25086
39084
90321
20021
8126
25328
22132
30901
20424
4792
68641
81441
44002
29697
48456
40579
29059
82253
62208
66596
31967
90436
48073
62426
63303
52308
47016
79068
34418
88514
32557
45435
10492
34259
94989
36020
92490
96288
84970
21060
8769
66769
69459
58059
82625
48783
14079
12238
42313
11385
53076
86127
4278
50487
73367
76494
84369
47437
12160
22895
80381
96539
58092
6140
75790
649
22047
65586
8797
24211
69264
24898
49582
94157
30282
89243
3875
56502
48255
87947
63978
649
8620
82557
18050
76183
43200
76185
25064
82847
89214
82847
44116
39801
25561
78219
99303
36901
4588
66637
42748
57910
5992
97022
52973
94330
51395
25137
74101
37002
85264
72515
32207
51143
78325
85296
47436
51340
44794
792
5953
68787
86905
71480
35196
50356
12131
43315
12671
5260
64198
19461
9732
92341
50969
65529
5118
82959
40669
39730
24021
36182
1381
30697
25263
63301
5553
70217
31243
40874
25844
5220
73026
22233
45303
52703
59838
52776
13437
51193
3463
88845
72838
25374
26406
84691
58102
14540
17394
51467
97326
58827
41609
85418
94633
64435
12563
22403
24853
83137
91385
96543
60101
65917
95263
99806
54317
18254
46112
29219
69684
78229
78404
23514
46171
85751
97296
49113
38628
28231
67634
42329
52456
7708
91746
87501
88173
65926
70602
15326
56081
7820
8245
22674
59226
77146
43812
80788
90636
25926
67342
52932
95167
78427
56880
59541
79368
1467
40373
17203
10466
41507
5098
8968
29016
70231
71563
26417
39531
21914
42014
17056
7912
47522
33813
85697
787
56881
41034
69167
84257
75410
31175
33830
62010
27917
10112
49717
12239
15932
15982
98114
6200
54100
46970
5727
25019
87949
13116
54905
11068
24863
39364
20774
58838
1531
85385
62817
60133
59172
48087
7396
73701
76481
60490
71200
21488
60753
27154
58519
74219
93041
25340
58034
14264
98161
84198
63982
40090
638
24985
45307
5127
25396
64065
70947
87894
15882
73319
41835
6349
53496
78459
24324
47487
41056
21124
69463
5815
75642
58586
66965
21406
15784
36998
53259
29119
87679
92864
87520
45384
13112
53953
96393
7092
14707
35241
46759
72452
97171
50916
97413
16106
11468
50048
72322
10369
66895
7623
98364
65629
71590
63470
47048
24185
30348
39622
3123
32736
97704
32461
87607
11165
32274
35316
46432
62932
29845
16083
21547
68708
49695
4184
64706
47584
73580
55461
49867
93917
69931
98217
49651
8779
51559
72711
62099
616
99175
36458
68393
9725
58819
94138
98161
52718
81639
10835
54806
36208
16721
99520
78238
7801
18768
86353
82109
36884
3731
35915
88900
62513
65140
65626
53223
89473
66197
90299
92924
48635
93115
97275
64225
16072
7282
46590
57551
44614
30077
20886
58230
39184
61554
11502
98666
67501
51062
43918
90590
93621
64759
91990
19207
2351
59737
4149
99864
93504
77865
80865
51748
21395
91535
47322
25807
88883
25565
76160
46387
59687
95892
69322
37514
4191
65192
21813
47482
32790
31553
27337
64871
78337
42782
77886
93453
59645
48449
90930
58540
80949
62316
97896
9431
97466
74623
63327
81212
51595
38912
99771
24848
83778
13395
84116
76738
94607
58083
88917
89946
71798
79805
43026
65061
86469
31967
55265
97365
92941
43805
2675
44709
50113
907
94430
82372
8088
81836
28020
79724
47135
28270
94027
24033
72937
75395
11694
27236
45336
25639
30103
31127
81520
64304
58884
67489
35166
9578
82368
76268
94401
37423
45084
85460
30919
9357
15505
41272
4477
72410
50885
54699
71656
63508
31352
43468
79270
21772
86897
65327
47361
41911
54944
52617
64215
74291
40580
97470
99814
78636
8995
79423
41816
79020
81204
23741
9447
20409
83926
43707
1252
88152
69003
5654
6437
55469
94521
68548
31088
64166
6304
19124
93246
44108
92938
99431
44306
24690
11534
31158
12278
49637
97561
55348
39595
7116
35044
80883
54348
26035
65676
26066
25784
36189
37947
93006
45717
1018
37170
40597
62140
32040
99004
40312
65936
81322
65439
90890
95676
81301
29997
5706
59004
7743
77858
13323
36742
89243
96208
71978
23817
86792
74766
14966
27192
38479
39953
9983
37212
56162
9456
59808
12730
29459
92642
93243
2110
13561
38226
57554
73437
4554
15025
25572
99398
98007
4262
89443
70984
17762
91729
81515
94986
39180
71006
24791
23461
55650
63028
70797
8143
54463
22534
78225
89241
67908
74402
73434
37771
33965
88849
34377
21931
60972
31782
98104
38165
51669
62502
26068
11355
53925
71576
4977
63662
4013
93534
37443
97117
62297
88447
68137
30739
79151
68514
19372
40467
11707
98153
57502
95133
62289
99374
55826
6175
62837
75023
62741
80630
86707
92938
49062
63480
94683
27468
27111
59029
89477
87914
54608
50319
99381
45412
83532
63739
89110
80216
99566
32170
85826
10061
98572
94542
6623
9696
35592
68061
90633
75060
39452
24624
52290
36253
77447
74123
50280
3226
60611
74268
31851
45097
86518
34193
55538
5475
57650
93423
87906
50038
36739
30208
7044
46234
47866
61267
24050
892
7852
33917
42840
2179
9882
38763
57793
68188
97184
32275
39113
31048
86461
27833
37375
15222
96988
23546
34316
42276
55064
97290
85
94939
78036
98056
95438
10188
45367
72612
99913
69902
58738
18294
51369
92449
55680
57518
38501
52845
28746
46927
89205
36842
41145
4099
46255
186
20922
84883
91048
31219
95246
70904
89273
671
90363
43624
16938
4083
46412
88601
13964
99150
24040
26350
29348
46533
7965
67587
84294
25596
84421
97372
10086
13477
52384
80785
62594
7272
7063
20842
23119
22197
93516
8932
50582
43023
35955
45184
18148
12946
87413
53307
50620
26087
87455
42464
30617
46593
37079
82773
64321
98857
825
74169
97993
98953
729
69775
4918
19118
20569
52975
99370
67681
69092
88471
70698
74134
48311
17023
27386
1907
45810
61940
97993
67600
16389
65677
91371
34134
66985
7485
97043
33266
89249
1700
88984
74738
6272
33166
34811
69127
43613
41768
73483
63757
75492
46071
47588
210
24318
49715
61202
52757
31123
56167
42752
49676
39316
85299
51042
33692
4976
42617
22350
27224
30268
10156
50280
9632
16789
89850
66420
90536
41462
84889
38654
12805
70728
21460
837
14441
74663
31285
67129
95935
1423
51822
52751
74526
98577
83561
56015
33832
57525
529
37348
56493
48011
12285
8188
97897
45817
6916
25966
80906
78749
81790
25172
93437
75795
42570
96799
44707
75193
18529
51976
91072
85781
47563
83139
76720
36823
2369
5888
36368
63306
35443
47713
91922
93480
18284
47370
73072
74149
10175
44186
91996
42882
81848
39173
6368
38891
87923
57821
60679
8825
6194
26386
57012
4000
8575
79757
12096
37223
34984
3852
44899
47084
10545
61997
49606
33268
54156
5314
18157
62764
3341
4483
74891
94462
38070
26827
25794
93321
26992
66126
53795
49452
90367
27097
30681
82406
11394
74037
60192
37413
51130
76031
37871
10291
50184
80883
61901
80714
87960
7390
39217
79019
4846
15307
28584
34517
11743
93824
14813
71687
14386
38946
10387
14417
23946
59882
45106
33573
43492
84550
96281
32899
48468
74620
82337
94226
33760
67985
28087
25145
35380
1474
254
15374
32397
34104
79717
1345
55981
27240
24262
73083
63725
72326
31195
38762
59855
90658
8189
52989
13222
46913
67440
37112
3253
34936
39623
6440
57143
16830
51277
51245
81052
5867
67916
90532
47044
14387
42003
36645
57164
24434
67081
7956
40844
54226
26007
59043
24539
74679
66836
61243
24418
85871
57047
87801
79150
89803
11628
86732
39450
92212
65204
53699
94660
14143
63584
76967
91131
55270
86134
93618
38042
74663
11396
30370
47662
14350
55567
29320
74420
10040
49308
80882
45235
92537
87633
29467
46478
5298
99127
52052
25388
86117
34437
86532
63939
27885
32059
86843
80144
76306
43542
87610
82589
6629
78788
44947
61000
83275
72135
29049
56615
48532
73400
77459
40014
9246
42779
64625
61308
20221
59003
55095
51937
69221
75812
23638
17542
13691
12834
18720
90886
11111
37922
21824
3426
5125
49341
47749
25773
26927
22254
20735
46144
95979
51643
34562
4518
8743
92505
97025
62328
33292
19478
53477
70155
81486
84220
25136
78708
59097
42962
64290
31630
54038
12227
19880
21347
36345
35894
16653
87081
33383
87041
38629
31400
51961
63299
14548
5260
68593
8610
69931
50511
25532
68941
99770
72236
11778
32467
87106
85942
85996
88717
29845
26375
48394
96242
91506
76336
38052
69302
18853
50151
29605
17640
26667
71633
17694
36821
2221
5689
64050
35583
51133
13619
1897
88689
35917
57775
42504
91125
34664
87972
64522
97461
57186
9705
4864
95353
98175
80299
37943
44297
74757
82667
30370
21295
32613
90903
37637
5912
36329
96553
96032
12232
45429
18913
68463
74851
60938
96690
16928
2785
5565
3992
74947
47224
56409
37724
59672
16984
22983
25595
26258
56324
14258
46797
58849
48549
50625
9347
91841
31528
24544
72375
87488
96532
22029
22642
92061
89862
77418
28886
70785
90072
59429
27618
92771
16708
79449
48307
76839
41131
26435
47373
35329
42370
68661
76106
81149
30134
17961
19439
48623
39335
85841
40524
87540
69103
51389
98732
79045
8178
80081
9350
33730
3065
13525
55319
21657
25368
72714
27570
54587
49393
5003
61590
89365
99469
86718
72373
10852
33548
33495
71035
21765
2666
39559
66014
52591
73906
98606
7351
84197
86222
19032
71768
38176
88184
14763
84074
80129
10136
93188
87725
10273
88720
17050
70234
58084
11587
6996
39534
67487
33405
969
49607
62037
42239
55255
65838
54170
36355
74555
44808
84652
79841
7173
94306
31676
41840
7577
90423
72514
4317
18924
79236
30890
36132
5752
70158
60696
7074
32958
12409
33384
87434
54394
38846
19421
36300
29946
73444
58582
24672
85843
14823
29110
28095
53300
29592
82948
40957
37135
29720
61767
31326
71353
14444
54311
26575
45900
56997
45266
5985
27921
75780
97557
58733
16347
38547
76111
45476
18968
66881
71339
60097
70664
32753
94504
6174
20662
16642
73515
10270
82483
85047
23557
9534
93691
54221
96804
10728
50940
35815
48817
72808
79698
72798
65888
71006
69992
92164
8767
35077
53655
96665
30003
97039
40499
42385
55188
52386
2052
82908
3451
77923
8689
71270
46235
50550
80592
91688
18578
80714
69556
65741
34349
78894
82363
29790
21016
67365
47392
5716
90318
46721
36190
86101
24766
19143
64721
51009
96994
70508
57609
11648
45050
41476
25530
33672
86143
95628
87113
36197
49345
10293
69697
14316
94104
48799
56906
44662
59782
11862
2650
55894
90863
81348
52889
38512
61802
39268
20626
5737
3565
55023
34852
25221
20695
46316
40617
30219
92394
43999
58845
92931
74559
13536
97562
71822
69829
55134
98309
70440
22638
79947
86972
48344
22263
67647
9357
55829
63971
88939
5158
14672
6659
68140
93137
97982
61285
11575
98261
69529
45375
43383
30389
62396
60258
58885
64934
57978
10674
28765
84546
77561
85183
42413
78565
1385
62976
8787
85602
65673
83073
56826
55427
30269
43546
34988
43762
52733
52982
40927
17586
27963
15764
59458
58345
56914
45419
76066
10945
15814
6508
41832
12794
68594
56086
39537
91280
22128
52057
2850
50960
95103
85734
67076
72622
31105
4058
38272
87053
29116
63768
23523
31962
7286
27283
98909
67748
59683
46554
28856
16393
69809
1461
91383
11636
29109
41327
295
24969
98635
48937
71952
4274
83458
80942
79628
80460
75060
10547
12871
6157
38790
85882
23948
65307
91833
91557
20918
76482
4433
98364
81104
94653
23061
2725
16638
24081
2068
2904
67291
2542
57303
81326
90897
18696
74874
175
98753
45606
23428
99648
7514
76243
99157
55485
71999
54026
5071
34325
25340
17305
63165
10019
57896
94894
42851
8927
39856
87802
74544
21161
76257
86120
12400
68739
35878
60927
12724
48986
88939
67652
54758
41401
41768
76745
59673
97338
52449
30523
84215
50591
77336
64703
16877
10489
28986
86641
29465
73955
12755
44321
3081
78450
50375
47445
8014
4693
81103
97580
96643
76532
72745
90405
84467
36325
76626
35668
48727
54728
83972
59294
24964
21872
78816
21623
69624
92490
83617
64015
86791
96948
15153
55584
69089
13798
76834
70660
20595
38962
40816
91742
43256
15604
55017
44636
75868
29648
27478
69505
31821
5149
96749
91863
82506
37978
11567
1852
80269
11386
87263
37945
31865
58144
64487
26174
25444
7617
59641
98675
54971
47826
55780
7122
35506
47440
91647
65170
63594
71052
82489
41086
47339
58220
43045
59708
54179
63977
53636
73802
30409
74019
58670
97119
18326
89765
84300
69047
88777
97517
56966
1920
80905
24791
84303
90352
65268
20078
67068
29551
86715
96611
75716
54441
1379
85430
72242
56398
47055
42509
90286
35599
95090
55812
31133
11555
62218
81764
49168
7981
38556
62494
98520
19638
37403
2147
14457
42510
44855
80108
4050
29065
80546
66054
65359
85973
21180
37221
99441
69113
11537
58614
30839
98546
2938
47886
62930
47769
60596
46968
75628
9587
58123
59370
34247
10234
24364
36175
50308
45764
19594
27599
50956
15049
25130
29590
87395
56352
3094
62650
10224
12105
86424
49470
68066
17462
8434
76125
11675
35151
92428
37196
82901
75576
61811
1476
3374
61186
69303
5631
25669
73723
5715
79525
68691
30230
19712
40817
16030
67983
54876
23481
65440
16413
52290
96681
89675
61084
40603
56495
82127
61589
23136
83834
84965
99238
55387
18529
56369
89756
79346
5930
64369
67349
85445
17519
58585
30948
97072
94242
77156
4442
5284
29327
42194
17781
27646
9535
57713
49354
3118
95884
92490
61398
55826
36682
1584
41724
2392
59262
14275
23000
67668
41402
19451
12063
9923
3159
26837
74870
83338
28415
89756
96012
81408
25126
38947
7541
95420
57020
82629
89329
69787
32803
19153
46077
81088
25486
72074
93144
47992
42557
90174
62179
1678
50419
25371
61401
57808
91051
83981
97287
4805
62647
27164
27613
92143
91951
18215
80361
61308
37966
74861
87104
29096
38443
487
24662
22166
4305
17962
70626
83675
83181
10782
68480
50669
7814
62177
18300
69840
76227
96651
94872
72206
28143
53926
34646
65834
86157
69412
12080
9456
13782
92095
7824
123
32883
56789
83496
51976
32506
69997
11513
54850
31606
6131
71471
684
34100
87589
28902
95993
69591
24909
93096
74101
67730
71497
68820
46269
9653
41190
59494
93249
22745
48895
62109
65175
37585
21550
49430
18742
34984
93181
95213
41970
57175
64022
39672
42090
91237
83131
87463
54365
31227
58439
61282
18272
6514
98192
67319
99030
73430
48297
8160
11700
909
32914
4604
87442
1591
62036
53734
24285
18480
59738
95359
36540
27913
11628
89909
28522
38468
63132
34334
10262
84109
10033
32705
95629
41912
16274
2076
41735
79894
3649
16986
20044
18635
2565
45701
64655
96860
10895
49973
46250
56812
3236
27832
43637
98002
1636
28251
58225
25214
56781
68171
66804
44743
48831
39763
79842
9642
66402
65841
68331
69
23065
89139
253
23883
49019
22609
37088
53188
58987
70507
15865
97766
84522
42854
7261
37924
97663
15352
38414
1790
78455
52216
71885
54781
36256
81765
99733
58764
93132
1837
99036
84933
40348
63804
21130
49063
66639
23817
45642
36730
2499
49350
41500
39774
12813
37458
61089
50726
13829
29448
47956
25342
68877
17950
60862
7762
65361
15491
64775
50261
74533
37748
30626
90753
22814
42840
41515
84143
73339
63644
76034
21237
48023
99438
27681
94570
12620
13826
80805
49203
6563
41139
70220
10647
58345
3003
65007
29911
54801
19248
52106
32428
71777
22953
36485
27139
74196
95394
26184
42572
97667
38010
27902
83659
13688
22106
58817
99487
34484
94061
11587
93492
43872
34609
10968
34390
52866
56456
56690
97171
29813
50435
68942
28808
97068
51537
98971
33822
23799
12803
5045
85345
17876
5690
51229
8394
80715
80403
3369
34243
23208
95766
50201
62021
26144
23232
55073
15683
61197
6603
40923
20485
20854
26194
94254
24047
64834
17637
32612
23856
72360
65078
75984
66226
41099
24516
29632
6115
4533
8245
46448
64109
94287
33042
65352
54120
64277
40776
75282
46503
17
53316
91917
60189
63672
80299
50962
57589
80019
2007
37672
70247
56313
62211
89734
30351
95895
88775
28488
34159
28137
29875
75868
65137
431
69123
25010
32239
8366
12113
18115
72452
91445
22809
96136
6366
41971
54877
87716
14789
9440
43761
32159
86484
58287
55021
9938
60320
85203
39921
21129
75275
61599
78641
95479
27564
39720
28458
15532
28386
93832
69652
93850
60947
69232
33280
7764
76758
62505
27991
52469
11171
94421
30122
86594
7262
1314
64694
44452
24302
26547
99846
80349
46434
89060
59906
65047
23261
56418
16280
66251
85183
50562
73915
71457
80707
78189
30126
371
86847
44359
77815
74873
15224
29454
37405
90036
21289
1714
32990
53623
62611
87487
75746
26964
540
3422
78554
37356
16140
6827
63647
25349
21965
30306
40160
94446
82205
47531
79253
72558
67879
9212
37858
25022
77258
94460
76259
47208
51938
3030
4007
9236
68110
49563
63730
7353
28978
8114
93305
17545
22309
5322
4936
61768
8029
60565
74274
75172
90358
32907
25593
79904
21318
37651
42932
29785
76392
90604
95397
12737
19205
89630
75397
49760
51969
50923
65664
2941
86823
59730
72276
43302
56294
6391
12628
74074
44303
64885
18680
61096
68338
37385
49129
70282
46729
81148
7757
16057
15315
74261
34414
22628
67081
57580
59919
93880
95680
26241
62067
43260
68397
25188
61630
32794
62995
357
32262
67192
57091
41393
24060
50615
94592
65624
85519
81558
23468
82194
22921
8125
40161
26046
11075
47916
13235
3725
74450
28345
94295
53662
13268
68656
68859
53675
39800
71937
18131
33975
92864
29813
20068
67585
18209
13353
75002
22169
44063
50517
18558
67179
99255
84069
12738
68145
17737
36358
1113
81341
73563
65716
70883
92041
10136
54554
88929
38300
81422
74929
49462
47761
64969
16787
69077
40747
73187
4886
96105
65812
98373
97386
712
12906
42333
91146
70202
90153
36871
50575
15776
13071
36326
69943
27199
76254
25485
32786
93285
5287
13104
52745
75584
66911
6875
19856
71763
21735
80406
24493
2095
12053
87499
30063
80332
47656
58041
54081
61063
21964
61903
78108
66533
28712
9889
52289
18418
93467
38264
24505
81865
85979
47368
47667
91273
51972
80685
92198
92777
25167
28537
21207
74002
14467
81119
23009
60350
96531
21898
58384
13097
39295
41316
26271
65429
60620
96424
35978
94945
83679
25980
73621
27894
40809
41420
44510
81568
9663
97876
62151
44086
20078
86504
11424
49614
14713
4452
68829
23072
53071
54013
1525
33655
18935
62383
85347
87334
4604
73378
33546
4634
92199
67612
37020
16533
65904
13355
62572
10932
8788
41718
96495
97200
24360
388
51142
87448
15065
17129
9023
50861
44057
40657
85641
87802
7496
42489
56214
54346
62017
53871
95760
4515
12726
97072
50096
75913
72476
59593
94001
92771
56079
36759
8727
29200
2270
96105
83360
3636
52568
6225
1511
63595
78412
59833
90974
72192
12025
43648
80370
10206
48090
64638
58068
73988
68309
25426
85458
73553
86478
27501
36405
67643
3673
64007
23310
15965
27931
31090
10121
45695
24537
67659
40116
69029
10037
73305
24768
19815
34164
41574
769
21854
32846
614
94907
35534
66972
98024
27159
41844
15219
34290
31509
76413
15321
17783
30247
43050
9318
81702
84186
7854
11898
29688
6408
9911
91766
34538
43855
35592
11004
69426
42310
60589
98747
33668
97398
10080
19363
25984
72472
98645
52580
84750
19751
74495
50429
4577
92517
55713
90907
20772
96057
35187
31786
19858
99625
8375
18418
57840
53713
94576
86423
34295
34385
13828
81700
30372
60803
84275
83136
89927
37472
81334
3160
57094
38491
88821
98321
28798
97409
55026
710
85918
68146
27032
1117
36324
44033
98956
50650
66064
3119
91199
14293
51347
50263
99862
85891
99031
35763
95752
25643
32782
93396
80702
64067
21724
51907
71104
17449
66813
24466
40198
96242
7790
35699
70665
23572
46766
75826
94810
43594
89954
5788
53925
92753
98432
64439
17531
37844
90724
87430
5389
67742
8009
29581
2105
28069
94086
1319
16184
21518
94262
51911
14363
358
5857
74679
66423
77617
9449
98845
48387
57951
75440
67784
49121
64254
84591
83445
65026
36633
2059
49794
64621
796
28733
11021
34332
86266
15466
19186
51428
22471
25050
26281
83528
25231
51616
75086
67912
25429
65323
4350
16936
1092
50413
58273
77225
3892
37489
98028
90950
28549
85233
73342
9213
84256
27802
27054
78103
6281
16257
26449
19786
67178
84478
96608
7180
98588
94038
99354
70863
7085
26564
58745
21036
75716
53529
98309
66955
56992
44866
23748
48372
32847
67158
15148
84470
37178
15186
46034
43114
85907
59233
55893
99620
18404
40484
15085
57025
50928
78643
6083
78307
59821
25631
22676
32394
4387
58056
54110
51323
87587
67121
76603
86851
65246
96581
19830
13302
8733
46455
42511
21996
31638
6384
121
29183
88703
66523
10637
10095
12104
38335
3869
45966
79402
11509
52981
96851
20044
99297
90389
93139
51857
77241
93829
78247
46286
27677
40279
66411
80292
9351
9402
61769
57127
49697
58965
27969
88986
77093
22810
47843
7881
35596
44713
53004
20919
94262
80375
22059
85819
75340
68752
4454
74677
39209
29670
92360
98993
20361
99959
89276
14025
29298
18095
37629
43388
80049
48802
30679
86063
80235
52331
11408
26947
34475
9994
44520
73203
20284
62614
29793
52407
97029
37286
60152
55945
87965
556
93734
37576
55931
89244
62534
21433
82755
8367
34799
59338
29924
31640
95637
57211
3206
20396
60656
77163
47512
96650
42105
66866
94409
38389
85285
63690
23358
80847
4645
73007
17326
8253
4231
71092
45375
281
82023
54520
49468
20687
71682
60699
24609
55297
92200
126
7203
84004
24126
63159
26258
28577
89978
44600
90187
38874
50760
75207
71719
50624
21441
62047
51726
71321
55392
52385
43952
4181
20069
15699
1400
58190
29521
4275
8761
28568
7053
17533
29540
62219
4191
14428
83483
98350
60768
54834
37269
33116
98846
96713
96583
4605
57094
43006
75015
50452
1371
84666
79808
4049
89248
20664
55940
42724
86827
4880
39781
34259
51141
48413
46709
37463
56923
45566
26592
35992
79143
57160
766
25990
42327
151
26599
70666
34115
44995
30728
53945
30267
3432
5578
48199
17658
69585
98532
29680
69845
95427
72633
2006
36119
26292
57006
20450
81626
58124
55392
75817
10129
91407
96601
3742
58772
29147
22663
39542
63668
25938
39959
74038
48710
66023
9940
77424
85994
66385
40202
64333
66324
26079
58683
30135
97317
93594
27674
71138
76962
94749
82828
8157
52893
73296
55338
44707
98615
61747
51769
11668
81657
67554
24721
45085
51304
59710
37461
16788
71442
96786
75081
60383
58629
16042
46495
31401
86231
61561
51538
74382
26745
93955
72544
76318
94939
50561
21863
59292
30088
36827
16133
57380
241
82844
5311
9145
34498
93418
74966
79754
81024
50963
55492
9110
98194
91279
239
64921
33217
46528
71904
257
22169
88234
6442
95855
78649
98345
3314
96092
31056
6012
8935
77665
46607
81534
50585
99604
57113
45389
64425
99590
16579
735
73523
68039
19901
304
59310
22741
25045
87378
3603
35413
98390
58048
26805
52348
72994
66986
84111
83262
28683
60249
19699
38007
17844
53537
17870
90981
30285
13331
80455
3659
9160
31017
21116
66172
20507
72515
29588
94302
40077
18648
95773
23757
18082
12390
77912
16007
8875
60546
63114
21063
68405
27869
96716
55638
51416
19875
53278
95214
87524
28912
80965
59930
83504
2488
17762
60942
57479
6252
73184
74629
83473
93713
4821
64037
5774
38359
50140
30770
13028
7473
59896
33319
83099
49795
35335
46758
92126
25832
13454
30846
83890
83463
86274
30375
80577
35058
24371
12543
45258
88700
29112
12271
41417
48136
75847
84632
7469
88689
74097
4946
52779
5387
65638
74436
66889
84287
17899
24121
91790
34525
72098
71461
27881
32088
33223
35791
40194
25271
71790
38237
39136
51447
20418
26803
57194
85381
16014
90493
72682
43667
44697
52512
24149
761
35175
85530
16459
81259
7149
86085
52744
53210
55240
51809
61767
69122
78922
64631
69329
6562
27524
88305
40877
50189
81391
10675
54995
27949
21299
19843
13702
14246
73186
42755
80771
69007
29311
39085
72613
29878
3197
77944
77890
63989
6243
29446
64040
73209
21958
36602
79664
89046
83726
58090
52011
75573
11745
67708
30204
95945
31075
86348
14022
7390
62400
36385
43955
76468
73034
28979
84457
26538
65134
78241
89710
16356
39663
85252
47843
72395
70641
49976
41166
67361
10189
14660
18052
45440
95902
69700
17715
63657
36367
53371
19205
62322
97330
37959
91470
67464
43700
75767
66431
43203
12548
32035
12834
27621
76724
90370
62259
14929
43793
2351
86006
19332
7366
94994
64705
71267
21074
1585
44962
84145
51160
57106
36256
93513
9556
75515
2393
20193
25798
51317
68117
31038
34849
34268
71430
2286
71082
80419
47565
95808
55817
24865
93300
56500
47863
75682
58757
99259
95815
95871
65653
90261
36207
59286
70489
90137
25900
1163
2373
99922
86477
11261
80379
25852
15482
66215
33289
97245
30326
43637
80205
93094
6899
58938
17524
69271
5913
71876
54183
27834
20080
77226
93552
69956
58191
77561
29576
84642
56003
92498
40930
27688
35122
52326
43089
63001
67322
33953
62883
56678
10289
99561
83276
55162
83542
94380
251
28962
25674
99912
83326
86557
22930
70550
23601
81457
45867
52431
72496
19792
23551
2591
56220
75311
60569
3862
30651
8875
97170
80898
58883
57339
98842
10553
47107
90972
10425
72793
99567
25941
54243
84083
7997
94807
85391
52028
37257
22308
11666
44900
4089
56390
27094
41803
6684
46026
26252
9495
35691
32792
72436
98319
3238
5482
74163
48243
57733
44039
29080
99314
73049
73905
24940
61410
90356
51335
35206
33823
77438
65355
36037
75897
78034
92573
2614
1622
23006
33147
85215
69421
28520
74065
84349
17407
69130
6432
30894
6626
95837
10284
52478
99185
26211
19302
60846
51713
70613
32357
28311
35840
47206
21205
39607
97885
27130
96222
62990
54440
43251
66160
10466
31703
40968
43008
65461
38644
32732
88669
77190
24662
51114
9022
2440
49096
30869
4
37902
93883
76231
37705
44375
89782
96702
62276
83059
66663
91738
19870
39941
98803
80845
17332
94581
94626
65807
15867
85651
38864
10599
10405
4593
62563
79194
45777
28468
85334
69204
50275
51150
48350
27969
2930
54306
76303
97873
45799
8984
37495
5103
1137
38623
58541
48884
72350
59463
69640
89237
47206
27517
77446
33885
64505
11841
45833
6730
10975
80453
76320
26155
86545
26316
61833
98106
61153
92774
55369
62781
29470
26326
60584
48252
91491
60947
44983
91147
83982
59801
8609
92370
10011
56412
2597
52602
14443
11494
421
93653
27747
17231
67715
31138
23480
84172
82284
60266
56389
73308
61960
27693
83868
81522
48897
72100
7579
73081
7548
24268
72224
32534
53759
41332
67156
51240
24252
13142
63397
62085
49261
71233
67838
61248
67931
68292
78318
95387
95684
36985
45330
80565
67193
21648
46101
61835
90541
16761
45897
41401
8542
4234
78444
79877
6738
99002
81900
70097
91371
47993
27556
93643
20619
60451
50677
21756
53808
71934
2674
94102
67505
52539
3822
37291
85956
42144
30244
81650
43988
22440
58155
78811
30661
10075
85619
80057
64332
77237
12325
13695
41345
68695
76338
89285
83174
58775
52512
2860
72417
92787
75648
57441
86879
10615
8991
25106
14179
29997
57236
95573
93834
58283
37667
82837
74161
9004
39147
63064
53354
10682
70493
16050
2845
69189
90061
1183
81113
92406
31755
7797
82229
30365
32203
59337
13406
25980
87912
65580
14638
58541
63007
22233
91374
98031
72089
27113
99311
55782
43210
41975
84330
32658
53381
59049
75550
74268
92290
42753
15699
15810
79758
9360
60252
76049
93713
89560
53421
48908
10867
81845
39066
5237
78765
52877
84039
4332
68167
41472
79841
101
28900
4949
80334
62827
48126
35110
75310
95993
88408
49468
33360
44724
78345
83936
83323
75638
92648
85977
67244
18161
86291
91124
49898
52166
75835
73322
7840
17728
98451
32678
62955
5479
15266
16349
42811
75032
88549
42859
4954
1173
68881
29712
47300
74940
47794
84887
82513
93942
24300
53852
76469
77136
1447
75879
16843
89058
52419
34828
48575
82579
70157
86847
93897
46036
65883
29875
45026
97409
81834
88626
61066
78788
72411
70559
79728
79591
98338
57020
85865
50739
67053
39762
53002
59628
34676
96121
71323
50414
99589
19879
14750
18411
88943
13845
71061
35232
57647
17938
69826
78374
45323
87143
15521
46961
87996
82251
32403
31314
35653
79313
17962
10043
6661
59042
81486
59944
19114
31695
82935
12116
64581
6251
87480
39169
17746
88552
65608
23505
10260
48589
769
67614
74302
95154
68042
64873
86778
86663
41649
61702
97016
24439
16304
61538
53372
31619
45081
20425
35412
35238
37571
60462
92215
68429
9616
19931
61924
47804
53514
31337
20733
52894
48616
31893
72289
94584
9677
31456
27219
75744
18767
7443
66734
38787
61805
88588
79131
23852
78477
26231
41228
86204
60187
60600
82710
35588
99827
47711
65102
53123
61142
66288
12936
44251
36062
53770
74834
74246
97042
77613
83142
27132
43357
35582
25380
56738
47419
36344
78094
51263
41109
30468
29513
76286
65415
68198
29760
72605
58419
53335
16360
88287
13733
57411
92738
47046
1673
6617
90234
99866
68271
36859
69712
78955
58759
39933
57202
88931
49005
89453
30329
57298
84784
89583
77902
40144
41983
2597
46850
11602
1172
70712
31090
20253
62050
11407
37027
66126
22036
8458
30760
25436
60556
97877
25205
21033
715
63554
69571
96367
3071
32491
662
93949
19767
51249
32087
67677
75211
89082
89720
7189
7733
29540
72677
47895
46111
93494
32226
76351
70331
43741
18025
57992
75124
23570
60483
56923
80446
88127
82608
71444
65657
10343
389
38280
68564
97552
70767
40768
8779
90600
91015
11806
88177
68963
71402
84188
70740
90501
20090
2102
98110
66908
25276
14864
74901
17447
55145
98902
66659
56671
92417
90334
30228
40962
36688
44263
93711
3560
56431
38067
38468
64246
91540
19653
15564
71045
44366
25648
19964
17155
74930
24367
86937
86266
41792
68745
19129
53041
72791
36511
56324
13768
61247
65777
99332
20505
12303
35486
11031
11886
54876
97180
17592
9942
25269
74435
99638
94894
44722
49579
39092
61701
76117
9920
60482
1016
75845
56792
71765
24412
72077
56824
49376
81558
14148
40696
40259
44829
80860
83792
34813
83984
84665
44891
41395
65962
46276
90490
89878
24261
94471
98191
93432
24596
26783
91340
36311
82749
66321
75931
76765
72191
38537
814
50459
37947
91247
71408
62017
62913
16922
10983
251
68549
44504
25268
65462
59145
7376
14279
97180
68046
6753
82504
15448
30552
19948
18738
93910
58661
2810
19736
25812
47001
53489
54432
56448
10029
35351
27552
91922
59846
50942
46877
49959
10610
91589
23704
14967
62944
771
19836
91774
67937
27636
47347
78564
48069
58624
23045
4965
64859
37798
75689
41484
89078
73930
34680
54059
62890
91861
65363
60762
48083
98923
77793
22350
36150
7344
91745
73132
7219
52891
52792
108
85510
14445
23589
69032
75467
97507
9794
59242
48030
4645
12050
37291
61373
74478
96993
10525
57362
37913
16146
27328
18682
14863
18538
64686
27964
4449
2846
84824
11883
20931
50163
9198
25843
16646
7989
22687
12223
73397
88958
37306
77359
16267
84200
47181
17095
64866
46658
48599
35542
9926
93545
33959
32990
75495
13625
87080
49927
17616
21435
34140
70099
16853
45206
82906
40467
20744
48726
53058
63
72159
81815
56509
94049
86704
6072
20745
96424
24232
74758
59861
5167
8514
54068
65865
21197
67589
53140
46089
36973
18342
41786
60511
80455
82901
70254
86849
21701
5769
53615
26638
80917
1086
77380
68997
36639
86964
26260
3437
21292
12535
50414
86666
17637
66049
16244
89527
43683
55609
59647
11563
15602
4815
18618
74957
19125
29437
67749
8307
74936
1727
1170
14847
85913
5695
38202
27099
95039
74657
44058
51854
42523
78778
81163
27092
1795
31259
87871
72188
17568
50684
59820
88043
64918
39905
41264
40775
61641
37529
6770
2862
17958
39390
1085
45786
76902
30155
64416
47661
69075
78019
4021
32335
86082
74451
28633
11402
9922
90232
86853
8846
71710
47954
81197
24848
62691
83225
50196
52166
39287
80550
13818
17443
33551
28716
4721
81655
58664
24167
23102
67672
28667
17050
35182
86881
43332
17500
86173
41246
37841
78354
83793
7552
22100
12859
77106
68491
57235
46921
21978
5578
62295
10897
39503
95252
42226
40925
92455
88893
7958
99840
2164
95509
40316
36650
76587
30130
91268
22785
20764
92386
77876
70727
75774
64652
57834
25351
2917
66053
480
97115
7648
32400
95325
2212
68710
10224
97599
80568
87478
57232
69927
6730
77985
84954
29035
16046
36158
16964
79426
14779
18251
6351
35308
38756
44230
61360
47037
87259
99190
60982
802
77308
69831
14507
40152
50237
85891
12576
84079
97607
66120
65957
18799
86905
13356
17235
41582
73473
54189
49002
45005
91059
95826
22962
88623
9851
85211
59131
16701
72777
42847
8019
96578
12098
36685
86470
53801
60857
82895
39069
62025
88412
57373
2946
75180
52926
18326
82740
91808
48600
93588
19719
27675
90134
96372
33955
5869
67029
27799
78483
29514
75434
36175
10422
85115
55411
71944
90835
56069
13979
81614
86586
67848
94452
38241
8635
93484
30767
49789
22842
94760
33826
54847
25787
2110
26091
66204
30673
67285
74805
54711
11065
22865
33509
69332
3599
75416
70540
44134
2808
94177
36747
27161
81400
36961
48402
54673
46859
23767
88784
74278
79154
49946
63763
24576
71032
6772
19334
11669
86755
19771
89241
13438
90461
75295
29471
80868
52051
80287
68222
60301
83810
12338
20231
76656
75942
36465
79755
70451
50043
37048
80185
38835
20934
11749
52126
97326
78527
75023
78633
93980
86904
58916
90338
83937
75037
3566
67340
88183
58963
5390
69299
55417
51442
14321
20931
12165
14766
36680
83417
31197
56251
90261
60399
68058
74748
6783
15887
48550
1885
77428
98512
38802
14569
76337
99600
52618
74060
56200
26948
34341
3722
94879
93454
95285
43905
31325
6858
43826
79187
29016
59020
94276
1193
17743
19749
86250
29602
28753
50295
78577
93787
25065
79837
10355
13418
62334
9700
24242
35143
64627
12630
40419
61984
82523
40221
41934
12749
57123
58800
42137
80330
57047
48599
76252
58211
64085
7374
89898
26701
14095
29573
83894
42968
67872
91270
4389
16738
49332
30452
28885
84842
23337
45358
65220
6605
34234
32869
84219
81205
67143
8944
79584
55013
82337
46278
12090
79067
56383
23859
157
35438
95860
68752
44011
19160
28537
71661
31554
29692
61909
64678
72896
85932
95856
17334
34232
58345
76841
60875
22037
39571
1627
72322
12143
16071
94380
60098
76078
1591
63697
7257
55239
9800
9995
80839
59781
14561
96600
39148
80367
11836
48057
49586
527
36777
49416
51435
28788
2491
42596
94881
45766
56291
1553
59260
7527
67131
4243
17451
39804
87362
76330
26297
82920
48342
90717
12101
52310
39047
70047
57564
66523
90230
81439
68290
35183
29738
46853
40512
13553
61239
92337
59670
93889
27524
97609
32918
80969
37057
51725
29503
54928
39430
79998
81214
53262
91757
13013
49437
64177
87366
29375
24070
66415
11549
73118
33450
77389
12960
47027
34127
82343
32425
30177
88790
87735
90115
80212
81430
71218
87624
466
98825
75742
31087
55324
33609
87962
83043
15681
24809
25482
48979
70963
68043
81337
69214
1257
19565
84078
59492
10486
4099
51945
88265
27767
6769
93211
74160
50422
38159
29319
28316
57661
20608
5474
42603
86133
18344
76016
95270
98578
63355
86773
99799
44233
63088
88551
16237
2487
97529
32827
95745
34129
41504
18120
47439
83574
61438
81367
71655
91078
16572
54501
84003
35978
64574
48180
78392
25150
99204
91887
57359
22144
25424
50106
99502
281
64773
98422
8511
91392
24063
12636
89620
55074
52881
98699
41457
52149
90353
34177
84615
45679
64315
59812
90315
75191
85569
54673
55819
21722
5301
1872
39948
39443
78648
90851
96511
61597
56676
39496
22200
26138
9603
20048
36992
81899
29015
77467
28084
96495
67938
20168
51309
84909
74465
41181
92041
93672
86612
49905
65957
4937
76046
12451
50220
52868
54406
50356
3456
29083
91795
80223
11994
26890
15377
34363
93943
8958
16799
25204
34889
31435
63756
4437
2918
61949
51555
46296
17937
13339
8897
76810
82232
79895
3361
21764
2249
2357
57261
8153
71290
43179
96895
51607
89181
58385
72673
26745
53684
66375
89446
21139
18344
70452
84159
61665
67066
58066
64533
7903
9833
82754
88060
23872
37178
65174
13875
18789
95668
79058
60648
61026
13199
99352
69202
40256
53637
39514
89300
70380
82376
63550
49463
39409
1366
7142
92265
1759
59087
65795
12304
87044
92927
40678
47090
20294
85126
82859
21190
92325
51889
88064
20698
7787
54520
70917
21929
77658
5504
12387
73962
32738
49904
39559
24478
39191
25244
65302
91936
39037
29586
40841
31057
69303
49020
47665
43056
99335
59630
74559
38763
22796
69521
72358
16205
55297
83946
5006
91535
45189
94366
1254
98622
2163
27632
80516
5344
97481
55731
20582
78681
30060
93961
29241
99699
18566
10754
28311
486
75117
9051
90453
66516
63711
27422
44889
87988
33018
36749
95887
34242
98294
67436
21086
96312
40668
7961
96732
2955
80612
85514
76739
39247
31797
70480
9198
43181
72365
39095
76853
37961
81169
12096
60492
74675
73639
38668
52762
39103
68746
41301
48983
33832
37835
98313
92363
63412
77488
56496
53323
20374
1203
64346
30939
34309
97099
57947
82730
59483
51416
29245
28293
30383
42787
63755
99309
55408
76237
97959
57759
61082
32238
60422
3897
46675
78136
55378
52624
88881
41521
13997
85671
78645
65836
71242
67507
22213
99656
48330
10070
40768
86839
62007
69746
44709
42884
8989
88549
23674
68612
27135
82020
29704
67631
6021
87302
41099
53432
2187
56297
95038
48928
16946
98176
64735
34366
33750
14112
32676
51884
21750
97364
80784
4614
57801
8651
44002
21618
34938
53097
97632
95317
84552
34647
31735
88909
56079
22086
82513
26565
73684
6851
6160
38712
52795
56122
13488
80351
75354
21609
38086
51576
15686
66333
32202
64406
60106
73054
39447
23920
77199
65070
14156
23493
2784
90624
77178
93136
58083
34135
41358
28386
29750
52129
83931
9805
53304
59632
55150
4280
98140
54096
49643
9002
59988
16836
35312
29338
82808
59132
17231
63014
15938
88819
69982
50519
31840
517
50886
27375
48022
83569
17728
45800
35624
59150
20246
74669
79037
86925
10425
45548
412
54246
37966
26765
19791
8705
88510
37248
33953
92906
87199
94823
95281
81136
95459
30300
68981
60237
90945
88435
89548
36839
84272
98182
2392
74846
3278
75060
95579
96112
25664
51103
21675
35664
75093
73319
73742
45082
66921
55401
69173
48339
49944
63611
18163
8463
9353
49087
35067
41992
3158
62855
40691
95826
29878
66840
25746
70761
78340
33533
2180
88716
66204
52072
53482
91783
83933
19562
59508
57934
34624
83261
74775
72434
22276
5193
46778
65234
65615
35037
17535
28457
33897
60449
60941
71088
70853
7180
28023
41912
15997
55636
89652
42818
80366
59007
67513
32552
81577
73040
64751
73197
57634
82214
86898
14659
67139
28112
76681
14793
29550
41697
63769
67622
51670
84748
36663
28588
77884
46530
36592
60826
41210
50521
39859
88541
4492
59181
6097
83075
1480
88025
34024
58438
92403
92973
95917
91617
85877
20726
53695
29905
87460
21487
52940
97191
96121
4279
62573
4048
30029
62625
93040
99344
29687
32954
2488
83086
22112
85503
24204
63312
77899
30920
26305
56018
4288
19548
54891
68782
42320
91030
6390
12277
41740
94209
46870
18386
75204
50966
66650
54645
44085
73197
64690
74929
84698
93304
73262
36251
80476
86837
1990
58244
47426
65004
40137
23627
27444
38053
99937
87561
39626
24058
75251
44237
40239
45290
17383
18472
17565
20107
83306
86773
22649
7349
87716
74228
9729
65424
53126
3712
83014
73123
59801
21653
21974
41815
66462
82775
3466
65935
70753
10848
11645
79763
81638
54770
95212
1987
44177
93411
79709
71457
48468
38258
81812
98560
65591
70870
33294
26663
72401
32298
96811
60060
1648
2517
34240
21314
99632
60027
56932
15994
73031
78869
12962
88944
17884
98797
39179
29501
48420
10663
58462
27152
25475
18327
76813
92753
77486
93760
75077
31515
79154
21383
51722
55145
61091
17415
17166
24629
55188
99269
8033
64988
23769
14145
47811
29108
61742
11513
78920
57424
38301
11379
4736
64305
50178
27634
83088
66
54547
83754
34582
57496
5706
16570
96569
85652
92277
5490
64942
33597
51492
62462
40471
43935
89096
80150
20993
38014
80881
38702
24265
81725
51185
95003
92176
19636
55670
757
75769
55085
77416
80677
14028
70349
36111
15775
23162
63047
10440
45280
85748
39379
34624
50951
58359
92828
85818
50201
25321
42823
18339
97170
88637
68633
36714
53000
70516
87227
55187
54777
88480
53769
94330
27537
68208
22999
11814
95415
62200
92469
93158
96379
15922
94924
30751
45935
26722
66279
77720
50480
87320
85135
54063
80666
32945
18395
89247
36607
65364
40673
35793
98669
2346
90366
68530
80802
73757
39943
79935
7918
80373
76030
53314
61980
50380
2818
89938
88742
12811
79252
38427
18050
96952
17710
949
39388
16429
62901
37244
45481
44584
66316
55449
95833
2530
93271
52914
11475
20057
81407
53185
89799
81666
35047
7985
20352
59289
69747
27799
34891
21004
99789
24122
12794
95837
73918
76387
80852
57508
75916
1804
22206
24872
67329
70187
92049
24160
48557
51419
52709
2624
75451
33184
33292
78751
80965
15404
31339
17350
95838
16968
43371
73336
6877
74874
1980
84447
9926
54164
17369
6916
47787
84713
36560
14495
69865
80614
33781
18870
52631
28457
73931
20721
51383
89226
6879
33939
59642
39845
64166
65202
58396
14156
78644
97563
99095
36206
31816
81028
86659
59333
50288
81839
32523
89485
71928
53575
48582
85614
53826
32483
42204
97073
58485
28413
39245
6921
58973
41594
91535
42868
76459
44409
22146
79103
48958
21498
48004
89855
35399
93834
76782
10543
22433
81875
22020
69507
4487
81386
84299
89695
26326
18684
35940
88169
13846
49931
59325
17923
3492
21864
20279
51038
86036
69565
85243
11108
97290
79932
80941
2012
71201
91032
72316
19229
52871
24869
18707
23249
4697
71797
85167
31786
99363
53900
75862
23057
40016
21025
37812
3620
20855
26173
57770
52365
17684
32881
88816
62485
23414
27142
96726
67212
94967
89254
41812
19346
1782
15651
65317
45273
56171
35959
86971
76880
50996
78226
96
7535
4230
33047
47284
6473
36714
12517
53845
73974
76169
14248
70623
8110
75223
33451
18990
82443
38365
35625
92200
83700
86615
73573
44097
71903
70799
93540
97021
53141
2479
62245
29641
27308
69706
5616
13109
7554
73543
73430
16705
40630
61859
9106
3854
71355
14360
83711
63824
63172
54070
36704
701
70074
49384
51864
20728
6090
44170
79801
16978
23003
54277
85946
77722
14772
51979
39701
23496
65769
70584
93313
78605
410
80871
68216
98449
9580
26444
16826
39223
15716
25633
70389
65191
79455
13599
10779
91379
59656
28513
87362
73613
35722
10993
65184
58580
11859
63612
70208
92868
79042
67629
2271
71061
4495
84335
74734
20632
43913
51959
11910
13460
76316
38966
22464
66945
78398
8627
1774
51256
58040
80422
96430
30448
7683
25480
93250
46424
61948
75998
51996
48162
42317
3831
12945
66225
76081
13885
63579
62768
84963
78793
69347
6211
51957
4779
14033
25487
25343
10536
19053
33056
52048
25414
63181
5409
4864
26529
70913
52067
91945
49823
69858
51111
52790
82331
18490
66940
86368
94274
11094
55432
60123
5843
8154
30986
53942
17946
7488
32608
66566
86772
89850
11495
43630
22404
68852
87858
72885
79183
33558
60661
24763
10993
90925
96155
24604
26354
63838
58883
80465
48045
254
292
93380
19893
54802
12505
35645
6199
92095
26491
85927
23204
60885
28216
28597
96547
81840
53750
48305
55291
83096
62714
33978
87849
2638
66876
13941
79752
77827
77821
17145
47039
92760
87213
12283
84760
87413
65546
49436
58399
82951
66008
48983
66043
92453
19849
69796
17666
46123
59509
42033
46785
74727
13038
73714
76786
72828
77259
39755
89816
51905
34642
78292
16844
6385
66840
85363
36481
45657
28199
86283
36289
89122
6712
31924
56026
52828
34822
5257
50921
69536
47950
34623
60926
10340
4604
24698
29299
40238
4455
38410
59656
33881
10930
2565
7547
72146
73700
33734
96455
78504
14321
29529
87108
71729
89337
21796
8986
25494
49113
83437
3748
76048
97487
63347
64328
27623
66148
79505
35782
2931
79767
35562
91826
53382
12774
9936
20510
12749
79652
90778
11404
29354
89505
55988
22828
34496
9736
74834
52433
78697
79346
45934
70834
87289
23320
63748
82544
68954
54026
12655
25801
10878
72926
21754
1248
96815
79179
57545
39758
81341
62101
92020
91871
31912
10703
16732
58826
37279
9652
36191
41939
29991
71780
43742
72802
39676
82165
20496
56490
64622
72678
75664
59760
73492
15854
49660
66810
44974
88077
47940
15375
45843
80568
26131
9501
40638
35691
12693
69574
29108
77350
19707
8137
57452
57990
54083
88456
73157
69268
98832
16115
36659
50687
20436
60161
25725
12276
59215
62410
73383
51853
98739
17262
19905
51392
81266
24639
51709
40443
96897
8605
47171
28693
17798
95398
24479
47374
11827
78544
44702
23166
29385
26378
68444
64140
57821
85814
69803
18165
64793
89727
81039
45978
97588
22615
35730
68950
30206
21823
21763
2650
75628
9324
46008
52407
21860
90202
29697
49631
53886
256
73913
37603
75334
16393
84924
27396
23610
49286
87915
86064
85154
81240
69568
72049
82277
81077
29848
3368
49145
15802
32389
72087
43835
86721
91064
68310
35509
2912
22808
1167
41341
24441
76331
89708
96283
84382
80807
80888
45018
77732
19316
1595
22675
9087
69984
88675
72362
30319
93601
98574
36944
68441
19268
14901
64659
20166
47166
35574
70231
22997
17838
58382
99297
53363
49725
89935
54958
45587
79148
36938
20504
90851
4638
92224
49725
86768
6502
26685
26218
2883
88319
37739
73738
81529
98573
54088
86797
11057
89996
87333
13749
33303
22285
8180
92961
40540
67647
47183
93714
20057
83693
79550
29643
12520
56608
61838
63914
20385
91860
58947
86602
89776
62043
24773
11252
78886
76923
59027
39714
93225
31661
24407
69102
81783
65660
19949
68253
41160
71421
15619
60892
54550
6620
24360
48602
12411
26712
29281
32824
4665
42787
10000
26236
4216
35184
87408
2432
97849
64132
81532
80777
22451
84400
50591
60545
60840
15712
26813
88096
18289
11363
63743
90795
88040
50302
23958
89413
89083
9331
9618
80778
72354
99670
87432
14209
89994
71756
96408
54279
13957
96418
60284
97959
29932
84544
38716
92221
6857
68416
98076
46427
99979
10163
92084
39009
87784
61381
28966
20016
67545
95012
18169
49777
36921
53939
28276
38924
97422
81965
64465
12954
3094
58272
47256
5670
62258
78484
79938
5833
69845
57311
38150
12545
43886
153
2962
3622
71903
37649
68728
23931
6334
4843
93611
73621
53282
99462
66124
78247
93951
94328
46858
54328
70625
90430
6546
62769
34765
6268
73714
89292
86441
60068
77737
34700
81787
91766
5298
19280
96812
50303
85399
35638
65253
49264
65633
38980
57115
40215
97999
85210
86859
9813
73542
52607
99287
49897
46002
39920
23900
41149
5863
37467
50019
23728
55052
39742
40339
81557
38599
82417
66217
5584
14379
11035
40668
14234
99493
99471
73957
93735
14626
72597
33579
32907
44779
49326
34046
26795
59931
92928
1693
29790
30743
39489
5512
55199
80146
9806
92298
32214
28923
72390
93419
40067
51590
19161
64626
46106
73335
95971
84493
70108
26909
51540
80679
77734
18013
952
65488
62401
27398
13646
4297
65017
49736
92323
78115
71572
56690
34549
14826
71905
50744
54979
92560
20175
50865
45219
12847
59561
75034
10504
74533
38159
82834
50641
2138
50983
57846
52537
67531
54718
19991
700
18589
54663
32399
1139
85638
6074
9551
97817
90016
33939
16777
82842
92009
86047
39599
36740
7975
71979
16632
79375
89499
40862
12417
85731
80813
14944
5096
65266
16357
18276
6692
88228
97883
65119
84244
82418
64959
33162
5972
12203
17650
40607
50372
579
5906
38216
58594
68560
36647
87586
59780
46801
68185
25412
81499
91023
7733
44829
17040
95503
19620
48406
64297
95493
82996
9357
89637
39514
15221
78292
37091
3798
72219
94087
21971
39919
25584
93940
20788
2053
57086
73057
52483
26929
89299
45625
63676
71600
74664
37532
33271
21320
20421
21085
29772
79159
58794
88112
56463
91181
48844
1758
88680
25009
34178
67803
30474
89054
42353
92113
13772
31329
37352
13595
55252
18161
24862
65521
35068
33334
9466
54160
62949
72697
87617
48290
8077
91632
86347
48244
25724
61741
74440
91402
27433
13400
4688
63187
60934
70569
72306
86573
74922
51434
36134
78130
5879
41615
90704
90736
33616
5037
15807
34495
42754
11120
50845
57164
12667
17754
97109
83835
86735
94337
21336
60166
48275
92857
63036
22863
9954
833
38646
87559
73995
17138
21553
68173
77010
15713
51734
36368
84787
30508
78488
60165
92646
79479
15565
85537
21843
76955
36663
2491
23339
37381
75736
11475
21557
66072
48217
79702
10712
42075
60818
3778
49208
47422
25475
84400
28369
74367
91621
52677
45012
95279
86274
98221
80077
938
21273
77963
64374
41754
15160
46688
92408
84439
80341
32720
18739
555
21452
45614
93593
52047
13375
35946
46559
43455
8568
37589
33293
97016
74482
17540
51292
74663
25682
30617
32729
56066
32332
49169
86281
64252
59844
10989
57418
62980
47915
23738
37055
38046
93587
28924
19627
70247
9478
4784
36926
91495
59402
52963
84288
93433
83278
45837
94381
56801
73163
28212
89050
52921
91652
52128
99366
45102
17891
22988
89397
81447
34814
80223
82683
66640
70592
50471
51572
99500
64429
42616
81163
21380
80979
39519
2850
99553
78607
34120
97811
66412
61441
69167
14537
93076
43365
51765
90503
56115
16601
99626
44928
40917
15431
91744
62940
40739
92216
43138
22668
44258
23329
12016
59090
82569
4262
47896
11846
56184
48186
89412
94932
89681
75114
92280
57499
63627
38981
31949
41889
51416
5563
7457
26085
8318
68360
96913
33504
75737
54653
18752
96402
91112
14105
81007
82050
1310
44601
85372
97278
21756
89499
47961
32105
99939
81278
75568
94944
53526
20177
35921
61758
21796
24567
88881
44874
51073
42153
59222
85793
26776
98168
41589
40941
83081
5822
82247
29402
26950
66202
88047
69577
15192
83095
85829
68196
5670
91422
72799
44293
89203
71592
30895
18293
72000
64622
37632
23429
52711
63876
86798
60416
50699
63921
12407
85086
47831
52994
46246
48648
66877
864
89650
17302
64495
70215
95099
96116
78597
27738
40096
60278
62202
67237
85554
2749
6224
19295
75216
73931
32885
72199
23451
79806
47625
60310
95024
5305
82276
35549
7529
56306
91533
19927
26401
30480
85673
23846
50870
59020
57921
1386
57864
81667
44251
89576
43582
90196
43936
53506
7589
35697
44797
38600
99749
73679
69521
62859
97267
72325
48669
46397
55383
41220
63724
33302
86277
73006
9664
50250
57723
8540
49057
89402
34243
26472
39597
83879
11895
80407
65675
74452
57575
15743
87774
70299
96421
77989
49710
87470
24287
54426
28166
37877
67577
47965
73519
27100
8521
92957
95757
26522
43427
92822
83678
36888
2940
51375
11009
33902
62954
85689
23244
65797
47747
1781
89689
46139
40985
19317
48499
81526
55382
42042
90228
17545
84944
57574
36507
26935
77451
87359
55827
30761
30189
72930
93557
33048
12515
30541
77506
28504
86583
15842
43985
14612
35424
34682
1830
44331
32479
8554
9685
46161
53915
80882
57979
62977
7307
98428
50304
9869
42590
76016
35373
65203
19551
48745
47269
18561
66923
75504
58766
51804
5325
61321
81819
42435
30008
2157
21667
45918
32497
44489
74367
11168
76034
35976
63544
2722
19126
75687
95809
73236
12840
43126
75765
87563
40528
50550
70520
11038
34678
34037
41012
16810
85525
49511
7091
66080
69320
88243
58504
43824
83934
79952
30678
4864
52471
93191
60892
55019
77120
81480
3589
12112
43318
63699
22354
83714
18810
51826
16759
28592
37374
43978
19554
5570
80988
72249
18075
99349
82134
8031
52106
67956
65399
28286
86007
18044
55819
43441
68478
99367
58144
82636
18379
19669
72425
10648
22891
74000
18167
65847
55112
17953
34245
63616
85782
62580
54214
72842
26642
65000
85751
14475
83109
87281
10611
86265
21633
39269
82525
40596
88242
88468
80595
19049
57534
79048
5647
73706
89715
12201
42769
2928
67363
91542
40973
63743
28793
24960
94248
4031
81338
88682
70219
58932
13513
8705
58619
74370
24529
43681
75902
3822
12841
69933
16060
89764
71634
44797
75413
77203
76979
35677
4167
88037
44156
87442
73764
38084
36626
50608
93329
77243
47867
89981
6477
39125
94901
20803
81409
4805
4697
56149
179
1014
27395
95509
34784
898
43767
4803
18880
45081
98902
90103
75193
32288
91266
26796
36987
12075
72418
2966
80056
57666
1166
22583
29839
57209
84662
7578
55200
70948
55758
87168
83384
5982
858
49238
78818
2638
99916
1662
55144
80705
16765
14442
67974
28645
64655
95508
32592
69120
46788
50605
96128
88451
37499
56498
57814
31897
66459
5564
33409
39383
15967
739
44169
98387
14318
12963
90641
52671
40334
62671
16718
14312
14400
73215
21791
51627
84389
39606
49188
27760
87195
14669
24595
78452
43927
70247
13948
10888
7016
89482
71796
24702
55226
23186
66785
90135
40371
61497
93927
72675
46028
75393
76131
17103
60680
71749
25419
23941
9589
15739
25654
20038
25368
35803
78235
57932
27924
95815
53505
82010
10692
83729
71787
25288
75465
94682
99935
25800
40195
80922
12790
90325
98148
74457
16405
34312
99244
70734
45330
99614
52067
45031
18262
42653
15271
29378
98366
24069
86458
43017
72667
47233
28366
66143
75772
8147
83653
66767
90450
71224
55472
2555
26545
31719
33106
19670
34528
82663
41754
2869
16462
29708
41197
14397
68913
30562
30279
68625
66707
16523
15168
59986
16105
45573
98034
29989
14826
71674
25884
30551
50389
97588
48555
76094
67309
78979
53057
19302
19682
29290
698
55312
93825
96319
92583
81641
70732
83950
52312
33368
89145
64539
76857
22217
45472
52077
97142
30776
93539
72267
61474
81624
98604
26652
64869
43881
137
6245
8985
30469
1369
68297
61772
95447
47945
12835
98207
16758
62543
1242
44397
57886
59684
83308
57667
46317
43372
12776
28195
46992
56145
22403
84424
85164
39795
31879
8880
16878
63283
53196
52591
12823
49153
13267
74092
20914
72616
85529
7840
96977
33334
11529
25809
28586
16477
55231
81282
15199
70154
10035
39426
48179
72010
26733
17360
33479
95698
64904
8865
72076
85442
2853
82031
74062
74030
47380
58070
86846
52053
46291
5209
27833
35358
46792
10411
77105
57936
26872
34581
65312
46149
50107
72560
17125
61325
19980
48293
60261
23165
25154
17750
56208
56445
30489
4884
40992
61399
35654
64341
80320
20490
83696
93368
23748
14588
23565
54242
17928
355
35769
69718
32885
16878
76313
56448
16044
16178
90555
49213
8163
43452
49679
9428
64742
33979
53698
9907
96039
17160
10188
45318
52133
69867
162
88343
9791
46743
69701
35231
40371
52933
60302
24827
11578
4196
54132
87044
39452
3506
13492
695
53023
10535
55577
99760
14134
15011
60863
52983
3555
6694
58345
71398
67977
25084
2630
89476
76885
40915
83685
22045
42939
43063
58109
19623
34186
50522
7143
2181
19230
42017
25208
52217
1652
29629
70542
60443
48355
91730
57000
61940
12388
67731
71895
92317
22411
97223
57257
58547
33525
76046
85125
81181
15379
66908
53417
62221
97596
76968
9321
77340
55845
34908
425
97739
37646
95723
98938
76291
53422
28108
8782
65830
68469
16479
87187
77386
24621
60468
63752
13096
51232
76234
86413
22002
28021
2026
56022
6223
85198
45707
97407
76116
40074
12860
44963
49836
67448
50600
84017
16118
8873
21520
74910
50269
27142
67832
21029
66687
99475
13031
78019
63777
98579
1176
16950
53905
23999
73865
22012
56452
16597
54483
87013
70479
89690
61469
81414
76956
79128
31125
22828
56266
81599
56881
95810
5893
53001
81078
11412
45530
51529
28313
91288
50018
17652
37117
30846
84263
58131
91141
80129
8759
97672
92562
38289
78438
72092
80424
10374
33089
23860
42273
38308
68352
17901
10600
22043
6782
16504
60873
29177
59899
21838
2481
4280
14642
5243
41660
95316
8002
80628
10138
7658
61674
1201
25839
34196
96889
32931
81112
17098
83904
58931
69847
61741
95652
24402
58990
27143
62484
80944
68366
28972
6477
49924
85010
90024
26019
71701
10033
13332
83181
66981
2485
26625
47386
44337
62276
69824
52436
97670
56630
5384
24783
2630
52629
21333
48669
93226
99152
17377
95064
24898
30579
48703
40706
75501
1864
86636
27268
34977
96865
31565
69108
37179
31029
90927
33350
87866
19869
73404
81170
24025
61253
78031
63187
48676
13528
57768
97428
18731
60163
22828
82207
87229
34703
54042
23134
15498
5569
29738
76510
95152
74353
49791
28932
42799
61029
85573
95941
13905
2439
99796
65800
86304
77550
87106
75821
84543
98384
36064
33300
22501
89513
58076
32677
35491
14895
16479
53473
84865
42128
37393
38689
34273
65791
84240
47238
23125
60166
85072
75836
51013
83271
85123
211
45516
43782
20706
30814
84812
7807
13398
99788
45493
14114
97431
95216
32039
90401
27786
68678
50517
72927
75060
75003
11453
47015
42833
36974
58992
28810
43078
11154
41644
87882
36226
55238
77419
74051
7457
92805
70365
57989
95486
88720
12764
99621
63115
24149
65408
4966
11112
61464
95400
36194
18389
41005
54623
16270
65711
47221
3480
89292
32661
54424
5638
38356
79040
68895
51947
89351
50691
99695
35493
11581
9006
38260
89854
6293
20027
80943
62661
6452
46690
91516
21753
99782
78602
32862
96394
80329
36460
19914
83367
26187
90004
69320
44436
80654
47668
34199
24382
92322
52731
29529
78952
45404
31193
90581
13137
6287
95113
92222
13291
60298
10361
58218
53801
57102
3768
4319
32354
86945
62437
12707
6841
87230
197
87292
37665
3210
27111
48891
51
59379
9924
30757
90718
8288
35292
71031
1487
56160
52065
31362
77683
74925
91842
26050
76775
75038
20891
86346
59956
77215
24390
19592
89922
83958
52307
18568
3318
13716
2720
21760
73356
48868
34257
66822
21074
50229
56997
61844
99172
85050
48747
85145
84268
2821
96439
99583
47827
5935
2666
89225
34749
48496
77418
42207
80543
49510
27610
28351
78963
3487
56814
87222
67475
8772
60425
55975
43891
83098
94845
53499
33766
54052
27552
56411
57272
97791
16167
29449
97171
17242
62210
72467
28101
12975
59413
72646
11725
13381
70716
17727
73228
83196
99558
50894
30424
32608
75675
69544
57868
19195
84520
54215
23831
31618
6755
99788
74173
92739
5181
68928
63847
85019
6621
81318
54924
26738
97275
61220
99079
50670
18712
52876
51503
74905
74872
64929
70574
62721
31857
19725
49888
71616
67101
83188
72124
11084
29194
56635
53746
99310
8909
25882
14256
71761
50627
89647
53495
63821
17261
1331
54326
67770
17714
96216
37744
22226
31465
86734
25676
66594
15104
73450
42564
31774
16188
41434
4955
46347
72163
50879
35069
86062
35936
4825
91704
52192
99846
7376
68177
57908
89811
35924
39651
7147
84957
23889
69006
82648
74670
62029
21989
91780
43956
41966
2747
53724
27138
86098
38595
99255
54570
86265
90190
60982
62601
44142
52510
44699
70373
55584
73471
39040
91845
52660
27117
20840
55734
5597
91039
36904
76739
85552
47203
70875
94165
52607
99816
45953
50376
42401
19896
24056
66550
98613
9650
81296
95902
99849
61675
50973
2975
77914
25860
84586
86466
50630
56680
14502
85062
60437
14798
14780
79751
16733
57374
48191
14661
62864
23722
65685
72082
97760
12628
87267
49452
14270
11355
44373
13778
87815
15556
18539
42634
6661
47696
43747
79017
72464
39037
41025
43835
88913
19031
44432
97434
78267
79300
90629
72624
45599
90946
63168
83310
31798
88083
59293
85161
88887
87869
17542
59296
48403
22112
75048
51648
64607
86702
13965
28204
70125
32598
28314
26241
19349
99793
44034
60060
78220
18563
6543
64809
53716
24077
63836
18359
68597
66081
92886
78532
22482
31621
69552
92249
57187
99179
15937
28957
37789
63491
40791
59895
37419
24296
31147
78622
23047
29267
50350
1828
93890
72888
4217
67656
3002
56387
42879
80453
30547
43656
38080
52762
4176
3458
84212
72246
93323
83575
61483
82691
40330
86175
21228
1637
60500
84611
37319
19808
7656
2001
32865
12798
10024
79389
19713
53682
5845
35272
8145
2831
83676
74883
27709
61829
29219
10046
83533
14715
80964
87438
27986
59929
42668
31830
69408
68257
50040
70355
95064
6638
51631
87746
22983
77979
72241
59897
19968
28061
8190
67555
18457
88696
81143
83207
34288
42002
95017
37787
13660
32507
29801
4423
50036
46407
18074
90682
93115
66744
19530
84395
36515
52899
56081
50719
95585
51316
83019
96046
47715
20758
42790
20749
59032
25136
73417
29277
85367
70469
50680
98886
52933
24909
45305
36203
39898
33536
21266
96211
32245
4411
77660
20097
23178
60150
42328
46900
65550
26431
48651
71604
62996
20072
17221
56789
87188
11235
2220
12912
94451
3999
724
92539
49301
17074
22593
56539
66330
89762
51668
33642
13139
79799
72167
81338
82928
86139
1512
40985
65505
68936
74852
24112
64521
77155
51335
88288
98008
52137
93895
55007
53005
92597
38488
48560
29040
67242
4892
25599
25710
65007
87298
37558
64771
57071
45922
2563
67251
3597
94475
61194
55060
44154
28792
80226
88225
1720
4215
28474
71637
94015
32731
59693
38126
20282
10525
79447
46996
88082
11881
51257
40343
80113
88677
44862
65873
49076
85242
64887
99642
54929
32370
3996
15074
56737
66717
55127
5753
95577
94671
53911
39959
65220
65313
77552
96106
6406
18685
74974
61863
63224
56536
51919
70994
49023
4176
16019
82521
28512
26883
48020
84177
68549
95296
38832
87533
57028
6910
13853
17150
36939
46767
79720
63200
49585
95596
1507
18399
40625
129
42899
44465
35698
55086
21724
29151
36483
30948
21976
28916
99557
2776
10936
35434
60916
90591
53021
41702
41771
8162
55672
82475
18805
70322
22059
93137
89161
51263
99754
84426
59578
72012
97680
44958
88242
73235
39291
8106
88249
47183
57672
75273
53957
3597
84079
71105
89830
29995
60352
59943
544
39606
3962
3024
73051
12022
11962
49198
91797
72442
57774
40300
42869
45398
90246
28166
11460
86750
9141
97166
49017
49327
8345
17319
28753
30802
82324
64789
76561
52479
77501
39893
75985
63186
59791
69589
59059
3766
81089
40818
95175
30864
66608
68043
17440
97307
14238
14050
3545
28479
98604
55415
74836
39977
8970
74640
20733
96262
76850
51313
22064
96116
92262
33748
40967
96710
13265
93307
88393
35812
67682
13660
43066
59422
194
34583
89909
80669
34745
97931
12033
57474
66064
85836
83745
45524
86093
73829
31977
24176
11354
72990
70297
67505
81116
42035
50771
29888
68444
18839
9409
77999
5595
30784
85705
54702
63644
62801
574
53039
25098
95517
10595
19969
53411
14059
31058
2767
83305
34358
5025
90288
36885
51318
46988
84271
4372
54749
23691
11462
35725
81508
23732
41704
3820
90239
22094
68948
46176
25640
36037
93868
39760
64705
48234
23
49867
82568
87882
18522
38088
87592
78631
75867
26421
41182
1757
36641
71096
68593
87192
80296
69705
59969
76890
71427
7981
14062
6910
91182
66688
27689
20948
68394
29792
5921
68660
55353
35346
96598
10403
6426
89299
98792
39709
27684
87547
51702
20533
33862
95218
32591
20747
64871
81025
10989
96931
21755
73034
50528
39388
74110
1578
28592
65433
49428
31630
90015
59943
20280
66246
77689
5918
72190
64052
73350
61155
20273
14415
94839
89269
73220
11653
53547
14275
99742
69045
12251
94986
76757
74998
74557
87641
75085
73665
58383
99090
5007
58643
90730
90546
77473
95041
57503
4047
40873
64438
40110
79176
80512
16165
12414
53549
99959
93413
24029
33049
9549
24390
72146
81417
37266
38150
8746
33720
68569
75530
70622
20271
28394
48084
33195
25192
41114
47923
32676
30078
20346
57697
43056
24762
30264
78020
50440
48648
86992
15993
53908
45724
4024
10315
99023
84391
32530
63164
89174
41680
53701
35179
46954
48074
25485
68795
97253
31797
99734
39825
80051
39768
72928
24102
67854
98532
89885
58374
95244
98623
96980
39917
83893
2351
42384
5194
79768
49091
5348
38936
50846
14127
60688
30113
78822
21620
44751
25059
9806
65828
81040
79190
7650
94395
13840
5320
92819
1122
52446
45127
72838
51669
38970
94384
57090
29891
39720
74740
98568
75636
82732
11529
77982
82448
14881
98234
36751
96714
46666
76548
10070
26547
37457
69804
27290
61704
13268
69122
42536
9653
76405
92135
58876
24542
97250
79366
27371
90109
89200
8065
9187
42467
48985
33607
51540
33644
1391
69603
83501
14377
96654
5911
24702
16480
16074
20707
10445
3849
48733
32290
28557
71893
13069
1635
58690
21412
96763
69495
35227
10248
3528
41926
98615
73231
85647
48011
65924
46300
92877
1499
88030
63299
12069
37539
50251
12628
46922
9663
33728
96345
35805
92936
60714
68662
29379
61109
8451
33218
19584
18592
53966
64541
97695
65565
84451
76031
26284
29276
34688
37391
76326
91801
24076
69898
63604
17632
69546
18001
45105
58547
15754
47282
83363
2303
36345
27459
47628
82320
63607
56428
42136
17039
42586
15333
49255
15131
49338
46441
17823
4682
20951
55380
44054
17587
72327
55163
61579
30378
63042
69424
47199
29452
62135
73829
96480
15395
96463
5329
96644
72268
75243
48742
74962
82813
35025
76229
55894
55674
2599
34263
39350
99792
50084
86498
62638
41272
65782
16633
75892
84116
56866
19487
20836
8648
16040
97151
39178
34353
27373
936
7376
65960
33014
38979
7013
58688
89986
9518
79199
7548
70828
41560
43412
2031
79422
76412
21846
90909
11830
35579
24349
94081
2780
55559
98691
97190
23250
76690
91002
89459
71295
78866
12018
48593
54075
22773
52599
20181
55614
82959
88247
84320
30759
86383
84211
28201
93894
66090
33753
16644
30388
41117
76596
16797
11429
64379
71804
7588
95060
63413
86798
68889
56591
71268
79285
91498
13928
10885
41459
85419
96385
55993
19983
71872
39554
47664
47316
7103
80059
17876
81349
5443
61808
25823
67099
21712
31419
15604
42010
50244
33046
97158
81139
11546
2547
59871
69916
14698
80995
3145
99664
19954
64650
74255
65453
3605
69669
25865
95176
93068
17799
53040
96866
12346
1464
10308
463
30736
20104
83553
42965
36962
21667
89708
29155
28590
10668
30334
80228
51706
18028
2429
98175
92742
35499
12722
45550
38260
2692
36274
77830
98706
30609
76995
34612
99533
60905
83654
73195
27434
83944
99673
1265
55450
71535
13514
32101
16857
83877
44644
60819
35042
23762
33168
27633
30402
30072
79914
29504
32718
10678
21290
41470
52385
77020
18660
13563
45332
26479
73777
61408
5731
70130
58735
12970
63972
96971
35943
52729
85580
20917
44872
4967
75719
27084
41653
6609
29236
12999
87868
19842
2108
75425
12058
98381
90700
64981
52232
97238
60431
40349
55870
36906
72129
98908
25449
43638
13508
58859
29570
9354
73919
16981
74578
87945
1091
64057
87584
62096
71225
19725
33192
17968
37705
21429
32255
64502
34026
50991
47098
99942
4915
33618
51942
94465
92901
72932
39448
51183
41584
9351
49772
17841
93055
79981
15257
60071
75722
99833
72194
96837
42092
62298
6301
65869
64138
71200
52063
63182
41935
70467
52789
73035
34685
97431
51565
49028
54406
20393
35447
10643
63450
93191
46175
19197
95653
49393
69895
72366
3471
21824
83471
24565
70657
11998
58928
96338
93339
66061
29599
54251
41832
95379
91446
70619
9249
30006
90863
67111
21702
30050
45252
30924
30130
16523
46508
90430
39224
88348
98491
90689
50415
93763
81953
33670
18360
31620
87444
95216
16556
23819
24121
20574
61530
11834
12006
28015
41419
4960
99393
70173
35752
92077
1691
33222
84449
28673
24640
6023
24473
809
56554
34998
37195
52535
54082
46348
57481
34478
18444
75039
33943
21256
2617
54892
15795
17668
61785
94411
82265
5821
7465
66370
44440
38109
36858
79922
86219
75126
66235
81410
27507
65805
89571
10154
15145
4778
90068
52099
66313
37771
44152
62546
93419
76263
13005
96703
93039
55901
69953
47317
60408
11761
2853
56670
30335
8730
53980
94548
7096
12029
35270
31125
34402
64151
29440
13028
58984
28161
94792
86840
1865
71308
58691
85506
30198
85505
27205
44702
7564
30894
88687
94824
69389
13068
26637
18227
4189
39656
38508
80081
24763
934
58958
26562
53152
8249
14004
38492
25407
95112
1495
43735
4039
25988
49698
67730
98704
20632
81588
42051
28239
2471
67442
97938
78648
48452
22336
98321
8606
50725
20846
6723
60758
62616
31572
55345
82607
50575
3966
23602
41302
79377
80409
12862
85773
23964
89414
38499
88547
19819
70775
56478
63172
56980
77410
1019
75181
56833
95828
39593
89840
14475
4894
56294
25454
99119
69059
34667
57231
19050
76600
11995
14586
58594
43241
37517
68507
65757
1925
14553
68713
43302
30115
72450
77794
75613
57131
72157
12283
11931
31626
21430
67609
89501
37263
20520
93337
92291
69906
76772
39583
24270
11679
5845
63527
24556
33333
65416
52773
27912
48885
69496
94190
42553
56245
28789
30330
79030
86169
53416
98453
32328
72750
69636
70542
73805
72631
42870
35867
22103
72826
91369
60685
31200
50623
32082
20005
7703
98199
87482
78864
61872
42946
96687
11253
61236
90386
40932
513
6378
44898
50302
94119
14526
28551
34171
55172
8693
80764
93422
1160
98719
34242
87280
85824
13240
36761
72834
75969
96902
69522
52339
76880
66730
21973
59182
98952
71035
10754
69773
91960
39887
98974
89065
56954
61122
79281
65314
2103
78919
40876
52804
2954
77610
74629
69541
90666
39387
47859
78386
85008
36513
99956
14698
13844
5909
44782
9064
97252
22761
13451
16130
40286
27760
12991
50509
557
70425
67428
8047
84648
4620
9140
37801
14555
9880
19858
39713
8941
49996
60157
50840
99194
90808
50101
65858
85514
79597
56598
41527
96460
61220
33007
81113
93379
51034
81587
53123
35074
83107
69475
76053
66277
62789
31665
92902
71664
18062
43736
43848
85448
34151
15124
83603
29134
90333
8823
33402
16075
39673
86897
25049
97713
86003
54080
39756
67298
13637
59027
5829
97523
55091
96252
8684
92735
40767
68459
66966
21902
25012
25305
87132
72018
81109
65208
96300
91308
39056
91669
28353
58121
43559
73306
27479
9376
67501
70258
47583
72114
75009
26148
95710
17901
56848
94267
30931
41328
44755
63703
31905
73958
21575
4314
88892
7384
93896
97473
43702
19550
73765
76752
48434
87594
48150
64391
71590
79532
74488
34079
33223
33301
60377
17397
73011
40176
64409
17367
76174
70267
77645
95935
27073
6390
59671
70730
14638
77021
16790
69183
1459
50387
54425
59212
30877
39511
50088
98559
97553
72091
65768
5061
8108
15347
4276
43204
27709
98441
72615
39717
83709
38289
9835
6330
77891
24062
93577
48511
31605
17750
91345
10336
12745
98903
8188
559
13254
41746
11126
78000
37810
13661
24404
86762
79104
30219
322
77612
63973
91331
84583
90759
23260
68977
7430
69643
98256
26415
22429
1892
83360
90465
16362
4256
42741
1519
13530
89517
41231
71740
38795
61376
35935
96597
78305
33524
73000
87846
79609
5858
70761
31029
68563
2655
7686
75808
77366
91069
5286
8292
31396
60174
95170
49586
70476
95352
50630
6446
68913
90170
64643
17253
3807
31960
65055
90708
11541
10316
82835
2387
68605
1810
3889
34064
14739
93755
39417
99649
60360
39025
51788
26620
35015
27129
82859
90570
28742
76693
63364
92664
9550
60209
17552
72955
67267
86538
26338
92636
13687
69756
66179
3076
82876
46489
40556
73126
960
21258
10967
68240
29463
39019
30521
93151
19117
48206
43826
50899
69400
91427
37809
66968
18281
9040
47051
6191
42188
6495
64723
20154
4704
20782
22420
10340
51058
65843
60773
43074
235
21203
87374
54301
21156
7537
66121
62890
61109
79527
15284
4581
28713
17697
47792
431
26491
80610
50108
38168
78981
97477
3858
65762
40906
70662
94567
36851
65275
5729
22212
31930
23202
31416
53317
54355
4300
18744
7509
72824
91957
4331
66995
69225
58713
4209
19431
13657
77574
89933
89630
23446
64091
6094
86711
73220
9269
16175
77150
9178
94516
64550
88647
29315
21837
98938
45867
81229
79905
57694
14100
70517
16589
33296
67334
46599
10050
51714
16868
71277
65815
96274
57076
9381
27817
33269
69956
66603
74744
52746
58830
40493
42156
20686
87563
67213
57328
16321
99598
46675
4288
80933
48214
65518
61324
19480
68246
9511
56042
71825
30493
84069
91072
45834
61495
29267
12576
66453
97051
21373
70628
61288
50978
18099
43735
31149
7929
79471
94523
94005
2241
42702
89517
52227
9397
23122
39389
28443
70014
17950
67613
14074
8397
94852
23936
27259
76410
47324
49676
67833
68426
13458
72154
56979
55055
23539
28382
75494
86041
69016
89222
45466
88267
96470
30713
83164
74585
25313
87959
83839
94745
53576
8088
43052
21325
91290
89864
67176
14866
23941
51978
4300
5035
61866
59307
15747
29581
92342
82816
96274
90963
60596
1364
98140
5827
8314
15653
72316
32741
53072
15823
5405
87333
61299
10118
73083
74297
72277
30928
47871
95815
10353
39598
92080
23511
80978
90287
86884
45995
66898
66664
73725
52652
29101
76607
35357
27544
66197
75931
66328
51237
48042
7010
48667
43720
78723
97567
66100
21735
91689
23752
97512
28399
73489
48747
56978
26207
85278
13538
75296
26921
81071
73039
705
77561
13135
54605
79178
73795
42890
9446
77062
63107
99834
32039
49602
59682
62508
38634
51289
34231
57952
43382
43767
73400
91637
95021
98760
32701
22379
22836
23069
52525
23316
26176
57140
71677
58246
37319
34543
9011
67042
86770
94355
40260
37821
15801
63699
51394
47457
94379
53503
13379
94996
21801
39148
66516
84015
710
39656
80153
94465
51531
21448
20399
2813
38726
14727
87395
4180
2750
17133
70303
42076
78149
21784
95835
8067
18910
56321
97630
37849
75763
9122
52040
85763
34878
27716
49826
24506
51329
11290
66582
6172
87323
25446
46884
97547
80393
84528
15699
55331
93598
66487
41855
20760
36876
98081
91731
31826
36220
27098
91457
36456
27374
46376
64351
17673
99311
18675
38914
44819
29841
85376
50417
28798
2338
80710
49445
55055
40549
47333
48777
25833
79949
72841
59280
16321
67857
71613
56179
6336
45634
54391
12042
83873
26091
10218
63399
12506
24005
63133
3897
51243
65684
50349
73658
22204
18293
80384
62049
91834
86572
94181
41743
58959
4079
89584
76430
26509
41996
94698
78799
67623
16736
41716
48662
94544
95147
44621
17709
61845
39268
12076
26020
38436
5577
34472
60694
44454
78394
28761
5432
75585
73711
39211
79494
9023
89798
36559
80594
51829
3217
72670
10821
12263
43280
84471
95088
29070
16198
82123
17136
83650
80162
42
61455
13663
45490
80907
32331
93458
58729
39156
83467
65409
26291
60453
64615
62640
63466
19582
39664
21
65190
80614
58932
82278
72743
66694
18763
12138
98050
49891
98734
72344
65267
21848
72116
10448
36915
94358
62623
45576
63660
21395
32294
25799
30409
89442
71570
72123
52968
54517
29662
51987
23755
88534
10307
37982
98890
28361
35956
86311
5767
37428
8554
5489
84425
39176
54370
25209
26671
21749
12158
62946
80834
75995
14785
57536
42187
21056
32618
87646
89639
25532
82255
94707
20164
2567
45838
20115
23966
16122
23674
93275
98247
25596
71720
81163
62286
38425
42856
32082
51362
29925
64122
40934
3500
66823
73789
89550
53753
57266
31340
76880
24480
83320
14445
2938
67133
57342
99233
73935
81940
26115
96340
17878
98338
59956
19447
52867
16199
93066
79099
92606
93093
36294
58229
20359
24147
25236
29033
27491
11385
45233
80533
7325
96363
52801
21480
87979
43168
1314
73475
34189
30553
90001
53357
91701
85413
57418
56192
48317
40371
71484
69393
16136
89799
1017
26411
1942
44631
35821
17401
1832
44756
81533
94408
33164
17692
10723
33099
35549
24
62095
64883
68792
95675
45812
85636
80020
32711
50908
61355
64990
15489
49963
54618
99338
46966
71690
14494
23848
67969
68128
95307
65792
80960
7523
41195
66931
45152
83944
55408
15336
94293
8135
61066
43927
28237
89564
94744
66212
40125
38171
48871
13939
17761
63805
22935
41921
19268
23927
62677
2410
75083
90803
39685
44128
9626
83483
99351
34000
71710
30670
982
23532
136
56668
27259
8126
34899
94432
97842
32525
27495
46670
32938
6122
25192
77697
45983
52616
28792
50344
46253
32531
97890
11260
2337
76672
8459
79872
65947
35054
19507
52500
89686
71225
22476
89829
96766
80461
88608
70331
20495
88821
52745
11441
61156
25396
97735
4909
46554
51770
53849
14130
10743
72472
53498
89234
43014
5348
51470
36808
99363
20186
31707
98246
77568
45606
21607
70500
94677
64576
18793
30945
50503
81570
12556
872
7966
39023
33352
90490
57561
36697
81467
13811
27721
55329
88195
87500
12108
40937
8715
62665
78157
19182
38947
15362
70912
67206
42417
91844
28534
27845
90645
85906
66979
94753
65852
22425
28520
18999
36013
38140
80935
16398
40913
25984
20535
99466
60289
68882
43601
63426
23601
18040
22629
68034
35724
95031
94420
19817
75927
64609
31639
90635
78472
4335
88938
36140
98689
65509
13293
80636
65009
46870
18492
49298
53419
93990
56977
8672
6744
22419
46696
48124
99961
6817
6305
69319
13703
64329
22078
53997
36085
56770
85082
24396
95376
95332
91114
64522
22040
53947
56790
60883
8404
87313
89913
23654
36640
55924
26319
64101
40684
97392
30773
13135
46284
26150
39213
48033
4579
99407
32414
60340
78631
4699
75915
53157
32415
72805
70178
79136
37637
56638
10139
94766
62119
94382
56141
62402
52151
66550
55780
80931
91125
36417
30247
11050
18255
7700
83196
7050
36531
62698
4744
54527
35264
81180
75966
67000
60810
60848
47320
83153
69198
22398
98190
44743
22509
38547
27762
22596
97115
58097
47481
74314
61556
20689
65790
8613
11165
33219
87729
16530
32325
35042
28785
46369
84546
4094
29870
73116
30939
35025
16837
1618
77419
30213
22553
18880
54258
91801
3011
32376
49045
36645
71551
35552
89616
74416
20924
74132
53118
17781
79858
12815
25760
67172
43398
52366
26474
75624
80751
74552
38824
13214
36162
89747
71862
47263
45396
27248
84490
98858
78806
18364
21437
83561
9865
69711
4545
26907
68481
57310
39436
74322
92801
47923
42863
70333
50432
24509
58408
37299
24481
21642
77055
47021
61394
76121
85800
64535
88872
51930
93968
97129
20152
83724
16838
84410
67031
22137
48243
97311
18613
28146
36649
46261
69280
17491
89974
34105
26317
79055
85042
84069
7511
55097
70101
98581
36376
18105
93167
99015
52442
12777
3223
57359
57738
90640
14486
56410
9054
63494
72173
33841
85938
89643
62736
91053
39755
89247
79972
16287
27801
47704
470
63887
99412
54890
26182
17332
50129
52952
814
3506
38471
22462
74758
42870
79912
31172
31561
7308
76808
37396
53027
32764
24533
73605
84434
31815
98900
44168
51009
66455
49707
27472
44002
48837
40122
45150
63210
21769
45279
44497
72433
49526
14599
60620
62769
22618
21111
7165
6377
44789
43945
65117
62260
91006
73236
19612
5869
85232
97473
29734
42239
88139
18896
45646
82379
47833
8464
71999
96407
54470
44460
68476
41584
59604
56732
36195
97741
52040
99722
79005
97367
32561
73506
85168
28193
41345
21362
9755
26296
5702
78006
88853
3779
69963
23744
50441
93605
85668
57826
11854
73346
30532
63356
96309
69191
564
22435
36358
17840
16403
34391
37880
43705
11350
97583
29141
13614
19494
14607
25457
2214
33696
4668
63007
27881
37614
311
55843
27516
15188
61016
33250
81847
48511
88698
6655
57976
80487
15928
12180
97357
59223
55331
44332
620
7745
59187
24898
44898
39710
30793
65655
46204
27332
53517
30050
35590
97073
33130
19342
66523
52281
87286
73545
19101
92443
81368
31146
96219
72187
17490
99997
46937
1581
90710
70600
90973
44153
37496
5036
27621
11337
53339
43407
17444
78644
1434
79655
22954
63720
29686
7116
69451
82528
79313
50852
71586
634
19676
23025
42566
66613
7849
75868
862
20431
62965
19287
20935
13932
60169
59148
38617
12271
28733
48685
5010
87096
41644
37648
76687
75312
58332
17059
96687
1386
12953
46858
79649
42304
84049
73731
27742
59889
64006
55458
65023
11620
6816
21863
35610
10608
98767
10085
38571
62304
83445
52365
24496
4495
89434
72990
65901
79930
53100
35192
27694
4190
16200
77829
26598
45413
85805
87990
4365
5992
15974
32005
61847
57109
67722
86579
28838
34468
28861
98160
84373
35419
57102
42677
15200
26065
5044
80433
7160
79306
43781
91581
98270
32754
52019
35785
52250
57485
17115
87328
15328
67368
97864
79756
32452
50681
56713
17965
56383
1786
37823
13739
17102
45415
48200
93671
68935
40716
81688
68321
94132
79998
86482
38779
75364
80101
74192
18859
61186
83672
62006
22803
36728
1781
86870
89583
20812
83504
82963
66364
24728
37428
87964
2071
14930
98829
74581
76413
58076
30430
72418
39773
20262
31700
91389
74610
22388
6736
66476
34900
73188
79355
18651
89850
50373
71940
89386
14039
64796
81141
13938
47843
96787
81410
67808
81917
49667
72788
74831
41838
54807
71705
67978
81365
57538
65891
85166
70428
46081
17236
6460
58784
98237
2455
54670
57297
14525
59755
34221
84236
87070
60462
10252
26330
52430
35054
7470
28927
32229
79439
31775
63969
3890
26234
29202
70279
97098
459
32330
96845
52215
98438
13703
39491
67660
9490
66669
33262
39516
19570
50859
58562
15983
55878
37827
80268
37834
32299
86021
49037
4609
47324
37553
4425
16526
39101
90693
8208
19611
2975
37015
69824
22663
88430
84951
64416
16001
27855
68108
78269
135
79741
83443
15898
20052
94319
17339
20550
8049
26140
34344
28894
61021
94283
25131
26306
97081
58135
59244
41286
9247
17502
66050
77104
94562
81324
94622
5159
46572
13626
49479
57426
4341
56571
64971
1805
67561
37992
75981
11982
56100
99970
60559
98142
33995
32567
66995
15873
58734
26016
16759
80684
84983
2747
34382
15892
11338
49660
30029
66324
59769
68687
36794
49840
84919
64392
69621
90191
22934
88968
75157
69924
92808
1856
91819
16600
90348
64555
61149
24084
96285
70649
80934
72925
50842
77066
18237
63144
94334
25864
40140
53682
99004
33590
7652
45594
83605
16468
90730
77753
24813
53531
92393
16964
12953
33284
48281
60553
12603
7543
77281
1552
10136
48639
72174
73297
1347
22448
70585
86202
17743
29165
92682
12520
35619
53741
23964
67866
24698
90903
74737
15899
61901
27310
81340
43870
89928
68753
30055
65722
57885
94705
17064
13149
6864
36773
59840
77574
76719
43426
42466
7499
71734
72084
57137
67676
78325
24246
47338
30127
41422
31932
87070
58467
78965
22387
65714
13744
98409
39056
71860
58195
34790
39387
88077
96241
25411
79625
40782
85505
71563
22591
59802
92749
52289
81344
85052
54801
16506
44535
38920
97002
83036
52813
17093
26787
94767
88568
77401
65391
88772
44857
9780
52404
27132
33174
30166
44779
83805
86374
74953
25709
80054
4608
70925
1320
51831
25833
60167
84483
56653
51562
52444
96038
62105
77594
88980
39560
59056
82929
38032
98622
30458
33143
68389
60124
86103
60474
37477
15569
34164
25703
25795
65014
43246
73167
23032
53318
13569
20906
94395
7534
23312
54306
37914
96213
23826
4824
36400
90856
16521
47740
60505
81085
43209
27927
91046
11702
9213
44667
43016
88965
47484
342
83039
68366
73396
68075
42465
20569
40316
26224
94513
87819
26378
26717
88261
14456
73561
63137
41723
89823
56938
25665
87855
9972
34099
52292
40057
36964
89363
65821
50534
50321
72366
4076
33356
44052
33033
76475
62651
37382
58850
84451
17382
35840
89761
18303
54799
5028
2895
79171
57480
10015
85036
58927
6044
42698
38364
55820
21345
58705
33820
58962
22786
14206
48146
78325
12555
40627
41609
69088
5703
69796
67466
5876
33258
32538
30723
63548
64236
79686
6907
14556
48710
34418
83108
10796
6373
30219
99406
43855
12970
1824
77966
77672
25033
18029
77653
51481
64454
62109
36005
81328
52783
4722
52713
88523
46977
92467
31794
85972
58435
65327
87379
25071
62318
54401
94065
78354
23810
2441
1527
1091
97350
71152
85968
98751
905
80923
18288
73148
50711
13744
44255
54405
65741
85934
86414
35112
69628
23938
18611
32799
41627
84567
78541
38167
38041
78145
65656
64840
12173
42629
88281
68114
70677
51707
12343
3899
43427
98857
54923
76403
36232
74618
42556
50375
60432
12278
10959
87758
13722
86265
24109
53405
96147
96696
8232
74567
46461
66226
44621
1843
25072
15430
50961
36878
67500
66353
51787
85280
32919
83676
10178
48987
43068
86835
92232
5463
53855
73723
75604
18439
19522
13311
35003
98930
54238
19449
761
66602
7143
64883
66182
35294
94324
42735
36183
53426
76268
84513
58858
59310
31282
25037
10882
7348
92250
81773
50925
76335
34543
12212
60176
79413
77355
85799
57975
2456
41083
67636
3821
9005
36314
55767
78365
4671
3606
8249
24038
70296
94499
53015
56617
80964
43329
47822
51201
99029
72906
97320
10184
13737
27848
73997
86385
29835
76409
69521
84098
95007
40556
18334
69446
74449
89288
79668
40007
33755
11052
13330
26708
56697
65466
3844
27216
69667
48366
88131
69898
83547
67338
530
58832
8560
37863
41446
43319
18472
22003
82130
32455
28436
17970
57549
32223
65223
30509
8516
45298
16175
93553
31370
92554
81480
27479
19651
62910
43584
34584
95972
9682
20801
54796
40720
75106
73912
67180
3665
1750
95039
71064
24261
17744
32816
16427
49393
73580
77007
86710
39695
43302
95730
48077
67400
3640
98512
78986
71898
93572
92820
65676
76421
81694
37288
19700
59127
62643
84201
72926
69484
84897
35295
73078
41287
90109
79568
43405
37863
94227
9648
1971
62424
57816
97318
36424
5643
60936
70085
26709
95348
56998
85773
68676
52316
93548
8498
70137
5451
9739
86931
52901
49567
21794
52187
1017
30944
63493
50217
87537
66941
35639
96556
40767
58617
48469
16189
51267
91209
78805
55920
74578
12386
60224
76354
84794
14537
91586
91572
13697
49018
58514
95558
55453
60801
46672
44175
55772
91419
38301
48147
63907
14601
85239
83003
26763
23356
47728
83624
58208
91356
91260
19181
82228
1466
28388
1419
79314
23697
78991
22032
89831
41739
71873
83713
35749
72627
38915
10689
13941
74679
35444
63628
94467
43713
90891
33659
36181
99739
18709
66315
15403
35296
40099
35337
31387
31839
75899
71978
15708
58482
82620
73084
41073
90606
39752
42971
5746
68764
1618
53252
88056
10001
47187
44230
33439
27314
50507
24433
66286
42684
39488
32345
80926
12387
89676
61650
36438
25525
18930
45460
8634
41733
64137
65956
96673
97087
14750
70030
30955
65096
59222
63038
69807
41409
70610
79428
62199
5298
83255
40039
64785
35167
1730
4669
84292
45119
26127
55252
59164
34512
61104
29883
27359
46481
58338
27255
84763
95552
79249
54021
38907
53591
22480
25177
69952
12780
26068
49665
88358
285
58118
86478
88598
2186
55080
31142
81456
51135
93847
98230
33112
83120
32018
17651
20873
53203
47167
57849
66520
72690
22296
6655
59410
16797
85215
76310
82018
82242
68984
62400
61381
22414
6022
87534
35845
90993
46882
91370
56650
46156
15713
92884
1823
29264
39593
2862
25532
43930
73890
76692
47306
87807
97527
48675
23360
31288
43001
22099
12316
18184
99875
88600
74152
12196
24732
38072
95505
32721
54381
48745
13909
97173
38906
24074
52631
92127
98968
30395
12742
46071
44698
75046
61181
2586
41221
5614
14183
44567
69391
6114
5623
78327
10242
88153
35401
97921
18826
17889
88391
18433
68061
62179
60146
32867
35711
81592
65017
35043
85754
757
47319
60888
53686
95587
1278
92557
35251
7688
13064
20816
11426
76538
62856
76536
62074
26650
32887
61967
34976
96895
36102
31650
73297
92018
73521
6538
87054
10581
29679
28743
22931
32387
63185
47451
56625
53414
91543
15175
64311
52427
39873
88103
84429
32368
52224
54098
43225
49624
25688
10985
19619
61780
31250
96618
996
43756
7164
81546
93322
46192
78673
79090
54765
89110
17495
53973
63096
4403
56668
67790
83591
67279
41333
97388
35702
26735
31600
27300
35822
58908
55350
88231
62687
25025
52400
6353
34788
14164
23567
20370
20335
44374
64612
65612
11019
18090
83667
16785
68715
68254
23501
19882
42564
57126
72991
80921
59264
69258
26490
41292
74644
72985
69229
82446
80356
59978
21011
53819
69473
70531
23472
91887
29278
78008
8161
49573
68175
76773
87288
80661
5939
17134
15964
4762
27657
86630
94881
60851
52175
17990
38054
10385
15285
41792
54893
35524
84682
25003
85256
70558
17969
90044
32908
67226
44410
82908
88668
41786
16589
40139
82712
21221
6565
89545
30737
78974
51958
59856
40043
83576
99903
79285
94181
78902
34884
47142
77414
1128
1013
25649
9120
95518
72207
38872
87431
71525
33928
42288
58630
23476
69992
95186
54937
74602
65274
32350
80377
94545
59506
17271
16220
52399
11808
74842
67986
23774
95226
87079
13472
71607
33963
99342
46407
57590
39507
48880
43546
72853
81102
90992
92608
21295
25484
47025
8619
74014
13543
73262
88669
37071
57588
79509
56246
77353
54836
11644
64323
12125
39459
16857
1077
81368
69890
26774
10331
31497
70753
21803
8191
53794
90456
62420
83433
80803
99508
4134
90954
65484
57839
70528
46847
17453
49260
52898
20879
34857
17181
35936
27008
20352
82618
63226
73036
31775
42168
69404
7380
79525
72768
8920
35153
62959
79435
99964
7068
45128
41194
6162
53819
60304
94200
56176
90838
55324
91453
15714
79828
51115
63074
72419
87638
62913
47410
81620
97847
20569
54178
2417
2556
26351
48855
19277
37959
43434
32208
26265
66681
2465
35167
16464
98296
98165
84524
73617
87124
73536
44868
62524
49588
38158
47096
63705
72017
78644
55911
45826
96997
55333
47290
43240
82998
78674
17730
78376
68424
89917
5243
36805
96242
53414
7413
53726
38332
88479
87677
47790
3887
49262
74035
53579
2715
26947
2845
69374
76898
26920
8848
23094
94529
27226
77850
91541
33147
8873
39938
28188
30362
42726
57717
96469
14852
86967
21729
7078
30671
44656
11755
49623
92268
92079
6198
81435
38914
49833
49188
62991
67928
2369
388
25834
55308
27995
20495
12630
17324
42635
57053
52522
66959
18462
93728
25322
20247
90907
99057
38636
86003
96701
74195
30784
58856
56173
45757
18559
56292
42197
64529
13892
75439
94924
158
84451
84174
94465
57282
22398
91413
57559
23329
9413
93249
53412
93123
67488
65379
28570
36725
55494
9737
66393
13574
57084
84014
74662
89349
49006
73085
72874
11902
13603
42703
84570
16501
21928
17682
71860
18892
69319
5237
99202
82891
70295
35331
23550
4539
35506
52415
49835
78552
6312
22165
46715
59371
66297
31086
89636
76690
92071
56858
99048
39592
91042
84277
92816
90952
63700
11670
34671
25852
60388
96560
15738
12575
12556
5873
6176
24812
84797
65914
4837
56776
40465
15337
16009
91586
29371
1950
31465
92985
27612
78469
73949
90483
5593
15747
91671
81057
67754
28588
33602
51453
89791
29001
74483
93343
48158
74003
23323
71605
96048
89840
51238
43487
97320
80054
19904
17455
7497
24579
52858
79545
41336
17266
19134
37927
44460
44853
83147
59683
45913
16935
69647
5039
6823
65170
47129
26479
53903
11945
38446
44766
53021
42891
6626
19980
30000
46443
15276
21746
25526
27396
52844
96585
12324
58759
1454
83547
47562
13372
3432
34093
98166
45066
71808
90311
28176
76932
88097
30859
78723
54754
62820
31162
69700
91461
52894
83944
49857
89170
44571
39765
78973
54986
59326
65318
42673
57536
47009
87265
21475
44783
88503
28465
88157
29315
53853
16643
66098
35217
66034
85047
17131
73356
92294
59252
89777
10524
51816
72469
68497
9244
5267
3070
15381
76785
48361
10862
41488
95912
93486
68127
62068
10083
10002
83496
98583
36503
37787
63152
50399
20417
81573
80933
97137
6353
79413
41286
37412
97431
88523
35289
80653
87878
81102
48039
62060
30221
70006
11094
85273
40669
2253
16919
36029
95462
69471
47515
58295
53932
35421
18907
23062
75280
79744
15201
60070
71797
48445
29081
90973
99757
69995
38494
58595
48778
77085
34217
5434
65270
61641
8406
16527
83926
7398
22640
34885
41780
71383
50865
48633
95894
83440
36204
87968
45412
66719
16286
1964
57576
88196
56791
88805
40406
20035
2693
38687
753
32786
72012
17097
30514
61227
50372
93044
76619
42280
45779
7843
98347
10517
52354
21041
50045
93285
47897
31327
27569
80845
53184
701
12423
11119
52558
62371
81558
86238
74582
31595
54818
77242
55633
68289
69713
92767
7037
97966
8228
73871
51474
92025
3597
38889
74532
29584
23370
72786
97994
81881
92104
94410
51776
59128
37304
79453
76180
7851
13515
75761
70467
60124
41840
38256
47002
82369
15850
58991
16402
60171
19679
27395
21975
69926
3647
18563
78353
23902
39920
11389
94395
98472
41699
60658
48391
1949
45023
29784
94436
40926
16305
25828
17453
21029
71532
53935
81655
12273
65546
96912
38964
71078
53378
44892
57718
37340
64220
93298
79375
5747
63803
70276
6198
7792
10981
20586
25046
86817
70700
99795
83944
26071
25748
17383
85681
37600
30509
77168
94916
55371
96501
56987
30724
52136
89244
57367
72468
41123
64829
93330
18447
30727
41429
45069
10524
84831
539
68390
90143
77584
21462
86537
87509
38236
70923
56699
28384
9197
44667
7766
85649
16214
2437
37465
51350
73777
25717
53290
97031
51764
92624
65660
18081
1071
69392
98616
43270
31797
14794
20534
16769
58300
52583
34702
23387
16887
2113
8375
70557
96173
68969
32377
61953
1309
63846
46394
10471
45089
18556
32065
37478
5400
21320
50929
97017
50711
35719
45899
44610
14752
5509
25900
16184
21900
2047
63391
40887
80601
9383
8543
47917
82551
57770
69718
60553
78439
5501
1074
28395
89781
6052
32455
17357
96709
46231
16943
24720
51183
87637
48511
88100
28528
1431
99937
17378
45940
1649
46409
71966
56662
30888
13290
28564
79964
72303
43806
47333
67582
28982
5155
47853
83998
16199
39028
64732
66989
28997
1759
21079
47510
3005
18956
26531
16810
25288
9922
30519
48225
47964
69628
3929
61890
57172
20110
49484
83084
2560
34717
32081
49831
57297
13861
86653
81016
98771
8032
3545
46457
70931
85580
23433
64274
15824
48105
71766
61172
2808
15508
38012
44202
37501
3367
80564
18476
83591
29163
41199
29447
60996
79907
27129
81671
20817
33478
22842
76686
29293
70136
63284
94673
10994
18819
30277
70549
56742
45905
27934
26070
75855
7793
7257
42212
39046
90653
31730
22974
60351
42998
31499
41502
77983
79351
87812
10996
52229
81423
66914
1688
81107
35633
18740
55865
78569
55314
78064
9406
31019
77970
69639
19079
39635
12692
2565
95494
95772
45435
88047
14173
85948
71110
11481
17619
18978
28183
77027
84555
86836
43898
31298
90687
85431
63387
43317
92571
74154
1229
37801
42402
59419
89183
13443
49134
37096
32841
29197
67159
52360
68443
7554
32873
40615
92189
7879
65532
43816
97372
13630
34330
81400
4833
6732
52385
93426
72791
81143
94008
12960
21933
3823
34121
58450
83614
66477
47145
17414
62450
28825
76614
53972
76448
46129
35875
91375
66183
78316
97217
70556
38758
44256
54262
82054
87735
46202
3234
46683
36699
12977
97964
75942
30773
3071
45265
26406
971
25079
92858
15473
47453
23826
59204
64867
41108
61724
76315
60256
55152
38550
84584
12270
20027
3012
32391
21501
70681
5908
23953
81280
40354
90532
33741
31946
30116
24361
73431
70500
13898
4571
49709
46669
20253
6949
4782
81334
11351
203
7994
4668
65292
58738
57126
28886
98919
38041
98830
75736
80491
33869
73692
53392
54500
194
95957
56441
17787
7188
94732
4701
24121
60010
64083
78670
73914
87071
61026
49267
28950
60957
27905
4655
4538
63338
80410
96311
50844
31419
16772
84897
20660
28396
56115
58417
64805
66258
36547
84604
28778
22636
39927
93389
81842
2738
42988
51939
21702
64598
53475
13200
32845
46061
69777
97186
71538
97957
13121
44748
32871
4764
61484
48935
22561
19177
94796
86959
17118
44866
52881
79998
51123
76393
60570
2602
15775
84079
61310
2521
81117
29698
73984
4027
84466
68716
70847
12796
19251
2168
14414
89650
96915
19395
80113
19142
968
91100
76431
20052
12524
25902
23031
17179
54376
61756
29292
81730
27011
70959
90372
77045
43973
67697
87833
63649
35003
31154
93215
9532
64722
21851
22080
96438
23727
83221
27231
90408
16043
45061
30010
20329
10219
30683
42844
33550
22974
84148
7109
471
31105
38462
69095
56971
69267
43672
33263
32238
54314
60097
61694
89736
67536
85388
62333
6948
56800
73364
90137
27121
17876
83611
67886
80855
70468
30320
7915
51635
68465
66323
18044
83340
21367
10874
25741
79323
76150
69342
14737
40749
69187
57102
56802
1145
81728
19632
58371
34716
56234
43978
47480
16751
76985
48819
32193
88689
84133
5479
79846
50297
94166
51225
77533
55090
35783
4423
92730
65198
42241
38787
63514
36836
80557
97368
272
2977
36079
97669
21514
62608
87291
39521
58295
16528
37856
21498
15992
15575
65169
45584
57009
66292
28228
67549
51326
24446
30232
66681
97440
71007
15386
83473
69093
12296
63167
97349
57640
53941
69032
15924
86527
69012
19506
85291
45351
11509
24955
74573
70564
10189
68781
3632
91105
42107
9055
26367
55592
67752
70017
68951
56740
11022
24187
24989
84569
31533
88527
48809
17710
58618
2897
4064
54641
19636
31537
18379
59980
98621
75050
84503
25851
67380
54989
2895
73157
60053
43705
22623
87005
53178
9023
28496
47359
66436
65567
65571
2281
89801
63801
92433
361
23912
75262
6611
95301
95378
66878
20682
26264
51286
55393
2400
60377
77582
7908
88645
8524
13508
15104
23206
44377
99011
99908
77764
93571
73440
80245
62265
32209
64507
42212
73730
8652
94592
17090
311
9095
24169
7904
35286
38998
36607
18956
18736
84178
87687
63276
93386
2548
32948
36553
24845
92926
30802
2054
65065
22344
12297
11572
34801
89222
6099
96878
70747
91527
46909
24384
73673
5899
39037
34463
76185
99336
68591
75792
65287
65254
47474
28770
43974
40788
95070
84450
26464
96477
53173
45175
20630
24600
46850
55471
80790
30907
85766
92156
70959
58967
41647
14078
22509
56503
15210
277
82423
15270
97587
95557
71596
38885
84591
71531
99017
83373
31252
97778
55061
77258
23033
54708
32438
79784
95788
27607
6828
12548
95886
13501
21149
96345
1901
23296
33571
37699
50813
15519
1111
7133
99629
76543
26540
34637
91403
64837
75985
94763
84041
2630
31186
63627
15045
16030
31791
97867
91533
57544
8036
44754
14486
89691
64975
56629
32416
28253
6312
52787
91883
75820
44476
73727
18198
63858
64686
26827
10074
29096
19195
13424
56518
67855
91918
79442
23103
18136
74964
93830
16715
29884
59195
83710
3285
85549
52571
34120
24401
73202
35056
56460
45394
52793
58375
21633
17968
48291
67457
37379
69228
3442
36197
70056
53643
10642
57485
25940
1758
89626
18008
59878
54115
24408
93326
10427
69285
40940
94935
41673
2905
4809
96396
62799
98790
22608
45146
46957
93819
77815
78231
20497
96728
64386
63228
36722
89894
35187
25035
81450
1501
61979
89443
98697
10420
58855
62930
42723
73393
97539
92443
13574
83631
2734
2742
961
49016
93846
92319
88563
78777
99320
37755
88847
36326
22723
34308
72485
80232
49558
67238
62452
63044
56032
93103
65610
31980
25427
52225
35954
79767
7800
92394
97037
46012
26321
94865
10060
74620
93343
25222
66890
45240
8574
83615
83319
86638
232
11607
97653
46260
11789
32492
89521
33058
57524
19884
35933
69681
98437
60798
5821
34785
63354
36858
88803
83701
55002
92333
41992
56420
89001
86541
35870
9759
15113
73370
63178
56018
2871
1212
9383
81065
90164
75144
31219
92674
35564
10645
16371
78412
15403
37032
76778
43568
20160
64483
56803
16436
4109
12368
30432
52642
67767
65852
65294
34085
31772
78778
79181
69090
86363
73878
11864
44672
46473
55327
18205
38765
56099
69925
97764
82075
39030
48681
48903
86088
41637
91768
79790
30670
44777
28946
77440
91490
80371
94173
87786
40988
63681
52428
25896
12900
24213
69470
92291
86140
13557
79344
9900
41649
67801
50580
40125
93903
36693
48812
74141
25740
28745
79736
70096
30654
66077
65796
55657
4869
31114
97432
8500
73396
44188
32687
29519
93703
83292
906
30866
72664
42342
24598
63584
62295
21604
76596
54450
20667
86799
25762
8539
44827
68523
40030
99488
37004
95401
96358
89875
98418
30147
91339
31779
28682
37860
15979
46498
36624
60003
43717
37296
20130
45821
34877
56693
92299
54497
49246
59941
79423
60304
60508
80756
9766
43383
80654
51813
10999
2435
85247
83866
44722
85783
11731
55017
92520
38542
95790
4042
50829
93068
18035
4914
67681
98298
31594
66754
34924
49405
52922
51125
92706
4944
17884
6237
10712
4977
81110
73843
5213
62171
1525
1498
48108
34380
10128
9732
45981
99935
91377
12607
69255
9307
66620
41132
39679
65482
85319
44622
97686
56839
96682
36984
75295
89380
87610
67929
2091
50850
22517
36234
59858
10123
89061
19789
8393
91173
58000
39115
98312
54589
82692
26687
79786
80757
86344
67497
27737
38280
39950
82357
4305
26382
23095
60058
33082
77188
51647
37710
86108
9141
51665
74654
49866
12896
48540
71190
60443
37813
70618
53195
97984
70283
43925
68686
22742
7508
20778
82004
96775
6366
65965
55910
85353
47647
74359
38787
6883
12603
77476
22171
92018
42913
71990
52347
77554
75181
76095
37105
97665
42293
88296
95230
73929
69667
32244
38098
7628
59596
4507
38470
37366
90400
10812
2424
51908
2369
45381
79326
11889
13011
51003
3941
99560
78437
76867
45518
37238
16276
50662
81906
64198
14212
3147
16817
9250
11142
79374
23387
30871
28323
78734
19127
41786
78677
98712
39286
90363
71936
60999
60457
32328
6714
47155
88911
56253
95795
59179
20959
9648
14255
91415
57246
27562
63512
17011
18515
40209
69162
24647
92326
84662
90445
86254
14775
8474
69461
8608
74640
78407
7979
67185
38473
49667
68109
26396
12490
98244
42844
11622
40359
13026
82245
30307
71315
16721
69144
96843
52021
32573
26163
58906
66065
90880
34214
55031
57289
48611
14250
18416
79633
67899
90523
53172
25843
14570
18881
96266
70694
40820
25386
62472
78612
19063
16943
86437
9497
12719
67077
78565
15683
27564
2315
23167
15646
9630
90825
20242
52857
15844
25068
5042
74453
69171
55143
96353
72579
55815
58932
61973
34099
13871
8346
17139
88316
76436
68188
39741
13198
22485
97363
35721
22484
92601
27840
71523
29173
11471
76942
1976
67624
37594
14067
52852
30459
85282
82615
40923
86320
3146
86903
89008
9170
4508
42465
34905
15093
81422
92638
71000
56038
19716
26096
62207
27387
43890
27983
14445
75567
87139
58905
25771
79898
57536
6022
30610
72236
57006
1931
44402
92368
59526
71232
21261
69334
62452
54976
40794
75655
8814
58329
15698
97107
74840
40118
24422
43335
15345
38028
68791
65781
51172
36792
71498
92992
94366
89712
29617
27500
79029
81664
14648
42460
76944
40317
22485
97535
62226
95293
44581
40532
43774
75895
40906
8627
19829
47428
49948
72148
56482
13274
97630
98258
71465
63085
21487
85643
83043
83200
92001
49628
38435
41835
54960
28679
7185
74892
52539
68780
25681
78696
36013
95045
84093
54743
75289
26059
56840
53749
77391
68893
82195
8887
32353
57655
25223
93262
11197
55338
89330
54405
28529
95745
6677
10648
8056
67922
99045
52916
91576
75750
6816
61211
6222
4733
37653
43145
11374
35745
22804
63763
50428
50042
6552
2197
97807
83808
74951
64101
61303
77086
71833
67471
67834
74206
18493
96648
78218
8185
85604
982
49698
96111
8374
96603
33069
82997
79287
10589
68762
16335
7566
94583
83227
80990
20948
43561
36607
32896
28300
81230
35995
70718
14683
9912
97573
78426
49781
56525
37675
36761
83676
86464
15783
73139
55261
42057
33836
46953
2147
26058
51554
47690
93271
33127
92175
76851
94844
27805
93157
91088
73971
82589
39125
18609
96629
92918
63046
21056
83545
3322
64422
24133
97848
30706
64843
25711
17941
64956
41712
44542
98972
29886
58433
48057
35108
26384
39617
65720
87152
1163
11005
29225
90958
41653
75927
45131
21696
75834
56307
57676
3992
51031
75849
94340
98612
67435
59083
37753
84280
94249
79585
1248
37332
71980
71867
61790
837
1936
75758
52334
75752
22329
22529
69575
81084
95468
97234
91417
20136
32435
88865
37382
51119
42616
20056
84287
49559
60636
82174
85950
22227
95746
86848
76132
78470
64213
11072
10780
87024
34889
59186
60451
56691
47563
9853
2296
56876
44934
80316
10695
82361
85375
10751
71002
34044
26909
50103
22842
75014
88295
95335
64093
45945
14089
69240
32196
12048
92017
95227
2240
62651
48871
49359
82228
45557
89597
66118
43120
80238
47647
94815
80900
84058
90888
20553
50658
76514
3065
60562
98947
20017
11055
95306
49590
15808
11218
13257
68764
91065
61753
77846
71728
15898
73815
46008
8497
21462
3991
41783
19429
69272
31082
98949
58953
72210
35608
28465
93917
85378
5309
85404
54095
9868
63193
95705
88708
44839
9171
32399
90374
3278
60136
95447
82771
59671
36215
21701
2718
58490
55168
21307
17779
38332
27700
8923
80325
54018
98098
86630
22512
68151
43129
40463
88906
30916
51399
35251
65177
85079
689
18460
82486
26333
1230
96042
24406
68801
70965
95567
74348
66314
85125
74567
7858
84533
59355
1256
17997
15230
57214
69072
50409
22155
40577
682
92777
23469
77603
10502
55692
75418
84945
79006
81660
44669
47975
74097
60482
3382
17384
76640
49071
84330
9215
51593
89650
51036
76794
33986
96209
83876
99350
18065
7867
74532
49947
71774
13079
20055
82845
88645
53531
66442
90700
97820
13056
45620
14230
75911
52106
77261
45559
21716
72149
81259
66859
31014
11204
40400
57063
77111
25531
20812
8150
86669
8644
3805
23905
74109
31411
78830
82416
40822
72712
46293
42442
68947
68516
51324
45899
72091
68452
85164
82310
10595
497
71951
77559
30051
45975
1627
48745
58553
61646
8368
24712
16010
23963
36232
16733
84957
89690
20616
1241
32152
35369
22144
60643
17407
54308
34460
40178
52138
12768
27695
65720
83780
95018
44796
48534
8430
83406
65502
92731
64493
37048
1821
94716
92564
12074
83511
62967
61914
61268
3336
94418
55139
17691
59601
59268
27560
6078
80589
78564
33163
6755
48937
41809
76001
50704
89437
27435
90652
6265
83926
58873
21968
57637
13418
94255
62097
84169
75198
98538
25499
56563
9838
23071
94101
38034
64476
46628
75737
40291
11680
20560
62172
8248
93479
91741
94205
55894
18656
59324
65483
74363
91454
24317
47769
23323
2629
38834
68486
54007
44192
54971
60665
19531
89018
92083
24559
9927
69477
3005
29426
16977
59384
55989
48304
41552
34738
50743
33727
26697
8356
59755
17679
11319
35124
63141
58420
39818
90221
98990
45917
52780
13392
74571
86360
81191
63076
86374
23930
76298
95874
33356
95891
46367
49712
24778
97396
93162
49971
64873
11566
44133
81009
20576
46204
18697
60088
78573
56925
37423
80737
55326
42555
24014
76021
28286
34863
99689
21795
78258
19194
53443
37938
55062
73875
30734
28096
1591
97839
51941
35801
54955
68388
60531
80994
43174
1316
80717
64569
69404
62008
74293
80099
86850
47009
74543
85110
35756
96019
98651
63313
80921
24952
67422
19787
41819
2659
41592
85328
43491
26757
27326
10649
12188
920
97599
57485
55600
59451
99637
94569
24662
49910
31153
39020
49108
81326
63141
56990
82554
6886
88650
15977
12171
49758
12395
12452
30883
15023
48161
32478
53908
23675
31445
76227
74771
41785
47402
91384
24630
19137
31293
99229
41042
44145
84345
31364
36300
17444
17881
9293
51071
98310
40761
52261
60400
27817
34496
64517
23864
19697
76346
16705
3927
38680
43069
31725
55303
92261
15738
28761
30913
74985
22024
18671
22385
87133
95362
34864
58463
21866
62081
27984
61742
46555
40354
91012
11833
8992
68759
24080
96251
24221
67452
83692
16053
52649
72349
84702
27116
58665
27737
26063
9240
35055
45309
86302
3989
50697
93591
63129
66046
85946
68666
64222
87605
24213
67042
86479
39180
171
8032
15061
28115
52742
45392
57326
11193
36399
16774
22276
59988
35371
12049
66738
16348
79698
84961
33909
11397
99273
51889
31800
27916
57691
41779
57376
91984
4696
41426
62340
95404
99691
76186
39711
5391
46019
74917
16083
38513
49695
68629
16236
20860
48255
12389
56694
64086
56699
50817
43383
68518
61656
73454
59588
97972
25819
636
49722
52190
95
59893
93914
26295
50707
10705
9921
43609
37238
11075
43863
57810
67861
57458
87326
63554
7200
94446
78226
84065
87806
12558
26970
67525
61144
78739
63754
76410
36689
89707
45508
19694
77207
21925
57651
58970
91887
4647
78556
62486
36671
52560
95165
78963
90463
74156
91456
82368
8945
22170
21802
58779
89903
62470
86172
47244
3901
16125
58584
72106
21489
64606
31063
75748
86256
86350
61407
62222
34469
89798
99410
45279
12269
63764
55929
60887
56838
79251
16968
6433
39991
20289
78869
61879
56353
70606
95752
8623
48860
37995
76097
44529
33248
87029
70941
96422
50822
976
69328
88238
7143
68263
58180
58708
45967
36489
11357
11052
72200
26434
39447
54419
43992
15858
19787
33274
55956
5362
66610
53802
9084
20997
89154
88453
74552
2251
86039
46269
71320
87814
26404
9720
53091
27687
98806
86517
42828
53207
9241
49733
67429
96164
47620
23769
7967
19709
58600
56473
5477
97553
56128
90073
16415
37176
41889
21455
6505
3487
1204
93583
27131
27828
37030
31100
10613
54653
47228
25771
60034
2482
61731
19567
6721
2455
20106
49449
23567
21285
35795
33059
34815
1273
2
28632
99962
20747
6576
52255
73972
65822
71500
49570
17623
31074
61768
80319
86688
98491
62317
8769
34943
48529
97284
97513
74792
78460
26641
46392
77514
32921
24586
22033
8522
84682
74264
45526
4934
80800
62640
60848
26494
65530
60181
13354
32035
34899
66412
61090
26286
24313
83548
47252
16485
62481
48757
63320
89055
71996
13099
97032
64942
35270
70570
74079
11691
46759
22585
31186
70443
7677
64796
5898
37779
38648
49933
43464
32775
24802
35069
40016
29348
25521
18287
24712
54902
23866
56645
88955
28311
11976
95314
80340
77056
35670
42955
45970
90031
74493
91122
19824
80247
18704
12340
97324
42267
22875
63291
92954
5495
17100
65340
9423
13297
27033
51123
2977
9562
64964
6822
51190
22492
6813
44770
90907
88854
90448
70398
71348
62357
10596
62997
54075
49992
32049
12069
12639
78388
47749
36566
10454
31364
67801
50960
25565
21942
86920
33028
67816
91832
62940
15101
30324
13321
38190
43890
48920
27278
26690
56276
71178
4840
88824
40123
77609
2890
5875
50693
16561
62714
86486
54110
5927
19803
21606
31315
8977
12560
10734
62458
92910
33451
57669
95007
40935
84549
87381
63156
8204
26543
3287
90160
15863
45710
33816
10453
72943
40353
39459
62426
80215
56921
53885
32622
41514
90619
54633
43817
42199
46727
38397
69594
52023
35079
11663
25136
72279
3071
79941
24768
46592
86361
41573
26011
49423
45803
82363
37645
75893
8429
41859
80327
87219
24720
25168
94334
52726
11426
50653
7859
67997
85856
8100
73006
8920
41790
75776
62016
90683
44134
34218
1210
87968
38333
6320
93043
3952
19198
1127
27932
62615
68591
27828
7610
70173
23941
83950
47003
37294
56474
65346
27929
34516
33590
63449
76270
34424
99158
75923
70287
64291
49195
18482
9674
22717
61514
25906
84884
65326
22359
82520
68516
80775
32933
56815
38813
21329
1204
56280
65618
12711
74430
50955
35287
72963
42131
58080
7263
89718
11946
9355
13187
40586
97268
34269
26103
84583
8117
14962
11337
2482
21062
97482
58370
67408
12083
25175
51522
16150
18497
40276
36216
71029
36664
86849
20826
95090
38510
76246
57301
43280
59035
74491
62109
34393
58086
43398
63877
87021
24919
27277
71634
16224
10622
21919
68018
76110
89064
41370
19127
3599
22841
89123
76085
36587
74232
58119
97214
7808
87915
78465
57523
62038
75706
8438
27415
48775
90485
8559
19287
58576
35578
44109
64880
90959
55915
43704
94317
46410
23323
11292
34476
73164
19839
29164
23599
40903
70954
83996
55078
55133
16838
91040
67599
18241
48934
61172
65224
5405
27620
77149
4118
6470
99802
38755
16268
48677
94591
89869
97131
40075
51642
5080
81569
92540
559
50487
44914
53887
31001
54783
57754
91590
94249
30523
58308
66592
72095
71800
48788
52541
52175
68556
92574
55200
87227
63611
4815
3232
80931
53044
67384
73476
53477
89847
29710
55863
90317
92656
98646
78355
30215
81642
69876
49896
84059
25541
14274
50380
60076
92076
26254
2449
40401
26483
64709
91417
3042
92943
39313
92234
23897
95653
92859
47636
58098
55933
63577
64516
26637
15414
51921
59615
12471
19596
67177
14666
67389
52004
48767
58644
80276
43303
74757
608
98215
21616
80751
49862
82762
44960
10936
87435
83791
18252
67753
98437
47900
41297
86567
16029
7461
19800
81553
51558
8405
36723
35699
33518
926
99070
68747
82425
92586
33719
24178
49534
43446
65162
40382
62499
60072
43458
85712
15026
19078
44626
62807
35190
43156
85342
28167
23923
43158
93761
40609
84201
94206
36055
30361
82496
98036
96237
58917
92758
31921
59394
12737
81500
65708
52484
38092
66849
9469
76005
35548
55308
88643
422
2913
99441
75285
66387
49786
66771
32643
67092
80614
36350
91637
16661
19951
71096
77674
82397
37283
74385
49687
94809
12297
78078
84031
34588
71931
6601
96993
80727
31874
93376
7806
68233
86686
9862
54438
60248
92639
22393
916
45288
83951
32082
61915
51005
82001
89000
28278
41696
39088
78910
36485
83969
8700
51604
41202
95718
37511
74239
83155
74928
66930
27493
39534
9884
49127
64361
38517
90754
87386
58522
88251
72870
75444
26631
84415
75478
83218
57375
77469
52872
89160
61708
14353
61414
11763
694
41424
39818
2498
74818
17981
66221
96383
96888
97977
21984
28556
91678
63433
72816
49306
84949
72216
84963
85420
89008
67965
79240
45904
84150
24574
81005
12904
21742
82332
59224
50573
78458
72227
28138
22585
59242
90791
13649
78384
21903
10955
35087
37078
19832
13099
23209
17962
44872
29979
55964
33728
75578
86865
21233
21869
26462
91462
2305
47327
66643
7958
68778
24224
50837
60502
38880
65476
38636
56717
14165
97508
27786
18447
94549
86348
62357
49089
31594
38803
9270
84143
33596
3081
98834
94150
17766
80711
65404
19722
91174
93062
59520
89186
96742
9284
28164
89195
88097
8472
17433
2831
80011
73178
5874
10434
16585
48677
35800
69378
66191
73760
25733
95279
79558
87585
58815
35016
68266
18001
64192
89148
91191
5305
19630
55915
75660
39876
64322
93798
85368
62171
29390
97917
43363
20029
64036
15064
45676
5075
68317
8436
40739
79680
94973
95920
46654
38123
66136
72579
45055
88176
66573
71203
97911
22157
3222
39095
15491
52671
56921
19819
41314
14265
50842
23203
41750
41194
79334
89591
63893
73284
18869
43065
8115
42044
21486
58772
95414
8372
830
38663
35364
58116
71014
84451
74052
26541
66762
14073
34354
98159
30065
43974
38762
94011
29092
55770
61490
77108
39267
75379
66708
11164
69683
51606
92258
51155
16855
49931
95842
76266
34187
6069
60983
66023
7402
11224
61859
90672
9475
64389
62154
43558
1072
41999
39704
20225
80202
98723
62870
29012
297
98968
22112
3809
7900
23807
48595
80825
34360
30896
10280
49748
14837
49953
3044
2443
18333
38794
44548
38584
85514
31657
71995
40790
99850
51605
54206
38738
52469
86954
44108
90810
64289
13778
38867
10582
23928
39803
28151
4401
59163
2057
58045
92475
54596
99303
34642
50526
51810
73252
99483
48581
46097
98040
11549
22309
40874
78726
60528
81556
36819
86217
41821
34795
69490
78230
2249
91634
99660
75957
94096
37110
64111
84372
73501
20815
10831
33586
15080
35512
43923
96922
73222
78661
19277
63239
90567
22014
30071
47346
47152
43683
11262
5033
19649
17751
2646
77947
24339
8218
28731
27368
48346
23149
5242
53064
17806
74451
57738
40752
4467
31279
23063
38206
5654
74398
84360
99237
36582
44432
11759
91610
50942
62934
8717
43621
15357
54880
12928
34829
65103
10376
6634
77281
73846
11326
28327
69085
47801
88780
62492
14330
73265
44182
81985
68069
29922
65219
24054
9937
21846
58431
98375
77002
98877
48860
65625
65239
26786
89897
66913
54114
81147
45367
61413
89753
83647
36397
66946
96061
78296
49869
80092
3673
57881
93021
39660
14281
5046
93575
14989
90850
12400
25602
11580
4093
38519
63838
23805
83887
44045
4885
21295
41173
89959
21647
29860
62217
28871
30481
41971
78137
11384
94353
79416
46987
96194
24682
16350
22633
37353
27746
74941
17486
47675
1243
90907
52186
41461
15401
54706
33648
5799
2997
115
2058
24877
34820
72267
70422
52481
12224
32905
3622
66506
64989
22193
2853
48283
171
52231
977
6459
1641
60475
75388
54801
38053
7167
40056
78152
50946
8296
55329
90109
82480
61441
7967
81760
62887
40274
33062
94176
39242
56312
87309
79010
42183
77624
81203
26210
13300
28279
15971
80920
96718
17095
43906
37255
92858
92023
10784
2485
23891
45105
58034
77420
56807
4498
89061
84370
50090
94408
26742
93005
3419
17710
11074
11486
86657
36459
978
36374
50880
81646
44509
71894
27670
56790
78854
62482
40153
78218
21522
94907
65794
55437
85460
37106
83191
36147
23334
69059
50016
57932
34276
41141
61593
82060
25515
44263
65247
88451
96817
77026
95816
26955
52122
17766
31591
27662
39509
25152
13231
54610
8280
31930
35204
73520
92851
21523
80401
32006
33637
40156
88747
32538
38391
48641
5566
85097
34441
20179
90073
43449
68064
15214
87343
54968
32780
89570
6042
66563
84412
99264
77827
73388
66615
63291
57354
8868
3815
54591
5126
98998
31365
17626
1744
28346
39856
31533
12019
9381
88202
36331
49976
16674
30964
91698
41329
41391
81848
15985
56668
89147
78027
42338
95334
83728
95423
60829
95818
4070
41589
9262
24986
20385
55058
23636
12934
48037
49202
30687
69975
88394
184
78524
99448
75011
96418
74847
86662
3116
14092
76238
26697
19988
38261
57776
71058
46469
5579
8303
90176
21897
72440
37704
10329
30446
43446
36409
29508
82416
44660
42859
2636
7690
98397
55270
92026
5560
2484
40931
96676
40735
16229
62820
5828
15400
99203
90026
68302
19484
70708
8572
588
33801
33447
5688
7707
23873
6430
44744
2638
65506
9652
72888
19239
13877
29847
59481
82976
29915
93223
71549
2823
47647
70381
25946
76664
23066
85351
78193
80718
80091
27955
92728
55723
46145
9283
18999
74379
68509
42203
79346
60633
35574
98720
99300
17111
38268
59125
41919
45462
51646
82635
35033
95189
2239
35572
92464
12108
68485
37394
28078
88665
52578
6067
5550
70201
42475
12196
52426
65303
4599
53297
49098
68364
10956
12609
74428
84817
8277
55451
37359
41214
64126
72780
32515
62778
545
76604
2449
92919
99992
62900
67741
33443
29670
37070
31012
90323
93982
47920
74607
47792
92918
21407
36252
31900
88088
96314
41827
37714
52528
26223
12324
43446
9994
57941
87403
21351
90253
7413
29039
88396
57593
23629
35541
95873
7111
92495
22352
23668
31877
37116
77491
57782
12937
48033
75810
67104
25079
42920
55410
64183
70889
14157
86669
58082
80182
61685
18601
68223
25345
19173
95656
31059
55008
23732
70717
67978
49853
13101
60056
25492
62775
65997
65823
81995
51377
34776
74143
70205
88578
57704
39766
13798
36531
14012
10994
93427
86802
59749
31208
59822
5189
85238
96526
87520
58646
71526
31618
67188
21538
29540
4795
73032
70867
86849
88373
73011
73068
10983
82092
72648
71194
80235
9151
19931
49451
46851
41592
15960
25707
57170
7675
30537
45265
84174
71330
64422
77229
72877
1725
96719
58879
11234
11713
60262
12204
80284
47246
92012
99420
65960
40764
45061
99732
62215
663
16023
36503
98215
47348
13509
43782
96387
60320
16989
31695
61468
24822
87289
79316
3461
13882
97178
70206
83277
44558
70782
72874
77163
26129
5109
93926
90378
74164
92987
56549
38667
90428
35818
62874
30036
39105
72413
97005
20460
526
55114
84734
44676
43897
63581
98636
64338
98658
71060
90984
12447
32510
8092
38462
77789
66152
15211
52867
62494
90808
43950
36900
94448
10696
4550
13098
49723
59285
40816
1207
88226
92817
90643
48317
51849
71780
10191
574
72243
18826
26561
38500
41479
64409
89281
56996
76905
3388
78805
55595
92140
82809
46157
70840
70574
77927
93711
16554
58024
54097
85743
13773
23895
97008
44600
44560
88798
77629
65014
1410
38265
5608
56878
15986
81434
56125
85036
44428
25887
91139
44077
78407
28077
11742
15107
26716
28989
43289
40909
62356
87948
71868
79155
14780
91496
64271
27035
5810
91903
94976
81205
48216
37602
14668
62939
44842
11648
1391
57185
7972
67057
98505
7960
55128
90882
80961
64452
15381
40827
18351
12603
16686
57960
45525
23215
35721
7085
27504
12370
56944
80562
11426
68632
62034
43565
46415
53300
38423
57221
10316
9905
49887
55371
57138
29055
40821
23492
40391
80027
66111
30960
4774
74606
21820
80927
58908
86148
50308
10426
92694
66131
94890
97905
20703
62826
37751
92127
20304
5018
49541
60390
25765
10517
81675
41396
96675
25998
59899
35352
99335
10717
20694
56359
36125
68483
41384
45712
73909
45619
1385
18197
92000
12649
89569
36562
32365
74495
17581
90512
85919
70843
18377
51288
64080
26504
4382
70876
72127
75129
34015
36431
95156
79897
73004
88058
4428
47153
68796
52227
49071
72456
10062
54551
63743
27217
23530
80313
81572
67741
40343
46308
5070
65723
9251
56327
49399
87725
9709
90642
65552
66934
37138
55451
12824
86638
81728
46634
98804
29969
30768
32654
78692
91688
8529
96920
58331
15585
34318
77571
91217
83746
67541
7627
62844
24609
41034
43750
71905
60444
46173
37468
90508
45953
78586
78209
2963
27219
28052
23911
70106
76226
82723
41664
61719
98268
53284
28009
72758
74577
11379
65875
8787
63488
53251
47883
79629
71511
9408
32124
51812
29247
80788
65325
80642
4415
95089
14207
90722
95505
40555
90369
41386
19851
56357
24015
56122
50434
28081
45688
42326
74352
42202
33595
12748
83958
46174
89521
30348
86329
71273
6982
5761
52508
23033
41749
60680
53535
60988
23099
11777
21042
75730
72437
17785
98518
96918
8908
99407
96692
60931
27399
67334
14595
39210
75433
56920
96765
55784
91146
97227
38727
69143
79671
2816
46186
54589
31009
46040
33391
29297
4545
96295
62361
18796
64775
95784
73780
98303
22670
45471
21755
54709
76361
63693
60723
23459
61900
19529
78819
22129
80513
56036
21029
53387
74459
96352
12733
84942
60597
94037
32282
31702
97463
34682
11824
85689
47625
77833
40392
11636
98454
5226
58011
9122
83355
86051
37145
64408
33347
31292
47906
45783
57725
49288
1280
74341
68820
41043
39087
89676
26201
27224
65576
29317
91592
90582
55222
75176
77624
20693
53292
74544
98525
55234
2224
19653
8456
18507
38081
86298
56930
6343
18632
20793
30998
26305
70369
37301
56521
32081
34892
46283
68599
31247
64931
76148
24489
8639
93793
9739
5511
12903
10991
22625
95704
21231
76480
67513
39044
97983
52168
61232
92106
25465
68858
51594
21983
49783
98468
2
40822
22236
9410
57161
56980
27550
65805
10154
69258
89420
55582
60336
75653
27385
26690
11985
87430
19614
10882
14301
92248
39678
84257
28051
39336
64498
79820
3939
42923
43530
50180
66052
75354
60385
70460
89584
65535
48345
16565
53456
32409
3267
90215
38809
26531
11650
55419
99726
56622
59164
56506
84300
11988
54969
848
70492
77496
12552
98754
95600
23234
81364
57118
12440
95419
8264
14323
421
1024
46321
8039
77128
1416
73301
92932
77943
97485
91810
68629
80917
26399
52875
57375
6910
93378
14442
3272
18647
8160
55229
61948
42072
97820
91001
27007
78007
72163
33964
57471
19769
52783
16046
6720
35004
88843
19683
93919
2567
54463
9341
37013
84188
76213
52704
66834
85174
32474
28002
39221
66438
57
52510
11719
6477
53768
28496
3713
9183
31217
16826
44024
57312
21616
89312
94820
30678
43606
51304
63828
7619
47434
19373
29275
8067
70437
81410
54750
80840
95858
46774
71399
61279
33961
33902
69924
27716
76769
66006
60474
29415
58492
3610
89293
16850
50460
55310
40640
86598
57319
45241
34012
3053
6286
78161
19149
92027
52
25011
51651
33035
45580
13732
13719
95875
32095
81149
64106
44947
83025
56538
34707
88123
49157
91003
71470
69199
54648
87098
71845
79484
18467
14977
3124
33244
11866
27397
5110
11266
2839
98347
25256
17199
15630
91213
87297
39598
42248
82383
20746
84632
53196
75644
5637
24712
93564
40309
79131
61924
98427
32413
98595
36634
60266
54664
29648
89126
17059
23431
11794
56833
21856
34141
71463
89965
76107
64645
56037
19636
15377
42872
91786
89248
44607
55481
67548
24466
2225
98720
99532
52899
53512
82050
30137
95561
75631
44456
55766
15076
82665
45071
9409
57643
12717
19991
18304
60794
9348
99834
51005
81342
13256
72556
49463
41319
21518
19964
22621
3046
98590
61172
97497
67513
72681
25849
64210
84044
54842
47185
63209
17471
4052
17186
47125
71338
36642
82489
71617
78232
30758
17382
65378
60662
38386
70142
5399
46220
12734
16534
32933
30176
23763
85256
8052
91719
34919
28923
89569
66948
80453
27788
38522
36260
9199
87984
65863
30624
27797
42606
39474
88290
94708
93926
88352
41366
52328
72002
39461
72481
54527
43518
33352
79351
1605
70571
65584
96305
36262
92071
26494
99687
66019
97136
80380
34901
28900
45035
40639
66386
5971
65921
2957
72316
46544
72503
94754
79892
67407
41651
70216
5179
6088
12574
20149
80260
97095
3851
10865
8303
36668
63937
138
18017
19935
32257
66180
8524
40556
70099
27898
26283
2157
25553
54956
32647
58815
20853
21002
50736
24568
99492
30594
85626
83281
97372
45486
10106
56224
49298
92541
78947
20669
25044
14988
42019
7474
44375
90005
53670
84909
98560
24842
68950
61709
12078
43920
11339
14007
80081
11707
67006
90962
71584
29050
35134
56127
16505
53020
40828
72854
43086
83794
35734
74844
54178
78479
47716
87398
9853
7367
19034
52105
77697
31144
28445
83735
78114
56443
15340
64412
6524
65405
15927
63212
37849
95422
81641
18648
79344
21564
74064
82695
11508
49902
24149
34436
17826
82900
95559
33956
39934
28604
58710
57786
49713
68847
10581
58887
32724
7645
66871
47310
73033
91058
16338
99412
79284
32877
77416
20840
96514
63195
38387
26460
89931
22647
89703
12125
71628
12417
94280
15125
84837
58913
11116
88017
95593
78900
12915
96004
70337
50284
96013
44144
8899
35812
34405
18161
5309
10212
22889
29089
24487
6931
14358
64559
44674
96080
82040
47999
22787
34566
10104
20216
97987
27567
69541
81843
29308
55597
54723
33037
22631
89103
68379
45825
81559
36731
20571
24675
35216
33610
42626
83518
94899
91960
59560
13624
95051
50115
75454
27061
233
58872
86722
58376
17351
17721
147
10811
22195
53554
52973
57835
43364
69405
1282
57851
63187
82482
2838
37436
57171
96710
68741
32673
97405
62611
39537
22967
15235
97135
50126
31907
85388
82873
4203
34105
78617
98401
1984
8427
72608
49933
35516
92795
5188
11934
86158
58605
65398
45004
61673
41779
15626
20309
56706
44195
35596
26310
24055
61644
50207
88275
79395
31780
73676
61339
39653
47780
82750
2331
57571
55720
87239
80469
47594
59595
13445
8518
95294
41657
63491
63213
50410
74608
12420
82979
82400
24616
64262
88770
77089
44287
50136
12373
51057
40289
89782
41953
45872
42343
70596
68150
56423
17083
8581
85425
9430
13245
32534
78375
36335
67002
56992
37829
17278
13816
86395
16502
37995
33834
2615
50578
28310
78019
67097
61168
32187
15981
7180
36664
11081
92147
75537
87556
58802
75499
98174
9475
80131
91648
85843
46100
58467
95854
76600
9960
17519
3327
22216
52537
91096
10086
30421
2535
50128
72251
87201
23897
18167
36963
93301
5229
68478
86300
56874
54330
40287
28307
19041
5757
269
93809
58772
35361
47467
9959
42432
63996
16229
9944
29227
32130
59775
40660
66811
30547
47447
76930
53193
70641
55191
73150
87
71737
74244
69815
98437
60398
22434
65141
37883
98566
78161
54175
9484
77283
40382
79870
66917
77309
93955
41739
16092
28890
22786
34125
6255
66444
32850
73084
38114
94720
63470
36956
68448
89229
27953
22357
30123
6581
38757
71775
79153
22645
16830
58570
82931
26912
72844
39670
11277
30591
57270
74424
38052
29690
82299
75135
13557
54626
20468
47462
91613
39487
4273
15465
59605
47108
82091
24318
24601
70055
85395
8372
2007
82515
38232
35994
5587
69628
39506
99124
57089
35413
58537
67948
94326
82224
30293
96027
67850
12883
90827
36272
95326
84842
54742
66170
89262
69174
28757
69382
48279
80679
93250
33522
26817
82426
94044
44012
40954
11915
99847
71585
34406
3502
40592
4728
75338
11570
10209
18803
38086
14707
147
52253
17500
56492
47157
59618
50751
44495
70774
33709
86611
99244
74158
1524
20001
55423
70458
3162
36529
74292
50379
3709
27404
22685
61554
58270
91473
37628
58584
9645
43866
8917
56941
85274
54230
46122
46839
49123
1272
51084
96828
57793
51065
68710
63168
14611
32162
31348
29538
44615
5821
73008
33845
40759
70613
25254
25866
4031
58093
43712
44550
42037
27967
93050
83670
21075
43736
10619
35235
65899
15424
20047
19949
78631
40072
79249
39207
16020
35589
53387
40075
75491
51953
17802
76476
18351
97454
35982
4147
50027
48320
84597
12391
31098
68316
56455
58136
7063
21556
55193
41654
91067
45781
85813
2750
41075
44353
83300
95318
80359
11322
12330
44091
34738
93675
6033
29447
42613
30855
57894
64763
86581
48113
4661
17901
85531
72769
34966
21505
83794
88567
45187
84506
66687
59998
40231
63233
50341
47291
51880
34709
2610
13828
95069
57242
1579
24807
47031
43344
70853
53135
19280
81139
88284
10485
44301
45968
23109
65128
28848
28922
98888
12063
73502
36042
61176
71481
131
32537
46174
90699
26639
46189
76194
58388
66719
62991
35834
49295
66771
26232
293
79366
28205
12684
70029
21219
12368
71018
15896
41876
34436
83484
57668
8979
80736
78707
5911
14679
69738
32469
37422
15232
37984
32404
72213
5241
62271
64060
74772
23765
85014
41415
79038
80139
50627
11309
59385
37758
37105
75693
72938
747
72339
19392
78686
10896
19309
81551
64281
98482
21601
14321
20146
38039
75599
97288
15448
61342
18053
59609
77202
41564
28583
10294
88466
92069
76253
87526
71396
10998
45846
85260
68315
84383
34600
77635
8831
12511
42298
64622
82168
49875
21394
26678
8101
88968
45802
88720
27940
99587
29465
78773
24609
73026
14313
332
81687
34830
36381
16270
32342
78673
21804
81887
95649
32085
35436
60442
21833
76395
87971
18496
76919
35646
90623
58608
17784
23941
68799
61342
65657
20298
69270
78982
45565
52737
1758
81624
24618
2339
16841
42943
92763
11955
57783
10148
25719
49932
9376
17277
35768
35884
95512
56802
18537
32667
3598
63119
39755
80185
88473
98642
63956
33529
12672
28352
33720
80541
52512
58023
69481
51690
23749
36238
72255
65564
58260
3774
84612
59114
56570
10944
44385
70376
79886
97363
56671
40954
62202
60183
51239
73160
79561
5978
28999
71257
1213
74734
78941
91923
98663
94874
26415
76867
61999
85539
51015
58746
46903
78466
26426
31463
8747
13726
32989
74188
56993
73461
19999
14832
18909
56332
99236
88772
54690
99523
95689
82959
19199
35445
2689
64150
50585
3777
78783
13236
41647
73391
56024
5525
5210
92818
47003
4225
94742
13453
99892
80392
83290
70986
5006
53165
71976
44507
58858
63274
44451
4493
65768
75075
31665
98714
89072
55043
9820
67410
72725
64335
21814
22196
30773
63983
84893
42638
54334
14897
8272
76090
81024
32918
85154
86395
60504
13107
53777
79750
47798
16476
86964
5351
93659
38594
4481
56361
66832
59738
65636
7983
28134
39492
7046
63973
74500
58240
77814
18866
94594
17413
31708
71604
91671
13521
63006
16706
93970
20589
4099
79467
17758
59366
23866
53685
67727
14127
31354
9294
89648
80423
81231
75983
32990
53458
26640
41421
56683
60553
27131
24430
93996
29879
21869
20626
69163
87974
91236
8822
67715
94855
31853
67193
74137
31030
96804
46307
91951
92472
7238
49643
38851
14652
88124
21964
28795
76405
66895
65510
47592
12887
52949
97463
51253
13639
34106
21445
63774
67939
98829
68887
92478
78922
64010
66182
88183
92305
66646
39950
41623
67101
77539
12017
58355
93694
27808
50595
36275
50908
53485
34372
7608
28215
62699
94512
17437
62301
2159
79777
45324
24325
90923
48690
15106
570
10655
31468
22858
9087
6148
70406
93937
8635
80394
56016
64218
75702
87978
20184
10419
51973
13989
37397
91193
76597
45792
2896
4389
27833
87345
33116
78098
72652
26750
6957
81822
54025
8135
58680
18825
46127
62525
3784
55368
67574
73407
4869
5737
74627
35043
36868
74920
97888
12977
91078
97704
28045
7324
84584
16927
846
75804
90629
92224
88890
42004
79546
10834
73956
53167
685
17788
60050
68751
30490
20550
18339
53212
71296
21645
76369
87151
5413
81644
58514
34961
33235
71379
28675
30504
14377
28456
25559
71178
68233
50350
95916
3340
49861
28105
76080
84088
21169
49069
56112
82087
44806
45878
97338
55006
30800
76335
69957
13324
19767
85342
19985
65406
47556
5538
21361
58627
65147
59086
847
90860
11399
31560
66311
27551
50791
31481
35296
62827
98899
91333
95625
53282
46386
27085
83361
81988
4242
70633
64566
57776
35267
58585
10337
89135
53902
1241
62334
63172
10436
79421
66594
69787
62758
74508
13906
85922
78993
50880
92722
9881
82010
69739
78292
51065
69306
28294
7314
66348
66957
72727
7408
8036
28566
25510
45412
71202
33524
47397
64671
12693
29485
50601
87766
48707
87920
95514
25850
26170
77574
30119
49054
90143
9715
80858
99647
59561
3474
58371
61353
80190
32407
65734
40681
94284
44803
23915
3212
17582
1622
19490
78263
42360
89309
98568
56787
82367
78236
45425
48796
19986
57629
26239
88174
20297
13100
49319
16721
93365
1549
96505
9634
44761
68938
35392
40160
90709
75384
50703
55968
26
25562
84140
11555
31588
90076
25618
67064
95141
5001
30809
7125
38138
31077
96103
16505
12383
62873
71528
14570
34191
12166
75190
3809
57364
7356
87185
60667
69748
75083
9115
6490
90189
3846
64906
55861
50983
23315
92297
37304
34180
50647
58794
16070
74561
48958
53997
18134
10792
39608
82121
56763
9502
20173
66145
62483
45512
69160
65756
36514
90942
68826
2243
93208
96777
68735
67048
96975
31808
83843
91492
53382
47784
9087
1510
34300
71967
18627
89957
31654
90311
81434
46089
22291
47120
36178
86160
3412
25656
22814
43264
41131
45588
68005
91893
17599
3466
28495
73056
82766
34838
9687
45898
68873
62278
75932
77290
27668
25066
46270
93247
154
15375
57151
42011
19445
61716
62889
97507
62098
41088
78902
80398
50059
88550
3965
98707
74171
35288
21860
659
63708
24
74424
93906
99211
7702
27643
51414
50305
86028
17384
89357
97284
45711
50155
82259
69888
79985
77007
7945
32844
51671
24515
89738
91009
27247
62956
16287
94627
86822
8598
48505
50459
7556
91915
39411
6515
16799
89377
68030
28571
84877
97367
60515
32367
54180
28552
3207
23754
37826
43787
63907
45542
23361
94545
48417
39539
62447
43328
42103
15784
47529
2900
1064
67306
81965
77261
39450
53461
66696
79199
71067
32197
91396
52593
24062
65098
86316
95435
279
58242
43336
65872
53214
60313
9558
92028
98512
18351
88507
68232
65259
44895
56450
82105
2128
25687
26666
87210
94409
84261
54632
9595
7174
78931
96424
61340
1900
25141
73903
49871
95490
29098
26878
27986
74264
81345
28074
84310
35438
23564
5187
880
81778
73886
45056
95681
79218
78161
3208
17542
95129
63909
59176
66813
21507
80850
33693
15373
45197
20455
64666
48996
45349
5462
70079
51312
14886
36875
80388
58697
27697
28267
39967
61748
51366
87109
84056
77730
73857
32988
5508
53001
51919
91828
45512
69092
50941
99357
44541
92217
9776
47687
53444
81389
76103
37115
38821
43829
83031
90955
8428
14989
63419
6228
68087
47909
60028
61210
57352
40081
51888
55733
57561
39347
60264
67866
54779
86618
49382
77682
86173
92730
40419
26431
50365
31131
63352
2769
1438
34461
59644
73089
48181
28273
93964
37704
52589
60782
58136
41507
85690
47068
40289
39060
96533
25402
91392
80136
65172
11096
53379
11747
76704
70934
78422
39388
38333
97621
7086
97894
54847
92322
92502
69268
60018
85190
46786
17995
35354
73708
42852
85110
59451
41002
97465
21260
88507
68359
97487
15239
16061
76204
34097
57017
50440
77215
11655
60077
75549
77143
1066
63102
27978
75522
42249
9863
56331
21772
82351
17399
15223
99840
27104
41334
73570
94004
80144
30041
15841
75725
79506
90942
25676
26666
72144
92572
91550
31185
75144
35395
93953
14945
13132
95913
37289
84428
4630
55093
42666
14258
68729
83853
50179
43744
21894
39136
54447
15700
12987
3480
25643
29622
99103
92438
46305
50044
55514
53982
50854
10258
7314
65079
83402
71352
61002
75066
18572
45333
65403
29103
11896
1983
68580
17624
68966
89201
87072
5510
48605
16571
65146
39626
32448
43742
6436
8289
54931
47964
97285
63403
49725
81372
74111
19738
21820
44635
50974
25591
538
56753
36385
12032
20623
71173
94535
37369
52762
7938
68579
81993
9458
47174
20710
1856
57009
12879
2040
10450
64250
46374
11663
38346
6369
55188
59175
65369
43853
87386
83965
24793
91434
54557
20829
2937
35904
69035
74833
87853
49239
63436
9039
34259
75684
43379
55970
8670
27820
2391
47094
28591
6166
18617
32570
11483
63162
6289
97464
96387
26267
57508
50916
19892
17103
94644
33943
29580
66916
17422
65941
34617
54660
62872
56630
86362
67724
98183
24578
14656
5787
74613
23026
4942
90399
28128
37102
94176
31025
17973
21597
2898
8232
51775
56987
93991
45382
41128
11914
79510
83465
50318
33979
52581
21662
37494
38436
39385
47987
78886
60695
70086
83979
55862
84283
59874
38545
89882
43170
48257
76401
58179
43148
56762
42404
86663
10165
91326
26546
30878
92974
20093
30075
22115
14028
11928
78167
48286
47641
35730
83139
61678
35232
88077
85893
96911
93005
97063
83980
96443
74685
40208
52150
53100
19288
9308
48082
11235
18665
10651
87726
8027
75611
77981
50940
39999
25053
41722
36307
79025
10084
56332
39362
72379
99795
24731
74755
59156
72194
76970
72365
19204
26834
58980
27584
80709
51902
43221
96735
46032
47446
10577
99989
57588
18811
40577
47899
56942
57589
14151
56614
64600
53238
50297
89046
67458
24286
26837
56514
79286
69883
97923
48378
76994
65248
30253
48541
35151
63216
12137
37680
79862
69724
92713
66208
94534
64687
46830
19240
17223
56263
97104
21507
96771
9165
42732
68564
75420
42967
56931
74767
48454
99583
94209
83022
81092
26640
35047
96636
60938
36089
86694
23609
42763
76661
54119
36478
29911
4540
56922
7777
97411
47240
89676
88083
9390
44527
54919
46384
59129
45961
18983
20907
11672
73064
35259
41598
25152
74764
78400
77303
45447
63492
61061
74832
36862
61440
64448
38572
94514
97129
41659
81328
65495
2473
60346
74597
98565
72134
91975
85860
12373
55626
75938
67549
43380
17672
85012
36589
7894
68437
97973
70101
10928
37261
77691
33389
66956
9253
12567
27745
32857
89315
59099
13605
98352
85413
66437
96362
93129
8934
86739
17340
65255
47127
29106
59
81414
44028
77693
2797
9445
86515
58764
22541
60008
845
68837
83009
38482
4716
93988
38978
22766
4821
25574
15405
61044
35307
82250
45244
26250
45349
43396
79654
14380
48623
98306
66231
55221
73972
86466
17500
55910
45042
72456
80889
52819
21832
74987
47398
41294
34515
77200
65501
45248
54920
19458
83017
58623
94301
40585
97631
28844
49047
59325
49991
38153
53844
37594
51674
82836
84933
12545
61708
40405
22565
57400
9463
84764
68454
86231
28770
40005
59846
10353
68493
20510
8374
78990
55992
40555
60771
32724
51567
97594
82975
90313
67271
1411
36112
99227
88302
43053
60417
53137
71211
25855
71483
50180
49998
72575
77683
77283
4340
85877
99896
42371
28772
94715
22063
29125
85040
20732
11296
45717
64033
7492
50235
56785
16793
10612
63161
70048
81249
36585
12038
80597
42852
85155
92987
30471
94866
20258
85064
26543
45999
77721
8482
25522
79130
29843
86145
82467
86469
39114
46134
14957
43799
14077
99872
83457
93486
75473
78757
47202
99118
87418
44012
56516
58027
11215
15649
43993
79524
42858
95382
95856
28357
76328
65981
92956
34071
62947
79620
16721
30956
25111
41144
11170
39181
50172
16401
28599
97027
97490
32989
39779
2205
75246
27318
20132
32119
52813
28814
59421
65530
2417
30951
25825
64373
26991
94964
64368
38173
42192
82069
28303
93945
8121
66358
39237
57759
31231
70525
65224
1298
69498
48862
67694
33421
33739
8801
3167
83765
5190
16836
85420
83958
54783
37548
20545
23765
73940
59042
26504
18344
65139
3015
14224
93715
79222
29494
39869
25100
65129
10960
53847
17540
85475
43513
9879
52001
48116
66028
29449
97454
35039
76742
77838
80862
13276
82710
58764
93386
8705
68241
30457
79598
65753
77425
27013
28097
80310
30108
79878
85072
96298
2237
96990
33285
50678
3111
40246
51644
12305
94978
87713
649
37619
48152
15814
67403
63228
99084
75830
93214
61869
34859
10069
17317
78054
7264
65928
72994
87758
13165
40346
77355
76548
84570
45312
52297
61355
98862
64866
92608
97223
98632
80024
17836
34014
70138
40290
90416
5081
41914
63076
77755
98236
81644
52397
8821
54670
28031
20461
20688
52347
94611
67958
89157
70337
76540
47587
59633
33881
72835
53645
48573
68859
48798
99176
96992
30789
69734
85098
53985
61765
11826
4685
28609
10153
45188
70345
73286
39340
82207
34982
35112
97137
25216
4536
44948
861
57356
2646
94990
19573
41450
59887
78523
80510
70589
26913
75533
63522
38702
53350
24093
98706
8949
59060
97179
65272
9987
21917
89063
12761
61729
13698
35895
80120
77100
89963
69076
74678
44008
49949
22168
28740
67557
26903
25211
61496
51434
23604
7308
49748
55680
72390
45405
38385
70553
91017
18925
52173
63250
68053
15147
84310
21253
97144
86665
24990
25458
47136
31855
50199
74218
46338
97825
42233
49390
43503
26179
89385
60353
72799
53952
6328
73170
22008
55268
36523
77473
28070
19001
65594
28261
9916
8798
5172
78063
615
27970
72401
1550
12662
68821
88073
71274
45184
60065
73812
41284
29625
90785
33150
55880
92945
96975
49653
23620
32744
62141
66754
20532
26996
24833
70025
60316
75762
78271
89136
95218
38088
69089
55370
6764
48182
21973
68274
53382
64763
76768
53530
6265
40293
36769
16748
95550
35313
15557
56898
53
97424
68511
79819
92649
12472
19632
30262
9684
29434
98236
86969
5115
84595
88332
13596
34690
72234
67316
50463
57390
96377
97320
63237
49216
63328
48260
95252
11333
65757
40153
28691
11135
53977
75144
57266
28194
59347
69694
92724
77698
46729
2994
81957
74000
20292
2672
79506
84010
29407
45358
5948
2875
31457
2875
93761
44993
42922
43205
96272
6382
47025
68150
92269
53503
61948
31651
136
35952
93290
50521
88143
86576
64179
79888
95991
81528
25903
13802
81675
1397
77963
35094
57467
10109
81133
82382
462
35431
52192
44826
90973
25690
67632
33186
96533
49446
31165
26388
61627
15422
84940
92180
33231
53993
22355
97874
30896
57015
15489
31368
20906
27187
74655
62124
93470
73397
58598
66842
89451
63423
4423
13966
10426
51224
65792
4063
73309
23196
28530
93933
16303
21608
4216
47656
81729
52267
44498
79647
20828
29177
1445
44945
76150
57598
72247
57271
99595
29688
56127
16867
89889
12322
78233
72191
31958
41561
85467
6924
74263
19212
11265
17351
7317
29765
52196
98493
29714
18948
71336
69764
11838
58477
4795
19348
84045
99652
96226
4803
95380
91708
43406
32915
61684
67177
22416
10943
82267
85454
93586
82327
16594
40625
44479
94142
60676
27801
48901
91206
73716
37206
10074
4599
74223
23989
25108
70332
28086
19707
1228
58032
41597
86169
6016
33652
13717
55200
26230
33904
63908
43511
2984
64001
35412
18925
91505
9982
46094
53016
47615
55263
98703
85114
60250
69675
83682
98783
39004
85065
78291
25313
81004
41406
11435
19536
84313
60465
66152
94015
30878
97895
38606
60617
67662
27948
10419
84706
53640
32601
30191
51598
76987
36451
36006
46648
80953
80377
67142
38841
61133
33837
54142
72959
6217
51087
78581
42553
51527
77682
36172
28553
30052
38153
86725
52086
41709
67581
42718
91806
83001
17875
931
30672
74554
34035
25908
21195
74044
27444
94781
30051
73194
30752
53142
38846
10516
10280
1832
80545
68503
11033
21846
56113
49160
6700
27688
45271
15956
93631
20224
71596
67426
27477
20171
53145
15321
7312
59507
40305
68788
31108
56510
73686
73164
50354
14026
45604
87554
80846
21622
31219
83319
76100
80446
94310
51562
70639
68841
85373
96994
40908
89144
43445
61101
16024
23138
33896
90924
21597
57311
11344
74123
73708
12354
67731
43363
33086
84872
70079
18966
93588
32169
72591
86147
70928
73532
85303
45620
39954
69879
58215
17774
87420
32580
74619
68478
6759
2260
81658
88266
7279
47834
99389
68424
69944
31649
89728
92356
91898
86518
10036
5231
2876
15165
60919
11906
14549
41538
49504
8181
70017
46836
12218
2346
19852
64942
38773
70098
55242
715
67191
19281
20375
46137
13704
82670
49010
17428
96098
40548
75011
27987
84477
5820
69152
99447
56172
17510
13947
61872
84100
37308
52102
96353
5520
29120
25845
26436
22830
84953
69596
35421
84178
75445
75029
18932
43814
2102
86393
55695
67832
26010
72268
97674
61363
36321
40803
56704
54741
75
39598
16891
77835
73938
53933
8949
4549
48690
5954
63416
47898
66036
61819
64429
85036
65235
32197
94324
75542
10037
64987
15517
29682
56937
71634
45997
4846
24626
6902
12335
76995
75874
69670
15195
97986
56042
4685
33309
41544
33009
55302
51104
63957
94411
24667
89525
31586
42060
95357
98241
64004
75566
30840
28534
259
37801
40045
51354
54841
23596
19504
22393
97318
37341
19605
43920
29396
79671
77155
69922
99175
89997
99099
78819
30263
48462
60164
84684
74494
91738
83252
34635
39208
48865
18205
97106
76727
10075
78120
94007
14207
18885
3059
64825
69478
54803
65531
4062
82932
98413
60822
7945
59607
47663
42568
29919
74170
39405
13099
40296
32811
72422
17825
53955
95817
52098
15842
74819
56892
66898
51394
74501
89788
68521
64987
19355
51175
25755
59587
26610
23144
57297
33660
44610
34670
10648
68609
90407
95911
2996
3466
32141
56973
60776
57359
10682
7787
33959
12206
45198
1842
45097
71527
85613
19909
99817
96819
69999
23767
41715
17860
8616
77201
73701
51192
13677
98853
96355
71512
99539
10186
96547
67564
84905
993
92039
44217
90911
37371
57013
93825
27610
13498
41718
53848
97671
91696
96265
33406
77341
59013
66030
19081
82269
85541
29617
29177
6372
64976
23494
41115
26682
37427
68389
9003
33513
33575
1178
31910
64714
67110
21957
5990
92064
50230
50552
59764
39503
84963
6367
60037
21345
7885
1467
72050
47046
27296
5909
47075
62798
10142
84374
59560
15605
10034
17139
35258
97330
93517
56006
21076
1194
22017
25885
77992
11917
21121
26506
76248
45418
30489
43133
43268
64708
25689
97602
9349
55487
50192
62949
49051
23613
51220
28016
17158
94938
89125
81558
35088
39672
45035
93680
17399
64173
76653
95232
26059
22276
7688
96052
66107
8536
67086
68015
63480
63115
28590
47041
5682
87579
3940
69842
79241
61197
65383
53582
67279
94443
28671
52603
6828
55883
63743
5177
38286
6695
9070
71577
85978
59557
6398
34332
74290
26270
73804
48575
23431
40804
15079
30126
56144
69556
35499
42759
23777
61535
74876
79979
21801
97106
42859
96776
37111
75264
26979
48878
15561
82674
76629
4371
13446
63159
36830
72820
17219
87396
30716
94732
47838
97035
77973
2701
32288
8601
36562
18167
35675
22214
97413
95198
87182
83888
51894
79540
98676
17639
55570
10989
35020
53009
16593
96643
97462
15758
86593
78120
94584
83401
34625
95264
1128
51845
21835
25260
3390
88875
6523
93068
50168
47196
29856
34600
41466
61904
10086
12123
38400
7934
9193
14151
51973
46130
59563
25245
98993
1949
99891
76822
18795
840
73361
41938
52455
32088
25557
98953
40588
58019
79246
79535
80602
24228
61041
55482
486
94973
87582
82198
74011
95981
80058
21786
43815
71642
8976
48499
37049
93546
43420
66247
56222
59447
69210
98585
37135
31640
15802
65727
27099
44194
33301
85458
52657
48771
28479
89532
64897
36272
95127
88848
19309
67684
90754
72099
5262
81622
7477
49475
97220
78967
66411
7127
44259
20108
9392
7688
64160
77227
58877
10361
42005
826
94168
41015
81111
95548
3619
88559
28296
90573
15277
81302
15584
82903
82101
28909
59824
19760
50435
93963
45773
32893
21697
13494
73216
27283
4264
82682
40563
39508
87993
55858
90381
38277
59047
45603
6031
58094
8574
9550
43328
41127
60569
62962
16252
25996
87135
21876
42100
76520
11811
97606
26425
16456
48346
2004
82644
83633
16231
12916
37407
98650
34137
99123
38165
67416
67558
56869
65938
20884
58321
43852
78072
67268
93839
24181
53526
30728
2243
2421
12749
79454
34201
43233
61274
75716
72785
49925
5414
81937
41314
3215
97754
11547
59162
13315
80530
62860
86595
48236
77167
13047
59098
97556
23226
11172
82789
19781
47524
38635
27348
1426
62076
75037
70563
21164
58698
88810
20972
94979
7361
50313
67719
38737
39522
13792
91051
84377
6421
78910
20022
55505
9011
283
62669
63374
98576
2347
73170
87766
61115
13833
6876
4292
28902
44969
36179
96037
96493
16869
56181
37573
845
20168
22466
56887
70019
38413
28831
14811
25152
97115
12685
24793
71312
46469
23726
18171
31272
56049
77113
57713
29421
75211
11315
62106
72669
86844
79495
4222
70553
75825
79001
31561
95175
45315
40388
78777
31211
39512
4503
40749
39738
54319
5641
13142
11468
78730
11085
59257
47425
14066
42460
92036
76733
94870
77077
83190
55914
14250
58724
12112
98018
95541
22523
80372
69685
15189
77205
54773
93400
82508
46386
63427
8486
52698
24906
5435
70751
97149
5696
8838
7763
20765
8016
28345
55245
32473
17044
96728
72920
93927
91383
3379
13635
3091
76803
33860
59887
49340
9782
85963
632
89168
24189
71097
55022
52329
54661
23032
93918
29943
51426
52688
19430
44799
33271
73528
69336
55271
86027
46039
89109
79311
69921
2822
54246
75513
81384
43746
24777
88422
89077
92122
11367
98773
78421
17860
7524
67004
39061
14930
48153
11661
44343
80453
43977
72456
25837
77087
92049
33451
21511
86457
22742
64373
36885
98378
12784
1674
72272
40038
30102
81752
79236
10565
18333
80236
3463
18347
48765
21783
62944
65885
79851
71410
74746
44610
1201
15152
78959
68757
19961
29140
89812
5808
96344
92007
59357
48607
91831
92741
23822
67377
76496
38465
66544
44683
11233
72009
71238
69371
47101
49371
29087
67699
91503
73385
9579
35968
99462
38094
73957
83095
81924
90824
10114
71318
81318
22593
5761
32569
13608
62544
81197
30276
59867
74956
10550
19395
81134
36204
78188
35397
8585
40418
47399
31226
88257
64825
60526
82875
89131
18059
18227
56785
98072
88896
48353
99648
288
24366
45628
38068
29013
20820
79465
67084
21723
57968
69858
10271
57820
72134
93530
72495
77804
69800
91745
14455
17874
98806
54530
83845
91744
78355
7100
5846
60272
30657
87640
29728
73429
87182
39162
20808
67283
13360
53275
8046
8755
37256
12600
71629
92764
33823
511
73870
33764
75172
63529
78510
26539
89660
11214
46799
55832
33537
95153
22722
68610
10091
45883
57446
35812
94639
62030
44692
89810
50579
2750
20141
42329
77736
53380
99886
35279
36550
70093
25368
31246
18193
76040
63389
28724
87252
12452
92750
5675
97795
86251
34410
44115
78804
9349
69000
68676
73599
90570
78801
83566
34683
12998
5120
26386
25193
61620
60931
65546
96009
48686
85638
44484
95420
38975
82776
73840
19517
83273
82602
93446
7518
12722
20876
20318
57014
93210
10332
10523
64339
4804
81732
18777
51572
9205
8637
24952
1975
47487
89277
40498
45487
48684
84638
37799
47346
24842
15685
54280
91913
2839
59862
51012
18219
3996
87408
44400
54939
73993
51357
39663
63551
9172
65004
62502
76269
15929
5381
82990
10347
14037
44526
64349
45946
94625
96166
23318
86017
89039
16269
82351
13140
59400
70412
91642
62210
29055
74442
32335
9188
59089
54554
96637
75585
42741
46132
75990
70854
28403
30386
2270
3722
87291
12337
56558
23367
13664
48226
59519
54078
17258
21199
86841
92683
57396
6017
64457
5880
1108
89294
40850
15131
90720
27723
79527
75131
23901
36053
26653
35513
88260
101
23281
34295
2522
94260
17100
25496
28739
86696
29073
26485
83897
84282
22618
81182
74629
681
62901
94379
50118
6795
86650
50863
75216
48601
40600
69283
68765
64255
27235
97557
69043
5932
42189
98047
813
24700
91808
97590
33370
9825
47454
7985
98461
69913
89738
20669
3117
20759
70233
47320
36919
85924
64401
80635
33610
90555
68147
59944
19784
1329
22172
28469
51085
33006
56218
28476
45091
57425
8177
74569
9855
22460
95454
33400
76052
68701
28038
87586
15075
93308
56728
34761
90352
87410
75717
9975
81724
2089
86620
12421
13800
71659
71107
29759
34416
29479
94504
70414
55849
24896
41914
26595
29
53272
61256
18627
2553
81138
98989
88133
18554
5191
69985
48072
7432
85944
45298
7937
33282
45455
2934
42826
8635
62229
9406
58598
76614
2407
70678
43294
24434
60802
29618
95230
41850
78715
32339
61390
7973
27295
3243
44430
83609
36458
57711
87193
69922
93438
26672
3052
35913
83221
62468
39545
81832
77916
51517
23852
28849
23908
59019
82803
47791
37264
29590
75804
12335
91722
15334
5403
36660
31572
36010
61425
70229
36240
36273
30855
42000
78656
38881
29895
62078
7308
88145
69159
84110
41219
60597
25122
6455
514
45414
88221
44243
41893
27409
41063
48877
1043
39687
47538
69303
13570
15000
7892
98994
93246
1304
67514
53378
58821
2679
53175
14555
80614
28328
2036
85715
8913
78270
23099
58704
38140
66254
38964
61389
70065
5927
15271
13688
78908
17721
64701
35953
16799
98134
60114
73555
24627
4489
2735
90772
49482
2437
17326
43690
59027
5200
7635
22432
62631
47069
82136
18182
63484
71119
44118
2897
31140
7876
29205
43298
57856
99349
50175
39223
84227
26132
34918
45553
47867
45717
72333
65244
46564
86120
15824
28538
22619
68786
81211
21535
19306
47182
2289
50305
20584
74687
91291
35112
80754
91001
94916
27173
71424
60093
58433
26160
22647
7548
40735
3252
8847
4830
88535
23796
95986
98781
92391
53584
38622
45999
79312
12489
60963
16083
90846
15073
79042
9785
40198
81333
95348
88981
81188
7502
4949
63525
36766
89860
29502
92733
23918
42056
12946
60682
81156
9694
16824
60835
61195
67401
41960
90962
50928
9613
81060
84684
73585
12017
1779
10049
14030
44308
45700
77345
75089
88495
97422
62819
52467
40588
56831
23207
52720
17864
33862
69116
59701
59027
40807
99170
24324
42615
82
61042
99958
26821
47579
17656
56715
99910
54228
92059
99642
77121
63528
34166
95269
55703
20180
27401
42059
47029
47268
7184
28376
30602
14060
68493
22769
4208
31808
25734
3552
37947
48970
9859
37198
98612
30473
69011
27182
44435
19567
61419
64184
86110
97902
24432
9010
49014
56464
97727
92818
73297
55139
77216
54901
84745
14083
91304
29290
87491
77311
68738
9740
86174
68039
76629
79562
38654
78329
25439
17427
70708
28705
97799
21335
73681
57643
67531
92403
8431
55195
61117
53603
62851
59098
69518
39728
69659
43764
33139
83136
16247
43177
43686
82612
92687
19006
18564
12094
63566
67338
65339
41721
61394
71420
55589
97390
49367
56635
33965
87278
55175
73287
94305
14338
64067
91137
75094
61944
31863
40264
78295
12156
46141
42499
22076
9265
93677
88178
5077
99888
67319
14095
48394
33368
84726
40522
665
97304
76168
37729
98254
29260
60079
23171
84119
90492
66578
23799
13205
19717
59106
28562
40885
18995
5178
11406
10122
18304
53302
78700
91000
89241
14253
74443
56414
66682
33413
26839
21068
59546
68878
80560
70371
59853
5139
54856
9135
53636
82209
5019
56608
95654
94716
26696
52696
22288
47756
95649
18435
55342
1802
95195
80971
12462
3021
77119
76786
63539
70408
25852
554
32169
20985
78131
93087
49547
80392
35176
76846
13640
14142
88556
36802
75200
23270
39411
76689
15468
90627
14582
45633
38737
85199
57234
80938
48277
80753
43688
90399
61872
19732
8526
93003
95118
32347
87026
63750
67143
30259
14076
6801
37727
8854
98495
85490
81552
48381
30725
74309
11727
37074
55816
58643
60565
58816
2674
63425
2845
32351
23555
55078
11319
91012
74941
94941
83993
72295
45856
7986
23963
90230
99109
89522
95294
69982
77881
97102
51336
38748
78017
65139
55690
60055
62447
60838
92312
58106
1842
83673
61110
29483
12342
1313
58971
97495
27468
20927
81760
94573
63226
76473
93874
62093
68270
42238
12382
3117
54999
88444
29183
57260
2421
49845
97183
73542
90625
86187
63906
17893
79941
41712
30329
93105
46839
99990
95966
9664
66290
41494
31812
99106
7889
69985
56036
5489
77739
83116
89922
69329
89587
24779
58945
56073
24374
50313
11678
69558
35127
27547
53579
24823
81290
99487
79114
1585
6435
22969
21278
53288
68259
6144
9899
88027
89924
88527
58322
55776
3204
46368
97966
65479
94624
57525
45918
74234
87377
38376
27439
88387
45669
72759
26328
24398
23211
392
76843
40166
93039
26208
79521
10574
59911
42637
85007
18539
79080
33198
83841
6840
63395
9835
22713
59981
45684
50755
15276
12922
2255
11685
98509
29456
80012
82795
44486
87273
92663
23004
60111
59637
70610
98016
52023
91973
10320
98041
7729
47909
80567
5779
35861
6115
73282
90921
94262
5185
89715
76653
48020
44980
78367
28024
24368
17593
51653
96498
34368
57976
73855
89167
85087
84248
94924
91855
21318
35298
41545
33573
19258
88225
23635
21744
41269
29363
59581
91576
93440
28686
48447
91655
38014
96613
15064
39187
45845
20705
29727
80586
68520
40255
45623
35073
38788
28338
46372
35664
3028
55202
38359
72475
55610
70940
29001
46319
40442
72251
79960
24695
42522
94399
23387
81673
51983
79337
66553
60322
60768
46279
33955
85251
91150
3263
27625
89884
94846
42026
8446
19690
82622
45205
35236
74613
79572
13938
83711
51320
44879
13137
3304
82554
76380
79443
12388
34394
77058
56186
61278
98627
62734
65970
5005
58612
32553
95038
29312
97820
68588
76223
84516
51976
26412
31547
57600
34551
52036
78970
24501
42424
90746
9880
47533
29265
52009
75684
10464
17913
85488
61662
15071
87591
1470
72828
4529
57109
95008
11374
17306
2680
46202
19932
6876
42599
46947
87028
43161
3886
53564
35493
82067
30890
41405
45805
41174
41788
21013
35655
84446
4324
35546
4241
16627
37127
89569
26130
26909
81706
51600
75747
12593
17529
17932
32286
96776
27420
77267
99084
70882
40097
17189
17993
85900
67689
87384
60293
32512
53395
17699
57164
1067
72371
40290
89475
76046
76099
83980
41785
55190
88709
29297
22790
42486
14676
90716
46561
32575
65598
10163
60384
39286
17902
62752
67973
54882
31925
52891
68676
20611
71536
70929
94507
94975
62333
21554
11862
30482
32251
74650
4986
7404
15693
73604
94179
17767
18301
12351
7991
54363
6500
74426
69797
57428
46009
35209
74591
84130
68729
76135
63430
35624
66176
49000
85513
70454
4243
62940
93853
20677
28276
36419
43318
79654
66707
54666
81767
18196
72621
97588
99741
34406
62261
93435
9072
54076
38088
819
17446
5497
98256
50368
52502
41885
21283
84428
71069
51764
22696
86437
7522
44919
30864
12954
22528
76637
38155
92201
13245
77389
98301
17017
11865
35764
82841
92208
90350
21204
8420
85711
51964
58562
88893
26727
75758
61116
35743
51117
59380
15162
39730
24305
75389
8461
82956
23006
73233
50811
61953
30180
6495
62097
93261
60373
61693
66499
2653
63733
46640
18141
40344
80160
25242
53490
8508
75014
57174
77976
22978
20804
18644
15138
1016
36183
94645
41118
91303
80813
22572
45555
30342
16816
31103
43345
80177
62702
97312
63802
74193
67188
6339
49635
99550
99987
3720
96710
96523
55310
32729
24665
35351
1093
18890
85847
70371
69923
37534
89943
55015
72276
34482
15002
42497
67036
57533
2127
39768
29022
80108
87683
85875
42675
73318
90580
53207
16407
63623
9480
85499
80281
17139
20184
29893
2192
74665
2495
30225
14558
10569
81349
951
96164
87352
60336
59331
43614
33745
76594
88550
67721
1143
65503
77590
42019
61497
88083
95755
1403
58489
80788
66649
99334
20486
73257
37548
89930
48416
54315
2050
53266
36871
59446
47848
28839
38186
91482
61894
33447
88101
62223
51703
88783
59246
54164
44958
17439
20790
72653
31112
62595
65055
84970
42218
47268
80167
74411
76100
51586
17160
27164
89170
64946
45827
11769
70076
10075
75555
63412
99252
952
39477
78510
93626
64053
47110
80001
28110
10680
18760
46567
95546
73164
12371
21299
74315
77650
91215
83818
67712
56681
82841
84278
14165
16024
94630
18145
21174
14734
22898
72733
2677
50685
56274
14328
69578
10901
78644
24829
24130
91846
73430
72710
31835
84012
64491
63403
83659
35672
23310
39602
49798
47371
51144
77426
26349
57
74867
26530
93358
88267
63271
44631
35439
6492
63739
71873
8814
25130
69175
8438
90798
65973
72409
94812
96412
90536
37257
60012
76283
26692
76333
52720
99694
8795
20958
18252
58806
16948
92359
35649
56968
13791
61294
53972
43064
62551
39424
69066
38788
54370
14540
91825
14343
69913
44565
86831
15874
26785
56937
30883
44806
16544
30214
42180
91515
49414
82166
92068
47187
29265
37661
18776
86251
45669
27613
34509
47402
10102
3640
18256
91033
32617
80718
70956
64256
57204
53148
88910
76766
57350
34058
86304
5744
53507
25299
70190
29812
23171
42122
71016
24557
24127
90735
92567
69852
85906
62887
11203
83698
17827
47387
85602
39516
8413
31235
38726
94430
73811
42395
93097
44180
26621
57523
37219
7525
57267
41763
9715
66772
65797
88280
84413
85170
35024
85247
94436
86652
96625
76863
90151
6196
74447
69190
48219
62073
71757
90319
46380
77293
20345
65061
49351
86884
80429
94373
8324
87343
68110
36384
99998
41864
57412
53172
20622
78962
31664
29581
23916
40012
38574
76229
4971
18010
10014
48346
86485
53320
41101
44409
9750
66749
2660
850
82121
13926
77469
56293
43574
79362
95905
7638
11377
82740
12568
96297
66203
24495
77141
19178
19719
49386
41744
28357
2145
93989
22240
53278
4607
669
50250
97284
52997
13174
251
76707
98140
71936
17755
48196
6788
1922
57673
61867
89726
72684
6628
20657
34417
12893
54887
30005
91645
93633
36745
53121
5530
23140
22531
88265
13599
68396
28644
31654
569
88491
28338
4543
4459
34601
59968
67993
26777
96949
48419
46871
53646
49799
1862
60378
30571
83282
16075
3041
93671
62671
53711
6514
84400
72988
31104
81279
82525
36307
49760
87483
57571
58252
46088
28966
28961
63005
70140
553
12144
50817
80687
49616
91129
61712
29145
36470
80620
24949
3102
77385
59061
27894
95776
4204
94442
73416
26379
79944
50593
48626
66487
36543
24500
72108
25881
59377
98499
31170
39801
21190
59315
1556
71775
9577
61467
10340
34522
34472
32335
77135
97553
73741
181
47458
57092
92309
61049
90571
13792
63521
25171
75299
96625
69791
9950
53117
96847
26484
47009
33791
80361
95774
39266
8854
89764
66203
49442
50542
71647
6977
98492
98484
9539
74473
25165
98036
46462
61830
51455
65201
10593
68604
4046
34250
94744
27588
54585
28204
33597
9550
36123
76347
514
87420
76463
52909
12492
5766
28470
52281
12968
12652
80396
2612
1460
63919
21156
65102
98041
35966
50763
3576
70906
95213
99817
28446
80069
78704
65232
57303
58776
52907
61052
68243
80228
33151
96245
22882
78306
49765
65688
42906
663
9036
49419
22089
54921
61725
54273
77324
94470
47634
83089
26935
32138
38060
81958
82488
18175
15702
48210
27771
39101
48669
36535
58580
54580
72081
27155
32375
62850
48728
17314
14575
42312
66041
85447
4399
32272
12795
2208
15173
69124
29846
72128
16451
98029
35566
52539
61408
64330
33083
29507
93759
95938
67032
28675
6660
7882
1161
14711
72092
70219
31580
59654
83171
6922
30265
61739
21250
75018
5915
55458
58789
83615
26024
18381
54509
82791
97380
12003
71016
6981
42047
76267
28263
26659
79332
36049
4780
82230
68150
58459
4427
95119
50762
44370
48639
14361
91245
24601
10819
476
12012
35063
58465
35326
92696
99796
8305
38106
28213
65386
19283
80602
12137
93441
47896
46788
77434
56762
77521
73501
62536
79480
59514
64763
16210
93351
88033
6662
74606
29239
13661
8718
88179
2444
23139
72343
51518
95842
8457
26267
80769
72912
26013
49799
63121
61592
74614
57041
6256
46638
43463
64664
88776
26800
20666
40061
90209
9528
16701
58234
38664
84550
30288
49639
20758
63486
31805
24010
51229
61214
12579
36352
12610
21407
44152
2166
94434
72868
34150
9481
56234
15746
53241
36917
80881
44995
926
32111
6886
82239
32870
35048
53767
39609
59383
75001
66552
57737
17720
82656
56782
81510
26960
30962
72372
73794
92297
67879
83462
56737
23198
27594
56284
82085
4964
75220
32688
7747
17888
14348
85785
4195
52259
96534
26803
30458
67274
32466
27550
77613
80039
44922
96217
91787
5603
11103
73947
22633
78225
91886
16410
54318
35753
55607
85046
23559
53022
48586
80464
37448
52303
24152
6952
46645
18953
17579
86266
49730
13058
37356
50645
8612
21784
88611
91196
14265
46171
32942
80739
52408
43505
19753
31445
2561
21035
21207
78870
31832
70657
45012
5788
60204
68350
93391
36801
67416
72255
66606
19866
32787
23722
52401
92261
6480
45715
83261
17772
15445
82729
18061
55053
48445
43129
35702
93110
94739
78186
53008
83089
96288
53442
82816
24967
4624
46800
14948
97634
54982
93848
95432
12748
24240
89499
34580
44943
16124
77599
23543
85137
86084
16370
38582
50129
99081
74159
62270
42637
46780
41213
49650
37265
34708
56
50343
42937
95012
10247
96792
30146
2443
36749
66340
72349
27691
72214
42720
90348
74303
6059
7485
72145
80609
18589
92612
54123
99936
21946
73902
44114
82161
13686
88918
87399
40266
93868
87242
35000
62282
7010
21477
47795
39671
27801
12415
48539
95458
83462
33510
99472
74068
76335
48126
64295
88511
4715
19435
43112
18359
46194
64566
48092
31109
82836
96903
55257
11431
76212
43702
48848
4276
18600
75195
20351
67260
61296
73683
96617
92276
90455
5324
68001
99246
67626
85011
482
76022
6287
41993
8596
45705
68309
93329
45326
95308
93136
56803
56548
76875
44384
69742
39818
41207
74312
96074
21679
6584
68436
83142
41268
16325
7762
79911
5198
37723
70588
42776
96413
22377
98466
95702
10238
24230
21428
35286
34546
25068
38048
59189
19878
13132
59326
18619
93761
18858
73775
67777
78174
84269
62200
61186
62423
88409
32215
22053
1940
40405
45376
86945
50148
78553
56066
68301
13382
49409
17221
1053
74151
37008
53549
66241
14319
16080
91064
32161
40381
4208
21711
97567
82127
98991
59786
70074
41129
82858
63842
73239
19118
59459
55210
51935
68279
1080
86585
27887
79734
35686
18634
48550
30335
63480
38685
75685
29222
65341
18220
84714
47017
94004
53759
29597
91358
89860
84309
95175
59114
34280
12810
19992
14943
19853
82322
15484
68721
8138
99530
20042
2575
96755
94196
98973
36491
66286
91035
82465
29747
62598
65574
69064
51212
28987
51443
17008
41264
76952
99600
89202
45826
16263
53954
74601
25746
2666
89787
94536
58509
5578
28646
45133
8238
21287
1477
23231
18984
14042
47075
74185
72791
38221
89839
55542
74227
16427
22704
20092
60769
37153
21591
85270
75147
52647
3645
79770
30611
75568
48248
85920
59731
66330
22051
31331
3983
32924
94505
76384
56811
61862
98396
15372
84939
55244
77811
76072
29815
22123
16834
54811
87268
74735
83023
31087
23548
77148
51326
90130
31533
13670
17352
21679
73969
27892
82143
87233
82772
3547
50642
35812
2331
95304
64870
91114
32011
47769
4599
91124
48809
57018
32700
73885
96013
1401
27025
96640
34802
84504
44253
53157
1284
84936
14074
13293
23884
79964
52766
26993
34456
54146
85700
95255
37308
56197
20958
83900
24647
64852
25962
98945
42351
35990
98704
19171
24401
63732
35224
59293
46114
86755
13069
24705
20006
91066
9760
22873
93554
63180
32358
28885
64360
48175
32159
8934
53287
32349
43436
58172
80107
27139
46067
59445
35845
69936
56836
69557
67548
70680
24915
62315
19405
25618
67018
43550
93624
41067
14303
85633
4876
19318
81385
2886
62394
98680
61537
37828
65467
52058
55675
28971
82872
88933
61532
61792
83398
81772
85931
30925
63665
69093
15864
59694
93162
22134
7956
6797
59660
17050
32858
69329
52407
13243
48179
23700
19993
94711
5681
37689
94362
27853
98274
95418
78967
82687
18810
1617
32588
97791
17033
60027
23739
73671
60932
43338
13602
46635
35856
48763
24
66271
83226
91992
44171
23538
48991
2227
98988
6339
21051
77447
56258
67729
32743
7344
58850
54064
31878
27152
61967
38023
83531
85502
52541
56683
6245
83972
53930
28420
14237
36935
87725
52890
23664
92306
51737
86799
80530
27403
33921
70508
31502
16704
10828
22255
95689
63486
77908
41258
32644
35266
65089
8554
75481
21398
28221
22973
59953
45946
18235
8049
46891
97101
71272
31968
49129
83872
32700
48942
53457
12677
95493
120
73968
81553
46438
94425
4549
83026
82192
4591
83530
78770
5180
94152
78221
33380
45715
35844
44912
86423
93045
35805
67620
75053
57136
19723
45618
32682
42011
61130
54366
35581
47292
82556
63964
47571
75316
92711
9726
29246
45884
78560
37717
85082
49720
80743
56667
25957
90937
8379
2203
10506
40161
71770
90026
77434
92822
8249
8780
2654
98461
70443
82058
83808
74559
31002
70173
84461
49311
15978
3434
41488
47888
61357
87775
92757
46745
43412
75025
38687
51581
17240
28088
23817
17213
18865
87125
93215
63
96628
63655
53262
68883
9882
29213
44340
43173
88584
77999
12909
5064
86774
85339
31522
65735
31683
33134
98320
99900
51441
67180
8435
86615
66392
37648
78869
88655
51326
92757
3612
44700
94450
10124
3620
95092
74453
43424
88182
45210
29782
89955
6203
39563
80321
62551
44471
78758
27638
36560
9174
42315
26110
49040
35978
29567
73521
20783
39567
25886
42898
23721
51588
54406
17544
28408
70163
19860
36329
99433
80466
60029
78667
99485
70943
48200
26101
57309
31147
91588
21423
2931
50336
24978
27817
72656
14642
62970
31577
59263
51709
18161
43540
76267
92829
98823
8495
13538
49756
77556
41878
23690
48642
56908
55587
39024
46674
70701
87481
48256
58578
83341
67614
53051
13750
95954
44079
17214
33883
23362
36716
57584
97949
88872
23
82518
99579
66993
79298
68899
47218
62310
48443
29088
9820
27641
21321
67897
8975
89334
99404
54320
90446
1728
81309
1149
45366
37899
59901
88339
79185
82692
19709
9102
87004
92649
3670
95968
61144
89891
76770
54955
51249
27646
904
18835
10113
56145
74499
62514
27684
19890
86379
60024
12925
97958
83585
50801
6241
66221
55802
14375
74619
62600
51549
69145
33793
35029
82409
77738
53659
37665
69313
26594
24185
65862
12937
69605
64171
72420
73576
26001
87307
22519
62371
89383
88742
66679
44787
13451
19548
68104
82749
38899
8814
54299
82887
50133
97422
74007
28811
55837
27622
84459
28255
55339
19258
2472
74859
52488
95495
30008
17471
16032
15235
78498
34654
56290
11850
47878
22128
52511
91567
91338
28893
32766
55542
8671
19133
73936
94861
72890
40583
14974
98226
42912
64630
6268
49953
42798
50940
40142
57581
89257
77536
63221
50537
51908
46542
88443
57648
62410
88494
69133
39868
68931
33444
67618
45995
65877
92553
69373
6879
37420
89508
16323
42609
52222
76083
8714
14856
58599
51200
14585
51239
31424
58972
71953
39984
727
15092
461
81399
30450
13358
80431
96052
78647
40901
37689
98720
95107
2617
15566
26697
92491
57739
22757
29327
58965
72341
71440
60139
82834
68673
44702
55785
60775
28856
29554
26045
93009
11089
60838
14757
81016
54617
39237
77927
8363
12373
58999
55003
27605
96753
17538
10261
45791
51054
36203
5470
26239
46770
135
9492
10798
86820
75696
7923
38920
61361
89453
36909
57983
72878
7381
48337
78793
67974
25863
10993
55599
17342
96875
80035
93157
59987
90832
3034
99480
53518
55742
36142
7283
45993
51188
15266
32720
19303
45159
9814
96456
28954
23763
34843
56066
22476
86712
12834
58832
48098
88307
81641
36853
42178
54018
97989
54290
95493
70906
7995
64187
66952
38833
97733
60961
1315
64773
45840
5523
44180
49717
3866
5318
67490
13043
78976
99636
80217
8793
54649
18170
10094
63246
45086
59820
93371
65059
52379
51580
89287
89844
40779
95739
60498
40137
57520
64636
55230
63751
31296
91254
34282
97699
75636
81461
66059
25163
45015
2133
22733
85218
30975
1195
6052
80086
41719
45897
79647
42020
73185
91444
23341
70151
96538
53805
46304
98006
16965
39533
13081
25564
71834
5593
73686
22418
7093
14020
35819
33573
13845
20844
54112
43945
16379
98919
79427
37382
28982
2133
47291
67704
27226
21537
80513
20117
13892
36863
78943
35835
39903
97238
3684
56749
48162
24811
77319
80448
44680
20791
19860
91389
60400
47283
44076
11705
37034
9484
53816
23032
67250
45816
75246
6264
1847
84731
55405
81455
7016
52512
10639
49304
64215
94985
38773
99781
72713
43379
69482
21656
10786
95503
19889
20719
787
68926
48244
98534
55899
99083
20057
9703
1881
35471
79067
29378
52069
25460
33906
826
70894
82813
16859
57878
45362
72904
57710
3302
9892
48397
18354
6100
8799
83366
94257
51063
2292
73692
30952
72712
18100
51831
66859
64538
24542
51546
34034
51446
22135
59795
57593
44497
69452
10668
33889
64214
91872
33778
39836
43382
51878
90806
39023
81658
96511
73170
19643
93499
5602
9469
11301
12192
86014
8873
43090
60955
82608
33831
20299
54345
68195
69798
46175
86391
90373
56973
59026
72174
25962
63402
20824
19343
72339
87300
59194
95404
32787
78299
4430
97191
2025
19053
61947
99588
60842
49616
78850
70592
76023
37527
75235
95184
82191
23169
20664
85628
51293
4703
95033
68828
86336
23004
22538
514
91826
72325
20262
65868
7135
37795
79448
15988
62464
92372
43045
31229
11086
6358
86367
840
44962
83745
98065
71341
52530
70513
63802
32901
99455
37473
73315
83315
45092
79145
57177
30950
48425
74582
64633
98122
1544
26625
72373
29297
30635
52693
74765
46963
40183
46022
88278
81331
54751
36066
73010
53096
46651
31918
73921
80174
86820
94792
71503
72988
7333
2509
60379
31127
15285
39031
33108
46380
2835
59933
56581
64893
7808
2238
98551
9828
48255
14697
37651
39867
69890
41891
46303
58616
81682
33883
49306
79570
59500
77567
93829
98818
12278
63587
13227
13161
14113
72332
52636
21883
44087
20386
33399
2010
56879
67029
66128
51036
72321
3050
88007
83801
71533
50966
73690
17621
19391
81396
49327
21877
23249
24257
32992
69078
94694
90751
54719
10614
16508
26838
62491
87022
94286
76317
4860
38426
47673
12323
59633
17351
27595
7547
15414
40768
33042
30767
63682
55267
30630
9401
98381
47998
58658
62333
51135
90257
84304
57730
85995
90400
35492
81616
48095
3401
50199
23882
93662
15124
92555
3739
73624
68710
28283
66344
202
688
17163
40432
24425
56051
17168
11303
9390
59798
31022
7615
56799
67369
12302
5700
3504
46954
46874
92272
40709
48174
46937
18423
9020
62329
16045
31262
24766
49416
74179
97414
3636
73576
97715
43464
8470
26098
20906
36040
811
17296
24752
13249
93447
35279
65290
54178
18879
12814
79846
39716
92734
52948
49490
43617
53973
5973
85845
81213
12271
12332
80206
92221
50229
10959
36739
86945
65474
98743
30534
60890
7557
36175
11232
28649
19697
49820
16877
16922
25328
797
74731
12220
25252
30457
28193
40950
27
89148
72458
45749
6385
70362
31596
38690
81239
95906
80652
9088
82756
71666
59205
22934
33030
51420
59359
61167
90831
27740
64280
12565
18650
96007
75616
95519
41042
81899
5355
71533
47419
55789
46794
39149
96405
47346
38299
59541
32471
58434
13539
96042
64294
75225
5731
48015
41031
99708
33315
27313
21099
42927
54526
66574
40191
23847
60138
55034
3777
78768
96396
16431
31458
67057
13092
90081
55124
80836
46926
59594
16718
16597
5666
37721
53143
28194
20357
96799
24121
77135
42603
53153
71723
49787
65502
5866
93779
85452
67478
31310
73135
87331
58497
34903
28444
66015
59921
39172
48523
20663
55629
11350
12923
40136
28950
45072
50836
99166
55156
94570
60182
54238
63524
44272
78097
32056
22803
20323
79596
50023
61848
54341
1886
1627
64831
30927
63693
3893
2260
80842
34265
36955
57130
58553
5422
95293
78363
66722
76830
38870
69247
74257
68698
51300
51704
26185
73759
66945
44781
17574
19350
94617
65875
95315
67142
94243
38597
94587
1471
52128
33677
20264
52868
13255
56580
73098
76804
29369
50121
43159
82153
24752
85563
27939
90006
38738
7491
47111
39442
55051
60876
20123
64284
61882
63751
64118
1247
53482
36030
79905
22720
66805
91602
81006
44464
29749
93680
90116
9496
19810
1657
53505
28633
43343
64314
52436
99672
75171
99637
52518
50274
7959
60503
7570
75202
9273
43008
39024
13899
85143
9404
66477
26378
59219
80887
49782
14645
17264
55251
27976
71421
93765
64237
30125
87242
44039
16404
578
77232
75488
21053
17515
37251
38185
70188
42307
21819
96978
22515
46575
41085
56937
3742
92920
64928
67666
50947
16286
5262
92517
30903
22383
55879
27720
60330
46904
84910
78916
48536
3703
79222
49903
44523
97888
95940
49520
65613
56487
62555
65964
67917
70836
92363
36784
99983
67675
3985
22732
25829
39984
96762
20572
85709
98703
40125
99207
54091
15040
69098
71942
32904
58522
88071
24226
9137
60782
58243
49294
29793
28119
80063
89061
26199
98605
27355
29081
45299
20562
31273
60702
67246
6362
49850
73091
5521
54550
35975
37513
83534
10223
60095
78126
84776
33127
86911
82231
20764
67290
17818
64527
35067
31096
54362
27655
84389
55817
12487
94462
10289
16641
72235
40683
61263
6359
50416
12455
41714
6211
94653
69240
32573
39101
92402
30521
38302
59986
27070
19762
99806
69096
5120
54787
45884
16538
40145
49388
37840
50825
44229
78549
42630
43239
76564
52055
95368
75694
36343
84313
95240
97265
19958
85617
88505
53787
17548
53597
15715
33474
84515
82139
81675
22433
29431
40274
73568
93055
53714
77337
27848
63919
95378
89175
84611
14120
22893
58536
59945
26702
7223
25414
47547
54640
10876
48512
61744
8187
81569
43743
49096
31281
34006
19116
1468
60177
46368
17384
93944
51092
41475
26766
70031
56130
34149
57820
13832
65439
46297
99425
80899
58871
86026
5026
86033
81822
42122
78355
99386
49320
70803
40701
4117
37137
13517
99101
42330
38202
6472
22353
19920
15027
62084
44174
48070
97596
73785
11021
53142
47865
73651
27457
6036
42620
64325
451
38122
65910
50885
78904
26341
82431
11500
82548
11026
88966
48930
30556
9130
75783
16826
78034
57584
11006
42310
10467
75774
18720
19994
61325
37518
273
32401
61504
52547
86921
94137
70313
7762
4199
18887
83804
26402
33848
48280
4721
99225
33056
94367
60426
72848
84202
84043
65225
24447
62557
67792
57725
84148
22368
29107
75718
29525
27600
32209
44750
6914
56750
71404
85550
24354
41412
19015
17357
51365
14602
44225
64251
70157
91626
99924
16210
95254
18997
81211
22138
17010
34092
91850
91527
6942
17497
43120
63853
73843
29746
12194
33152
81309
22063
17149
57859
17403
34525
35266
74252
46612
10112
34639
83996
99306
24169
52111
90523
32915
97716
42402
98514
6988
6218
55700
51993
50719
98119
74725
43981
79627
49557
40426
87234
36357
3814
87720
28324
9528
5960
5290
62355
20123
78019
50724
7163
97583
5720
84290
84585
71531
24855
29062
73682
44758
59646
34323
41743
32761
50138
62023
3086
43632
89811
77550
9754
70864
57911
34572
48117
88051
86721
72234
44350
17413
89690
44905
70027
38767
40544
72648
18927
96591
15175
45943
20076
97157
6389
72880
21450
97730
83782
83647
57870
38133
82891
34780
98533
68871
70234
43989
30969
77005
77325
47129
32424
75962
61731
54409
87136
3715
20894
5383
55486
7062
9855
13502
20630
48937
70285
88269
23554
22203
12948
985
27622
19363
64247
86680
33130
18478
81219
79755
11610
29206
95803
99695
43402
44981
19444
66656
32709
24944
81971
82918
97503
53173
16676
30516
26847
82916
7465
22916
30113
7743
86503
27864
2853
97134
94849
20567
18260
28611
37518
52121
68898
64968
26814
92573
83554
98364
11726
15657
10478
64540
51732
48223
49865
42177
84862
32123
25589
95598
44035
80825
44000
78071
79515
61020
77383
50618
43042
23118
95145
78271
78761
69985
84429
55967
95386
71985
43804
80024
65034
77416
68489
29803
19497
23631
16459
37677
68517
13009
360
60245
67540
7109
49644
4452
37522
43893
91560
12879
91780
16854
90631
42990
63285
35897
16277
91340
38465
1731
26571
94901
87959
46234
60477
83203
11828
72543
12284
92013
61725
17356
65909
2550
60219
99512
18251
39256
18853
47381
8319
87950
34282
48072
49896
49491
80129
26798
64495
53263
70584
90915
96993
12860
84291
61046
47309
63453
27477
58453
32452
96972
14413
82970
61869
96034
31306
1453
3414
45514
59348
11077
57163
8915
58357
98831
6830
27966
33108
70057
25707
23155
70656
4665
20841
13940
76420
25094
51661
61921
62591
12806
45596
15450
81528
5344
55671
52962
35020
6143
37253
35926
21091
52063
22834
24358
51007
27635
43233
72278
54151
19252
62344
72169
10461
12191
8764
93909
42556
78701
73154
95039
35571
38470
26133
64222
78609
67541
23739
28791
14247
42257
43723
12610
29247
15109
92890
17686
29537
27843
19039
52401
28889
73112
10508
10638
26919
73323
79714
93226
70456
55057
78389
94151
57465
24629
37559
24369
37810
40966
1505
80743
80607
72776
91556
71331
48489
98941
62175
83691
77815
37852
55142
3795
5890
36793
778
62961
61282
61134
77778
61022
63852
25581
75146
73238
84171
86719
1293
81006
77798
31084
24551
85256
34829
61635
86543
2176
75436
59854
70666
34279
20965
68661
80457
91657
44430
49164
46690
43406
95151
39226
39015
7082
91797
96365
80276
15337
43267
55427
82757
95640
59825
16191
89199
32548
61311
49625
13968
92935
42299
96097
51606
24055
86135
45578
40490
38778
16435
99104
73889
97719
1896
40390
51884
49996
79195
55830
70881
55693
63390
43564
69912
77180
6536
48511
15215
19217
42271
141
13686
22848
47382
92551
78033
96488
57527
4997
69778
93561
28912
12601
76018
66670
91575
75638
49952
10281
90692
53818
18833
31571
96404
23041
65006
72953
62952
35372
92855
13298
65972
41796
30234
23619
85515
36941
38018
36051
64870
33450
18452
11757
31989
63362
95757
92397
36794
18978
22719
47226
58377
34224
81199
6685
81007
97794
52565
99867
69934
71419
33940
67228
82171
96890
34768
36653
11168
87774
4666
35241
92856
4210
15992
64258
98751
25193
1445
18116
79640
56393
58811
87663
1705
28514
56498
24656
95878
38580
83338
53141
70048
16488
66922
59282
89078
23185
32583
56668
80843
25687
82310
85118
5796
43898
98977
88286
54241
41477
5276
9165
66799
91921
75391
31600
1158
53215
84846
80316
91267
17507
57514
79900
35624
38386
61871
83914
38485
6571
31475
4294
23898
62948
43245
40142
23908
72322
83350
11589
64607
57635
65232
41346
40817
46366
81397
2871
9909
30386
46456
20487
56163
28713
95739
642
35658
8803
45432
51228
6996
83926
48803
53818
92406
17370
68010
28053
61332
80109
92439
89086
12684
18769
96897
12011
91685
66326
23228
69643
46429
24892
84133
94369
64005
85225
28100
85250
92311
7018
39191
27509
75542
48959
15434
42549
85376
8349
98179
76039
91296
60798
3808
31044
91007
45969
31469
85608
30716
15574
85440
91123
28399
74202
1609
59464
25413
65581
39248
56124
52408
36377
40093
47491
58603
19639
9868
57270
40732
80020
71050
96265
77315
24587
56054
71188
60034
44985
94821
57077
34084
24529
58605
6000
42809
89110
26983
86932
77426
85254
30041
29378
34873
22157
75994
16734
54946
22026
82968
25294
39468
48103
89782
14304
31745
97530
92056
19350
64468
27233
96523
81238
30028
83289
12707
61333
94420
63087
14307
58360
43068
2600
55538
57290
25292
61875
24059
51730
85153
16934
55240
57850
87127
55154
87014
24825
18901
18485
2729
62592
79938
55379
2586
60722
10998
45499
61279
92379
59131
58424
57639
51463
34678
68615
11179
2339
90958
6041
60975
73393
36798
5365
49557
83819
9178
99177
31142
13675
16316
68293
20930
6656
56732
42197
63642
25493
93337
24305
96495
73514
44272
42462
92224
26171
80751
39253
72480
61994
86382
53731
28984
3601
78605
9058
33919
94331
78120
52418
79618
27530
85274
74962
66494
20668
96480
18224
28987
99729
79016
75459
48678
33785
53381
46594
87582
42330
47562
78358
19019
69696
86981
24973
18800
60880
41058
86785
40053
63414
14283
65804
27815
29047
16366
98533
4590
79110
37683
59944
16788
84293
27331
46676
47673
23086
78219
78635
27160
40353
55882
49336
97266
87709
1334
84469
99958
60704
89785
65712
5292
24652
81884
52087
89600
19571
37753
37499
9158
82152
21887
65206
21954
72596
61561
41733
84727
96402
2630
79766
5151
66443
88040
16540
81707
46455
13012
9495
7083
98268
44268
13603
57482
61126
54576
60631
59401
70089
67793
92162
88096
78673
26521
85030
30023
30029
73092
73707
64112
6818
88451
5539
6146
32233
28474
65946
47965
10275
44086
37043
69419
42703
94398
65692
76772
93102
2107
69427
754
82454
35665
38509
98731
11133
93468
33997
45564
86149
56015
76132
15269
43977
158
25753
78304
17299
4145
62545
92108
87516
79592
36645
58022
23684
11973
90877
56748
8070
74937
69840
55652
26639
60602
21349
75140
44027
74755
87696
56318
93790
30933
39912
32144
87605
74253
19707
64976
90526
11556
71458
28666
84687
18657
68866
73440
34676
48176
96628
40248
61790
84668
51030
40794
80070
20980
74907
88615
48363
31203
73063
51186
92564
96017
35011
88338
70345
65058
43757
45591
20881
50061
27974
32623
46900
9167
45526
84512
54755
18694
66959
94610
74692
90453
1178
89737
29647
73598
93732
82020
74646
17761
77561
67257
819
66363
21418
13723
83662
22252
76082
59415
163
73795
71193
52008
32912
55049
41905
45602
73890
75077
77268
84824
92840
5572
97389
66320
44940
21253
29268
62218
70162
65461
71337
11060
33614
43262
85754
16386
57394
62102
75227
9225
34022
87053
95218
16920
18795
81194
54454
62026
95134
93667
79652
86014
49091
66488
8471
94532
97679
88436
83886
67822
61200
15202
10009
94056
53105
72944
70081
93133
94140
41799
6764
40130
93911
8562
19784
16149
94005
11396
70682
38800
1710
4362
25252
14969
35827
69910
81379
91139
96425
7620
23706
96331
15863
19026
61770
79796
36385
21696
58288
91450
27824
49286
86952
58487
94625
38613
66742
98609
73476
30333
60814
95607
76637
56223
66668
43965
31969
97920
74178
57660
70732
9269
62665
18808
89865
30787
44037
40881
77341
91949
68146
71233
60742
30697
65130
44279
46854
41100
13195
6432
11256
76204
9615
45404
10556
34755
79165
13911
23002
80028
48550
1675
94582
95380
82071
49000
50020
88879
22453
77107
63457
11470
56336
23789
90720
56937
26985
54427
53319
95551
55145
49163
89209
41957
34664
74194
55243
58957
65122
72709
94027
71996
92728
9108
39717
1045
22211
52573
78420
15451
65745
72341
14757
22312
11128
1522
50632
20233
51906
51618
73707
33515
36259
3920
28545
38608
76224
33645
19487
40475
32641
44040
788
1488
90597
85607
63586
72229
18377
5895
12698
8908
72039
9357
44218
14606
26692
65710
35179
77187
72169
39173
56702
55433
6646
96803
11072
68677
51962
38570
29547
17719
65507
53667
76568
30164
85448
85934
79752
75401
70806
59014
61326
85686
28069
44117
70278
28317
54383
15146
28338
90275
40374
53358
86403
35261
38541
21352
62404
43860
46352
17970
49934
90998
51523
49578
87837
39156
7181
21208
20885
67614
91840
13824
25948
4382
44393
43065
66431
49590
55531
56095
31127
65609
28354
15914
73584
18758
20898
27727
5441
84713
16424
29749
8645
50794
46730
9659
42750
46015
17316
66347
45311
71977
34127
75549
43651
46438
27023
20549
48185
33581
31613
20871
41092
36769
90899
10418
14549
50224
20322
50744
4964
37716
35633
94464
54069
25612
34337
55745
1655
95918
42561
22697
20770
39885
54090
47388
24492
49732
74197
33354
83881
10201
8761
22777
83449
72515
95678
52445
51753
11241
6454
70121
81062
89393
71762
58469
92098
329
11241
7588
14215
91820
54423
16049
48150
60960
50925
76528
57820
3159
8377
50057
74371
63157
13618
40003
74290
55697
91897
82563
39546
11291
62607
35882
49804
94181
84653
50196
56742
63374
55772
94778
61143
13244
11669
6631
88233
46057
74581
48383
66933
33756
27345
33580
65960
37065
69069
43915
48537
52867
18167
35855
40967
23580
23091
59944
47186
21058
5732
59183
33517
19217
55938
12416
67842
73301
93114
28683
47977
55726
74365
52921
5104
54228
32594
17914
59558
75968
5050
92607
70645
6488
57827
56830
9510
36165
92487
2945
12431
65700
28616
11851
21196
6733
24171
85854
42892
47711
30916
26493
53861
62917
19870
45553
63832
35765
41304
29948
83969
92391
72259
46742
63758
85287
4126
52145
13479
83756
94727
6712
65076
10398
15607
37262
97641
98947
31131
84271
65383
10120
36190
58971
68922
34136
14115
90696
78578
29954
74955
10649
22166
19258
30625
43202
67665
87912
96501
89965
48098
17861
75734
96144
16964
39198
96457
81068
64862
54413
73882
33822
45458
68826
23879
6846
20606
54116
44479
95980
39487
13752
38901
78046
667
75075
77043
2610
9306
95039
23729
93234
8994
92436
96377
12986
66618
2884
45834
21796
13569
71365
42948
73513
2619
22264
65762
92731
35634
23405
33644
16994
2311
43077
2486
55842
8465
16094
58606
50015
35835
20555
4052
34915
97820
55690
82364
40944
798
26950
83339
50669
11889
37518
83226
51377
81623
26989
79786
41139
27386
90747
16626
33734
19194
67125
33797
97853
47595
90539
70030
13839
65538
38189
3844
24019
71422
60660
395
39433
64886
6159
76971
31661
11698
48729
28029
99790
31478
88684
37311
85125
92647
20131
67403
38081
21732
58224
5788
14924
35906
32246
57213
58062
49991
41865
66012
60977
29831
87083
87988
84111
59568
19645
43960
99318
69034
90754
24180
32548
11934
23984
71651
98523
48034
57519
93227
23284
18301
57600
45118
7985
41456
21468
49448
11456
93864
66407
3029
41508
55699
48493
69871
39547
16924
73341
95776
5076
53185
12984
85640
93552
85827
19519
34969
72586
20864
31469
93533
40806
62358
72523
12478
39951
40970
272
73786
6439
22485
3739
57737
35137
44817
31029
19546
47052
69308
97533
9689
89326
71226
15708
81197
77211
49575
32951
44181
87485
62028
86
78987
42089
14506
73083
72162
71521
89802
42783
30190
3075
70038
81580
13506
57615
76736
55136
76153
20232
66445
45234
22003
39599
24092
83763
37672
86673
70842
30670
26490
93033
1239
50013
38232
84966
24641
20885
26433
4900
94544
81680
34652
63993
74796
24340
89349
26869
41365
86842
65222
49356
96151
97283
74278
83084
5395
18438
18540
89520
79622
84525
58902
61202
23999
29338
91671
40234
61098
90808
5956
75409
30886
39766
9973
13035
25630
54324
72583
14269
47571
39539
50595
72974
76028
56552
59391
92343
67422
93069
98887
63833
92705
92809
43468
68490
81279
57435
57034
49034
34772
36245
42827
32287
14007
80806
47970
60221
22394
17726
72417
88471
14889
34395
61453
85285
99985
36021
14897
9464
57911
21878
6121
3040
42774
56283
90094
89575
62545
82380
55624
99697
39843
46224
29908
91791
49376
84557
18707
10736
86206
20429
88222
20215
50048
14605
44212
22542
42062
21801
36997
17295
3353
68779
65602
81958
56964
62036
94605
38417
24445
83993
76594
57770
7153
56761
66886
21991
92857
37585
24874
98953
18717
89229
63004
23105
3967
19050
60856
19766
61293
62589
83158
23231
2043
84681
41734
15433
79178
17545
71860
12435
69058
28989
71884
97566
85248
69593
99204
95109
94260
44308
71612
4204
68267
21845
7835
5987
53889
28972
94670
35950
54359
14453
44647
16628
57735
18786
62350
52457
49963
48964
74774
59025
35386
33978
54816
76721
81607
48377
10135
73898
2482
77701
74063
74020
76430
80172
65374
58382
88885
29824
94013
2985
76031
26945
74449
85642
51290
94350
34712
82335
35931
77578
28742
57972
82946
20303
63791
41563
6321
51708
42463
75538
66707
88720
73272
95473
58178
4021
47618
49810
14372
84229
33279
88320
33338
65105
572
82098
96057
87551
29653
42766
7969
28486
41175
30209
65543
77407
36186
98547
44254
2241
20468
37871
34103
76474
70671
57192
76539
20318
30857
22870
90524
62368
90178
38682
64768
5718
28007
34067
25798
2655
39934
66109
22350
87957
56504
41782
44139
53354
31437
61578
93673
52576
35920
98771
28596
4519
46507
60424
85189
84357
17176
57569
4113
47643
84356
51838
11377
40500
21026
24059
93892
1078
60536
48827
83225
29503
33394
9217
10624
8682
50901
32132
32274
57776
900
3898
62605
75664
29471
49421
458
76327
18590
50514
50091
33749
44105
81331
62531
62907
53842
45
54537
81941
65576
98488
53334
12294
88037
80820
43138
50786
2014
34021
79942
53899
25087
30139
77157
60775
81751
57252
37348
22473
22890
52786
89617
21444
182
78297
47483
65609
35514
52682
2796
14921
48870
32951
89967
44821
68377
22116
59733
6160
42139
3668
9416
5746
14517
60279
36943
6604
32649
29525
99251
93955
28005
80831
34967
86341
73608
54912
69942
15137
21717
89538
10196
47332
52732
56401
45625
29384
35538
78121
32615
7548
21148
98557
72898
26555
61151
10436
75407
88219
42771
57618
72144
2115
94432
78454
73324
52279
96713
63622
39031
99175
72398
43741
33833
18531
36049
40521
63986
82330
55760
41693
72651
48303
21040
60937
31861
16697
98897
6905
79111
84863
68528
69833
62334
44707
88223
99104
83931
7949
25933
43517
61798
88076
87041
66009
66331
25088
34039
15893
39106
69846
46848
91910
23352
96929
77138
65029
31535
789
28368
88943
76607
15900
94571
69274
53128
93688
14457
98322
29677
47456
978
47389
91001
56361
39110
84331
75266
57037
64194
19353
25167
73644
19699
30976
60146
21611
47584
10765
93478
47147
90537
80369
67116
6937
40310
3240
92875
60918
8238
86087
34672
67248
97814
25976
77220
39301
64789
56735
18860
14891
724
90351
25468
26076
41807
9222
14289
55475
85778
42543
29861
42061
42874
80953
25244
98388
88239
32314
53170
6520
96616
7744
58425
92527
26864
96671
85001
80054
59567
87247
71605
97991
44424
19230
65140
85763
24952
29837
78768
28530
25395
36917
95908
2696
11396
4844
54326
60735
3506
3289
45384
85013
15290
60151
59605
14936
93500
88221
61465
56284
47388
88481
44641
16863
75333
42940
58724
17349
65159
36413
71072
16992
56961
79831
7782
80605
18615
48439
39227
70707
93163
95983
99269
11708
57110
76101
77928
33338
10246
36961
56519
72872
33008
82461
99162
44252
68388
68929
59534
92529
1961
34386
91535
77275
94943
66000
59163
74186
31101
65378
2618
30371
40218
52249
29683
83416
98198
3905
46050
62325
832
18597
29232
51010
37079
59735
47737
66756
14025
55125
20489
71207
14519
24109
39727
41803
23278
41014
9413
15890
25298
31401
65338
56053
15336
4245
66227
64763
92193
48476
88437
34194
32802
22956
79505
2866
89437
11098
32196
48136
41328
36241
82941
41307
43511
25918
35511
36462
6379
47478
397
20987
90586
89413
6651
93599
61443
38663
17224
31649
61261
59599
91368
15521
71602
14938
46270
56724
3930
27851
74415
70882
41486
14735
76963
93998
69988
5186
44468
34684
21049
68294
18812
69680
57008
44607
879
94264
91140
53019
77065
8852
65702
13976
6725
88836
29860
1802
17612
39195
27461
47534
69213
57111
61788
40796
56300
47308
47695
28440
7809
81222
15347
17391
49867
76472
21014
37010
74084
67208
64373
87630
84382
31590
9225
64049
30428
47085
28343
88207
65331
28203
69339
92168
16778
56556
93483
73820
85332
92750
84853
84507
63009
45404
8942
96095
95436
21432
27517
61002
25883
25062
98521
16592
58466
63675
12384
66306
64275
95107
26214
72481
84435
66370
91723
3948
16904
96320
25298
83996
14513
33887
76329
82705
73932
58592
60759
95555
25618
99222
39417
57543
24790
97460
84994
30167
88376
97562
56527
29344
64700
78696
16788
58911
82387
5959
18965
91750
10181
79896
81226
48224
73124
15126
93475
40424
29686
1348
85718
50340
19214
71301
82405
23454
59545
40927
93189
25511
79036
71039
64003
66009
34661
91465
11019
80573
39006
61511
35145
76450
32193
84423
96604
11023
67179
465
77921
76456
78787
95669
91820
79474
33681
2609
18011
16025
69702
46157
92733
70188
89327
96263
96261
89822
55844
17296
4136
10679
95422
45699
32261
50086
38941
27782
10029
83485
18141
71356
63649
15272
87297
75785
92025
90458
48052
15946
54112
74740
19728
28330
34308
67276
24533
60568
83275
3843
98310
68494
61416
65989
68794
10816
61253
31390
57496
17634
24097
657
29849
27086
87479
4323
43288
16545
19367
79223
28912
43701
78162
69980
76067
8175
67731
26404
12863
94370
53101
17899
83885
80970
14330
39680
68817
71951
11365
483
11388
70957
97863
79304
71613
77932
17072
20407
52322
93107
76610
94770
69079
3958
60168
92147
97902
24273
72664
11389
57881
33726
43001
64987
48460
72740
5124
67837
80726
25807
60371
58848
98008
66059
98472
76272
52997
51987
43598
22631
77508
86924
15583
41097
86408
29011
49201
61609
46117
8740
2564
45238
73074
76951
38038
47678
50249
85085
57555
25073
12663
8056
8259
25146
47129
69173
11309
54525
84530
3380
81197
35440
37652
38290
11619
8569
80723
18775
11856
6905
46701
56722
81682
62712
23353
2857
52756
64095
80787
57750
48319
5131
56397
54169
58302
8700
91298
54556
8781
72849
87663
96990
50584
78020
35533
90160
10335
61606
18484
87782
23099
81344
38123
52804
3765
63718
83069
4007
98752
66611
2561
2216
71754
86971
38960
22342
70313
18574
85605
7141
12751
89383
21143
87153
83524
96721
22964
91307
34050
46931
20725
72537
15178
11250
34187
75257
66621
80624
83934
69220
98513
41953
77663
72935
17264
98364
31700
16899
94218
21410
77082
33883
49854
39946
74119
72729
49593
66197
43334
32313
82680
94091
52759
22380
69697
26920
23005
1182
28773
9372
56335
92931
93805
18901
73370
80215
68624
32452
3684
35823
78371
15394
4948
95789
72091
64021
91172
57367
84838
88027
99632
11464
48150
41850
52059
49424
62068
29582
57873
4032
87095
87848
51247
52599
84513
2917
95173
55100
50335
56645
23655
56300
74605
78136
38899
76597
29967
31675
83632
97365
42087
75888
77318
63410
87302
42557
77166
47117
70169
72524
18283
51454
30582
47519
29109
35351
5834
13006
80533
93251
40701
92094
13562
84517
72392
84612
60913
31256
44000
82436
2282
69135
29485
13237
14869
74238
60500
5421
18409
87387
52435
60122
32623
57947
80017
69141
43217
96451
55116
95612
30265
58203
47208
34711
68786
28247
33856
71273
80703
16014
2522
7632
70469
46425
37546
3918
35119
94231
36009
91146
97929
95705
75019
39451
75339
52736
28751
45411
78724
34623
3951
89702
35662
83497
9927
58676
18587
99828
93237
78842
26595
59322
2771
98666
44573
88627
79365
39675
48677
71471
66528
74156
90001
81812
55023
38633
702
53269
13145
22850
27144
65401
94261
64472
41651
67444
8620
90675
37077
73180
54159
58271
61066
47420
31496
96742
80130
47230
50064
89340
74892
90365
81494
85849
46811
28158
3131
5927
8464
63133
19019
55930
7867
85122
69680
43525
87165
64542
37497
67532
45599
57754
97089
12195
71646
43990
18224
17999
98842
91973
98783
44020
78617
18309
6013
54213
13006
99965
16082
99408
64051
96204
72691
41197
46277
21635
82667
31951
33008
52700
75967
14685
76436
34822
93330
20417
33630
63683
65627
98925
56222
63508
14379
48243
75740
83666
25703
36580
21008
91532
72889
34903
62393
98536
54224
5964
74850
91248
31811
7062
56117
15042
41160
77471
40076
66579
40285
35981
7455
46773
20541
29893
42976
52920
72078
7909
54748
2879
93670
16331
81963
57591
70558
37973
17742
3591
85675
44223
21105
30248
79741
5252
43201
81892
97764
36542
99409
66371
70110
90730
51446
78101
36977
79857
2529
21678
8332
78569
69073
83748
71275
77680
51391
81308
11983
92564
87091
23637
58381
26369
57905
43438
32166
42466
34611
57814
89956
60569
47035
84853
85559
71354
32103
98702
79612
93208
20576
65037
78310
22394
63444
48336
99738
13134
94436
19753
12806
66213
24099
60849
62641
1716
98424
5285
23122
2901
25843
66178
34496
98413
37731
73743
4131
37411
14666
48043
721
39679
41230
72616
52116
18005
89920
94848
24362
12789
61048
8889
1354
81124
31768
4551
61835
95853
51112
77589
78148
54722
68658
27706
61775
45828
79188
42833
86019
57685
28594
86638
60126
58943
42446
4419
7401
16715
33912
66272
14347
82001
35033
68463
73565
40505
78136
917
84442
67178
39736
32137
7586
66968
83891
54332
28829
11628
5702
42697
2245
19244
31856
27404
80396
42790
94491
69154
51395
69698
94481
41313
59675
41218
45552
58224
19181
26387
10356
55925
29737
64074
79059
73825
27841
56658
64422
12235
85778
93091
48463
23799
49015
14611
72331
60956
66559
81342
47436
68086
89125
81276
92063
67436
40717
20817
44778
45611
96808
91338
92879
79384
22193
68543
18541
66901
98056
76817
93723
18818
89329
94506
62241
91887
64225
95801
69127
80160
6336
4634
70544
74463
33696
67042
31418
417
25299
35084
21152
86029
42031
54437
38906
33295
48471
77944
10999
38516
51326
91536
99938
49283
65496
46756
96338
41532
41251
59396
24858
74654
64613
33262
21494
10731
27032
12978
33712
23305
9953
64979
50484
45669
74092
59205
13709
38019
21245
29140
94357
25574
15604
33171
73901
35815
65635
45485
71850
95632
11493
49497
66737
20890
18568
87930
91397
65210
62414
79169
1480
47750
5476
75551
42874
88580
38083
92301
32472
44173
98524
96677
32380
46591
89304
65888
25037
90132
4227
54122
82785
67750
84685
91298
80291
58626
48168
5090
7317
17377
31089
73379
91802
89697
15182
22001
89455
70555
43256
30766
16749
46367
73209
43661
6912
861
44199
57153
33697
79203
77179
72851
87111
62298
88108
70625
92230
97354
97453
84177
71112
34525
56828
7754
77388
63979
89960
39865
31126
55864
54264
63415
52021
94102
62584
42654
51006
32112
81166
40268
96466
27927
16812
57362
40095
45410
67781
14633
43048
76437
21203
73228
95365
80171
38657
94311
98604
843
31085
54579
84
99202
9491
83176
77658
33470
58599
30224
48958
35880
62139
28698
19036
30230
58750
3633
92815
22327
8859
60727
55411
22359
44334
16507
37613
64877
17785
64331
13033
70735
34964
80287
39588
87790
20083
74536
13498
14655
19732
64338
16911
4210
13463
42251
76952
11269
48919
6594
80777
50655
85311
95870
55168
89819
16256
33669
84589
99894
84817
86354
58881
92289
55384
97437
33292
97543
44079
57507
82184
20717
91803
39321
89528
30225
1642
67015
59399
46090
51825
108
49338
60846
68969
79339
75605
68073
33485
6228
33735
7386
49102
13974
94215
51147
57442
70535
46685
7628
4889
44580
41715
28810
99960
78687
33028
52655
99320
51694
98725
96764
91471
62896
31404
90895
93337
81487
4196
22954
56307
17840
96263
53605
64769
31045
8395
46649
66012
67017
2543
83197
28321
85908
31140
61251
59639
77054
1123
7011
9706
55322
40746
67894
35084
28228
91209
446
45516
74667
3116
56769
92638
18176
74680
24070
99994
98699
47859
60021
93828
7365
17794
61043
81836
66650
43341
69400
55802
72806
99585
50637
71165
6912
45902
66140
1580
95349
63594
85039
84879
72716
28449
11489
35480
62506
69921
67100
39142
62389
73762
53774
66265
38025
84008
92983
72603
70992
32133
97807
73723
24477
63143
45477
20400
66255
82894
2165
99684
1888
49192
53005
39531
13979
22791
23180
65279
82752
16117
2281
14272
34458
40399
7126
22464
96070
18342
64616
24477
15796
71732
81824
11389
99348
73308
6117
55083
89499
55176
46174
55598
17078
17144
39318
68671
1295
93161
47335
50030
35409
15959
68291
42203
76849
65822
88649
94502
23206
45661
80597
82224
16652
79029
45563
87752
50114
96021
1616
37645
20470
88264
8548
90092
97862
18225
92409
62413
30491
48466
16842
85768
57501
99088
37376
32143
71103
93185
8301
18313
73269
83883
289
58065
96897
1820
19846
92652
49089
24031
44315
14524
70281
83778
39129
24893
76162
71059
90195
91689
78196
27632
99346
1708
538
39383
48027
905
49644
21004
71895
40091
33614
73014
36138
17299
88552
42708
81252
25430
7436
47835
55640
29552
9812
55632
29457
21509
70
1861
26842
35382
80186
43877
10640
91716
78940
89316
31412
16161
27008
45674
62976
6189
40961
63026
95581
76341
29539
9067
43783
48295
37215
42211
92949
97807
78601
66501
84411
41026
52750
74378
21630
75166
16512
53880
67592
26432
14934
26294
17753
64601
75960
23324
16676
39974
36609
76647
83050
16472
40650
92269
94257
29899
59971
35766
25517
2578
14906
58279
23514
6923
82470
98018
20621
72601
38682
52133
25440
87900
17001
64290
14901
66204
4517
69475
35189
57202
41597
77463
61772
12581
50811
54623
32557
46143
60043
28318
17132
47994
23996
21823
23883
4935
85756
4181
22014
73419
67966
58865
57144
77833
94438
70621
86589
30388
47044
32691
99583
294
56015
9750
49628
59457
33072
20148
15397
65730
77597
86362
54616
12369
83731
70158
46908
94015
87316
72137
77168
8356
26656
35403
60481
45708
4067
18895
36470
21613
86837
92584
99097
39968
34119
83108
5502
68103
61151
8761
42064
87220
25158
38016
96225
12480
10665
71194
33499
99838
20160
76234
13883
66874
48575
64690
29780
22046
32678
6591
3490
39250
98754
46046
22888
17597
84853
97241
56116
89351
10030
17050
18432
84165
96278
45522
77425
42613
69837
82567
36187
27716
77449
61491
98433
54785
7032
85092
7533
19200
54527
37770
31095
80393
90446
25368
59189
7956
79824
95562
45528
11658
22632
2853
56746
69049
89446
16337
30701
37443
50776
13374
55442
26055
66973
99428
70382
65830
88840
23394
8843
98948
26629
55965
63219
27757
94030
19325
66744
99293
56938
89307
81298
76853
14552
93859
66296
15700
84436
15765
18615
97098
13124
99029
96571
1492
91233
4520
99482
37185
11986
23841
54561
57077
51551
25306
36733
17
4390
71370
41508
62891
17258
53061
77662
23778
947
886
4998
74204
30226
29539
27120
80947
34521
92820
20332
33014
11818
29708
53926
18509
55468
3210
26599
60669
47587
63940
46316
37034
28718
18006
19723
62123
44606
87440
18032
47864
71161
8668
98151
45363
55323
23390
48020
76215
29502
23455
13116
98250
7182
66218
28441
44400
7471
71893
39101
15118
81879
92580
36070
24366
9497
24402
54359
90492
52217
14611
2129
31144
97838
16998
91699
49118
57833
62995
17616
32083
20242
56016
74030
85684
9604
4908
23241
9149
59705
34183
34599
73355
22573
3100
14603
66360
99875
58556
95381
11475
11783
42184
92526
59486
95862
43039
48456
96834
53278
74313
17713
27000
81616
71407
35554
66292
79580
25550
19293
76611
81636
31005
84283
60661
60367
59747
38033
96598
72422
14433
60887
46676
29554
65985
80661
82494
28763
3237
99704
48972
48400
30814
27704
20371
57322
85630
29608
55389
12862
60962
36967
35259
11226
43853
18932
21581
22758
92583
87905
93242
10183
19676
35304
59627
45129
37506
74691
7285
16611
52117
10173
77811
67003
39227
84480
48878
96346
98474
66029
48685
78753
91027
87035
89922
91064
69047
5695
34694
79613
11088
39615
79132
99154
96268
36911
82301
46829
77695
41776
99768
18428
43143
56849
94122
83595
40782
10751
85542
96087
27065
31434
67777
5095
2840
57607
44329
82324
86841
39152
35854
39968
40789
56541
43536
77784
93790
11584
64935
34050
14984
11916
86217
24444
67712
4122
57282
27532
4964
76804
17739
28911
96617
63545
9162
18205
14253
8433
64672
85291
58345
81018
75420
30864
12409
16349
95618
88316
40553
79437
73274
46589
49398
10438
75467
72410
3227
61833
71193
58850
20315
54053
34409
65106
82636
53034
53794
71571
73146
5768
12093
73511
15511
7181
31006
28067
67267
12100
23109
58652
10588
17749
37250
50117
2172
31724
82885
41825
53043
77059
17326
93313
40682
7874
89083
23412
62095
19878
23483
63283
7705
11242
28147
34994
25018
5008
36330
78786
64818
24712
68848
44399
2770
46119
52255
93106
4382
94505
38646
85782
52565
72144
49481
19451
29649
46762
66242
86966
49164
4940
79558
6208
36206
41432
70146
81418
37552
81269
60377
79181
58296
11899
4519
9350
47998
34595
20576
29735
84501
2668
98426
4874
77421
55242
11106
42352
95650
76538
79282
57026
66398
24932
65193
49933
59620
41318
89030
1870
86052
29922
38165
45197
934
51425
73790
91792
23853
40406
53071
43079
14461
38874
45063
19295
60941
28469
65103
37782
55814
78316
50388
68840
79824
23399
33673
35050
95088
7325
46809
29009
6035
369
13730
25284
5655
34837
3706
5113
66758
41615
93637
80478
76468
22082
27488
14971
44718
28556
35417
2327
87248
71838
10173
50698
50840
15021
15921
83879
23943
91001
29641
87922
6346
71668
55032
51873
36779
15099
61458
73241
70488
16825
74444
98387
19262
98349
99425
54972
73426
4695
10679
17667
67756
14555
5185
17058
11488
79946
61030
16330
83944
77006
47908
44074
94045
97080
93144
73281
6981
91674
66418
23983
65397
53437
95812
63839
37994
46985
13822
27112
12512
29925
52404
26514
51873
96669
91178
19891
90513
44788
10520
69031
38308
38509
45844
92061
78850
58495
7250
31445
79878
99065
78279
71255
86615
76895
15642
13930
38611
76119
45051
66239
46628
51005
94402
95982
15314
70556
73648
31629
75189
51374
45262
32389
21317
61770
55495
53245
22208
2675
69607
45328
28252
75583
19337
69163
59111
65565
33527
89663
3398
29067
70446
56114
22211
96887
13918
84178
52640
95755
32730
14896
75966
60713
57083
15558
16231
29886
67168
66787
26762
13928
28120
54279
79348
91521
95020
70939
26079
68667
46171
33855
82080
76752
4332
85050
77365
17019
78651
93115
23953
85937
27775
75697
81926
79988
84802
56309
74980
66214
70828
93354
32576
46455
67520
34959
19854
95277
7915
48552
97905
73156
71126
90985
26905
89337
48687
56338
28682
65114
99137
56062
54325
75584
47002
5888
33204
56116
76446
82063
94486
13118
26759
1662
86142
87752
1707
18384
3611
11943
43613
38723
63172
99218
21396
39940
4939
34535
38412
44988
40955
21099
97220
68520
24457
98992
74793
61256
9913
63239
32046
41660
89441
17993
53655
67346
83661
65405
63734
94068
56140
2753
22330
85240
64390
23620
76587
7985
71887
5928
41975
10424
16700
53829
91251
91513
96611
1551
91972
84080
73844
16433
85936
65766
10333
69375
83976
51967
43503
70066
76175
21142
73864
57047
10333
15346
71232
84628
50418
32456
13021
34055
97552
29742
50395
24301
75536
89265
97940
90918
95393
37080
78042
56324
30751
85028
34234
38943
53603
59279
41305
11098
52821
51640
13584
72459
41889
88641
95672
64185
89389
17516
56055
35184
2688
73122
50941
37379
96046
18713
19790
72713
71220
5837
91160
84431
95049
93919
56780
12320
53209
43674
8097
70867
17678
64275
23992
85676
16287
40871
4620
8368
5857
46100
37973
38771
21912
86146
70368
56631
5274
36309
80595
46655
44950
36984
83726
2211
5709
89020
79733
81811
26620
68019
20925
25410
79634
67129
17710
64002
68304
5231
21630
43804
27131
61849
92397
29610
18381
92540
42006
84405
54005
60208
72447
21696
34289
62733
37755
92681
50039
15271
85737
9960
562
29000
35100
18044
49900
55155
42117
1053
82317
19861
11793
14619
59694
81964
99063
54771
66187
54062
87976
93728
56200
55867
52620
59500
92595
88171
40449
67429
66378
24814
43198
8390
67629
89704
94472
12884
72764
82682
31577
45178
76304
73668
64673
71729
13061
88579
89866
88782
14030
22332
72269
11603
17265
66056
32407
62085
54836
72521
58694
13168
17949
19387
84607
69635
81398
47128
40001
26649
99253
55144
69102
37234
39785
46357
12408
76706
34217
44943
60202
27232
78722
42657
46613
30314
76924
44147
13025
92439
46045
63113
2322
18410
40243
19553
41699
59054
95549
71305
68714
97949
213
45122
74810
47443
42038
52129
74001
9651
8112
42459
1848
84230
17261
37975
66566
5731
79030
90539
79432
68707
36790
13488
62669
94899
7819
65206
97441
11014
50342
51029
14934
53798
14833
93253
30783
38372
47803
77474
2646
76957
29491
42090
71531
34129
39638
84534
27657
21258
73454
2633
58839
6000
90490
56266
22129
93426
40645
91338
46368
47396
98179
5884
63551
14055
48271
604
8860
39265
46322
94896
55155
1703
19286
51095
93889
9824
10184
50536
23351
6026
53196
52762
23099
73428
16543
64415
2041
5926
56339
14462
85841
82439
57609
98588
2379
10606
83342
27710
94229
5168
15012
49195
57255
97113
70591
83914
96744
95970
54698
59869
89804
4457
21122
67700
79064
78478
73397
14092
6588
24541
58175
32939
90089
77477
28227
17118
98400
23785
62121
61497
47148
22025
92678
1057
9057
30385
33346
87061
49211
16184
10401
20966
39709
7869
11680
64413
84372
33990
53734
73799
5566
99334
20242
64062
20669
15637
29958
48884
39335
85396
27711
99075
68682
42471
9098
68785
77127
17278
17675
94630
51300
16694
57588
9700
39470
58569
90581
50869
41366
99693
43762
67431
32617
6264
1522
44752
86862
95139
24276
96382
76750
22320
50519
2295
66676
96680
73585
62946
71953
65671
97685
62148
61824
72065
91033
96721
92618
89780
93233
57566
11829
7498
60617
23503
9969
52153
22973
14473
69101
48384
99053
97781
62146
35609
39914
37410
22045
36599
96059
11995
1625
95832
34054
22188
47538
14383
43815
1785
16318
85554
87319
46349
75868
42807
66456
54791
25478
51502
59511
64774
54543
78825
53975
90832
90270
81246
67422
91491
42781
16401
52325
81808
5279
49535
15308
8874
87297
14514
75022
94700
27682
21030
27211
11695
62782
80986
10560
11773
38229
31326
59786
57518
30927
27029
85901
11655
83295
30099
10197
90331
41217
41981
36076
4891
22550
69777
22411
33471
76365
64277
41952
31874
83212
68214
93207
38939
35704
22953
58382
60715
83311
32401
81069
8699
99215
64380
37497
48028
33596
21945
52743
62287
66494
45735
7126
21350
68701
49848
95380
29913
54430
51288
47731
75932
93329
92360
730
89146
9476
62686
38695
5767
12787
83659
88913
42944
65683
54978
36620
43685
55342
96065
34779
30160
63697
68763
90268
7541
99199
13556
71686
58973
88454
63389
89755
44994
65829
2031
4965
92047
91566
3515
88775
85727
18177
44295
37934
64095
80824
34193
18140
52677
72947
19636
43481
71644
60160
18265
32950
48518
84822
37743
31399
55999
46736
53981
68144
8318
70573
31571
19239
55542
50675
98345
98998
70374
54600
41591
30259
99022
53928
90393
28594
50673
41597
33269
42139
81840
2587
84147
5748
36174
25353
38790
95391
13025
85258
14956
13130
48245
94559
85118
41595
69331
24873
49835
68641
19367
44202
63340
19680
46141
55502
62307
43280
51336
17958
63850
9909
61329
26054
50881
22237
81055
63588
89827
65535
46185
36674
13293
96791
34708
15575
81698
43017
26939
83300
3276
12234
91137
42792
21934
62670
63968
99923
75523
24865
95244
67336
26406
32473
11218
980
74032
56991
97884
81400
44755
6404
93418
47117
74999
72121
10777
72386
41356
35649
11539
78246
13999
68079
47264
74439
16632
53073
66916
6302
67456
25452
35532
82267
13927
48394
90510
86878
73690
16482
17294
20560
69589
6044
76919
68491
4162
9709
19054
81295
73795
72458
35636
60304
26537
40706
71079
37981
97451
57279
83414
33395
38619
7464
74559
89957
96453
78210
75986
2862
62571
59083
59424
86652
68800
99138
79489
15323
30986
21987
4759
68875
14940
33888
97795
19417
46677
57372
40701
33303
51394
21065
83209
5609
42283
1775
53589
65962
80080
22065
91733
85525
28483
18062
88291
17051
66515
36354
88974
81519
38115
63673
10263
24714
16497
89964
31980
97018
48741
23729
48908
74324
75470
48947
62817
72773
6781
57630
61163
56179
75717
12676
6864
10816
29373
82418
90235
24047
50666
93429
14862
81262
88410
5078
42699
38008
98510
47799
27932
45789
84815
20344
362
7198
85261
22823
39925
1601
94998
82401
11088
32906
87246
34283
70756
92582
93604
98912
23361
32238
48445
38310
46694
63606
85396
41902
36896
55141
6317
90338
82997
37669
38063
91803
75469
66481
29900
74097
90389
93285
14447
2441
92086
50900
66313
43022
36216
69981
99083
84441
20768
89402
32333
46357
59513
54638
21136
59142
76166
40692
39626
98023
62895
18132
50776
62764
93366
79178
6141
82675
54970
88763
60413
80256
57326
34534
62845
26999
58059
34812
41614
18664
10278
11071
11378
92068
17977
79427
49024
23395
3788
90974
58032
60574
28395
82563
41947
40785
57636
24020
41388
66427
58684
49151
39475
31821
43116
64693
35340
70571
98471
33691
74667
60930
97761
39330
46875
19326
71714
55895
11032
85243
57421
26522
18920
86780
25900
68450
10702
30344
58571
125
72832
18646
86773
27129
37690
96592
43583
8109
88863
74323
72004
32275
38908
6692
5705
84415
6636
90582
34079
21611
54451
82068
41794
87886
78327
48314
83679
37890
15343
36297
40921
39067
37447
97322
48065
54547
5613
47853
5247
82913
81309
83330
99645
9201
83344
3823
1610
34699
64370
30482
67425
27572
17001
42786
47138
89984
991
78379
74200
79473
38330
62840
23593
69674
11206
37909
72168
16803
8355
32276
97323
90337
63547
75038
18926
87112
69946
56116
96
85937
62004
93778
76592
46278
16500
28839
82524
43217
63721
83216
5930
56475
31919
88043
50145
72754
34167
97711
43757
80661
27171
81668
94331
67432
56748
42750
48366
66250
62644
48581
54586
25475
57613
72503
83719
66087
82534
68529
3374
65408
88106
25283
82667
94850
30169
63284
77856
4737
38714
38505
24031
62158
85189
63128
94596
51740
21497
20066
4279
19174
21068
59826
36813
9439
66393
21566
14883
29703
55829
91463
63856
9461
14781
95591
48902
83684
19689
59768
78137
33081
73470
96557
71351
43733
2487
49881
34718
38378
17197
89970
69877
22110
58929
32662
53478
5274
52346
700
40857
92842
58203
79152
70277
80424
77128
13007
69194
50956
55541
77840
67119
10234
47306
97435
19185
67515
98079
85239
98118
20307
11126
36368
745
18902
65202
53080
85158
73717
40027
29569
60179
19452
32451
1962
69625
80665
20597
26736
48687
97627
61275
25081
34261
38585
77807
13634
47640
62098
77119
53504
41202
16988
8000
9409
57750
88820
83001
98164
68177
33962
9084
4082
55542
82564
5464
15898
1840
52980
15561
52573
80078
61482
31732
48196
29535
18300
49817
53849
11849
12820
86978
76363
18716
87621
21130
82104
94670
49406
35194
90594
70324
15481
21501
16478
202
33198
94528
68554
37500
73873
17450
33101
85626
60682
95860
73890
28635
33537
58404
64698
16720
28017
55891
26551
74308
64680
46859
86660
57868
28764
59461
84703
76619
11720
55297
94313
31478
28508
49939
21858
30057
54170
84959
23085
94285
82496
42655
57051
54212
39526
36991
80413
61783
14307
69649
9064
53305
11924
74117
7028
91604
75869
42456
96539
72217
86682
95746
41649
31578
60276
84904
65932
16815
89955
7975
36429
26013
72016
38063
26174
60682
37837
16787
57454
80603
56461
97573
31818
45235
32622
44111
41907
94787
1407
44048
86282
62507
32214
92308
23329
30224
44850
36541
39628
14956
86759
20796
53661
4975
50886
84609
81791
61590
77092
91148
11611
80382
7106
64927
47659
88712
18570
64018
73907
5387
60068
56502
19581
66847
23415
45879
11180
71390
10271
78264
91913
6746
68162
67076
24300
65547
98131
73639
92987
92677
46652
43968
73905
24841
96419
26457
85724
33794
18536
76159
10578
72739
28755
99606
79959
62843
13735
27581
71058
68997
26542
12442
70359
51280
2423
6174
8742
7061
98276
77963
26052
530
91461
34517
17113
23551
93091
75967
67142
41966
71231
89521
74260
62238
39083
11394
95257
95534
93058
59208
646
86262
54204
98444
90030
48349
27488
96944
42894
80330
73655
76199
62697
18203
72657
70640
75952
11442
92100
45078
78039
33869
42370
73524
33319
50341
40784
42913
46317
87666
82434
73373
17400
23921
100000
51392
89109
58083
58436
46906
88911
2706
12773
83652
44875
9265
79040
53565
72346
57767
67919
4407
19366
87144
84998
57163
56841
50072
31849
80827
62053
32708
22
28633
4015
99639
4735
25837
83190
96802
75310
83973
79951
14608
79809
37439
5819
88839
34780
41306
29747
7162
76741
60991
57593
90697
61200
49356
12107
64461
35860
38410
81148
82517
99707
94112
40318
9125
10368
18751
59394
61218
32576
2933
65870
81976
34694
61537
20844
25255
88725
46343
6495
34478
99345
81178
38062
62279
99924
25140
57901
72922
34014
84929
69815
66664
38866
57063
55808
10975
35000
35306
25423
15896
53823
7051
98998
12076
58484
32299
8704
38378
89013
95468
79636
12957
82025
55436
6353
91749
85032
85769
27846
50723
33604
55473
42307
29168
63895
89550
62852
10883
66688
85258
82216
1875
26172
32344
86116
3501
64935
15434
99439
27391
73024
55618
38947
26350
1717
97050
44657
36762
51739
29402
48947
34008
65404
75110
35163
12928
79911
1906
17376
45399
35493
48329
60144
22153
23336
94100
92507
11192
35085
50987
37880
61622
86071
68839
85437
54803
55283
54937
11338
49800
67693
17270
6683
9330
65353
37131
37331
487
64836
83675
28355
83526
82246
6929
64054
50903
81220
69570
28532
362
47670
51857
65949
51027
50347
23702
4094
69959
14655
14551
86976
66895
80927
46874
62601
96989
77098
77638
92529
72490
61971
74920
72496
10596
6287
95505
71961
76386
91715
27333
56644
4959
10213
79536
78180
45132
34129
84562
76890
25801
31789
56559
10096
69502
26563
58538
45485
85794
11080
30515
33296
72782
50961
11627
61890
85319
4806
98148
96852
60153
36885
26104
82155
11585
37487
26812
61709
14828
19735
44292
21352
85615
78645
60389
34001
18028
67495
25411
28190
83512
35411
14112
19214
5870
91292
46770
30125
56846
803
66686
43751
72363
16221
42596
89756
38695
58534
52030
65952
14189
48629
20841
93365
22364
49995
11028
46451
12664
26394
7632
50917
19490
3936
34137
6052
48490
27668
38523
24304
89507
65797
51634
58011
13185
36946
31433
51257
58743
44723
62620
27742
32149
7992
96895
3415
41624
25161
38063
21127
58342
88842
98390
3308
73144
85103
49093
56134
21994
28251
18940
23158
28126
25070
82236
38211
5341
59472
55708
98243
20109
32729
22329
72298
2543
79141
10533
45210
9173
61154
98103
87559
49151
52313
45903
1304
90413
2171
92103
44814
36233
58780
68068
3064
9642
57526
56273
50301
34951
57339
29264
98247
30991
48125
34654
83179
92848
48592
83364
76289
81189
43041
25489
60429
70558
69628
26409
47975
40072
80723
34260
97592
59517
33862
92199
8450
15428
93010
46369
51632
83208
19250
92236
85257
38126
64913
89473
24411
36470
54321
99891
45119
17200
75845
48464
41577
89072
6782
49314
25904
5403
12274
6271
86072
89110
19929
13072
96128
26656
24615
3122
2557
72799
2490
53305
95040
11720
99598
30413
34246
33471
45750
33991
88220
7706
65854
81467
59930
80696
10002
2368
43845
79075
47615
43880
76442
32233
17714
83175
6823
41768
96198
24243
53861
959
80130
69902
49295
73310
99135
80819
35794
6658
31036
35584
12142
26993
11198
90018
13199
57482
84001
48447
85037
4075
86041
50480
167
7369
22784
59080
70687
39803
88516
21074
12799
39609
32610
61060
38834
27528
72177
18384
7704
11109
21798
74850
11641
889
72890
93281
45523
35847
59071
10487
61140
88447
61605
25771
51200
8035
30150
48485
79548
28356
90239
21770
99094
79611
88432
66821
53187
83553
40536
21829
55677
5637
80086
74092
23615
16389
65209
45675
95493
1452
87301
98012
84748
8685
73684
64710
39555
8612
93957
36223
24270
96100
13611
60822
94722
32543
62389
10578
10497
95373
51327
88223
68070
21090
21106
38017
28630
67266
13229
82375
79187
86849
54137
55299
57620
68143
69066
62375
565
97625
98011
99395
40338
82523
46690
45519
63072
96654
54828
81337
99262
98812
35724
78071
81563
94547
40378
59938
34708
82270
5734
89430
55826
3312
99164
72546
8354
76368
88311
31010
14860
81324
89813
22086
48476
95269
86051
491
47785
13934
85281
26464
73319
14576
94320
13289
40534
66725
8934
61300
45782
60090
32875
35108
8263
94577
39321
23332
83842
58298
84172
89636
30933
76738
42801
76315
25302
81283
93765
78963
69689
83182
8162
13864
38266
11380
44524
54860
31305
14738
47488
22706
28006
39895
59433
30802
88314
68503
54222
8498
89169
84006
21429
68770
61074
2885
14462
1021
75168
66383
14715
26240
60765
74357
83098
53625
4951
33453
70929
80788
11599
80514
37984
3983
69735
81409
75353
30798
93538
78097
91221
20953
28887
73011
91565
49979
27625
8858
72666
43479
7781
31219
93976
70061
38747
32022
95544
23671
27355
69117
48824
85744
55787
46767
9713
76304
25871
37825
79410
50845
60843
97485
16764
88318
35750
12860
39290
62833
55547
60682
44859
17175
69195
46957
33314
91364
17587
17530
39032
77583
21930
14124
37242
21432
53827
88249
15176
35600
84116
41510
85500
37242
90575
24438
78643
91627
5541
85508
29735
66437
43316
53392
84645
17785
43705
76352
64470
93938
77869
26621
88035
60412
36709
96822
4158
62023
91028
89970
56064
47174
1422
74127
28906
75341
41416
19359
41994
21095
34428
90363
18054
60202
4647
80575
86183
65897
94785
39851
34577
20718
86140
95718
40162
58728
77268
33629
73616
17609
83539
45455
98044
84298
3938
18423
22029
95658
78587
88660
23999
20195
98029
21960
91846
34015
41786
40285
12654
12158
70964
8651
58159
38266
14842
45972
29806
2346
53958
56145
84976
79682
63235
74173
80258
21295
84199
53035
74614
22331
49168
22504
68241
6126
83386
50162
64001
17502
57342
36407
72754
23500
15930
91794
19368
66347
60295
520
24457
53531
27424
76443
44872
10082
4448
20325
72816
85457
47980
7187
55631
21130
11787
28317
62311
85677
59283
63543
65556
369
76149
713
45428
79954
4181
83595
82495
76677
27312
55850
23672
41801
40471
46159
51081
5633
76647
28043
18167
38892
11627
54092
81145
90798
84484
50243
74974
80696
81791
7385
69738
40868
55182
15982
58387
34102
78933
60041
29443
71660
77468
67554
41776
10458
39343
58020
18056
66613
91803
36275
67098
14398
36970
3695
8505
57109
61856
93232
72046
81319
43395
26824
79685
92809
52191
79989
27824
49589
43314
55850
80199
32451
14849
48936
18181
13579
84934
77543
36807
28508
69844
7943
13569
35338
13789
34269
75910
92642
38348
76171
34875
7507
38876
66119
68767
68408
77111
18137
19048
94391
91886
64067
8482
66984
26499
96009
27556
98045
47649
90926
65282
10226
59035
22183
23969
2339
66589
99919
31832
1458
37806
24315
29713
4507
9713
68819
69452
30515
26624
2288
90042
61700
11979
9490
88115
74147
64382
26777
73818
59
57075
5187
50984
46637
56506
83658
94226
43392
64461
55173
97384
71889
26511
11131
3808
13566
77578
55889
83558
56330
97840
61100
7661
55048
83737
43068
27131
13752
76353
59916
92310
41577
86144
19808
23449
2552
83769
15796
44248
82497
77841
81907
67563
63395
26347
42941
27168
21040
82929
68833
79809
70805
62771
61260
59626
30420
67105
54351
33935
29442
41006
96240
78086
58031
64023
7215
66722
77308
99747
112
68932
79592
79146
82632
44339
28285
79176
44371
49551
1071
49120
36611
11861
48434
49763
43807
49804
91943
33504
6220
53701
67803
8513
70795
11636
39586
52956
7400
82874
12368
89609
61627
4378
88389
17214
22063
88405
84101
19464
5034
85097
89796
57020
89472
91357
59237
17457
62668
77486
95652
72443
57774
60504
65324
93510
89016
95458
87202
55245
27996
41254
46546
59876
87308
64019
73189
13627
30869
61416
76498
65937
6222
46275
62413
56693
99975
25169
30984
58928
71793
48169
51061
60501
51366
74625
18889
34362
73212
25486
78192
53938
43407
89089
94852
45706
55440
16299
34801
99167
92202
38289
66250
69748
93162
2044
72021
40202
59469
12479
41892
7958
40797
35450
975
28388
67029
38
18602
96822
32322
32964
71882
49988
85050
62954
85294
91555
50943
29338
94902
45511
13646
16963
6606
59527
13197
41025
8649
87235
73909
7612
64305
74929
34607
61274
266
90061
26822
65495
49503
34408
59969
48906
51648
58218
55945
50551
39945
77563
1639
60099
27728
77870
43733
69526
600
1304
86532
54992
1517
29602
90054
92249
58222
66272
88736
14373
9984
62705
82737
20857
94862
14485
4169
22080
24934
89590
29984
59300
31539
86801
34742
34370
19839
58633
25368
63203
72230
69504
88064
7195
19399
94899
51922
88767
92717
8694
42273
24290
75570
8057
28347
56364
33293
21165
25188
71194
65465
25843
72551
85431
77377
81624
160
56028
52195
34128
43797
4823
97743
72140
93392
83761
31804
5046
74119
78740
10253
17091
8237
97739
20491
5937
29058
45171
68687
55744
33216
34712
26755
37681
9738
65461
27974
78747
84310
47980
48732
15287
95851
33267
61142
83434
1214
36687
94503
87834
34083
80194
9480
1385
56116
53600
2209
82373
10046
25964
90127
27783
82009
93175
69769
23692
30225
10969
2208
69592
8822
29468
58134
45353
53623
23649
19754
97026
17283
5304
42993
35366
95600
53230
62626
47261
93849
48310
69855
635
8881
27751
22333
65522
30004
69788
19812
13506
1586
17594
49728
95513
30930
84414
46030
49839
53983
74495
49758
8068
924
46290
99864
68624
46758
1798
87025
63996
46232
4282
17192
43434
50559
43880
33809
49252
54756
6700
66639
22799
99137
84188
79714
36019
13312
58461
90252
56725
20546
51689
27910
93576
54457
33424
99785
74692
10535
88998
50272
89304
43380
36845
14398
3490
60876
74734
5396
59438
40018
3266
45687
31972
11954
80745
60650
3170
66748
82181
31264
1591
98616
65030
56988
41403
94635
59408
14519
20132
36059
32333
74301
12385
1980
37198
10260
99990
71048
98346
31393
57625
18018
57573
81234
77710
47037
58949
80255
39248
11556
56133
58007
48142
76137
87018
72612
30594
13122
24499
61650
51629
12328
53757
36909
76327
73068
23058
36115
51925
95905
31471
99436
2537
34016
73841
24944
67804
57844
17827
86121
25115
73142
9097
17457
80417
52940
22366
791
27813
74110
62406
23997
2460
86365
92582
21140
72848
89719
78400
78784
7836
68594
34297
76584
84969
21745
67485
2476
17957
83452
63083
12436
76601
61842
8360
23914
63114
6900
87230
54098
64709
63484
8757
71561
55864
86695
34108
14059
68375
99501
18014
77672
67979
33290
45647
61638
47082
95416
3504
82245
38043
79230
21965
73855
42410
2835
26112
97333
45643
77422
52834
34407
56938
38380
2268
33158
71693
19911
34931
25351
83066
84949
50506
34540
68541
19692
79196
9784
11208
59998
53184
10171
20458
86827
80459
48244
98806
28006
98914
81480
91318
24193
35871
92292
48804
37781
22025
42532
31103
40491
63486
55777
26224
56418
67345
31465
46993
13490
86791
94950
62256
57386
70634
58185
41068
19048
94878
82105
45441
81609
41188
81830
58399
16082
71001
33770
10504
37971
35089
69400
65958
79575
48033
71976
51509
40389
77322
60749
71573
78607
10172
10090
79110
93010
12475
96534
92998
12962
51538
61308
81454
92616
52387
83804
13596
20794
32791
17204
29837
98586
68883
41260
92587
24494
76626
71021
32658
4740
49286
1734
84960
35605
4577
66645
69204
36026
13955
56666
10798
35791
5989
8752
71615
92237
46899
65522
74634
56211
20548
18195
3133
89142
66708
38266
87644
4889
98663
31445
45497
2262
94684
71543
10676
98928
67684
78875
66085
69837
44370
86334
77456
20291
16744
8340
72862
68519
9116
65652
6768
21528
72522
42837
61574
6642
82981
80023
84099
13260
99464
17413
48183
12139
81522
14014
79924
50738
25302
92085
48592
98914
45095
82974
46972
79732
75404
16060
19545
26373
77941
88954
30378
11993
44056
32471
70566
12596
32729
92401
34946
54457
80834
26589
35903
85807
47944
16433
89334
37346
4740
98325
74750
20203
60948
25649
87556
33836
7957
72806
49894
31057
88288
48408
90626
37252
93455
49824
73509
77812
10420
55744
54655
88544
86161
12042
62355
86535
591
73684
71331
56151
82234
83612
52668
88660
56040
63521
19570
90576
15865
72516
23260
99854
64419
50478
32066
16883
75148
16449
97280
32846
86656
75905
58653
90790
54355
96046
16677
71501
88980
23952
45446
6424
92008
3810
26059
19578
99516
54854
6254
74534
4504
39830
23982
393
39796
51229
11222
37658
99384
9884
72136
71671
51715
44631
94844
42677
2024
18118
5772
55167
7638
64946
35435
73569
69674
83326
87764
25536
4601
64467
47216
50465
60161
7732
8725
14073
78449
87120
38401
64250
85465
77066
54759
47584
51314
37084
85090
90312
95505
51535
60116
3202
81572
48729
12667
26255
43482
19316
72448
47913
54192
72807
95599
92192
16815
20087
57283
54479
41604
54515
31980
7753
67015
89655
87251
93356
26477
39721
72705
19383
93793
53414
75697
67689
36248
13526
38630
37479
45371
97345
98091
56056
83941
81766
49180
9931
46008
55858
17688
22512
46720
25772
34151
89806
17569
58264
47493
6876
2002
68694
57426
4097
24423
25867
11439
56166
88240
22264
10741
35578
5904
64248
38195
44871
81654
43903
94111
25054
83723
1631
80893
62880
86309
93010
54523
12961
47928
21491
87359
43548
72263
93534
33073
66770
92020
50346
33673
34044
70854
7774
42871
97673
66399
51496
57473
34084
39204
15319
25466
25222
81915
19563
62434
38907
50024
65461
57890
18890
51631
87579
57897
58730
54015
27824
10936
57938
36604
21347
27721
68985
70844
54545
15740
11694
4662
66256
83489
66787
30898
98402
57699
37538
59142
5783
89469
33108
85281
88377
4543
26633
56147
27232
56430
39705
19853
77321
22172
29352
50012
47636
81148
1720
70821
10482
85659
89189
51609
23283
66817
40041
17694
99301
99668
2115
58822
19238
36709
68648
62809
77155
72168
71889
34805
1050
27739
45963
15548
91690
9152
92579
72514
22647
91744
72784
50127
29494
16347
33717
14324
94499
80508
54708
93262
38361
11096
72419
98753
44507
20288
87041
39278
47451
13487
35118
49064
69972
21958
36077
70568
77689
93305
11284
4053
7016
23855
9972
72769
66864
77337
45049
33363
74247
85837
27994
59360
63270
74064
69109
40793
62713
4372
2425
71473
49750
8552
74113
9142
92225
83532
24954
77743
18335
64642
724
55709
95030
52144
829
72075
89634
40836
74777
73178
3357
2768
48783
17130
30392
17279
6289
7435
46272
97899
93923
35368
4758
7910
72053
63743
22078
74984
22807
83408
9323
49796
49802
3607
89876
8007
53314
67618
96574
54603
66075
67335
87901
44462
17727
78141
47676
37555
68521
11366
64465
18365
96419
53002
59302
22004
24078
39060
72479
42542
31398
71386
86460
98149
53195
40753
88285
63401
53905
66082
23167
31966
86282
8642
1450
64386
94755
92146
46286
16688
55407
21463
4710
42639
55432
80478
83966
891
92947
88627
46120
49493
84292
30816
25311
19396
9397
89559
80142
24827
5118
27623
19440
26700
59836
92881
57598
51407
90184
67223
29940
85638
68815
41259
24224
29039
99924
56145
78456
22771
31170
89411
81354
2207
19477
94729
76386
686
2051
631
24694
97338
5181
58448
43515
4966
89802
1596
14049
68196
95243
98003
16238
647
77215
15518
33667
51985
32421
80317
68036
96141
14142
75232
12945
51134
84031
2338
96489
94034
37262
10698
71282
42828
47
33762
80357
47978
28610
81562
14517
18123
26570
40124
74746
1159
78444
69350
67166
73846
15059
19170
29276
59742
23000
443
92386
54516
9928
5496
33547
29893
13381
9786
52215
8831
66944
81213
55696
87671
51715
83304
65086
41183
81234
92761
43650
66740
81129
24502
7145
68769
82585
85743
64935
76346
6220
8215
89503
77700
46850
67786
54914
38488
2310
67040
27904
70055
24513
79855
21727
49404
60456
84440
31581
92435
68420
51150
54125
2978
96821
51017
68249
60882
51456
60667
9580
84493
37821
41414
61445
64458
9971
55867
64402
70128
9912
37822
86560
94439
78770
16630
71808
28263
10856
11194
51384
85793
20985
2477
40059
54005
2901
72732
82337
22669
41769
42273
33643
13658
83493
89963
52433
261
73712
52276
11007
22530
33168
17636
19612
91473
24289
61466
46297
26287
24601
80514
58100
54505
21540
5595
20088
39427
8613
84780
84098
91643
33993
56274
66951
10506
96538
78557
68687
4554
52110
16388
63992
32197
97953
46374
67587
98421
87808
56140
1624
93169
71700
64992
74157
78610
31153
47790
56190
68766
28006
74009
12396
76135
83962
56946
2941
61016
33299
57777
92802
43964
75047
66947
74598
5025
80676
33748
16547
11915
82665
56935
57446
30346
95766
1171
53618
76086
5455
67172
83744
29887
39511
21222
94746
77328
83325
3663
17538
35964
15600
43133
81478
54223
40622
86471
47333
75690
32390
8065
35362
81541
6198
16137
36570
47627
27634
16807
83474
28252
14848
90134
53281
85669
1415
45339
9692
18286
94479
34589
74144
65864
62575
48578
3009
64563
20015
53381
12110
74827
44957
33617
64843
69165
45872
33027
27693
57733
5555
59675
20055
16230
55992
10582
94900
82561
41056
46633
67844
94141
59066
79257
22763
55337
43472
92984
74042
73797
97616
56501
36462
16262
79534
72351
89413
46783
79569
94624
82712
57190
31232
82168
9931
64263
32163
30472
84567
24157
62035
60096
95213
91461
88382
75136
18846
95897
12662
12440
4005
13556
98101
74802
40590
59496
18578
48105
53346
24060
42344
37476
45004
83139
54812
82308
73492
58603
38603
92974
72833
81540
16639
79158
39936
90440
99059
65477
10916
10306
1368
54168
67419
19456
7165
21921
83206
16728
84055
67812
67323
79388
82159
4621
46886
15475
68736
78447
88851
62612
38475
27582
16176
93525
52452
16222
47306
67032
67665
94616
57325
71917
64561
19189
32206
51410
38066
70150
49508
96971
84881
68034
84361
82581
54500
99231
60299
71729
1803
26708
81904
72287
7208
1631
69605
62629
20612
63643
58229
51970
38039
16982
29430
97104
49572
20216
93392
70978
32029
22766
80296
83043
57874
41232
44406
30469
14968
20164
44577
12976
71809
55297
35250
57545
41611
46594
96448
18340
78970
54133
45732
73074
60865
99222
507
79833
88631
57560
96097
58380
94088
22702
42877
51247
57630
585
86181
70205
76848
43660
64858
28422
72672
35848
32593
49680
95331
57233
33335
35927
68693
28798
22930
41372
36046
85438
48760
15179
48352
96552
43738
16855
80969
26360
30801
2331
40738
65382
67965
44919
85702
15337
90243
70123
80520
56373
26092
66588
26140
26887
31135
58124
44571
71347
51953
5101
2228
9121
36181
24895
91375
72633
62415
71795
77626
25033
95457
7195
84697
10964
58633
81599
36541
24206
82379
5739
5852
30962
84400
63072
95873
22835
61167
28107
66367
55253
60517
26836
78659
68649
42288
72895
83779
94264
13789
197
64843
85814
16812
73173
7045
3590
7486
11356
46904
32386
12108
75053
80577
41276
37160
91093
37022
76885
13076
69315
74800
45688
40898
39845
99681
90573
10095
94051
42000
5723
93975
98475
77416
95910
44956
73781
325
21368
97054
23368
73974
52087
67551
15230
33171
90585
20422
21662
70441
33911
12539
51282
2019
74972
76181
45350
75812
28254
38945
72089
19412
54110
63521
71896
7154
38595
47100
6537
74421
37916
35266
72875
52367
63299
5738
53685
71894
20291
62196
66684
67769
65160
45364
33340
77165
56749
96917
45810
57033
22886
7831
5267
17863
91670
56121
12820
59535
33987
76795
41646
98911
12686
65530
61827
88986
58370
95663
16194
13685
94842
80574
87875
66221
55518
39013
9761
38376
83825
79545
51650
61139
81
51355
94195
95136
93816
82826
23756
58796
22324
55950
61121
59392
3057
87257
73224
5033
76733
93567
89628
73804
98227
86738
36460
30308
5635
37037
12851
19257
22159
47598
5382
43025
45186
15484
33841
95007
59091
6271
95884
19385
51374
21287
59034
79616
93754
22877
3035
6688
39749
2240
85467
64208
20001
63051
60464
1819
60142
66910
87441
98822
11679
90121
84919
85915
6499
19132
17866
71607
47335
73652
89216
37219
25439
59602
55466
25212
92223
65367
95486
25623
68079
42506
74217
60564
25942
5660
95282
50373
85965
49247
22712
43235
69310
98073
30137
91632
6820
58076
39118
5769
82900
26261
35980
59598
59174
823
70330
59283
95230
10768
46306
24976
88971
92831
19041
24395
95424
9745
32593
85026
78123
24169
80281
38513
37860
96416
21487
28888
43946
94777
60300
71465
35611
9223
42657
45732
63697
7896
7650
64569
40614
93274
83674
33183
8460
43943
12471
22092
85980
29503
5239
56067
34820
6594
50983
40920
97879
54881
11063
15898
60750
79513
2682
99042
46635
73681
81558
49453
50346
41037
94730
40715
46532
14038
32953
52324
76541
23723
58154
34732
38164
11457
51853
42578
18386
95049
71796
72984
1247
75866
97656
23930
5811
37639
23478
26289
51068
5268
25686
78640
33440
25170
8379
40907
62078
37260
76517
1586
22864
12021
35485
69361
78586
14906
45701
65324
61036
41344
26842
56425
92229
63161
77220
27942
61859
42809
65170
39980
23184
86539
41282
84436
37971
42563
14949
3798
26696
95682
37124
69433
89226
67655
17730
10839
44593
58406
94892
61784
41826
76247
59077
41406
82688
58022
86113
81096
69940
56150
66657
91321
65068
7384
84959
62021
34031
37076
38793
17129
81549
46446
58974
70156
83510
95066
16513
15588
42606
69879
95972
17054
23496
79942
63908
41791
54418
2368
16257
38793
96125
69674
91228
25035
63922
11607
17982
52860
75694
61314
19964
23978
42736
98211
68858
79618
96241
99602
22645
24225
53388
17513
55709
58705
51771
21247
39775
90042
87530
84304
15820
99124
86554
1582
33811
42075
70147
94493
79865
40236
56450
27662
49522
98880
14943
75770
83019
95251
58422
3561
7112
9694
33565
90804
8000
92556
62395
64191
95279
66615
35426
63636
8943
51084
78915
12067
16015
85667
29619
58415
80282
22886
53422
47823
96405
12741
34330
45028
57556
21203
68597
82022
70338
23577
85368
53877
52860
71110
99762
2433
33724
99340
26657
96782
76337
56243
9970
88875
74976
8621
55258
84699
36279
61334
62755
4430
91756
10150
52055
76851
77799
38769
11015
82244
82818
68082
26236
62605
17974
75548
20619
86866
28784
37959
19713
46633
19353
41602
93933
40436
3679
84330
66
91181
73510
58488
66093
13070
3948
98568
18665
13844
23680
70960
35939
72980
98376
87669
44888
22377
15713
87562
70435
91464
4169
65378
80751
70717
45843
9733
79088
65273
35028
22222
49562
42672
79532
68176
76205
3447
52320
58215
27795
45927
63434
16842
90250
32565
27828
77951
27456
84917
36821
9650
19038
61201
77223
82028
80396
65162
15124
44202
82901
74635
42522
34793
54661
74291
36777
99517
2950
90438
22587
88252
44194
37284
80215
63764
1538
92137
78351
36325
44839
44269
16456
12837
5648
73712
69608
74665
93053
39043
57861
58599
19358
98875
43857
25951
50215
88032
95028
41181
89543
44469
79142
7918
12209
41141
36921
87501
16823
51727
66326
74707
6169
84915
288
1308
27073
577
63887
2267
99553
75739
92586
33769
92994
92376
43002
54313
62356
22710
68356
90389
78519
27363
60716
31913
69021
55542
55550
47563
40596
67757
24722
24251
21002
79499
11289
44960
46146
78696
17339
65312
37284
51120
12769
3789
12528
55744
78674
96953
68597
61784
25600
99574
30946
45538
7875
66987
36298
69129
61372
64549
32192
11208
3058
86628
13749
71859
94448
12224
97658
54281
39271
17010
78643
8830
47975
30469
14670
36031
48427
87194
88616
68417
76768
27861
6668
41210
35506
56132
94476
50423
38031
28619
72526
9945
59478
87062
63425
20857
92473
32214
74029
10864
35313
35549
37986
36252
84406
58523
10976
23587
19094
16725
13120
68528
69287
45984
55024
14597
14713
63539
55413
79111
87509
99006
93042
85238
616
30843
92450
91576
8380
48782
44767
50895
46614
46511
76479
99233
41558
64583
76078
1726
88985
62347
30074
13488
32938
59377
81805
1076
79691
46677
90502
78603
4725
82431
51307
32843
78904
11699
20635
40931
63768
34572
19289
35428
32952
87650
53003
24451
96507
62768
42959
39532
31586
84604
43635
7604
38445
87462
3555
27022
61481
58742
98365
15863
13803
22517
53760
22763
15661
53853
21895
56691
80096
21745
78383
13511
16289
85001
77985
66639
83374
60025
42053
6089
90512
17380
75165
84914
90090
95349
4124
93768
88304
61840
53142
53514
97092
60194
15939
20361
16706
41302
78966
88824
83515
25709
48867
90364
28846
89608
77872
82501
77903
97454
64196
87741
48112
6210
96821
57035
97330
69916
56025
2368
72316
40661
81062
79882
627
15848
36096
98822
74834
69395
2465
31804
99661
32074
14395
9611
92054
22961
26893
36520
57766
52579
25088
1713
7245
16906
50364
95012
96084
63023
30397
75385
93232
39345
66082
6937
53692
1819
87760
79200
17239
36610
64649
92823
78410
25375
20409
10184
69124
55590
45998
77252
4027
92056
85025
97037
25719
41022
34876
3825
73245
3000
30566
38844
8795
80238
10108
56084
68842
28522
72840
87271
74244
67504
91996
57781
26021
25256
33295
66069
28990
75537
33789
31783
49507
58403
69890
45448
34019
10164
24042
25912
80052
8152
14594
58011
50271
81468
62970
55854
92523
14116
94695
48927
58235
79994
19846
58800
82998
93714
62510
81385
3789
26608
89466
28976
98131
53038
86967
85748
40736
57669
72080
20769
30798
19745
86257
23943
96516
85279
42446
21846
78610
99676
68537
64376
30610
38187
31965
93597
40419
33524
16908
98241
11013
39246
7147
94469
14041
52852
44180
14416
89630
25505
22921
31512
87403
50466
88238
28230
79529
89619
57587
13048
29264
39089
1801
56496
82731
40432
52423
92206
91036
83254
98481
62126
46285
21258
90245
51587
19390
19745
70234
26214
21794
59563
69575
86256
93282
93859
39760
41956
81217
59613
36322
12399
89061
49541
20099
37414
30019
86498
17986
87988
1161
70998
15870
55870
38659
76807
12815
4744
29103
77663
14714
30221
86785
34386
46106
91784
44756
97542
65401
55098
36098
78716
18950
78997
48384
81900
91710
71621
93540
94183
47810
98955
1264
94510
35073
17263
92533
46714
57480
1581
28525
37885
65006
31945
81524
21351
97059
24638
28858
51132
77607
95102
62645
89456
33558
96237
40220
31641
21628
44939
29465
97087
28674
50427
93780
18444
45335
6754
52280
31590
43456
50540
12881
14142
88619
38229
56714
96908
86445
76700
53059
43780
48070
87277
17327
98056
11440
16186
96092
8143
70230
90081
99919
45190
12308
19783
87938
40691
85833
82441
51071
84108
27147
58570
24420
24433
50561
13695
30211
84280
48516
1507
55838
39735
74137
15195
60552
17267
67531
98584
14866
41388
80695
97248
64842
17549
29290
49703
86674
90327
37906
42001
31422
98748
95240
44359
78356
63660
54570
59000
79188
1129
87750
66367
55407
86642
68727
88256
63731
11694
47013
16826
63628
39864
56715
93687
94026
96822
99462
15366
52261
52206
64729
13457
56895
8914
31504
89586
14535
47760
1154
27295
7633
4144
32867
99062
53344
61954
91937
48639
34156
37888
87268
43927
79990
52981
14995
33548
80718
69092
63164
58720
6792
19025
31793
2656
37342
72500
31278
10942
17507
26753
50039
88169
14113
23499
74299
25456
52412
63968
76130
39155
89414
93032
86915
39895
11989
30687
33870
70264
68280
49156
40470
59583
16780
61855
24063
43826
75963
2454
61124
63699
31977
47152
27349
65835
72740
77222
73235
94351
95558
38611
43113
63264
30274
64751
75386
98786
84148
43443
66654
1753
8538
73626
2359
89066
16092
94238
86089
21419
7317
34452
1158
74241
93493
61699
4840
98370
71857
15136
12718
32822
37716
71444
17685
46187
22983
77878
93427
39682
17559
25349
89358
40400
96563
37252
32607
42549
20830
86902
1867
33504
9295
81550
49038
59330
97873
83667
55717
33823
76221
37595
69929
65964
49364
26627
17235
29705
80765
55279
62735
95197
25809
22779
54921
57710
58420
19398
40862
80714
71787
95485
5954
13124
60099
96217
61897
7728
24296
32412
24379
5529
14355
97597
19341
13607
25141
4056
32798
70572
52709
71291
74796
49012
89685
72775
57755
13746
68205
87375
99151
16731
29075
9353
25140
19912
11150
25695
25629
36836
64539
91037
24352
88142
76758
38718
50710
14604
32607
58955
6877
72930
15839
95362
17610
20164
84365
45057
37762
54154
80656
24375
25372
12869
60906
58127
6222
16125
87452
35321
29371
82673
68714
42506
15632
51572
27828
30147
43002
4364
41931
49635
38310
4781
42407
95868
50334
85790
91227
70830
55998
26336
49186
38400
76581
25529
33647
96836
94877
47574
3838
38708
29783
16209
1402
64157
17027
68623
8900
11533
42188
29476
81033
96656
80908
80120
55732
11265
84086
32313
78544
29038
11282
77946
72892
61558
89972
35152
17499
60181
54609
87876
40233
81622
25269
34063
74087
90396
39934
22507
20096
28467
97824
56532
20000
88720
10758
41109
41489
98010
41487
43427
11480
18908
64646
32256
3508
86269
9924
12081
74973
70514
1883
28780
35074
1650
85997
64776
77731
10827
10560
69298
5699
92755
93949
84231
59583
33402
37549
79140
45800
94269
70953
13373
38447
37710
69678
8917
67361
55474
55269
75439
11005
18920
35651
4459
60780
3686
64373
16117
40955
4833
78310
14112
93299
22871
43915
650
72335
87425
97570
77712
16090
89719
19860
73477
39681
5588
5582
77077
39896
79153
4408
20253
1583
85651
182
97542
8418
47467
83273
2025
48509
34974
36506
99056
44707
65991
35489
79847
35852
51402
19499
68871
44021
83484
56053
89845
28064
73641
87355
48657
66605
5514
43423
16745
57781
21284
20236
91539
51701
96185
26573
93306
58909
49375
42909
51586
92973
7619
77143
23276
21747
81680
97009
39968
70554
78871
55235
52361
2523
14428
82438
78560
57497
23731
4606
73467
47557
25846
70488
27127
50482
89435
63607
31203
24279
62452
37332
61901
35784
97949
84111
26485
17291
92793
56691
37646
28363
24189
57324
97655
75792
80971
11306
11148
51966
65940
18507
89725
28688
16343
82995
4751
96339
41290
10921
61743
18211
83015
92889
88885
81632
20767
5034
75886
23093
33442
86271
27992
80363
42779
9749
89426
54250
49940
82463
27764
2796
87034
19842
26509
13898
45824
3735
26049
11402
97065
55469
52730
98574
33193
46603
68880
45475
59188
67617
22547
18133
60278
65188
52733
88680
47315
12432
44211
41076
82757
64003
73430
40943
48581
86527
31732
57695
4154
82371
11334
6040
28924
6026
10010
90099
48618
12770
42397
72080
49495
2473
44209
97316
23622
26764
37197
83207
74634
66676
68102
12500
40002
41215
85035
32460
85595
69033
34142
95056
58950
57382
33966
28659
65300
41583
2786
88711
86575
86191
27311
66880
3741
88897
12753
32399
70100
81277
39578
29345
13154
77488
94511
92059
26001
90544
29581
60523
4749
35438
2926
87465
94408
52228
70638
95749
28454
82901
4342
38189
63313
25588
45899
47057
40532
9671
56557
11416
36124
31923
40690
55299
18150
72475
12365
65726
35968
97379
86768
24315
87737
63000
93952
18824
14842
75973
53997
6949
17193
69946
87156
48563
85128
90602
19457
65294
43273
83994
87865
61963
97991
54828
26996
61941
85713
11443
88956
86426
91080
25519
98613
98300
54377
65360
89329
86287
95468
68129
17206
41464
82962
37589
39988
84501
12375
29317
83592
75555
16834
80516
35405
86798
30671
74216
61300
44877
60105
52848
75908
93284
27264
14093
81438
15827
91183
54703
48966
9224
38164
81254
73574
19590
59077
7237
10086
39788
99176
13902
67305
75942
61580
93633
47451
96802
53948
26002
79285
12752
162
83148
37581
98764
95
88192
7958
77623
16443
24638
7022
98037
45809
11680
88875
93467
44317
95561
65629
41699
5099
53607
2765
35223
30142
83000
93555
88057
15073
70992
12434
3659
49064
44363
72067
71152
86800
4808
30689
43657
31097
94842
7895
55879
28270
42675
47760
21615
31369
20491
35064
78986
23712
87368
92
96696
84640
17415
84254
57811
79340
49380
38848
44293
533
38421
93518
4463
21043
19808
46889
55467
26841
51465
57956
81126
60828
46779
2927
64023
16137
74787
34655
15069
82734
60765
38305
76456
25208
73779
47251
95957
62392
19891
33665
91529
7220
68543
6537
54550
43564
39919
91836
22340
48955
24418
95158
30621
70233
19800
95857
95237
32811
32582
95601
74053
20753
81066
23162
33886
49580
54660
27527
33223
58571
33207
56742
24772
16114
44209
68480
11463
54831
24937
55046
71903
96110
43468
81014
21116
8080
96083
41092
8552
90156
98254
65647
2691
15712
27256
55344
95688
46321
23987
9067
84191
41958
14291
27928
12010
5152
38759
63466
32123
43766
30720
29849
65788
59606
41183
29964
40912
51808
57710
99703
24871
35458
70246
69257
62918
23987
13448
91275
54998
36297
36534
81918
88511
48588
44413
61094
61202
9820
76164
47525
86623
89741
75997
63917
69112
99073
8128
54573
12874
54239
56722
72603
65367
40322
65053
87328
30939
79973
71979
36524
25081
80579
5640
11402
69266
24431
17394
96407
38550
70014
54281
17422
48990
14090
78430
5360
87846
64514
71993
65449
94277
69975
80067
79772
35959
24954
58796
16789
85326
63555
78954
41942
48416
48256
1181
75318
22246
2091
92684
79948
24416
82303
16789
46159
83771
53471
83028
60440
41099
75530
47391
89220
83539
64141
25461
65452
79198
69942
71776
96341
80694
33208
58115
877
3367
62908
23327
40143
49375
43624
86740
57407
10783
66468
53993
78401
17916
27118
63119
83906
21029
28775
79699
12870
35798
61660
14993
58924
83412
73806
47511
23115
29392
33001
58523
32275
90602
34271
68001
24243
52664
40754
38961
19914
43049
22678
14301
51929
83
20919
14135
8783
12928
3515
10753
29123
64865
73039
36279
51402
8918
10665
59810
89270
96586
59072
24603
79015
55558
53164
58693
98434
57070
36239
19347
76845
96573
5389
1774
52748
23087
90602
93383
30114
9434
99681
6853
90463
93629
79502
44549
98292
53536
51672
89218
5372
12289
63896
26642
2547
51010
6017
79271
12557
43190
91165
16946
42356
53426
4742
41844
81399
81854
19923
18811
58854
71868
32195
58283
81566
14943
70853
5900
94323
81743
51646
66950
31309
32301
63779
87122
74138
64206
49251
4608
89627
98714
63741
37869
21384
8487
3123
23123
66664
95094
7760
67874
7258
88397
73227
18448
52787
71479
5136
35311
84340
20035
58372
39360
20451
86896
57926
54047
16278
17429
88643
20161
60917
91495
5501
60091
5649
87317
43706
48577
89994
74721
91822
77276
47798
33289
82534
74852
78574
78468
32782
79366
73243
62142
27382
56735
77267
2137
70192
35430
66474
48322
68792
67498
37379
57112
29840
35196
29822
4232
3346
88821
342
61137
97078
46219
16641
96995
12048
83346
56451
84879
34015
94913
57629
5990
77268
77961
76959
9545
65535
63883
95422
60940
24063
21642
92850
42334
79991
77023
89383
83636
15343
31539
89496
30452
67351
88426
57436
25920
50881
37984
41948
18948
10107
78169
22116
98326
27666
27756
68854
62047
67973
22637
87787
76903
2946
55541
31156
80379
83216
27482
18836
4156
22101
5942
80289
81462
26272
77172
54586
65783
55381
455
62022
97299
8720
50233
78705
82777
72096
56402
62611
49702
56971
46661
43258
11970
10500
64768
42703
83410
12740
15622
39909
65228
69525
60409
58796
80231
40051
24824
21059
64480
31911
52138
52854
57293
9865
97702
39681
17619
82592
69706
71043
7966
52553
54650
61401
5758
97006
79460
17078
29906
53537
14768
75750
57150
66565
88893
55149
54830
38416
79816
30080
83973
72269
48275
2593
38559
88993
15171
139
63085
85754
48696
53432
65743
92271
31591
2846
26809
84769
32720
61484
99123
61411
53991
18246
5792
8560
46971
73716
44880
10088
87262
83631
72747
78903
92716
69879
1282
48830
77250
29123
99777
59125
24897
12900
61697
97479
14933
77386
26286
11714
30919
29235
80680
56407
29963
42554
40132
66666
14629
8551
29321
92855
57402
83777
22601
11462
91494
26722
22274
8451
40460
71554
66979
57113
29451
65454
94641
70251
29893
89440
9399
59457
77862
82716
25717
18971
87437
93294
21296
9380
66580
96172
50447
25950
84951
82273
16846
8913
89567
90819
71449
13330
38972
74245
31246
56677
48600
67857
5610
57416
87787
49036
99083
1202
9312
91442
49086
81317
93197
13985
13264
94689
26596
35684
56383
85893
97468
1380
74163
32955
12029
52579
85475
8961
78324
98521
25917
48116
72218
72378
99905
74907
89002
92095
55875
35587
90070
48849
50651
58669
50923
46245
66584
41980
42035
30092
36294
36852
43332
32818
41727
57528
91995
86617
27392
14216
51419
9981
86121
15783
14893
43827
62094
30215
81481
85210
23085
61775
82947
29672
12996
90762
93146
41475
40877
33036
96212
70683
10091
2932
77253
42407
13642
93289
18883
76314
98043
43170
41343
92933
77723
29917
83996
3632
37019
11028
23522
75812
2625
5760
43401
76752
81065
48760
34134
15736
22866
57980
43409
22477
67133
81683
20703
62805
70157
19733
84573
26000
59607
78742
5329
96061
17497
38283
4972
97004
12299
97292
35946
71956
49595
53677
32678
19097
57844
28499
23328
92311
65229
34353
45186
15155
16726
15148
83292
36002
32309
86538
22315
22321
31816
22730
93576
34477
30149
58974
82919
32729
39355
30632
64502
86454
88248
59271
72994
58493
77335
94254
70747
98669
97624
33751
66110
55146
75181
92259
42920
71117
20349
32501
48594
25254
69792
67085
41408
63585
7409
63662
24081
76365
20554
68077
14222
52428
21210
10338
22314
28350
67802
18483
66891
28491
74795
22064
21468
89065
94699
57125
35254
76406
43068
27416
40957
61244
29394
26596
82423
7042
55877
57540
22048
50542
68035
13268
98425
62988
64784
56935
70453
22229
22240
49669
67845
95090
89032
80464
91027
95295
67719
4289
37658
834
20438
40046
60674
33149
89367
72061
87266
83271
30678
38004
55087
34246
90539
41792
92180
30425
77942
78401
80196
64351
71629
33418
99934
25003
5249
22176
23047
86818
94165
70936
10957
50704
21094
95886
56626
8735
83819
85400
27521
14767
68794
47073
2925
97437
58509
49119
12698
33832
66034
5623
85283
1081
7479
1676
61346
69474
84398
97054
16677
40438
36441
82774
92262
48358
67246
51705
66557
41502
49108
39629
33022
67574
78644
32392
91034
26246
29838
31886
40436
96875
55239
30806
76667
77576
6500
98903
42858
67928
16435
25950
84992
2673
97104
18906
78667
96570
98921
71769
87018
58668
53053
19044
73708
9372
88559
95743
93474
33009
96895
78328
80658
72137
17987
61642
53780
78840
30009
76659
16947
8712
96136
49573
4909
15596
90448
96175
18757
60804
42819
3517
83931
86296
985
71364
66097
73922
34747
18990
99569
78370
86804
32466
44926
16617
85369
89283
52441
37921
80313
46491
79196
97353
16260
7638
44371
46483
961
82854
38299
87501
25423
63882
5208
33315
2764
90361
68202
72188
78250
89689
55660
46031
81107
82475
30140
32867
76323
1313
8099
89393
7654
83411
91701
12594
55072
65666
65943
5220
22433
58954
77807
52402
69664
1795
39421
14361
72103
18369
1192
42964
26560
83109
87177
91123
2722
31753
9387
34984
50534
83937
4068
81697
58284
11699
19607
81428
25038
55443
78038
7592
14173
26149
97405
75743
53596
50917
59761
29037
36208
11907
84624
46705
52727
53227
13007
28388
79601
51934
66271
43117
7128
32462
18243
99813
74634
44153
98969
96825
95570
90376
72003
41334
95642
43400
68745
76948
20423
93692
55207
26680
54145
51484
26003
65487
30206
72628
22435
35761
84921
34224
38295
55212
32914
15181
69313
80880
15901
58792
48025
95557
36769
85169
76161
47726
82778
97830
52114
1629
72893
63129
98829
58844
10916
19220
32136
98579
4461
15647
34498
65279
24120
15780
36113
3241
6718
9186
36582
36359
24903
23137
47678
56639
23005
92427
29133
36410
72223
53910
52405
63522
18284
60700
18505
80404
39408
93937
53926
56893
12709
95224
44164
41218
41251
13307
52286
52143
62368
84512
73366
57041
20145
9135
19817
21859
68275
87077
65287
37657
70309
59446
15799
13704
91231
1108
59366
40313
96385
20476
90710
19431
22765
96365
90551
97845
3768
29387
58871
66471
32845
67653
28230
95773
64534
56340
39040
5849
91844
64788
44626
94126
58811
7882
99062
14974
7431
64120
25284
90322
19140
30432
16729
41393
89333
96093
57134
56238
84902
96425
79539
76048
7545
38487
58792
15491
13099
47122
97066
39763
8371
99319
67219
33769
88006
73042
43142
93115
1602
49483
69365
8867
95359
95014
59689
95241
46706
75963
77171
94228
97967
24664
14703
71393
85283
9024
44903
92623
75341
21168
86881
61805
68308
48737
78931
69868
35517
51417
44821
45852
33032
80851
92798
48706
38195
56811
94773
69380
17666
81250
17709
88717
61936
55734
96530
33072
26795
62348
14140
40148
77397
8965
73834
49053
12480
40681
26569
27116
60402
36968
64134
16849
34141
51288
82033
87567
53459
52091
11343
1027
37562
57992
45295
1111
73801
40591
53020
8345
92779
88164
63496
70593
11781
49384
15299
11742
2286
69437
18136
20965
18603
63824
20188
94519
52415
37041
47988
13438
18395
85915
48141
67716
3501
1044
2076
7257
42178
67760
36293
16209
39491
29529
23405
85427
80029
61416
87610
75905
99840
65365
77164
84183
47659
4822
24430
63739
30758
6789
23342
58480
30006
75476
56658
2039
29555
28950
72407
3705
867
70770
6961
71415
91618
75414
36057
57946
97389
30862
4375
79996
9395
85517
86842
78413
67628
49492
29221
5778
7552
33659
1827
88513
25096
12636
9405
18531
21152
601
64870
19252
55509
42927
4835
40729
92630
49085
29898
28778
1712
16578
53158
38291
22810
97396
37011
11209
55133
86404
14148
24578
25552
52207
93317
34799
3884
87432
50305
72875
25343
26618
65593
21794
47846
90917
46150
76407
11907
69880
6156
89007
16542
8827
50940
26719
69724
21988
90103
68907
68342
19954
66839
18086
64489
53052
69205
46305
34022
88283
47948
13289
88269
85291
43057
35158
83920
61206
5115
9468
48358
19819
35518
78229
15863
33574
19502
50571
15895
34149
7108
76665
89559
76748
62040
21849
86042
93480
93357
12314
44862
76611
16767
5930
73281
39404
26800
6743
18799
83286
67759
90626
70053
51613
26391
6068
21921
9315
65159
87540
82095
58658
44859
49825
29822
78608
87229
83632
89310
11354
89327
1782
43646
75941
97763
19203
14386
74321
52133
73933
42007
20945
20857
503
65948
79352
78780
58713
34639
61549
26198
19815
1881
92765
89072
49622
7785
11722
99359
14547
48604
41506
70674
33739
27869
99735
80086
6902
16307
33439
26137
54401
18923
58103
83363
13204
58069
74025
39359
83346
45753
33764
94864
24173
71365
41821
98732
86379
14678
76952
35367
90255
19456
26487
82332
35908
95666
83577
51715
61142
53806
9195
3688
56154
78403
85302
67989
69087
33166
40567
99736
11754
85633
85636
97044
31353
3575
45269
74455
77689
76614
91321
69107
30700
70008
35858
73387
11692
93453
3509
69739
16571
89916
28226
317
75666
74046
3778
18644
57175
4567
25311
19243
29502
48547
68409
66430
16558
40857
23938
95228
2845
2373
24109
30893
65220
43267
82838
73334
12125
58929
64347
30706
81590
33382
76405
64867
15748
79957
77673
20398
79699
93948
88569
54180
92814
50217
28978
14299
65027
35407
90101
97314
83470
4843
7504
61686
74418
56632
99771
29864
82593
66851
76800
39635
25310
85494
9676
86163
27409
32552
94291
69561
81200
85818
81506
60137
62711
4726
14223
64211
21249
94820
50147
18454
13322
25692
2027
45176
735
33023
21713
23023
56518
42566
97680
83346
50724
27200
42534
55940
58835
15487
90010
21278
82690
37045
57314
21881
16273
24676
73847
48400
86970
64078
97470
17637
4567
90082
61046
20185
51932
40085
35228
67787
28855
25335
49308
93889
18990
28844
44234
750
10812
77338
18903
37452
31874
84124
51450
68195
40739
7984
13646
68424
46002
91963
57811
46767
18815
47136
95958
73131
77941
57364
66201
7011
86701
75473
18214
87385
54520
81436
42015
3883
7628
63644
39288
1616
9044
3861
61024
96561
84568
30652
21305
20136
38315
95274
14402
79353
24008
49945
11143
37799
8301
23481
65091
38316
25256
24242
17789
57498
30709
139
38239
77445
35767
52773
57956
98867
72330
97301
81270
15517
70328
96585
86303
55651
17867
3486
20088
93565
37767
80628
12744
99528
11171
34668
44205
20996
36773
40322
11418
78120
19114
69749
41986
26594
74902
2929
60503
24257
98347
42134
57160
14894
76823
96642
40325
61517
13359
76924
23041
3566
61593
87810
63660
65896
35205
97383
85600
14451
8998
44479
43599
34470
98935
39383
95763
98076
72366
51504
78886
59656
72183
12395
15450
87971
71546
80902
7893
58565
90310
90080
2063
31088
74992
8039
79194
78755
47313
26420
32662
93837
26873
7464
25096
30186
11985
37393
13760
59597
3197
44590
24734
67272
88637
20884
15998
72286
82415
16099
2140
42169
58884
85974
80102
73011
13684
63150
25769
17992
77812
36120
32616
2596
5394
13987
13331
81014
81651
74619
71315
47688
90834
83912
50093
53010
84455
1504
54779
91014
90655
42669
86568
77831
31262
48701
18799
99871
65526
46276
66978
77631
3153
27487
48127
18962
49861
80031
81628
57967
77349
9258
91390
21380
75864
55947
91441
94432
95718
33707
46986
76384
28895
89853
22510
32029
35246
64337
51567
37303
43761
6041
52049
72600
72090
1352
85796
85789
80491
1154
42700
24392
72643
48650
47655
87806
37876
3852
5501
56747
8269
56784
40820
2437
32587
23019
76637
62693
72445
13546
54824
1335
79212
93855
44302
12620
23974
65627
95166
7073
43571
32884
93640
98466
22123
26993
55922
66709
65723
70732
93672
50822
54979
99076
53381
58683
33784
27738
42990
10025
10569
22454
29787
8036
83737
73658
6722
51946
25033
31158
53526
73354
98006
76860
90361
22483
41823
92893
75272
95677
82972
55705
47394
24464
87553
15417
90466
38019
24595
54439
82496
82302
15927
93869
55679
47282
13258
79427
40027
58960
66499
60115
91972
71400
14486
22854
5787
13999
53654
76924
52284
97364
76345
12890
61328
5313
17074
27970
73363
3305
98041
74534
4788
69185
5676
40837
33041
91912
59034
60419
41319
81637
68167
53595
41353
52005
68959
70987
53255
50305
74185
26661
45642
68416
95113
37488
80861
41678
71018
58782
99809
87091
26335
94757
31407
77720
47641
92303
7417
73240
82802
6120
95334
44416
84235
17921
91533
31200
91580
92659
36923
96349
95400
371
72345
17375
4659
28022
12083
24522
68499
36695
89236
10123
64011
30399
77950
43144
65961
37597
19407
11342
96243
9646
97592
60136
58415
75835
40982
43605
2122
84384
64319
42915
17918
66632
32159
16756
16700
33893
30891
74986
19886
9913
51762
5664
69380
53403
60507
24036
89302
38904
65167
69898
96870
33054
59169
41582
30199
19384
11929
69893
48921
13490
9281
79454
86887
28337
38965
92081
83187
47382
29785
31265
27576
14429
91775
70939
14809
89379
64516
36719
4501
63613
11326
12455
75924
1914
6743
48488
324
32849
97382
52157
42400
41967
94919
53835
71012
91459
37113
99359
47098
39637
74952
50264
64433
14016
16037
94055
78101
39393
71685
75623
11093
38395
777
10322
34281
16936
71639
46648
25795
32722
76011
81307
4282
55595
55543
52555
20635
68936
57193
81009
39705
50020
44020
69307
8313
55967
75251
73073
57953
87703
68046
98495
57390
82596
48443
6757
27033
61428
40070
96663
85612
57399
60378
55347
31647
23193
23752
62757
97268
74066
33057
17319
19829
70517
59479
71357
66668
7250
60174
26337
54225
83721
96034
30102
19203
49696
51947
42541
19971
56642
67441
43561
21779
79622
53587
63136
50724
98189
60472
6803
96711
56647
4294
27118
76611
80693
33033
1747
55043
8247
44936
80375
27127
14069
13098
8336
66852
69158
24732
51137
26465
44072
32708
24333
31401
12244
94979
61555
12233
37085
33210
54023
18267
29918
43336
62956
60715
63540
75108
42073
42265
48921
64964
4877
23325
43609
87826
49690
48307
31307
61486
66295
33688
96331
18695
31311
89992
40995
82646
79906
13691
87242
28718
97888
13380
90433
57327
63600
35911
44122
20644
31289
48176
51021
66921
20159
55881
35388
23592
28587
8197
98734
7613
95797
34419
70459
11686
91230
96900
77177
20123
15415
3152
41008
14607
31765
84162
37739
69316
60287
28042
28855
81109
56614
6951
17758
69894
54951
99860
84225
80661
58846
57855
84669
7457
87298
57314
58059
65064
9460
96854
49252
90355
50078
66605
65115
74794
28797
62409
34221
32760
68354
92379
56317
31485
52472
8515
18508
93157
24728
75602
18664
27596
56653
68952
12585
11496
82798
79337
98570
237
25832
62453
68983
42809
67916
51148
20448
5519
28341
54977
92224
15119
93262
45258
30484
94552
32372
52681
46269
85353
29130
58519
25753
68052
58161
54614
35510
86482
49256
77983
30415
8615
18127
93051
39640
38503
27777
20716
69468
7702
4429
94230
96759
75538
59025
46290
410
42693
94662
1539
25016
64153
25589
42128
40136
84916
40032
7524
64284
70442
50241
14929
97865
9820
80372
57605
25943
58965
39356
27275
53568
90515
14504
48623
35206
50855
84704
13978
7543
80979
59766
9551
99009
47836
73776
47417
50038
41421
59469
2883
60561
91797
97392
32440
96074
9923
72718
29864
30775
66719
10139
67848
48543
77557
96089
12299
91375
76349
10553
91166
91929
24919
66542
62830
50713
6381
41925
28788
22629
27698
7102
50025
72134
55174
52611
10715
90043
57677
19977
92867
45579
11162
73023
55210
72195
68247
36211
47106
25121
29803
32023
52730
77908
34642
32767
83868
86812
48832
33672
28908
25784
2835
29302
2290
46924
81781
52366
63878
38673
42395
27182
82997
74397
41196
69978
95792
87794
34177
58991
13730
555
71838
36300
20660
20013
48633
23596
4928
77180
51057
77677
43063
45100
9230
72975
58206
21174
67876
975
89306
21854
54512
9082
91693
6791
99743
2029
63737
45536
55383
97758
32437
94008
28748
57387
50307
81531
89887
44598
36373
21511
80664
42998
97484
11218
22144
51065
49275
1096
78579
71264
66637
67219
27763
55313
64642
8637
44031
44704
4950
25482
31588
17669
27372
93819
38228
46502
8034
21799
78293
39528
47663
29782
21146
99047
48195
38128
34541
85478
41224
15962
44215
30791
50543
50335
98120
24368
98804
28179
92724
92967
39598
22106
1301
46631
75986
48912
12969
12892
85275
88051
82839
81940
51267
67954
72089
78800
8927
28407
61948
89095
54364
75414
28195
44272
92644
64135
89751
5344
12026
80736
66275
61476
74640
31654
69129
29982
22407
20637
74627
44066
76304
87866
75915
7545
40804
75729
92913
83093
53580
47822
59773
9994
83669
57703
81897
39723
79968
66849
53070
22869
94267
8836
1639
9997
70434
34133
30385
83156
97952
54311
25904
18496
5334
72568
7534
60225
45420
88458
68082
48386
97163
94001
33333
59427
21077
63720
47538
30956
59131
16288
65697
70110
82750
94444
80640
35115
26565
36500
6952
26616
78342
33630
16033
16587
19651
39114
41411
61461
952
42741
41650
58892
89387
41512
86169
73010
70627
4656
29307
63726
50996
32196
10735
80544
67678
57084
11220
29201
80189
47181
82724
84874
31458
2291
48963
56705
5747
82536
2488
13349
40027
11224
26222
43562
72126
98866
56516
50184
6638
58722
53229
38920
78550
97031
88300
39545
74533
8326
58190
60848
46762
36947
86844
77465
46145
2181
12560
83380
33572
48104
3540
29576
22726
45682
41520
96149
6870
43275
28520
72651
12823
73838
1292
18178
69446
44128
48260
8880
29952
34941
45541
50169
57635
38096
74953
20782
38050
66315
19089
21075
5652
50021
65946
93320
86271
97876
88353
75523
60495
1467
95206
12472
28754
20598
50426
10620
12426
96262
70508
46576
81655
36970
85541
25924
21810
44948
34636
39253
83726
7297
99547
49348
36760
57877
56143
15685
13616
70994
54793
99055
18131
6518
98074
75406
34919
68592
49124
35068
48870
36213
78888
22255
18086
78138
20406
10042
7364
39574
98947
15714
36258
84642
10680
31131
92915
47531
36309
52528
98339
72632
64022
24761
44008
93068
31356
30432
24129
76823
89900
33064
483
12328
13103
50560
82261
67614
34156
42209
55059
51196
57877
36166
3140
74330
61645
97649
13563
91230
80936
39023
68400
30410
11059
59547
62472
54866
56387
11682
23870
47746
59528
89925
98150
41489
93574
30656
87699
82352
44099
58390
25827
82526
5082
67147
73034
57402
36320
78989
80057
60859
64063
64100
88879
49580
41444
69854
20738
64917
59233
2683
65633
48858
44163
5016
32071
75448
192
87579
34648
59535
57547
44921
50574
36671
74608
34784
90198
46558
46039
52006
53196
50512
41831
64639
4612
36824
45254
5174
54010
47505
64806
51484
99769
63718
98368
26675
10815
81298
94283
85999
27168
48691
89559
75636
31144
6462
81364
97509
23904
23521
8330
58792
39320
16003
34461
97542
43558
73159
50737
88920
83360
88347
83546
66381
49001
16848
10665
17001
48516
76137
18063
44706
75061
21080
92556
87912
91345
47901
89302
27918
45603
43565
29397
26790
6242
96538
66852
97071
60070
52412
98858
24776
96183
30807
96357
91539
866
76123
83105
24402
38242
74670
95567
38735
33997
22158
99681
16975
12207
33371
58416
49988
99469
41995
67750
77936
65087
32583
43599
31551
71171
74960
41899
41990
92533
89175
64464
50776
35657
15908
36318
50407
97602
76931
8586
20912
89702
36245
51532
5950
95738
31200
29772
82639
77522
75985
30117
31444
56158
97561
41525
29495
76826
50731
59193
65749
81019
44393
11494
63723
59647
63254
15424
33296
21954
12254
89550
38516
27288
63278
84836
57783
87737
30835
16210
39442
49518
56124
26883
76713
40217
52962
36097
78096
21403
34376
12075
18740
45776
81703
21769
62587
65141
13450
11469
49686
75890
73465
92585
54851
37222
7595
19276
75096
25670
541
54510
26452
61397
76674
57562
18274
17904
95527
86826
51617
19991
77883
26533
53732
14299
67883
89002
25917
24775
76415
57357
93664
43333
12178
58969
46339
61444
49032
40322
1838
48970
8901
79393
16324
44877
84180
556
19970
8048
66451
23343
85944
51798
7001
87115
46016
56006
13969
34589
83945
94940
4231
54175
47648
59563
89718
52788
9514
56956
21776
13103
30989
96881
56116
11457
43756
56568
1046
94425
38315
94124
36531
90360
97784
99966
74660
3437
10934
77652
69375
88692
18246
5767
42427
44908
31074
57998
52893
86294
1473
23240
20786
47760
93034
24498
5213
58747
80882
587
87538
54900
99043
65969
54414
50556
131
35644
68473
70485
16546
70034
42900
18353
10644
8964
65292
12616
89726
89186
39661
95668
77755
9309
41503
53220
84830
1595
49320
30912
48558
37561
16710
44675
29345
37370
32160
46540
32119
28992
860
19643
19464
58698
13823
49324
62883
15292
65140
56229
81961
94440
26821
51899
18988
3327
83944
9926
80003
88305
38133
25590
6621
95200
94919
25412
18278
48808
80571
91515
73216
5645
70607
59262
65393
24429
69727
39360
98745
17421
59501
31942
67900
7302
2797
76133
25826
16641
4700
22968
66375
65520
10340
60208
85255
47946
74336
8384
71436
37340
53644
99016
69623
62315
76754
7390
9965
23265
46700
26187
67282
70932
43990
53839
64901
11237
3067
61923
24118
83174
8135
77911
66663
93401
9013
22653
57634
96288
79538
66153
14662
32566
30587
13540
23532
44832
36203
124
56802
13419
37908
64203
70801
2839
94257
84001
34974
77456
32234
98905
52031
91334
3733
16466
7643
86058
43660
39218
62989
93037
19753
49023
83766
75210
63322
20289
12083
3881
62776
69204
52101
2527
58508
30397
78508
16041
18768
94580
2430
13499
9127
20224
43299
94440
61444
80196
44899
31457
43575
3943
88217
3074
94554
77485
75704
60186
79008
29040
33444
55231
23607
34979
8719
25111
87859
49028
60112
27857
69690
9751
88252
20206
26161
99787
64050
39363
71992
21196
50612
68471
15248
40608
45117
9825
17604
48535
26184
75113
59741
89105
89600
46280
63113
66941
34664
51697
6218
97149
45100
645
38456
58394
6696
84811
48485
98903
95764
96611
42418
1785
9177
1541
43248
71621
49352
58245
59844
47908
12550
22316
57236
97022
45229
88400
20392
33638
13506
13804
36535
70020
51184
79898
83346
16348
94770
65131
64811
85263
95938
20621
47183
41911
29574
5789
50392
38955
56975
5964
98200
94135
21997
43921
37763
28706
7533
52620
6157
51958
39051
53948
22965
91098
85796
58653
74501
17015
6846
71956
50245
38382
22430
94676
6574
3
37386
2054
19888
38338
90523
71483
74983
39176
14727
90229
29287
30555
67793
79302
25478
6453
85279
15373
13534
28607
24288
48609
22448
97566
46107
99211
27517
76136
96869
59068
48049
73678
51379
46182
77916
49373
81927
13906
67444
50207
12024
45739
20577
54353
89241
7977
34085
54603
89564
42369
148
42909
24649
23339
81227
79922
30490
50583
1890
51428
84223
74906
97114
8659
72917
34866
15103
28531
27262
26915
51609
844
58850
11946
30993
56444
2216
94608
51352
30458
17780
25570
15534
41694
76054
61235
6508
19187
77869
50789
60400
49006
20182
3723
56642
51550
39923
48494
68280
23436
70709
5928
46260
83203
88836
26368
12525
50345
7722
43092
75736
79635
31521
7696
19486
26636
1637
57046
5115
45679
26948
20924
56523
36912
95322
24785
4994
92124
45310
29180
80901
94524
99130
35419
494
60611
69280
85540
9450
6922
33607
63116
78088
24474
93839
17889
23556
12111
44541
9130
80679
38672
68721
15428
83385
3186
50846
21308
30374
53014
76661
36693
7608
46740
30216
74679
92140
1513
30535
3761
1474
44219
54192
14135
17608
44159
41131
23734
23689
32497
85692
50213
32982
44463
33534
37747
63149
35567
75475
14019
33934
34423
73976
79316
72904
44931
43923
51947
80766
27816
23474
26865
73651
71712
13271
43204
53981
94183
76864
17680
94216
65609
6444
76936
6602
33541
23641
5460
84813
32511
70732
11839
84662
55138
50836
14202
71929
24589
74714
83736
33289
89690
67368
1926
34885
84816
78880
97500
53441
48329
96717
56788
5456
32628
5691
20603
56207
15644
77822
35435
41082
17228
85908
30146
22864
84367
96706
32108
85537
81540
26389
41818
69082
82962
13558
47292
27937
64286
27019
65567
66305
64993
1545
94392
56893
12914
19339
23491
70513
76037
20145
57538
42621
42862
1028
9408
16747
87285
1690
86219
78366
54850
1760
58978
47011
87670
13921
66786
93277
82159
34693
97532
23891
6734
33496
89203
73904
14575
46956
53814
88912
20074
85664
83813
6792
44153
46367
45303
46131
18223
52958
96289
86517
35621
51548
41362
78331
65194
65149
18327
54701
65862
96473
22115
74525
43518
30418
24068
20600
24648
61704
26238
60191
20541
5811
91840
4646
43638
12184
25860
423
29971
85693
34328
79621
37218
69218
23381
95389
71298
70057
86500
86168
61853
74264
52053
7368
39496
2286
33095
21876
87579
39595
40397
54027
97643
39639
593
44616
60354
71934
45958
13636
71706
2172
52011
58793
27379
82957
65985
87106
98146
38128
43550
75206
29974
4379
76582
42369
91448
36814
23162
37444
75600
78911
91322
40944
68704
48677
47194
87181
27555
37621
1080
1365
21818
37426
84861
19006
44773
24591
42402
89808
95788
14309
53624
34250
17815
44028
61141
76301
14813
43960
96285
32649
25242
94746
34855
67305
6208
68354
44546
82627
75757
14075
69178
44134
80520
31944
45212
59221
85081
89063
71565
73771
54528
61455
69967
66567
16683
32488
42852
27609
48551
93830
19427
63978
40975
5843
74566
48638
19735
67333
26236
83869
8680
73659
80868
19048
43143
20033
42168
67952
5641
64491
73508
70336
52712
94213
22443
35113
12392
69516
30043
89380
57643
85792
97787
85283
80448
89127
75483
81231
80252
45482
86042
94454
31408
20009
40335
68016
28135
80588
13073
45468
79067
90447
93307
81170
37596
80666
75208
90765
89037
41382
55050
70948
52310
41645
65358
61691
65945
81802
3762
97578
31299
37206
83801
59466
74927
35411
44663
40215
69422
22586
92633
2784
86257
58780
4585
16834
89550
38664
33901
28459
43564
84487
85457
32874
72657
57666
90241
86222
82379
81728
69713
51777
20035
65875
1006
81640
77373
64677
55422
93396
21270
56039
2487
394
7039
56368
55653
34987
82311
44344
23055
99296
71679
41842
70769
1636
80343
2581
23385
12036
24957
28751
85674
97547
67977
78236
15551
67941
36177
32295
64881
80226
40032
78706
62849
1982
5723
35807
75762
76392
20758
6595
58969
5836
20484
12452
91918
56144
17999
20314
72889
86847
51729
21
18005
80937
76295
12379
82257
32770
93982
6607
90544
45403
61231
6368
69061
71706
67319
46133
32568
30553
22716
46024
57078
1617
86201
9283
66652
23789
90340
58997
69750
45670
1376
58914
59633
54879
86787
53744
25201
20848
91140
46191
79570
88096
78881
1508
37281
82777
15823
36499
49264
49870
94976
11508
58255
95799
69432
55283
39600
58202
58569
72198
87474
80344
23722
94185
10748
39
3108
47680
82563
27327
36429
67151
22862
29516
7613
19956
74160
75874
36555
53557
64581
12888
61453
24531
28500
22394
69506
82824
30887
51600
81986
72367
52288
14823
91332
22280
98650
26996
21682
71236
36268
22482
73788
52706
93104
589
98934
15750
9076
65307
52107
24820
95293
75790
7898
44671
90971
12011
48512
46615
83975
82505
89160
15734
96768
84139
15682
42983
1520
63324
80977
57352
50214
14383
88607
94748
35195
84772
43235
24916
14209
38132
68273
21733
47523
91216
63553
39394
24855
4327
38867
85390
6838
7352
41201
29087
92222
48663
9015
56672
54665
79533
24174
39722
52094
60405
73741
26170
47238
98239
70626
53476
91717
44818
87999
62095
85636
28271
56414
27940
52186
43342
95124
93617
87564
14365
33504
33275
33050
2779
48613
51749
94950
37598
82386
5753
41049
20907
25868
50289
88706
40958
14134
62583
91439
35603
90843
43841
41174
95155
21461
59495
1202
14600
11608
15164
89903
4573
68454
63359
22078
12130
34129
63858
15333
56943
70448
26796
87871
72229
30763
93760
46273
72000
46149
56352
33835
19539
21492
3004
81678
41242
27291
12555
6590
18153
22507
50904
35648
72851
40877
53872
48869
58380
55473
74219
90335
92748
23328
11809
10185
23758
9017
39709
53655
63332
7601
54421
42428
41923
24188
90694
25097
11669
40604
90085
14939
62139
60357
3111
64394
97562
33362
81973
37468
38558
38456
48976
64890
61190
24597
89043
47703
45016
25309
53936
64230
21414
42631
53400
91009
67085
78915
49417
61432
68079
88355
92929
95891
61587
62576
60058
73958
49558
9705
3907
24647
26375
53869
33474
84270
92420
41960
98840
42715
3698
35672
39546
94633
67358
33500
64415
52051
10114
4625
12810
87329
31787
74145
73817
61562
73292
21295
28356
55328
45594
88082
20427
41404
46747
24714
6294
18229
33107
53605
48671
63067
10920
18406
84757
88015
72887
72739
18291
84970
47530
68432
99018
22600
59169
65281
4137
92020
31114
62824
97700
92765
37281
98923
4898
49220
71017
59446
95864
76413
85165
76185
72004
72757
75250
7261
83624
51574
91042
37542
64660
61608
37148
47421
25803
63149
53426
25197
73634
83006
33923
6208
77458
64934
46550
61197
18690
94485
69246
3350
4140
31589
80425
79822
17275
92796
87043
11142
34086
89266
32161
14020
36925
22231
32261
62384
16630
22604
61745
23914
71800
48281
79421
87047
27847
40580
62971
59156
28817
22687
40441
26288
339
4341
71022
32313
16494
27601
36599
31594
28274
95913
8383
39245
90477
59632
99339
24541
28089
41923
22971
84352
64642
85623
79876
52348
13846
41937
1047
49239
22429
12714
39890
61795
87361
25413
98339
46316
59507
13704
80662
79916
21053
8247
64481
1787
25552
10242
65464
31293
74102
22059
26830
73210
8266
4852
12038
33626
43463
1368
83718
89098
86869
62863
203
14053
59618
41106
41537
24407
15608
29764
9203
28851
8045
4969
14168
15378
17751
71079
83714
93113
95955
11237
29125
31285
38634
34714
24616
31224
60680
84577
9667
50591
74852
45604
82883
29052
45317
51061
29289
53475
79644
6985
30572
47288
77166
84277
94685
659
38432
67723
3066
3956
71419
12720
66674
43869
78716
41428
89570
39757
81185
84460
61895
82932
29361
4633
79975
5199
13748
91547
94807
44361
42794
61224
18288
69289
34053
74079
8215
69576
15887
16060
58478
77811
29995
67006
28292
68533
87359
39831
42921
84028
48469
1622
99523
62902
2017
3469
2077
93003
4847
2684
89275
92160
12106
21864
73611
66885
23789
66014
41615
94049
42189
1121
90689
28825
89569
5793
72635
92596
68565
74641
61482
5214
97624
18365
34198
11586
65160
62781
45853
72772
92638
18337
98458
1189
82441
21756
7007
21579
10691
39888
73979
67892
65635
24964
53827
14601
82592
34633
66572
89586
29035
86524
52920
36671
20441
97284
14192
68790
77938
20921
98987
76527
75195
32863
56094
96800
61302
41481
77157
12054
41546
48495
60169
18448
18986
65056
24189
71938
62841
6218
18975
27364
85937
38697
57573
12596
53162
94061
35195
79597
69712
6659
63144
18054
85188
16126
24930
4923
26685
32475
63388
82065
74370
77460
51019
78165
94468
33649
5852
38234
73571
14573
49045
36057
37837
7174
22946
87116
59974
95814
86558
53291
39451
36657
30369
90472
83301
74021
84187
44764
10261
33249
36218
93730
71131
24904
61381
41494
77973
52423
19009
63961
38318
17010
46939
61149
79529
20022
58842
64926
38923
18937
45354
41912
19854
90921
12038
37559
56644
43662
19310
8915
9129
83771
41140
48494
24481
52743
51198
68768
47559
11218
26829
56650
81541
25200
82133
29940
89647
28076
22148
61398
90805
47381
6681
89179
36345
75377
82200
68595
8912
50684
79795
71098
34418
12093
16483
27411
9168
75543
53073
56506
72892
98073
43594
72157
77843
97881
61076
66942
82883
64420
19401
32334
66703
20556
23545
22505
70311
76656
60776
41373
68974
82450
8355
57749
48909
43618
68331
53764
72026
41366
62586
324
82071
31786
83544
75710
40231
13758
35940
31220
75839
27051
5799
39150
60212
50924
31592
92954
10219
61699
67439
85155
43044
54337
60258
95961
31482
43004
79825
79497
25521
99709
72723
99613
68820
21112
85141
63457
64805
37286
5543
74626
52043
99309
85180
46384
57957
63885
15621
54510
94395
64957
75942
60995
43760
45246
14237
92408
56992
18814
16925
39371
79681
70034
33412
66436
69594
50555
77782
651
76514
4781
18849
32947
64949
22749
4917
2951
51605
24604
46562
69950
129
5581
63142
9988
10206
72103
58007
50996
51311
50226
2486
78354
29697
46113
76581
16454
55492
27190
89253
72476
54848
61938
73386
75215
61159
52915
59755
24445
23163
94263
3504
55243
76900
79699
86454
40139
47551
61321
22250
50847
7806
54803
85788
50021
19905
73058
56523
3896
91186
45216
26699
39839
32657
9698
49807
2626
75123
53550
24573
53525
10202
42988
51236
95392
87774
68593
97624
55873
7195
74006
46645
39410
27748
5537
86583
87146
35068
87223
23332
30838
23751
22491
96065
60498
80561
87614
78450
37978
30024
49592
65454
2683
86225
15571
93115
30888
25621
81638
93955
2216
30094
78463
67884
44260
95934
79695
34511
34674
25388
54271
13123
92595
59855
36463
85311
2809
38355
6257
26367
33146
95406
45666
33062
38415
17463
53889
82696
52784
22490
2122
38501
15548
63151
86378
28729
58474
12064
63778
75304
30510
70458
10813
89262
44395
51563
99212
72892
69341
4409
13234
91329
52032
39556
56578
71472
82044
10242
57155
73366
64177
25864
13206
21070
28270
97954
83519
60889
34651
37246
98020
53910
30861
69606
67918
90245
55626
37260
97278
44797
52044
87652
82794
14295
89415
27108
38395
58762
84959
79644
42390
16525
12170
10664
56623
62112
78200
24171
98963
76009
15087
80571
34962
28340
59189
61212
23168
17348
27924
48593
50692
61312
71434
89831
21363
35262
63559
50468
32252
83295
15492
45233
22824
60938
62089
5450
77426
8386
49382
56405
68235
49217
15007
80874
25894
594
91742
74856
99771
19063
56690
71600
58237
60578
88298
18041
33709
42566
67938
75517
43559
30115
43083
40247
94326
35898
75521
6055
67798
52332
81109
81755
83194
75783
87282
75721
18013
59464
1173
57394
80000
67728
39399
4349
31703
8835
24791
34360
14732
20361
54374
73059
41538
38658
51507
52363
93576
55786
52979
59656
65344
26982
19918
84846
82473
38166
85695
39533
17139
81663
57797
42357
10244
54016
41449
4752
27078
99054
19114
30421
73000
46280
22896
32329
33983
56471
80110
6650
31554
96682
26135
4912
94640
69413
34312
65914
74474
26223
71000
11892
23835
69134
88442
99788
59709
90883
47875
91087
41357
54423
95607
98077
40937
95196
51667
73571
86268
65383
91260
16558
25000
65808
85145
86850
71718
39820
86579
93029
79381
81324
53083
38899
94858
16492
91137
81053
17002
44389
86387
646
33881
11049
90089
93569
37779
80736
67594
47770
21501
51054
70077
11418
35209
29109
58569
73420
89627
72860
77234
6061
70940
31084
63172
82836
21129
69508
81000
46875
61618
79270
70605
85067
52671
70772
37840
10421
86229
80347
15057
46725
31215
22429
87641
25714
57675
57423
90224
33654
48833
58550
46106
3487
22401
9328
84601
60758
34952
40633
20422
10976
95397
74829
480
76174
48774
70170
81993
2894
85668
51604
2643
85206
18178
18249
39361
744
4685
52908
37230
16297
66534
94597
87433
20770
78369
32337
36302
67953
25569
70476
5838
99500
74885
42383
62604
54172
7894
11437
45360
73986
61729
24429
61293
24088
10140
97484
36255
41763
24322
56815
95638
96
56583
38457
3016
41587
96868
6260
93412
4874
74201
78290
84119
85688
93451
98950
82271
50333
45555
44179
60616
80545
90198
66173
95690
22513
97799
89266
73936
43322
26209
65949
2788
30420
55322
68523
50418
27003
44784
34182
2682
96852
16987
13158
35626
36564
53532
338
62683
64904
72026
91529
46615
34699
94107
66418
91206
83059
85748
98589
45841
26204
22981
46628
92749
84253
79315
22219
98056
23301
47626
78028
58584
7463
59741
59334
93120
38791
79675
94705
3462
67743
1392
71701
9589
62594
36421
2557
57797
773
31379
45363
85071
13867
7141
38993
57773
75177
82177
3407
46128
3344
45298
41868
12130
50633
49567
4894
17717
2548
42179
44952
94636
17558
40223
74345
86801
56564
16108
540
24296
50647
73571
86228
1936
18225
18882
48967
59495
60541
47755
29920
74265
93590
44664
5473
13127
80903
14661
89791
45407
59232
42534
21184
63914
78168
94219
95296
54341
13653
74148
94169
24358
38466
99491
26416
64035
86729
68610
9671
11697
86460
1694
15466
23230
61228
81504
33716
86781
45075
14913
78437
76075
24939
51977
11589
38365
94053
62318
89777
78313
7287
60392
42206
51370
52763
20332
43251
41467
17222
74917
42152
61044
52057
73693
92374
72438
76112
71356
87658
44685
88139
24582
18429
3368
69900
58572
77458
17468
37824
34816
56169
18860
27435
12280
99363
46405
56779
69438
46958
64632
86204
12052
81583
11389
53491
49534
66574
63744
54718
5010
9316
36416
54679
19517
14404
22903
44138
55057
96674
47168
56882
94549
14282
91179
16868
85673
67255
58774
20715
13952
61058
2264
16991
1302
1194
1141
18608
87023
91459
69738
71608
1515
53263
46178
67839
62436
75833
3926
98082
68472
43846
32578
88945
13597
26639
80336
12995
64218
92700
69320
28611
86250
9145
44125
45701
69601
8213
87253
54111
93810
97822
23722
97186
28479
73469
10924
28779
96958
33216
92429
98862
10252
94723
51530
64636
91627
4948
86781
12149
46698
93404
53040
23208
50350
99334
56101
51851
13578
79312
81195
4015
73612
93873
72392
45386
58314
29660
17062
29040
22491
60140
53565
76772
30825
74613
3059
2415
27268
9772
45115
83727
95365
78655
97538
80888
74553
6989
23248
71823
20753
63601
42056
73852
28269
80913
13687
8932
38162
61499
67791
38839
43869
22489
21536
21443
86161
34768
48773
47257
79217
75081
36759
71539
14268
96570
57427
50422
88820
34740
31661
31191
55972
74827
74150
32542
62803
63381
59306
87180
83846
9577
40896
48047
648
26834
4238
52550
73422
92409
62208
51001
75569
34367
83276
51133
32260
82890
89192
83237
87136
49074
67379
50902
8458
86966
13537
38127
15980
99229
50314
67886
1227
91543
44826
86441
64404
47223
8947
19007
21115
30081
54978
62582
4066
15020
67999
21051
12606
81468
72194
79776
36171
78336
72935
75960
82920
11930
52858
78611
76332
58262
93004
49834
30288
23830
52822
73368
98148
77009
20655
92615
26706
49312
65803
71800
41808
10275
10715
61921
8610
40522
98061
47935
37210
84875
77683
95061
26936
49837
34179
35499
3252
51863
48358
2212
12843
54000
53751
34528
8709
34358
77487
35506
65075
84741
73073
70240
40514
73316
28519
55218
76659
86469
29660
69606
54625
54569
50166
70765
74688
10971
28379
32135
29910
96651
4076
48137
88774
92248
72605
78585
58708
43454
27344
96490
37427
94193
9947
74283
84750
75844
33252
82796
56844
16353
29978
4977
25546
41420
93023
18907
63051
34265
27253
26643
40256
29885
31780
22524
43573
46181
68233
87830
22341
98695
90851
79669
73330
14016
81901
5165
38941
24586
71649
99170
81104
68547
72575
59316
50080
122
58930
7739
96404
74844
14729
9180
22863
44670
65947
72548
11415
61776
975
77626
68419
56237
7731
7547
74718
85515
68008
23602
82504
80028
9135
91878
30151
21225
70021
38666
42793
52034
12317
33459
30841
57553
62710
62780
91812
10818
7540
9968
67241
28938
4386
36829
44730
14185
75277
88799
18982
50288
92469
66496
94928
91656
69030
28509
53429
55085
9200
73012
15393
43669
36457
23385
37593
88926
90124
65318
92231
46760
4524
78756
13328
16529
27165
36300
42623
21124
48413
4621
17251
81747
14165
778
50451
62057
92737
3355
42428
84691
54225
25997
8791
42159
34984
17020
25082
51962
41111
72530
40049
56581
66549
88960
5542
29875
64413
97806
92853
28427
42831
10181
46946
38193
59061
52391
46681
21957
24391
7833
60599
78576
29677
70972
29398
16947
55713
44006
67296
44969
29924
93567
88601
46771
33535
54706
91939
33133
67299
40576
65644
86851
32270
66339
32336
96134
22528
76708
28320
20721
25593
96856
33450
34709
60203
61533
89375
8199
34535
52342
16658
27269
3084
96813
75115
41319
32933
87073
29735
93877
61897
74924
2680
96345
82924
43577
20081
9313
93454
5410
44907
24250
86686
5870
64449
28465
91674
75361
6508
62215
33928
77006
97764
13396
38892
19297
59458
87188
93700
98272
91525
90767
62962
45140
14793
41995
22963
36597
63479
72933
67889
73197
88885
58505
58232
28341
78761
12844
3173
91603
10814
3422
26108
23192
70434
37294
66654
13965
60125
93199
18604
22844
6431
29048
74810
84921
39340
24668
16111
82524
25436
1960
1025
36843
72326
91107
21158
63407
15218
8264
19557
32485
25425
51749
95064
21399
95107
9297
1635
59082
65616
65026
30552
40488
81504
93267
53034
60154
40605
10194
96945
36157
64157
21971
27656
90905
450
20202
48334
68727
73036
3740
21639
70319
49187
58655
17789
59581
68437
89991
4921
32152
93715
47593
52149
94502
57211
29569
64728
31588
28168
58225
15267
68308
65451
94473
3649
75354
58088
7299
23670
8655
3316
56985
34601
96187
37118
92689
61201
23943
4340
50283
92459
37544
99567
95492
77873
31873
41828
11534
21616
11963
98966
32855
69350
32154
36612
53838
27567
9650
51831
11067
11470
13110
47526
7340
83732
43462
17285
90986
99539
22911
46230
50633
46081
88842
65715
54970
80420
64111
73674
36393
9614
84396
42809
73039
1333
24236
43821
88372
83814
49778
11163
91720
24980
68497
65990
9186
31425
23889
52500
61159
22370
69140
29697
52864
96132
95444
11013
71258
82877
98281
84244
42931
53866
22655
89752
74480
293
9447
46331
49460
58218
53524
26876
41477
76506
56690
11521
83128
38730
67114
15186
19213
34245
99502
34301
64776
4610
57696
37897
27490
50163
31933
59223
44836
47809
91531
6269
62836
59714
73722
4286
80541
78260
95717
20018
42908
41988
18787
90097
25459
20907
36871
90863
57760
19477
11255
84773
20269
54440
44317
69035
30774
50060
88942
20495
49102
57856
64524
45691
57596
3789
55092
90657
52325
6004
35027
40937
61360
64518
31780
68562
77193
77890
6819
96402
2365
55353
97808
41569
5523
83573
51236
52398
89400
92845
65325
20976
44651
73403
24517
11159
87751
65774
61333
62161
38940
31283
18665
77138
28930
30469
6928
50967
80464
75188
16916
6481
43741
49189
78406
50702
37676
93325
47080
79252
91835
51104
80347
41841
95137
43472
81712
82809
66199
52489
34612
63501
63105
2450
7411
11439
45467
42887
6779
50336
33474
35873
24466
427
56486
7270
1107
69979
68096
70024
76430
58295
19966
55125
2108
29149
99884
95586
1616
55652
92929
27180
20491
34066
9143
73411
69013
7943
57663
86034
6844
29344
21273
55298
92826
82727
20384
17052
31156
97093
66058
47806
73930
36726
77632
71388
15835
9376
95092
88790
68816
65094
57692
98343
57059
62301
8570
28536
25427
18541
66805
37330
54783
30450
95623
13218
80248
79041
58735
93437
13146
24919
78765
59519
94571
6060
75425
46626
76566
49444
73820
86810
39170
40326
92590
74420
31865
30908
84004
68194
66871
40356
84926
64246
99745
32769
46271
96141
17370
64379
42724
39328
27670
79259
46005
943
37466
25900
56192
91290
64319
57289
58787
50859
50291
60052
29227
69730
39974
2855
65031
74244
87623
53911
83019
86275
34701
506
71809
42460
72035
79062
67317
11930
90006
69625
23802
45774
73820
8588
87297
87486
77873
25642
15321
5747
77700
88066
44581
97111
82186
23706
51331
76177
23511
30632
82044
62072
78772
21100
76388
48999
69315
30859
24821
2693
439
98253
10276
53022
96808
84914
1073
34902
2476
14149
48695
17023
45759
98185
42264
27830
50176
47843
67736
84706
93143
90041
25378
45263
35423
3915
31029
3175
13193
98258
19505
66825
2421
32913
22800
55210
19434
48500
81595
63302
56846
55804
89743
88067
1942
88696
78240
48090
55809
78429
66996
78182
42549
20693
54923
7292
36286
23920
10856
6690
7230
62322
33761
69890
1056
80633
34915
70611
10767
11214
95987
32177
54121
60459
65680
32243
35540
99632
6480
29177
37793
6861
39824
89872
4508
25651
31263
77916
63726
6677
25630
79578
92565
17408
20327
42241
59243
54286
71419
48183
23911
85423
26207
81610
86256
39882
7044
41660
7686
75815
32818
19915
18271
14477
26877
28174
8006
38831
89619
71162
88389
12288
55905
30302
37681
41389
20421
9751
352
60193
62717
72890
25541
93657
23984
4570
81533
63776
86813
61371
31025
13675
31852
79883
70325
15847
78088
38865
78228
38549
70134
91337
61812
12188
83505
21313
82184
67406
35663
66957
44965
32657
95739
69228
90190
66178
89435
59802
15520
4144
90289
29167
5848
11131
31833
16796
2834
664
79398
28358
93505
52155
24837
19700
33157
60226
14061
76568
62083
29045
12174
33597
31120
16859
12932
5366
79736
96013
49448
50693
38171
65752
39867
30048
37978
98228
83097
49676
66152
1546
50500
99079
96802
20212
20195
55532
17460
94717
95820
36980
21970
72004
62532
70967
70542
48565
47055
46987
80153
42622
22873
61698
75434
17648
41506
42801
6113
52790
28274
34146
19408
8792
52777
91727
97329
3893
84641
53040
42785
2092
88443
79938
36422
32987
44934
43875
81952
12933
6205
37876
4320
93469
29938
56925
92362
8358
20733
93044
97216
78219
30595
79112
90931
10828
94227
99006
85805
98960
94009
92575
87175
15993
43095
29295
6436
95987
69291
81807
6426
97027
61740
3552
75207
79209
85127
16656
39613
25718
34923
62479
72086
94332
10155
47829
55606
29254
9042
5814
1576
35198
94090
53052
69823
29309
80788
74525
91078
60115
54215
34573
64973
5568
38907
16371
27937
14806
61734
11872
73555
9511
65597
54134
9924
13497
13061
53351
75374
57131
94481
99418
48701
45541
91582
22342
97688
24428
96705
83046
82740
64760
91238
29344
48604
8348
89863
68696
77566
24445
5763
25478
28431
44353
43427
12413
21386
39380
96764
28329
39161
40704
39355
85539
4735
61629
40375
61797
36217
78091
13175
75920
46807
66536
38978
76171
73369
80760
64799
22592
35816
87596
1613
58945
30433
54059
60389
19126
62921
21538
84360
31808
64417
24441
11977
37398
76717
92058
9624
73112
83445
59620
84616
95263
55921
91496
58027
2898
74685
2190
39491
91385
1193
93890
11954
3817
87922
63229
85901
71338
53781
77645
16709
3790
42783
26321
27022
32987
82465
39258
15831
32858
97168
71771
59879
89193
26477
30771
83494
51432
27312
18153
95926
82174
28572
42994
43837
27671
58895
23760
86053
15553
50728
68210
83635
89978
35965
35552
56131
80696
7961
93575
9535
96858
41076
74142
55870
20811
31413
68142
54717
54452
70457
57606
35848
43670
21341
25052
7335
12758
88939
79664
227
40786
56493
93209
52759
14441
91297
74262
2373
48675
82845
89278
18274
71264
17022
46409
95053
826
35834
84313
24279
62703
27950
60939
2458
7241
72849
29042
1635
65017
18043
39816
84552
89981
27248
69086
34715
1563
98151
8117
38312
46643
77821
29229
45829
8568
92469
96001
89050
7626
15364
97808
22275
42838
10443
1519
44955
37136
15897
60766
97074
9807
98349
16722
82616
2567
25794
97303
62044
59664
24479
37020
47193
78828
5049
15457
75941
60269
52891
92451
19620
46353
36094
12152
33871
12135
22169
47221
54188
95042
85631
94506
54341
29452
8634
30
85715
56282
62915
37325
99267
93218
2870
89167
24821
39140
86441
55759
92199
84630
37059
67656
16729
95612
19040
62891
49901
90987
14776
25718
30202
64058
93479
7740
45429
63913
30870
79246
29896
47768
58625
61851
73806
43973
83531
84973
80271
58540
6242
17923
61604
43747
64751
56766
75054
98359
49752
45783
40958
88626
58749
53059
18321
96275
82417
28518
42588
65311
93341
19205
95578
7860
93387
39768
80636
25549
3429
62827
1055
62095
28645
19178
43842
31908
5746
79228
44000
62166
27033
58425
29236
21754
33163
47515
43967
88024
2265
86289
22132
25295
78393
99619
48385
18404
35297
55005
28004
83584
4884
6810
92833
69640
61842
5225
51801
34848
23742
98939
47429
60229
80650
10613
1815
88032
82337
17002
11283
22743
54381
81680
28357
91111
86158
15442
77650
49081
13982
62901
73724
47250
49225
36783
10176
70227
56234
73997
60825
52509
65733
45505
43032
36689
27832
14006
80362
77328
21649
56114
68345
14654
59317
73213
6894
72830
75804
56773
47894
97501
7001
94563
59122
18338
43748
70780
98400
49187
28446
60315
45956
46065
62211
6872
83288
95975
69933
58071
94445
16725
77300
35323
50390
58780
15803
79700
28706
75429
98467
90482
25043
43769
98707
51417
35423
58933
72841
17033
60323
76539
37646
86062
58069
23541
44187
39274
9156
9456
4172
90136
38084
37218
38805
76445
8459
20681
8887
92822
82700
79279
7090
25697
84020
31290
56253
55684
66637
85234
90499
74215
62557
12109
44217
88606
12670
79908
2779
92094
53823
30580
19982
59027
20524
8760
88050
67238
32863
15366
17256
8783
4241
52351
11536
89444
1325
64386
29551
30894
96289
95138
12347
89321
49804
93609
26652
39740
23295
8055
34516
3148
46930
6522
18235
82701
15247
42598
60635
5839
12902
2641
13864
98705
52603
54001
40882
51906
92788
22161
91676
45696
41900
25149
40975
83677
58079
76297
98084
68451
15353
59035
36692
63607
98821
33041
76917
29819
92834
47933
82841
92598
61040
70333
19958
9074
19855
32256
45334
1010
47214
56859
47996
54410
78590
86823
62819
37435
96576
89612
790
57992
78056
67119
98643
69597
11295
25662
657
74633
63503
84221
9737
66329
68104
32945
45631
17037
12564
57830
95969
78751
79091
51773
63878
79296
5186
91796
4383
4758
54442
37568
60595
86118
2482
82883
68527
56172
53897
25672
33964
44983
6539
80473
46610
72947
6708
36313
46818
94199
3474
94835
92939
7569
40779
13342
70189
54721
56616
90434
3581
28418
87683
79102
94171
1419
63179
57764
17512
61219
8210
32668
66102
24348
50117
93886
90099
34417
72757
44204
21688
56077
9189
97841
85024
86774
47898
38410
95246
11013
41148
1683
36397
51340
36480
88109
33294
73906
55837
3595
61546
63890
40501
38354
69555
60668
72636
8095
72109
97464
89044
88147
92855
14191
30558
10440
43297
52369
12269
959
84563
19598
73143
17992
46779
32902
1229
75503
21326
14374
44233
74100
73928
17473
75645
43258
30563
35663
13925
83814
68914
45614
47665
9236
16550
10247
89808
14566
39767
90674
27640
81292
83680
14346
83278
60660
28958
19420
68174
79478
42011
74588
73705
33119
85769
60711
42086
12593
6993
54347
70470
34973
70099
38322
48758
72497
12560
91107
79845
2578
8437
54989
72193
1485
95742
77471
16539
87183
85129
30575
54226
28665
91293
14361
52550
74236
46021
41505
81605
20931
94274
13489
84678
11162
4078
51821
22486
44563
88123
65376
83207
44876
79157
6696
15217
7135
19994
96432
48363
17619
72628
60084
47588
97513
87048
97780
11915
23088
17625
18621
25468
53534
67804
89401
76097
93419
46801
2999
80820
73026
9478
77785
7509
85216
85899
76467
97652
10283
84939
42019
28543
55026
43974
59069
22736
28374
82430
56274
59396
32603
42421
83530
6596
84381
24210
59007
35725
98259
33097
54491
30645
15803
53733
19625
53772
13864
44524
66917
92476
49933
93459
23482
20300
68850
95280
50677
14124
33999
92176
12314
96526
78413
41798
12488
76254
94607
23760
33608
31024
42904
36388
96663
70433
26713
42242
12328
53219
62650
25858
83580
59648
9592
39928
61545
83175
27842
19215
48350
39424
83086
39021
71138
95201
7947
931
34569
10906
16700
21840
42402
67510
60627
24195
88426
84686
29911
31452
57256
46541
91304
17824
1032
51337
27790
52879
40428
71012
98258
69933
94366
42751
75122
19925
3034
75292
6354
79786
59345
8103
8624
20840
5803
191
2416
68100
21531
51870
7536
27632
7430
14085
47645
87620
31518
69764
90242
88467
50772
41236
21113
29360
77648
63629
44145
4349
64025
1416
98110
98757
84213
45583
78824
44165
86583
71437
12981
71862
79024
45172
98908
13851
14435
32427
28499
61623
84677
87734
93549
80109
98575
16683
57804
3848
62931
56474
55151
39442
6305
93497
62319
8339
846
82309
60875
98672
24086
18363
77441
3468
81653
30312
70034
87901
97097
76638
60562
45086
84710
23733
19900
54319
96477
77125
91428
91642
94171
6505
33198
95544
88459
24053
30882
98570
58048
58538
60367
94521
93089
20622
1286
92743
72456
8651
95752
20470
41579
73938
58974
40645
86501
85778
98135
29721
41033
28915
69534
82194
41833
48547
96458
79726
72296
72478
93085
52780
38286
97980
92748
29897
59571
80031
52163
11071
77682
10828
55046
55591
40421
75122
63136
18646
13487
33420
1006
75452
50270
67002
6178
97889
4662
52861
40922
88092
2416
60918
3188
11923
95831
62071
31607
44235
97910
49995
72284
47927
73869
69247
15425
35278
30326
166
1627
49079
65311
64848
35707
38188
90253
47893
46485
83881
37269
24722
30321
29879
62003
14798
54705
78851
14127
57485
95108
9241
75400
24623
16901
76732
15822
20203
98848
53458
57271
43278
96436
99074
4389
45854
55432
8314
20280
23976
52705
84488
59104
19519
74799
22418
69999
82319
45322
76148
62807
31940
13873
78357
48082
3652
34922
45251
19445
48735
20579
44378
67235
2513
45828
33061
15372
56970
22146
68205
29491
28487
32890
11990
70838
80521
91909
62162
68657
25168
15866
42942
53297
5406
13822
39124
47778
6192
27793
37521
30308
57878
83429
71781
36547
72513
40199
92961
97087
11544
38256
17945
24811
57646
39226
46561
90722
55695
27420
39013
32542
65946
67682
71196
11104
89939
87054
63198
20456
94324
76105
40158
6001
3340
55523
68542
11086
17198
4699
14622
28653
73056
60023
98535
77555
57374
68481
64110
58620
62017
76732
69337
42029
59558
18659
11638
73350
2189
10092
9148
12651
46919
64779
39679
32592
3225
50882
99292
13719
27118
31453
46441
6914
33691
29960
41817
84950
74548
1710
39128
75818
49006
57980
86638
62805
78517
10838
15715
30284
71636
66190
81508
89864
79360
84541
78765
96719
37668
51643
44516
59050
91001
60938
20051
84659
79350
55584
22192
20038
52743
47204
62109
71926
14095
50788
68076
71993
71402
59261
44659
7725
5441
35350
87501
74009
26204
12715
22001
96168
3087
45952
53237
15432
10024
23550
31156
26163
73706
10686
76986
27202
62267
79247
5235
43562
48726
87802
27850
79355
64928
63395
24477
64261
75676
90209
63711
80184
68770
93370
9303
56025
69777
59637
51260
44420
94630
95088
63371
91135
30408
76588
59569
9308
34272
27695
72221
70797
37473
88321
65863
26870
70449
1041
94004
44548
50850
78258
7475
46612
52841
86121
31332
47759
77606
41599
72594
1474
76514
39887
40430
24591
15610
21455
21680
63632
29471
50971
59292
61810
22545
37842
54051
49965
27622
61088
19543
71195
79300
956
15364
89995
11660
92550
27966
11528
17591
75147
91890
33032
6662
79606
68929
38090
15980
83501
48932
64119
12062
57213
81962
68110
52875
74302
31853
70680
41877
34302
71885
83976
2157
58409
23147
99308
71881
8264
91364
10875
26352
26530
81148
29800
64781
80975
11104
30363
4530
31343
20870
95214
51003
89983
88040
66100
27818
5821
12457
41707
5737
99370
26056
38181
25624
13723
22196
38261
10663
88285
11385
10996
33515
61587
37213
10471
38454
963
13666
46110
75317
69749
27508
77007
23985
15037
92722
35842
75559
71846
32488
98941
23709
80466
62406
84387
17001
48588
83053
29474
21716
51086
39044
7772
20051
96945
7447
41908
1227
34978
17225
34197
8397
19031
14306
52502
11124
52721
14231
28733
61163
12342
90771
45279
88860
43810
81709
32188
73007
79442
14175
60101
27032
31724
96526
59694
84331
33920
12724
9982
43861
22957
7425
26400
6286
61739
14897
77647
94120
77843
21189
80615
73685
2469
8861
87599
50311
27611
17235
41922
90589
96406
12422
93380
50468
49285
6845
81156
5782
25097
16638
25900
45694
30249
53931
96730
69432
80729
87949
51500
40427
66328
92990
30587
21236
34880
10171
46382
82121
12452
64475
3910
93622
28773
28986
35920
19822
11852
22992
67736
25586
83708
27462
51365
85195
55835
8691
4380
73991
59346
39605
9902
89878
2182
88
2240
63298
14749
74674
2397
97677
38016
79559
5624
8270
77578
7098
71429
33055
84634
40140
40112
95324
6955
82506
26005
54619
69869
85390
56752
21583
85503
11082
98957
78082
33272
6345
83335
90375
41389
37664
82892
21087
81291
68025
56036
72319
52741
27520
62033
89972
99387
27883
81880
25466
15812
75562
16254
55916
84702
27172
4642
62319
57785
45181
60997
18878
60142
66579
88467
26344
59300
49380
39624
21679
8241
16768
20195
11529
49840
29615
88991
86913
52203
21822
93312
77099
70334
89935
85880
51922
93140
10139
60885
39668
39199
78222
71393
78733
31208
11821
11400
70871
76828
86095
34044
2201
11073
44448
61755
20395
27802
68815
62094
8609
75078
36581
95007
28767
88973
6728
92454
99147
91109
2932
22799
43118
77783
82973
61293
24829
96907
75510
45731
5279
2623
12734
67440
40161
93135
4527
3446
53479
96197
31004
2854
58147
69375
599
9408
32662
43787
37185
27263
22310
50899
98298
10585
40864
44359
64769
4370
89747
41402
75658
74709
82381
28112
30544
71096
39494
59077
64282
60206
41808
52857
83847
18283
23426
22913
11786
10816
52734
46110
3776
78802
8549
43515
18837
85539
2862
6940
34701
13087
19619
31698
40756
25189
69706
33957
28261
99135
21260
79691
20622
9567
51989
19920
74350
14090
92146
3195
48322
34504
79925
60730
20352
55652
48763
64412
47133
84815
80658
70778
28130
8105
7077
19499
21501
74086
7279
55199
51309
25568
22721
36474
70085
75894
29179
9332
65527
35204
98646
1071
39464
61274
34128
10329
2087
36086
5549
5074
33952
11931
38485
57953
65932
9886
7141
96643
35812
70791
44642
24494
85555
92469
84055
68854
30226
53342
17651
55614
47968
34388
96249
4876
61558
45947
91024
76135
36558
78347
50327
74675
7637
18124
82634
76233
48969
55276
12346
6504
57118
31432
66329
72387
33334
32684
93880
22062
14900
31207
37706
83680
48327
31068
45113
72897
32668
23759
50747
6331
53350
73120
5404
2474
24023
27946
51299
33735
46335
3608
14415
60678
1103
90940
74508
27612
7362
86456
13440
73765
43735
24371
65487
2999
89331
96532
70831
81704
47906
82648
11290
2339
75084
17686
4306
53736
93554
12277
75319
25524
41315
78107
82665
4336
38034
24267
89140
23748
72829
57194
75422
8450
29221
55464
7040
61119
89022
22015
17919
59826
11743
77564
72198
47548
78018
39909
50274
4898
6835
79086
30332
21795
89078
78447
22778
74118
73647
30204
42586
21050
21626
72149
41931
57975
41045
21543
86279
44196
4308
26976
40593
58330
14104
35946
96932
26370
30872
96284
93344
50177
95518
45089
43178
15363
2762
63392
71275
50648
53321
49493
69815
70178
70609
74037
63380
43871
60704
16789
68240
74597
90287
19818
84514
89919
7919
23133
67939
41760
95223
29297
45191
77777
80079
35531
11288
44872
33988
91399
42361
51022
45001
65115
82618
88201
99714
73291
68703
63658
30602
90516
72683
95607
34967
48226
50047
77125
12108
24125
53319
23046
71891
61537
98732
84910
22692
21889
61224
76904
72506
91537
45743
62466
81699
72870
77985
34766
8196
91107
56305
69856
87118
63356
60614
64041
14907
44672
33415
81594
44200
85018
55719
45254
82126
15284
47959
51518
2314
19829
3612
19796
94982
63961
66948
94474
14093
72828
19314
44702
36906
98246
48990
64571
63830
98654
21667
6797
6360
97773
26351
33055
81937
12094
57039
18475
20150
71146
95654
20016
15329
63628
76669
51098
11297
53836
34151
84378
50582
12745
14842
74713
68115
87674
34192
72040
51610
94082
79443
16507
26136
80358
42006
53857
42047
92242
22947
84401
74380
61573
89731
68124
61203
40104
43144
39163
7378
55902
94838
71067
39635
74455
3500
70849
73576
21259
30061
71200
20811
55973
17602
22675
22877
10514
7645
79903
81638
19823
46127
37428
20189
34701
82262
6950
34282
8231
33269
58812
65269
56427
59896
39716
39546
18815
55380
79652
44995
24593
48028
23058
52433
56152
32071
78836
36550
76770
20620
9128
20000
54489
75804
45198
9410
92897
64210
50857
65587
35497
8211
17016
6164
68649
37842
29051
6581
73869
55342
27239
19146
5690
46469
97719
95869
83166
31546
57643
70076
60731
28660
65736
29286
61137
75230
54513
31473
8028
67314
53096
87961
81704
38077
31082
86706
31975
91482
59145
15551
77064
73587
20766
3952
4619
54865
63847
56632
61976
56386
63982
35613
10478
71157
48700
47328
74286
11121
94640
47253
58260
37492
81983
37169
56455
24756
6629
81579
38295
79178
33153
9517
30966
97474
53707
54425
96183
45008
265
36108
50947
57068
12005
16784
75578
7552
54896
3333
90539
24743
56625
17330
99194
20108
24046
87410
925
508
32635
4902
80755
45840
31184
16371
32540
17382
76408
22873
44134
77119
27133
12294
72424
5848
67690
26443
74197
96511
41140
17242
69802
78728
34757
36348
53192
33983
17382
88711
51794
1157
53020
35488
30214
3021
5137
57724
51733
34508
62949
13985
57311
19312
32128
61244
76987
83867
14305
91239
63964
87884
96748
20862
72721
94076
24112
70944
16219
22155
66199
75948
59696
34830
448
7945
72608
99725
92193
28914
45943
8920
21851
27247
71594
99995
68861
41599
49209
47681
74136
71768
88065
89598
5834
64249
1813
92796
88187
11473
61453
56429
22187
52797
81736
52247
25408
95711
99121
37412
48689
17313
71757
77222
67420
52572
27013
49772
56039
22667
98511
7801
57969
69356
97026
32451
85873
95480
42913
10400
32543
94893
6596
29068
21937
29759
43340
94194
16326
60514
32249
31657
30194
45196
15295
54616
67724
71344
33893
87790
66820
74601
2718
1808
77615
67855
4312
14259
64125
10451
58722
2955
2922
70459
44214
42307
3807
11087
26069
48799
36338
86962
40465
25398
27623
90528
43623
42015
20656
71972
16118
36650
66827
69668
8376
81469
44761
37034
91724
80987
69909
15984
9768
64898
53652
59427
33714
43130
46457
50649
50717
25281
59312
79505
84624
49568
6012
33073
88755
10344
8818
794
20300
87704
61995
36490
37444
45637
77145
19906
35110
81423
54348
85845
2858
32119
29059
39812
78207
53471
62027
613
67738
62980
98296
78704
95424
53556
6493
591
38159
15097
59693
22477
58570
59332
79395
72982
64834
48041
5765
28669
70881
94077
80089
45320
60119
62415
73817
80544
88002
21991
65860
63662
64185
69181
76559
65040
66515
32223
24749
64904
51232
93428
65411
71062
59998
73644
62548
70139
73050
30863
6122
70644
55816
10712
66337
84048
87540
26873
28362
15305
77133
14546
73973
88482
99044
42072
33889
48956
16759
57102
87699
76538
15240
13283
6589
93698
14137
44001
71289
31419
88323
59472
31120
71190
71446
37529
87740
79318
34128
8235
11220
22596
38986
18220
61742
44834
55625
95016
98444
44716
37314
82200
31109
95830
57608
2255
66922
59295
83834
39714
39898
47522
15064
89411
34375
19730
20641
93034
10569
91628
41422
89036
8748
44394
61032
62806
83835
56910
46588
21377
99884
31332
80674
69558
54503
15811
43631
59646
65763
87258
79018
62825
63069
19669
77404
81422
53366
18243
80294
43867
5766
85932
13626
40718
20495
34950
28981
40570
96897
4137
40598
54795
23366
71790
92277
46281
94942
37779
8552
73013
85213
99353
64220
15263
7543
3287
40575
78377
74000
86419
1699
14474
45374
29923
66588
88530
41310
29603
24643
91100
92479
63317
98046
51784
7420
26982
7448
35042
66619
29809
96806
33530
49700
88304
22790
48816
12266
60305
14211
62767
66115
4520
76688
8480
79690
22066
52206
20294
47472
53816
47533
17921
4624
3302
85436
36461
49170
71095
62616
51831
76106
13040
62285
69477
44398
71397
7796
86631
60465
67150
33754
57058
54254
5230
46481
60882
19673
33744
77079
41209
91068
69216
27557
31239
5106
4390
47291
32081
47105
55751
48572
54961
79417
80065
87138
34751
20484
23146
77250
3994
85439
28212
21093
8042
48508
33770
90483
19813
69730
85181
11434
57012
12663
5208
10225
22379
9161
54697
8420
81453
59431
86602
42826
32177
69519
54076
60280
37109
79302
98038
86076
80601
87124
20159
2425
57925
27533
24999
55466
59535
69985
3405
12104
43481
50955
62502
24919
34479
67633
71494
50610
84591
90163
35197
32072
87315
33537
97201
11842
89921
22004
96846
84473
62295
75666
51010
89051
83235
25767
17969
73043
62727
55680
97743
43749
91299
14988
60838
88283
56825
5384
1836
67202
17885
20157
54048
27866
17096
5717
44321
5325
27621
94322
68463
99017
36364
84281
66873
79522
14482
19952
36800
40366
24244
16950
58983
95556
95623
54294
77062
61137
23726
91170
59157
56273
29614
33849
77328
3257
56072
62159
20512
12307
17919
8197
73983
51447
34276
49639
4900
95226
84626
27706
54992
59047
67519
95637
21418
65436
1989
16081
24635
56824
18214
85278
21225
23883
83514
68463
90405
86635
66967
23636
74884
19880
4917
72426
49981
24715
47894
30691
22971
53671
59287
29114
67216
87279
89688
58028
36525
21042
49230
84661
46414
37497
50447
73627
35828
49889
99305
15272
78008
20130
49302
64826
25093
18669
64471
91069
65265
14458
81446
27272
1777
15945
22741
55206
45827
32509
71810
1901
73209
19976
21349
80279
48749
12316
69813
89280
80519
73178
90769
97852
95683
6064
88748
622
64971
40203
29884
7814
62416
12034
95844
82043
65955
62596
91881
39896
92052
2884
93410
99608
33347
73557
43093
88119
17372
3929
81442
8113
53065
6948
29932
45334
79492
14680
10756
15195
88743
27485
16549
11494
46667
16615
32058
75819
63047
35454
47751
56385
90076
95625
9517
58505
8940
86228
37311
71980
70899
32244
3639
56388
10970
32272
88256
9043
25830
96836
15389
22427
37625
97844
33831
34444
24098
8799
35278
36541
45584
16338
16463
653
80841
69598
60074
721
33559
17185
55049
71470
74983
10303
73
41231
51796
92239
89939
55056
35722
64271
53248
20759
9229
87586
44694
26179
24285
24548
32386
34192
93563
90391
79676
29009
10262
91704
15165
61415
46523
66030
36563
9372
53504
43800
43705
37530
61343
37623
56332
54957
7874
24211
85766
48730
89614
83219
83995
7087
56610
61516
3888
33469
4055
69817
86472
1173
57565
46781
29309
20901
84684
10061
68273
30005
34485
27138
20466
80343
11279
43784
64866
76400
69025
93206
95422
88551
4471
18655
61196
45282
24713
27426
91844
16517
95323
68751
99197
10517
77020
99099
86921
47904
76443
97966
93172
21180
81485
67648
21958
79995
97188
79711
62201
88170
13327
34801
44567
74752
19540
56758
70064
96894
38366
59919
33833
29649
36284
81538
29404
70233
58742
16926
21269
49786
46314
36002
50549
71148
66532
93106
14593
66086
55661
9206
93775
72553
39253
99195
14109
23823
76506
67429
48407
30539
87284
44419
56597
87502
44106
79614
82374
36360
83208
84569
46159
51135
4316
5137
45768
79495
14772
97213
62289
38097
41216
63764
35876
41703
47456
29602
92338
20434
36701
63525
50786
98877
69379
54015
53931
22341
41988
12693
23153
38699
18532
14130
48369
73301
14266
77505
4264
69076
19832
81057
85462
82526
88044
99771
59965
96152
16459
5969
68276
77755
8520
3323
59096
15759
44204
64139
36488
68555
48574
8691
93399
19262
20672
65255
49919
98715
33335
17888
36732
35919
74699
50774
23846
4931
9493
27242
56703
23418
39220
62587
99140
188
9815
35976
24481
40322
32674
20746
25716
91891
20897
669
46769
79874
74463
27072
62724
43559
80202
52053
26635
38580
87921
25527
30101
63058
40058
81000
44006
1528
14868
2571
72005
47563
26677
13712
205
30209
35125
81131
87423
51629
7978
99776
9871
46462
54985
69556
68739
41228
28743
52629
22415
41981
26094
9887
50233
43068
98244
99823
87161
76590
54367
30244
8903
96213
83181
11267
77861
32099
32389
47160
11601
12363
13946
87375
6037
47311
8016
83135
47948
96147
1072
30052
74203
4575
77223
65906
75340
67760
42559
97359
63876
48426
68761
78878
82695
82533
23647
83053
11935
9640
9311
27126
72082
24682
98320
29599
54246
94858
25969
67484
41743
49082
60026
49859
58365
88942
37570
56721
14787
15315
83562
68624
84880
32454
79404
89563
14594
92751
44477
81861
20763
47522
78031
47895
26065
35102
79849
23481
94509
12980
43949
42662
81697
67609
87969
90749
15336
41698
10037
69803
38532
48150
1857
97727
46725
60022
24878
73261
51214
29068
24298
92441
86972
55140
35799
98777
3140
56093
53336
54629
56800
68601
35935
69061
65966
55375
77673
8203
15723
26974
53339
28144
83599
62
94293
61391
50568
40800
54370
6800
85782
85094
58878
83306
32696
79305
89019
78214
5786
26694
26798
30112
33160
97034
43970
48858
61971
65429
85068
73027
83515
41547
96945
4426
79135
17071
66124
62600
85165
63708
64008
93673
9883
67216
84497
19703
51086
72863
47361
92336
93071
34793
29497
4368
80730
35714
13729
3811
80298
21501
22768
87427
47815
11592
82976
82011
59779
91504
61372
45065
9442
16816
52372
91946
68469
7409
15201
43889
33641
76171
14686
57156
51140
17946
63385
23797
69972
42748
73306
67551
1211
61643
48265
72097
53875
65554
14489
99776
68766
14568
92970
81585
23723
48121
2708
15322
75742
37136
12887
3292
98674
87263
92212
33890
64061
34428
57189
64238
31260
85265
90566
387
88770
9923
1290
54872
81304
99913
3615
20736
75656
80921
13422
72944
83201
23721
19840
57146
86630
69407
69103
99350
96487
56765
65710
36046
85711
43802
61763
57933
87335
36911
61868
54584
97965
17688
9562
53041
20594
981
59997
59812
50098
17481
33845
53974
64861
76258
55197
87925
59414
29917
70381
61569
43955
22455
64782
87869
38818
36507
70971
77188
48185
76393
25569
49970
12023
2952
33119
25207
93103
25377
18767
14289
2639
65837
15719
32023
56375
97227
67700
78797
48799
21314
69843
29179
81470
12302
38113
5367
97191
61072
33068
54772
75808
91917
6931
40707
31053
11351
4473
64105
50162
81418
43181
5197
81132
48818
31262
71643
65540
62720
19758
4151
2957
45283
44021
9813
96540
79389
83427
2711
5564
46964
84758
55552
84917
7607
456
85986
71856
69261
39578
52187
70058
41507
71040
3952
51234
88137
8346
15121
25564
12881
45355
98334
59557
15354
90204
4691
14765
83381
56909
64681
62952
37728
19545
56518
84704
84454
80518
79242
46032
81438
43492
9922
72247
31789
71605
59525
23135
62011
32062
15320
80163
42469
79677
76317
75739
79133
66308
94339
42504
88179
2972
65992
80145
37286
75943
4020
9786
77786
84787
70595
52223
70535
74720
23138
88179
82753
9140
17239
44976
19898
57380
97419
30584
2912
62064
79418
78681
20174
56395
43929
48517
56267
50826
93502
53862
59836
12362
47933
44791
56204
80238
66718
54498
38820
32765
59136
85514
77001
40167
34313
5166
99274
84771
31210
36497
99663
54740
76370
99520
34648
59839
40636
44651
67180
5396
67971
85685
80802
92387
78779
57220
89876
67449
25443
24706
2582
55283
71158
99785
54644
28961
60708
77934
15337
91789
73054
37222
63755
22594
58860
20691
9515
49603
57867
54784
23299
97666
76634
68024
73614
45521
2104
41233
16500
92824
86755
3688
72739
69985
49834
82868
81735
44296
96069
21776
96939
35274
26012
15862
80413
67250
20843
5822
90418
63015
19006
99641
17005
2265
63549
75399
63209
71567
81455
13487
64766
29678
35147
53546
26426
80749
58108
10766
89883
59690
67815
44322
64962
45297
69733
17148
20840
14307
5544
84439
73884
1560
88737
91529
53977
26659
91084
66147
69118
49343
36311
43377
87649
86094
27442
76828
59576
70146
464
88799
80517
50732
10776
1716
68535
68508
51718
65073
50982
30693
42627
76920
40646
59094
51053
76701
63716
34468
63985
688
27466
85688
45823
72209
39091
23027
55774
97363
47653
59921
46409
72377
1245
8360
26001
64877
23736
11116
72105
33216
11341
58164
61029
87751
10217
42773
85055
27731
32881
58872
3896
85300
28975
84356
68748
4601
31202
16929
65904
43225
78405
29356
71633
16807
79520
66295
1672
10698
9110
77045
41144
70653
97687
50978
41850
80559
66014
60084
17260
39018
12196
49032
49049
15979
54241
45739
44973
55830
96954
12503
91153
3884
51243
75774
27614
10368
8096
88942
68304
69347
35240
42028
83207
42801
27071
65981
92430
18586
11484
44934
2747
88570
41073
61203
95992
98033
78807
67400
21295
57403
1777
22794
11935
78365
58053
58746
70492
76739
92904
99633
59173
99370
64009
39318
33678
29119
12071
15560
12761
66866
25017
55026
15004
6578
78519
37673
96394
51645
79109
2254
63674
99140
50046
82360
88198
33222
34716
64965
75346
41326
94327
66532
57159
80580
76275
94838
65756
58447
88943
19885
92185
28099
49527
90413
30995
44936
14557
91568
8711
88388
70228
96288
65426
6002
68139
34043
5150
39521
53326
21637
99971
31704
78474
13707
26871
2501
98232
97716
35834
14870
62036
85618
54570
43942
90483
10849
57393
26576
61049
35418
40068
51523
80653
89759
66424
10805
99036
71697
73849
42763
90710
52384
37174
7855
52668
28609
86282
9848
69900
19935
29321
48377
15717
76849
87704
4145
67105
36441
82878
71347
25576
7443
20610
71544
37925
38187
95419
32224
34939
40591
56619
65794
92690
60260
68437
97066
27357
64477
2267
19206
26896
94813
91731
46040
38296
11460
3990
70974
76963
66925
86049
80350
48414
70997
65695
90660
72688
61832
84525
27589
20295
79585
59176
5528
61083
37255
37616
84515
66973
93271
77453
67766
44315
77069
51298
97150
71778
58879
52288
1721
27868
64558
66983
77738
23187
72650
54443
6230
65087
66506
23041
8927
3368
88411
39683
53896
20007
22208
87376
2850
5061
73263
62385
84496
73870
74726
55690
43806
45204
65000
30204
803
49580
73163
17022
59314
11186
28083
3750
11625
98977
75148
7697
93238
45427
41829
31757
73999
6385
60006
58078
39470
44606
4542
65917
6419
52429
31263
12327
56661
48323
89011
38898
56340
81265
4082
30820
22731
76622
57952
18964
89570
73258
49380
50620
34060
24365
70098
30089
87184
23625
74484
32363
38677
36338
21868
71233
20180
63838
47009
85314
1767
8493
69177
74432
98639
17205
56407
17637
93454
1548
85173
3546
8913
31879
66503
52619
79814
52914
55562
10992
89329
67298
25388
9018
68186
11874
74130
74968
26114
33852
86694
58107
92332
18668
5208
61814
58836
76521
57475
75798
3395
3266
98885
1454
4028
67979
31617
2705
83578
48029
1477
91810
67922
72293
57936
69500
33396
93909
97500
35943
97194
74019
83381
96264
17577
86249
94060
12853
98860
18544
76582
86422
90601
73857
18948
22993
84867
33767
92239
25377
22841
30453
61383
27686
2602
36492
19334
30036
91623
66703
44795
7406
35890
45850
67132
63203
84069
30053
88224
49505
92823
12663
54108
94856
25459
43282
70258
51554
45334
91820
16397
14240
80493
42847
2881
11388
70111
18959
19002
15509
13336
96029
95126
53582
96572
47989
28257
77480
48999
22256
61788
33991
83144
28236
31796
64846
93248
73401
44962
72630
85581
14362
73527
54732
92260
59399
53257
32871
45340
63360
85217
22618
99313
39780
80721
8220
98698
34819
37733
97135
98828
43289
53338
86520
78235
29931
37463
43453
71584
46019
97894
52176
74375
88691
63813
89835
30693
52891
46117
2954
62215
26879
99863
35128
47595
3131
73045
41326
74953
20015
46677
88923
69940
6520
66874
55109
26194
22677
84755
92634
8008
20255
42904
41196
54805
55262
24242
70897
4702
53376
51217
44483
28914
60943
49008
82577
10092
86613
48370
66702
95350
89799
4156
20227
32079
33492
39300
41043
55211
22837
64151
3676
3935
92671
19611
72707
90353
28544
78438
1481
57829
81159
97717
31802
62788
558
25441
19508
38523
29004
74511
20590
54762
99363
89266
76173
31284
34859
39399
13870
99938
3712
38940
46658
54362
96313
99370
1497
11126
52321
55764
24037
54379
74861
79351
10037
76132
39293
65300
88082
46767
26764
70503
102
72637
24343
46243
44532
20972
48732
46894
13129
10558
8869
74118
42443
4410
69752
84052
72797
40788
93586
35749
55771
75360
5003
80312
18376
59242
36082
69902
20199
20525
86273
68378
60954
4926
64343
35010
47683
41679
74298
20373
44137
60818
1699
98413
4639
3747
9984
17850
30813
8958
93975
41322
57935
48541
69868
89877
74096
44863
41534
35594
62755
28288
36006
94220
31511
25940
54937
25114
86012
55092
18986
67393
33376
97628
15367
86868
34518
35330
33257
14998
45847
77622
74774
92110
25988
84671
97379
92881
65367
48618
27461
7768
92980
92032
10098
27374
23936
31297
3227
5618
89133
62294
15353
28116
34064
28688
7829
58546
8184
12799
19026
31612
31946
43633
64091
34902
83388
97088
95883
54089
82117
45214
80628
92213
54946
53687
16447
76891
14585
69983
67895
79540
11654
47299
37565
89057
86772
8430
23722
65497
89837
69304
43962
56874
67933
28741
93309
39231
50029
20583
46199
64236
41954
20445
17931
74280
95154
79187
50931
60273
37433
1455
52138
57357
28254
41265
49960
52343
67409
58455
58695
34570
87936
87854
69328
63702
11071
4238
19089
53502
19419
79793
59356
7658
81459
34254
40485
75107
71478
20971
86655
83444
36439
29530
44091
50405
40821
96904
70227
43345
63267
74768
5349
62726
68989
37777
22947
86689
11963
60102
15647
56806
21466
65879
48158
68572
24436
4899
39688
56740
9154
90900
55370
94326
38838
31784
19933
62315
12046
67500
20565
87297
619
16333
28278
20748
8409
44132
50369
40972
37860
65113
87807
1570
37839
16781
1007
60361
646
94948
73257
33552
38208
91466
78312
41862
19705
87325
94276
6455
83965
94803
17064
69110
60785
29920
6070
27556
59901
4998
46150
25217
51871
95684
16186
28778
21750
99279
21331
54217
766
54742
26181
45459
22372
9184
20710
47129
77762
87890
41574
83968
58731
45128
80865
23653
97678
76356
20284
68133
67882
26615
59463
8561
78672
75808
33476
81665
51032
50832
35318
62295
92815
51994
55866
28131
5437
4234
63637
63905
58676
74755
72517
750
86607
42117
26522
35478
33372
54454
37986
33551
59114
91708
1592
10846
84379
51000
13553
81311
75906
97083
28595
60723
71281
14897
49041
98488
61781
58578
79353
74532
35986
49863
9057
30198
56467
87008
71545
97938
77456
68181
44167
85247
32112
66961
5877
18127
93149
76187
51227
56615
16752
30153
3567
21438
79898
7751
80790
66196
31963
72264
69343
75508
58391
33007
10295
36640
43324
7623
50601
43197
28972
12056
85459
15370
32549
83623
55477
96121
13238
79456
87594
48079
95712
74263
94044
35120
8640
10443
93581
51741
13513
50103
71115
78469
56435
70681
20035
77726
22866
79289
52623
22607
25536
97168
81237
82957
94275
57764
45370
17623
38841
92993
19581
46501
55716
64540
2996
5528
47449
98890
11320
82864
60181
79864
19986
85482
3934
78309
64217
89939
62524
55127
8885
60952
21275
82895
43722
63761
42876
40024
66411
79980
32448
52697
37570
88901
39390
37726
30161
10035
65299
16755
89348
69326
13108
4836
5414
90481
292
81275
34719
12814
50909
41128
31849
62773
24130
69432
86190
66387
56833
40623
35169
53024
29770
99944
99748
14816
40631
20744
7922
11158
9994
81350
75271
89665
4122
88309
54996
50890
8537
89895
31099
35778
23548
42379
4063
66745
42896
90926
20672
28486
40693
67366
93596
37960
38179
52310
8689
72235
84909
45506
4225
98386
87697
78799
4909
82465
49061
77775
91671
53881
51478
29694
70314
68176
89141
54453
75915
50483
36707
35112
2239
93007
16127
97226
91588
85981
76119
12849
62992
77082
39054
72533
32828
86721
31085
11220
15648
72643
6295
93359
86447
35871
17428
85156
30917
24115
79281
24391
2388
9120
63901
15240
27528
79305
24710
40729
82430
23388
89541
23404
971
97047
98746
65587
98759
73896
94310
60369
35960
88173
8067
24119
34780
48655
61936
94995
98166
97927
45458
66707
72155
22217
9902
10028
43474
94135
6179
99652
47371
83658
46316
84830
34048
92831
9380
93486
43180
28332
1463
25283
63546
51517
1452
73432
53369
14473
45749
42575
25795
76439
45264
14616
66704
13071
63759
38760
47842
83027
73420
66318
26691
49645
96472
62955
53742
91024
14566
37990
11810
261
3977
52959
40135
17689
9082
61188
65600
16318
50167
48077
75368
15032
41953
56798
59158
98134
31195
7253
86527
7787
22681
65147
60563
22102
67404
90758
97856
31701
35050
72855
68112
46394
56319
93894
93393
71135
8812
73584
19074
25087
64716
20580
66117
32175
73373
90644
56530
58689
65017
58198
66396
9443
78941
1174
16505
44646
33800
13113
97069
25172
95655
83078
61300
42094
20902
20812
91301
23481
74885
49665
73849
9351
74405
33551
96462
43055
80098
44783
82986
30710
34071
15470
3385
69763
4646
16466
13345
73106
2328
24848
82730
83444
7935
24732
32841
29993
99557
70937
15119
1492
20810
79877
86958
2241
53005
83573
46387
38358
93413
56027
32648
82260
63006
47134
56053
97690
29216
87187
75238
28789
69606
52293
2284
37792
7485
56666
31377
80325
76278
59934
78726
56396
69315
46054
30804
27981
91429
36590
82952
85112
49598
27794
12783
78514
41503
76853
15527
36358
74160
14663
3594
31612
9128
84274
41597
20230
50985
29650
50754
34197
97546
5234
76750
1885
25282
43296
64726
43429
26397
73631
76639
96267
95238
4746
25168
24439
98024
795
24955
16666
5639
99904
57168
19653
76251
57252
39793
92553
92974
59739
26211
14006
90327
92526
74887
20961
88548
2502
99785
86986
62750
77101
84661
74554
64988
62910
68366
87978
74649
78191
4527
3354
82009
87194
43218
13794
94061
11921
11832
29918
353
22326
94987
55537
23033
11614
20135
96705
79568
43780
18201
62969
44521
46685
86839
64388
65266
35988
97679
74139
68722
85560
43816
86081
85147
18270
33021
87357
19439
9897
5817
2187
83599
42764
12223
54221
43046
97399
58285
68978
132
50159
24124
94496
90501
54300
18293
50625
22285
27017
77798
489
18435
9799
45059
58332
40445
36005
7051
91061
7433
44785
31453
34662
43764
50629
17989
93471
8648
66638
30002
59159
80179
22227
33986
45885
27707
25098
58414
23527
20381
19938
33786
57847
44827
78921
58360
47333
80009
10128
81958
63263
81787
45221
54782
68569
10688
50852
63716
83743
13937
93273
31363
92890
38953
78807
88762
38949
16868
76454
23350
61697
43979
1714
35240
19611
64764
81815
44157
53634
55550
67135
13402
58486
85866
79512
48684
13328
36421
94974
12075
46907
89657
90542
16551
37956
16481
55746
67102
82602
95715
51118
65461
68096
6740
28957
64585
43104
7048
1798
139
24431
11562
30114
51257
71233
72270
36430
74061
83255
23975
6031
83933
69789
33787
25847
64356
14711
92105
67863
24436
90662
14533
51231
48517
22327
53516
79436
70702
22085
25131
76831
32841
36295
16515
48865
24325
33274
96251
9680
39861
22394
90031
76907
98002
48648
77771
42678
49500
61226
78008
43368
36658
15419
65827
98865
79544
50806
91203
22155
56685
73368
24166
58980
36514
86342
99510
16391
71008
31289
11571
28730
91315
7440
51450
369
86299
89053
75995
29034
98778
16726
50031
16824
50537
82093
10318
29523
41134
48030
31853
41448
72406
21216
28392
3271
66582
18643
75464
52870
60948
88206
63444
75333
99089
15497
85470
1126
43189
52578
28685
91154
55850
27348
49764
15404
71715
79204
85807
81829
2788
33828
35011
55981
89545
35545
4635
88178
73909
19424
85282
21193
62641
69236
44106
7928
4122
91725
66982
76568
65531
38007
18229
38345
61364
63857
76580
960
34799
25878
24398
57672
27326
5835
80619
8967
91316
70522
44659
90574
76369
1274
39454
28244
31661
69482
77027
92149
14145
35874
57735
93907
75255
98143
59093
58871
76960
49448
97213
1154
57396
25622
22566
83617
92155
20314
95391
12009
22570
54860
16660
17011
20890
1159
79538
30121
37845
85595
15054
10212
6206
65136
85399
34236
49255
78097
63335
78682
9408
69285
67914
2133
65861
5640
36740
98193
28572
14332
55616
84375
84455
13213
1215
58319
74612
26444
23749
76564
58482
75939
92263
45702
90757
67096
65732
62691
56096
34240
45731
62941
36387
91948
15867
37531
98922
96908
59548
14294
47044
67713
89413
15146
52931
24772
5093
4703
70783
13957
57072
56041
57248
19319
28469
56158
42172
58028
22778
32918
25928
64980
49702
73668
41952
19992
1546
74459
44636
35966
92062
30599
32354
32584
44858
22049
42945
6447
57459
75404
73773
43049
98095
44761
80182
37469
3669
75304
64547
47165
18266
55145
77910
35218
85332
99646
77093
82647
56741
58566
75323
43169
14699
47136
21146
38847
54169
51579
44682
25075
29435
86798
82359
60616
97893
10276
61978
70120
84493
2602
749
74848
9192
4346
2615
46799
1448
46623
23377
51754
87244
31829
40879
18309
6000
57794
41210
11840
58984
94690
12028
38873
3434
50742
91315
66812
17346
63909
87088
7392
69279
96632
6458
21458
34095
93234
17895
77900
76146
1083
37557
13843
77050
88597
13419
70618
41113
32627
52728
52131
57512
40348
84688
2525
29283
84984
24220
15490
41550
73376
57508
53527
21702
96634
13023
57237
33815
67523
71989
36361
53338
99549
6909
57829
38918
60527
50168
71267
85878
72552
80069
87480
62764
34239
92339
98770
76184
67780
431
24880
10734
33791
23940
22432
92965
91056
64818
28642
25846
68768
295
54179
61135
39170
83624
50632
65843
86588
39408
39232
99453
94382
77398
79211
74361
17943
95208
37071
57608
63702
5972
40488
38490
43422
88801
42651
4054
1943
89757
33072
65147
2315
92746
9875
63179
37193
18242
95297
84416
71656
94137
34688
37756
92159
25334
98940
32809
56656
46427
27424
90395
23390
38386
61389
35205
14104
19207
85264
23711
21258
17359
38547
20707
91320
13658
91465
23795
13384
28963
68267
43257
54798
14080
96629
39754
31065
7018
44018
5910
43996
38104
86155
24221
95169
10143
66506
66275
97884
29099
99594
9177
91014
22775
71667
27839
79258
97043
75912
37357
88294
20349
48185
41964
58667
94483
75579
19900
41736
1355
71062
69069
4775
51500
12323
6171
98621
53703
71811
6441
76057
64724
31621
76737
74336
25791
6409
3578
43499
89792
78859
74416
32757
48538
62310
57795
23923
75338
92741
52811
66033
48980
68788
76573
67724
46920
43402
43191
82804
39594
73300
69720
81041
74000
4150
90847
66326
44904
3097
63462
92753
38154
48492
8555
2330
15800
12677
3268
55003
1361
57233
53210
64347
53222
61467
74100
68488
89534
32237
12968
97721
14490
83998
13231
54482
90690
93747
60558
28464
44022
73332
99705
50085
48042
95441
34442
9355
86584
42962
91061
29167
5672
87825
47685
85047
68774
77180
58139
78300
65484
65647
50259
46389
69710
85780
29792
77778
4621
79434
90700
67730
37804
81178
21011
746
39124
39514
64574
69274
76897
14080
91859
92095
31778
81273
77632
52247
32707
45554
76022
90675
49462
74366
61576
1232
30574
52592
63918
90979
68372
36601
87896
70092
19834
43693
84556
40514
92347
77983
47483
59657
40330
67457
53862
55888
81824
44879
59362
32086
1325
78114
42094
7317
95164
91125
58733
35563
45230
89096
32619
66859
38217
4596
94190
50503
39794
91541
90563
7158
79934
84008
99458
67168
10312
21296
96950
72208
40871
63334
17910
3120
64627
67698
72482
40931
14858
77649
51388
34782
97441
12597
63276
10216
64508
56140
30873
90456
43845
78988
72876
56617
56391
66098
90267
42840
11842
14789
46650
33855
7733
20746
65141
57097
60472
10892
98356
70247
25895
72100
59086
6679
48290
86287
66046
10079
50193
50694
30861
66308
83060
80117
86863
83233
45212
90931
39774
22459
26853
36434
30804
52898
40910
468
26903
64272
52591
19611
99246
59778
72658
80458
79852
21686
25174
43504
6604
95066
94435
1192
47549
63367
60453
2368
72219
97378
63967
38133
83087
40768
34736
35603
30363
7760
32743
79205
35311
41237
5185
97783
70072
33684
99096
13692
39008
81468
95223
4621
28254
73363
7347
5050
4093
6563
10610
30728
12137
34918
34519
21332
59796
70035
30515
79422
82470
88631
18220
77712
58760
78189
6130
60152
75178
28250
16418
70485
50777
73672
77614
44516
12957
16041
7832
39800
87249
10956
93805
4619
19988
39886
95524
14151
4226
20508
13117
30069
69890
71193
62908
41262
430
20639
99350
2544
12917
94440
15932
57869
41144
67248
59752
61841
74507
7226
4983
76208
53905
31894
19495
84180
68775
88931
45309
59696
47862
98011
30896
79032
21830
22103
96818
96356
68949
49049
90129
24884
91211
33457
74505
75444
72772
67733
8046
48008
63456
9136
58858
29947
90418
91906
39227
77847
31050
58458
67868
80557
90267
49302
61653
68894
2749
37091
68706
50650
79275
43620
97362
95303
92481
39410
98699
86876
14483
58984
52075
67413
99855
37315
66343
54226
76303
91893
18966
31888
74078
68016
55942
31007
50340
63371
30049
89660
47293
98478
16934
58891
69453
64530
26257
81440
34880
80112
86149
82942
29945
19993
21088
53328
28489
86207
21729
85021
8550
2658
44681
72642
86202
47098
99612
68422
66035
2025
37110
77656
71149
80511
10611
42081
14259
99886
59593
18398
66671
79568
55609
86663
51443
40873
81016
74922
6612
43372
6280
21872
95047
90413
17463
26380
22119
39132
34782
97652
72033
4998
56404
34425
62254
17336
83179
34310
23763
97895
25368
47320
99278
61612
79174
29505
38340
66016
7906
5844
4696
74423
24893
71899
94175
59900
35484
88721
68072
40284
19935
22287
49259
2945
65458
39167
9884
76863
14621
68561
58180
55688
23235
30083
20874
79754
14146
18557
86875
68476
83778
2131
60225
54727
81247
4911
703
96088
21458
4789
30998
25767
32450
96361
46586
2564
53686
61167
94480
32343
23612
53813
80270
44222
30740
65033
18840
90310
24058
89788
82300
63565
8039
23776
88815
22790
61053
72620
83310
83636
78411
87389
19713
85242
83574
57617
63965
72854
54425
64870
87446
54577
32112
26275
11313
84851
91884
33608
86167
69893
13469
41146
52350
44905
48888
74776
54765
47310
94626
88666
91157
51172
33719
24810
59437
36342
60645
72231
83214
2772
32558
15435
96842
96296
21833
33809
101
72947
96442
18333
32887
79283
95664
2081
66536
43844
71422
90917
84685
55303
61911
37756
70806
68186
37706
26593
4754
51199
88159
78637
20075
64846
66733
11438
55324
70092
12565
28829
12213
32505
20772
57731
44551
41687
49696
12461
35856
79655
2921
97468
37025
30046
99383
54110
20024
39401
28805
40834
42942
74583
36707
36584
98797
26559
42240
48110
84974
44233
22231
61085
72244
48039
19620
38577
73072
11252
24618
33974
48296
74832
93574
73562
17358
87720
66032
1070
4751
14798
7913
46468
46151
48481
31098
16854
60975
12943
12528
19249
17641
25845
13397
99421
46859
31434
13675
9929
69259
72159
21565
82813
4650
41334
92482
38309
131
78532
31960
62793
81645
81547
64909
31702
24949
35310
9574
47474
43873
43186
1205
9905
64342
98155
63172
60451
10272
89037
93030
29519
43673
33092
97547
68364
28484
40635
11455
50592
33933
24283
31455
56798
68595
73070
61559
19147
30092
27968
67365
553
70861
30224
98883
82884
48651
48334
57049
70305
28977
7507
35723
20710
35015
67524
10482
61754
81424
56687
87899
31325
72513
56596
37431
47373
23638
53755
90053
10879
39685
34017
75639
76901
57574
19639
3583
51547
61670
99992
83790
7577
88728
42245
10246
66144
41286
49744
16683
48212
23647
55075
37066
39147
22486
1554
17745
87051
10005
61871
85464
66534
94361
46300
29986
54566
30593
98814
93033
83751
16285
96985
28471
76203
55262
58216
30378
85928
14737
26397
473
37640
85109
36883
42426
50466
52433
89891
52558
16064
32872
69691
69996
50305
22831
93561
282
39610
11313
44463
58602
44
17916
57852
82781
44513
61704
2405
46701
40873
687
68013
43719
38981
6106
82910
28765
70951
13838
36220
91112
82544
53775
64615
76390
7834
7409
8016
1532
78485
49972
29611
8797
82447
23187
60579
1877
58882
919
10495
21047
25008
88349
89784
12973
56085
71696
95440
58519
50800
19481
8021
11349
66496
15992
52892
37092
72096
14942
94141
54177
50276
94406
58525
38522
57134
54217
97775
81739
14334
10625
33153
75276
28340
74580
15431
51596
90073
2454
68350
41536
39509
38478
34067
10155
63361
54154
9638
38226
98373
3741
29487
12584
50514
29126
67782
73820
2591
37396
80535
28673
76450
99398
28714
14839
86205
23429
45071
97254
53576
55551
50625
91128
38260
36829
11313
17030
38415
56602
46310
56339
67063
70440
66449
29026
77636
34879
79956
10143
53211
93014
54530
18305
53012
65944
8656
88395
6619
12150
22428
43568
97044
93039
65713
96582
68602
12176
62825
62768
35677
56938
22106
34165
17635
47344
93291
37581
83996
36806
60253
62073
12357
48607
53522
10145
21901
23664
96797
63871
12580
94072
56506
57712
57691
52118
94029
32623
70045
77920
50346
67235
54763
15984
95329
36563
66575
11791
4370
99476
34522
68875
9690
48518
18360
46781
26306
38244
98198
15335
27277
66600
56897
49130
82627
2058
46097
23560
83825
28547
11461
42610
30424
34246
51077
50649
72335
51629
74027
38979
1025
97447
45781
91
37974
80586
73223
44376
85337
55910
18978
30545
99501
27049
26824
95837
92695
84785
63314
90816
58715
31661
12023
35967
42142
17936
68401
77729
8552
29771
27119
57469
86229
53879
91046
58183
10929
27390
36191
63835
2106
91093
91183
24009
95779
20102
25804
21368
40458
24595
77045
96432
83806
67203
25553
35120
42495
33298
72017
23513
91651
75659
40367
61090
34595
61762
46728
54957
8727
17868
67500
91087
87282
75338
82166
59684
42290
60937
89725
92336
90884
2103
77060
54869
56592
73030
64601
24982
17560
59284
43661
44337
53605
97174
96991
37664
48597
76683
75681
38290
50060
54416
6173
60288
89362
97711
30889
68363
96911
66254
89018
53770
85492
36569
35836
68133
38436
26782
18999
28316
78944
32078
72181
96801
19962
372
1985
90559
4127
72543
58177
90225
53444
68959
18302
17476
20559
33348
53526
74324
98107
84603
97886
31610
50427
25077
47821
62138
41001
8538
63435
20441
53225
24088
10079
44185
52764
79165
46104
80909
84657
71548
96214
55337
61124
35919
19592
69604
28062
98247
77329
5936
66375
39410
24407
48691
15077
72393
87750
4004
41590
82649
39604
2404
27786
776
60051
83444
79673
63700
30782
78409
45719
72426
40595
41025
15128
71160
10193
27122
61637
88592
69634
66519
60358
12187
74761
2041
34278
89164
61596
44034
46491
21553
39700
50588
73891
40881
18638
46775
95219
57872
17829
86509
56206
78664
49994
1739
12799
35080
73587
60043
49274
61848
15150
56244
38309
58412
48543
31402
87277
9005
5163
37781
38661
39167
43822
55187
22895
21617
32121
95963
97000
41568
92119
18663
21286
44838
97791
64075
76337
44153
48070
70852
47085
49546
86111
94644
49411
61671
60453
98838
87191
36743
26681
86327
78087
4779
5245
6594
7809
57599
2653
5633
26215
49806
67965
13694
88775
41242
44580
37421
3356
54276
12477
99422
86263
27975
61369
84439
18728
76538
16620
15851
13453
72124
59190
37185
69860
36029
82364
14232
68876
75952
10886
1123
89741
36102
30103
4295
400
98079
45223
72636
33101
21204
49117
44400
30833
2635
8574
18767
48908
90412
56650
76062
27627
52518
87966
73041
78343
25963
99925
56003
35484
2769
65573
22
6057
64498
1567
21898
96273
66708
14427
15056
66995
15021
13017
89029
61537
58447
85441
6417
50225
72239
13118
85922
26976
70897
47141
31964
65424
33695
26321
64991
55112
33234
11244
68115
37537
6935
36369
40017
15508
26098
12287
97927
15723
90838
80901
75007
40185
24773
52919
57122
87973
82263
48280
28272
8845
26557
89030
35520
1710
98925
85215
26472
24658
39328
29226
20205
20872
74964
2175
68945
71977
12911
91926
76274
82987
68033
59670
33730
16091
14686
78194
98868
11928
36353
88639
89647
35702
78062
98867
40220
50191
11170
45878
48811
54390
88797
78744
25913
44270
84825
63962
98655
38247
74334
20731
34969
43508
37922
12693
66264
86449
8376
75283
53999
48552
44674
89242
55148
25343
9294
35761
35884
42512
15603
97994
71695
72239
59819
97082
2285
17173
34376
50964
8093
68011
18841
66682
68707
93622
59229
97858
25522
40287
66436
19998
9891
15326
23316
19963
95749
79097
4559
13424
56644
27269
76445
29097
90753
8609
22866
79370
6378
65321
27361
48443
50306
48099
41154
90740
88273
42489
64012
67121
64833
72550
55311
2481
97278
32393
10351
62168
11276
84410
68154
82086
46777
34194
80537
97160
22171
34025
18115
29922
52505
43232
78906
67165
44830
55230
66243
76189
45224
2541
66640
94444
52335
86043
23267
51090
6939
13118
97281
38840
33896
98222
9175
44408
11691
85248
47362
40033
92544
86989
89798
90423
33529
76774
93452
42878
16381
99579
59371
23507
79672
25008
84779
78890
41760
25173
40773
89130
20563
91454
88000
36430
58023
22242
83994
51213
52848
46701
63222
39850
76445
8090
66609
96850
22462
99881
30868
41125
45405
32544
77665
964
8701
94066
9662
64961
53362
46464
36813
80146
44028
46950
79327
63179
38799
25188
24223
65816
63710
10613
54095
43442
231
2708
53002
93570
83260
66406
6895
30737
96906
90770
24099
40479
98479
76090
54591
67846
2489
92024
78635
87135
73365
94004
15990
51692
2276
27243
85806
94598
53386
42480
50964
75666
65932
72955
21371
28480
55705
56094
40164
26961
98504
95766
61867
43885
59272
95106
82770
878
68960
69876
69041
50995
5824
44922
90115
84322
26024
65346
11392
52349
86073
2532
22398
47636
5709
555
75626
26940
4959
20537
68618
7470
77008
23512
76950
90397
65396
79190
25922
4333
46435
21858
8249
13480
96751
4731
82695
33454
80157
26920
66977
47334
85551
54437
52979
24684
97968
33946
8623
51689
78794
93666
10754
53973
52305
34545
89725
105
93261
68192
9283
13925
10470
35360
10503
65944
49556
38221
95428
56779
34198
65994
83592
27170
32319
61898
64223
62620
18748
2517
42212
38015
94417
99423
55780
6073
63743
5684
73610
84168
92503
88249
76047
7970
89640
34746
39077
84178
60659
13767
15743
15960
77136
68891
14482
75064
34435
46826
68915
66568
1009
4783
36798
56724
97356
12775
40839
46798
44451
10108
62671
57788
24737
83148
71613
94459
36796
98441
65114
62961
81318
63802
93362
32522
92808
46316
87422
93393
304
34257
99900
1713
48130
14832
79446
40370
56947
9522
11231
11179
86973
78393
9419
65263
57605
45676
2504
71691
78316
1017
61458
29384
4116
16738
44515
98465
15726
40474
75466
26547
64279
20575
36344
11933
86064
14357
74083
98069
37488
24752
24811
90646
80223
28304
21790
6777
95110
75062
32932
70001
22405
32378
70497
8781
23539
19098
67701
84744
35061
95346
28763
17360
85019
33514
27033
81783
31017
18792
28990
14905
8033
82042
14088
4089
12493
30635
27317
30377
81702
57722
47137
81400
47279
70380
41257
23642
97663
1300
93944
44808
8090
19799
22131
97301
88086
47343
65386
34719
1903
10250
73965
52538
20086
55466
16797
67664
6561
21536
9934
88549
59349
89419
1851
87115
72740
55543
53596
50581
74751
56580
76131
5642
93603
50940
69624
38207
48038
43076
7463
26826
65472
80884
63393
69691
16395
24364
52838
67393
74733
77190
80359
81932
66389
83388
66097
55077
46070
59605
80607
40759
3803
38447
27061
95266
67781
57367
74821
70872
54245
92402
74643
61152
57947
27930
11907
85822
82334
22173
71081
45117
84782
45522
66997
7833
1730
44589
23620
68048
72751
81716
82384
91780
63376
7593
44743
45266
94692
4805
36199
16780
5369
12690
35901
2900
74362
93238
86176
92017
23232
4069
75516
81289
14093
55711
54960
49383
20170
7673
9255
2055
78170
2363
75681
87136
73186
48169
88851
6275
8460
30097
50383
69861
9778
23659
99895
4966
90158
94421
95121
7626
99723
99091
42148
62104
90168
37148
40529
14856
93007
89844
97922
71833
15423
45178
10097
68154
5441
39482
9863
93046
48113
26842
2542
68593
65048
86740
65697
70288
34377
70740
99655
38369
18334
61148
66706
57834
49188
25369
34021
33828
43214
79491
22305
14697
98149
12158
67377
73999
12131
76779
98705
97453
29833
53951
45383
6242
96383
57994
96886
72548
92176
83664
46757
61441
44858
22913
4007
36255
1535
45981
47896
20342
37879
19925
30234
25748
49944
67579
38240
74302
84715
32558
64923
17195
27973
50050
85338
42798
49864
30016
78606
74456
73404
2972
93110
90046
63127
27322
59612
83722
64857
59808
88910
75824
72572
40736
22830
744
92695
1026
49058
7679
85440
4715
34207
66834
29473
61800
52712
58082
17244
77030
72277
13705
11098
9706
78593
44331
41814
66271
47002
2939
77306
19149
32939
69740
53529
3820
90739
27312
76447
65590
91587
34022
41543
26259
92427
10834
86577
15545
18807
10376
77819
92160
39370
48935
83779
50873
51546
32326
52280
3451
89567
59611
53019
28255
73982
89199
76579
70411
69327
29576
42241
87338
7082
86464
71361
63354
67979
61603
51587
52802
69457
16190
36138
54097
11236
4797
83479
94137
9084
6723
5350
71761
20714
76393
48134
75467
57955
48892
41871
52988
84002
97827
75982
50541
23886
85029
58828
42170
38899
73035
42888
23903
28356
69648
51815
39059
54225
24328
39040
37010
89677
79914
81646
57585
57283
98299
78907
66494
55086
57902
81268
22898
7349
65233
27411
18885
18485
17946
89512
82183
34081
71388
97772
36252
72130
84701
55803
33850
87911
60915
73950
49601
36125
59076
44386
33286
72406
64978
82903
4083
67551
52495
5105
74603
87006
90294
19531
1311
30218
96402
91984
11840
54466
37385
47035
15458
46463
70582
41614
10203
30684
36446
55543
86843
52241
74603
42374
32251
68220
73480
21272
23740
38409
47635
9967
25193
25059
87052
76676
24960
82321
96284
28594
35835
37673
97629
26816
50597
49181
20844
68108
17282
1669
20034
75831
46602
94132
65793
25618
68693
73885
23711
35804
1403
54763
52031
65684
89174
84674
55624
5983
28408
24854
46990
88552
94757
64410
33166
80800
73018
54612
78652
16371
86355
4297
78561
52560
64796
81182
25702
38895
12248
89162
81226
50927
63465
12411
51373
24342
51776
89882
9727
3398
15485
25733
69847
13059
1369
91194
13172
46425
59902
80424
76784
84294
56339
96752
83214
59660
95581
38247
42002
43430
54085
57323
98595
68368
4599
18593
29374
8403
98912
3046
32422
72083
31522
60055
90062
25020
55022
17981
18092
87101
34391
50567
7083
13787
14998
93706
52594
862
77599
80862
56604
77188
23225
62335
18307
72726
10054
16711
21770
36793
87734
36916
43643
85491
73011
99508
52089
61848
53968
76786
23483
94567
81314
63690
15724
17682
59768
92856
28582
38498
32280
81901
94529
84554
25292
44866
27884
31242
18977
38432
47670
25276
78138
61617
81490
38193
63769
98014
15997
18105
3787
66599
89384
6917
93879
63673
22819
73209
77867
24435
52503
55769
1156
48294
37671
81992
84048
44991
29420
77170
72317
26051
14705
92834
72869
35653
62426
4111
70778
41629
86508
12864
39004
50482
99882
10992
31544
26130
84708
38748
51821
71065
62279
3581
85478
32869
62343
38956
51968
58389
98836
47577
60582
99416
76304
19279
81906
4039
17256
99191
84317
91091
