80000 100000
74 260.20
83 988.91
75 420.07
40 772.70
3 824.44
65 346.64
9 569.13
26 878.64
32 317.03
27 640.41
48 472.54
67 591.50
54 613.06
66 376.51
57 933.34
26 534.84
49 429.40
28 371.85
85 383.94
3 710.75
14 606.44
88 898.02
24 876.81
15 201.51
14 373.46
31 455.05
60 320.98
92 419.74
30 207.02
45 501.42
43 741.37
14 349.27
92 565.97
19 268.91
87 193.82
85 760.52
89 925.37
47 388.71
37 128.17
33 461.64
56 283.84
93 498.94
22 108.42
85 151.78
75 433.01
48 688.65
81 985.34
1 305.28
58 547.77
81 547.70
97 398.50
1 150.02
31 794.49
48 843.91
35 312.93
76 547.70
81 862.88
12 740.29
20 649.48
23 339.90
25 180.28
73 590.84
83 162.71
30 610.88
2 155.19
22 323.02
66 204.49
44 553.08
32 533.05
58 767.81
54 803.25
34 228.55
59 626.43
83 264.70
90 988.13
4 420.50
20 461.95
44 287.73
63 229.17
53 434.41
39 886.56
89 681.44
5 866.86
12 780.37
35 493.49
19 986.73
50 883.09
5 746.08
53 252.32
78 791.76
71 352.39
30 865.34
43 933.24
100 256.80
10 130.49
1 726.06
78 299.27
24 839.80
42 899.60
88 179.44
25 454.02
83 325.81
13 532.37
57 599.70
92 344.33
91 837.38
43 829.33
38 920.62
18 120.35
96 438.50
95 535.63
61 473.31
35 498.46
3 825.24
83 881.21
62 643.03
23 129.48
96 124.00
90 772.32
49 105.84
98 376.46
9 350.08
7 294.74
98 861.26
74 994.48
96 185.75
62 771.50
8 843.88
81 569.18
38 261.68
4 180.24
80 361.57
65 769.40
55 480.52
72 211.20
35 870.00
29 430.25
40 497.82
47 726.97
54 878.23
79 411.87
11 113.22
8 648.60
41 624.90
24 406.06
59 640.82
26 371.70
18 143.17
78 221.56
25 398.66
83 393.72
14 714.93
48 966.64
26 486.17
71 871.10
35 456.26
5 104.92
79 216.82
77 305.42
42 935.29
96 291.41
41 189.23
9 117.74
54 106.92
36 190.27
56 311.51
10 284.94
83 554.19
47 138.53
46 640.24
17 833.82
40 181.89
20 682.93
78 847.83
59 795.59
92 498.64
41 411.74
52 650.47
83 915.46
66 372.23
98 988.97
4 555.77
25 157.78
77 509.84
84 791.01
28 462.12
31 981.65
94 251.77
94 468.42
12 206.84
98 766.53
47 563.17
30 796.94
11 339.76
100 632.45
91 732.19
92 181.65
8 975.51
86 738.25
78 168.31
21 739.41
40 934.31
94 812.54
35 163.79
39 873.75
67 412.95
83 660.24
25 758.93
15 321.99
82 485.53
30 965.82
70 909.84
46 183.05
76 953.19
93 307.27
81 234.41
42 584.86
30 600.17
22 574.46
59 411.40
88 863.42
57 808.43
86 151.73
31 105.87
81 649.45
68 993.21
9 891.90
37 593.48
29 615.37
81 927.52
33 830.71
73 182.61
6 847.49
94 741.02
71 174.93
53 953.02
24 103.93
35 904.39
50 625.84
16 426.17
57 668.74
86 877.94
23 376.51
45 849.84
47 412.62
98 334.52
75 111.66
13 716.84
70 287.04
59 980.58
42 830.53
84 371.86
21 659.31
75 354.79
82 679.21
24 684.02
92 377.59
41 311.87
44 954.42
16 527.14
45 587.89
2 998.07
15 732.77
34 990.15
88 119.32
88 680.38
68 969.44
60 135.53
77 231.97
81 823.37
53 237.45
89 231.33
26 292.57
39 653.47
51 771.96
84 808.56
31 137.17
66 323.22
97 483.80
76 325.44
12 204.26
52 160.46
32 233.91
44 649.68
40 434.01
98 109.66
36 845.95
13 978.09
37 403.36
14 836.80
66 747.87
10 671.30
56 521.21
24 939.12
60 999.52
70 113.04
40 681.47
52 514.83
14 180.01
15 816.18
63 987.89
14 262.52
55 335.50
86 819.16
98 917.91
51 601.22
9 669.47
70 802.61
25 721.00
90 107.25
54 970.78
99 703.80
73 391.26
8 170.21
34 258.91
35 822.37
86 438.92
20 841.33
61 319.30
61 695.13
75 525.10
10 487.15
3 883.59
65 388.11
23 949.07
70 727.95
93 534.41
69 722.55
76 468.68
90 577.89
94 568.70
49 848.95
44 162.77
80 625.31
24 210.29
65 841.41
83 542.74
11 160.57
94 787.18
81 630.18
29 960.50
68 684.49
44 326.88
58 639.74
51 796.23
24 931.39
16 841.32
17 517.18
22 764.34
70 271.49
34 468.86
27 444.60
5 573.59
40 440.15
46 275.54
57 250.54
4 221.83
92 743.33
21 855.22
75 969.99
94 578.64
25 296.29
39 573.64
19 969.74
89 523.05
6 435.84
45 349.45
81 366.73
92 300.57
84 270.82
74 981.31
78 367.34
19 549.79
19 784.55
75 101.06
69 446.90
16 465.86
71 994.23
37 202.15
79 547.22
84 190.94
3 442.44
23 770.03
81 476.47
66 485.33
20 533.13
5 465.22
11 935.78
96 687.48
26 455.84
99 404.10
93 224.54
29 529.50
46 711.87
78 995.71
21 305.84
70 427.36
39 468.33
23 492.62
97 711.42
36 625.62
54 754.60
3 680.29
69 801.90
89 526.08
75 854.58
47 305.72
50 230.12
58 533.11
75 231.40
60 824.13
90 698.59
89 882.92
19 334.15
94 408.87
1 608.93
84 865.14
41 979.17
97 815.33
72 792.92
14 808.02
79 670.53
83 551.27
89 155.35
4 493.64
64 647.13
9 544.56
93 635.15
1 268.54
48 875.88
15 438.02
98 750.97
40 510.01
47 457.11
40 923.19
33 809.92
19 531.03
27 925.93
49 837.59
72 492.81
2 957.91
51 399.80
100 141.96
63 647.70
11 958.92
64 699.57
5 656.98
56 213.00
64 727.51
76 646.49
33 265.35
8 816.53
53 318.88
91 978.29
15 696.70
16 724.89
43 261.13
92 802.70
60 196.93
87 256.48
35 687.12
64 656.00
41 813.91
73 268.60
62 536.06
49 736.84
23 223.10
88 749.99
96 591.35
31 752.21
55 215.02
36 409.43
55 245.14
48 901.95
29 586.27
45 825.67
2 628.64
72 481.24
27 692.35
16 669.98
94 673.16
24 832.00
25 491.39
40 541.20
13 101.49
22 373.74
81 371.47
7 134.80
93 598.68
66 687.75
1 525.36
71 828.70
59 764.02
90 214.94
90 711.32
96 136.20
72 378.62
35 979.24
97 463.74
66 294.39
72 807.45
93 948.50
56 451.76
75 700.35
51 690.35
83 454.01
27 337.90
96 921.48
65 626.69
67 541.54
27 591.02
18 255.49
17 756.72
24 401.09
92 160.67
24 506.71
1 472.56
100 349.22
27 731.56
81 430.78
55 877.74
96 113.08
69 763.22
1 658.19
59 190.88
58 153.12
96 565.84
41 268.18
79 997.70
81 217.92
8 448.61
20 611.52
40 889.30
50 258.61
49 160.33
24 476.02
25 827.70
87 999.38
70 776.43
10 881.37
4 453.23
23 319.25
14 293.44
56 245.09
55 985.24
36 198.80
28 771.45
93 742.80
71 948.99
10 928.72
56 158.50
93 599.16
54 820.65
28 621.71
71 513.08
51 630.70
39 398.32
96 462.70
84 592.74
95 856.98
100 285.77
96 171.53
25 529.78
19 803.17
13 271.57
73 217.58
92 183.64
92 358.90
9 448.47
33 184.17
49 187.08
61 532.66
45 161.23
33 658.94
40 787.24
65 137.74
62 321.94
28 461.92
57 899.63
70 124.25
28 443.14
53 222.40
11 876.97
74 103.80
56 993.35
19 343.96
11 144.14
68 795.99
24 728.56
45 489.42
67 471.33
6 554.35
45 531.26
30 395.78
43 943.99
4 521.27
98 390.19
25 334.93
98 909.90
14 643.88
9 390.42
7 122.97
21 917.75
55 346.24
73 504.67
83 462.52
30 694.54
77 649.81
72 911.11
61 803.13
30 787.13
78 261.30
28 112.49
20 193.56
89 650.79
42 795.46
22 743.79
58 537.17
2 502.43
65 986.78
80 373.83
3 177.91
97 367.55
36 193.71
50 183.19
42 816.07
55 322.79
66 493.84
3 501.79
57 644.37
66 271.51
51 538.71
70 398.95
33 973.90
89 154.32
33 192.11
82 973.56
72 777.05
37 390.12
74 182.25
19 511.13
22 186.65
62 560.01
72 690.75
44 797.32
46 381.07
64 213.74
28 898.77
15 154.17
45 307.82
91 278.01
40 376.74
53 488.42
61 170.55
90 917.80
68 764.45
86 480.15
57 383.06
68 937.48
94 405.77
61 510.39
14 992.74
41 288.56
95 533.34
8 730.80
2 581.90
6 946.93
22 545.49
5 976.83
7 938.73
14 541.88
43 209.25
41 343.64
65 453.19
94 338.62
88 109.57
47 941.54
57 862.68
74 710.03
32 257.82
27 742.83
98 361.91
15 177.60
25 143.50
87 213.50
60 481.34
57 737.57
24 643.92
90 522.62
2 435.74
64 895.19
81 736.47
23 239.97
27 799.71
92 604.88
1 814.62
20 636.80
25 424.62
7 685.69
41 547.77
86 821.82
78 510.75
32 673.80
88 422.59
84 618.90
90 200.11
55 740.83
41 963.41
75 714.67
92 292.54
90 201.68
32 920.24
23 360.93
37 770.83
4 151.01
89 297.39
77 524.57
45 193.14
78 327.64
57 931.44
36 448.48
76 219.21
95 786.21
79 191.63
3 695.28
100 830.78
95 247.96
36 615.55
74 498.07
71 255.00
51 788.63
30 234.24
70 875.19
58 279.10
57 237.75
53 776.86
78 350.65
72 637.48
18 385.72
13 685.26
74 517.06
63 546.63
42 900.37
73 235.08
36 813.48
26 509.83
83 220.04
21 112.13
95 811.97
87 959.72
83 975.04
78 258.56
73 278.31
27 516.20
20 531.42
99 341.23
39 516.11
57 982.35
73 218.05
42 101.48
56 951.15
45 743.19
77 739.14
87 917.67
49 292.95
18 488.33
69 999.76
48 622.79
54 830.21
89 582.77
5 490.29
100 179.55
51 465.22
45 831.16
47 570.36
55 448.20
77 538.29
53 854.67
91 839.01
13 915.27
30 345.18
91 348.83
97 954.42
45 168.64
42 928.22
21 715.86
31 364.12
66 256.98
44 215.69
16 141.77
73 546.96
60 444.31
81 435.80
25 369.24
75 182.48
77 893.42
20 155.38
3 148.35
89 478.44
69 306.50
20 445.90
73 791.88
96 283.37
95 468.65
77 594.50
47 188.95
38 140.50
1 876.09
72 748.44
1 167.76
53 461.34
34 920.08
64 784.29
67 964.46
19 751.44
96 854.21
17 955.85
35 758.69
12 468.09
99 423.65
68 288.86
2 684.50
8 250.88
89 501.62
32 398.03
82 495.35
10 552.30
9 789.77
22 193.94
5 389.19
82 443.90
96 775.93
31 278.89
75 337.09
12 996.04
77 147.14
39 552.29
8 958.40
14 393.75
67 510.05
3 329.97
42 908.94
100 817.80
67 365.01
55 898.17
3 403.04
9 655.43
6 784.16
32 209.93
83 411.16
63 802.15
49 259.76
28 413.67
71 931.31
4 238.05
11 760.88
69 560.79
79 135.43
8 169.92
73 298.55
41 482.47
52 939.22
25 664.76
21 724.01
8 202.55
3 678.82
93 635.25
3 959.99
11 152.94
22 684.28
61 767.38
75 348.47
64 160.98
67 484.10
97 914.26
28 481.11
30 365.81
22 564.42
41 922.79
6 956.22
15 542.46
48 337.16
75 562.70
74 143.68
23 311.08
60 331.95
17 854.59
13 301.36
47 144.75
61 513.04
29 384.68
80 363.38
52 611.26
70 415.24
58 129.13
89 725.38
48 832.28
47 197.66
88 604.82
84 848.85
27 822.87
93 948.39
24 797.70
63 123.40
87 733.75
12 188.31
86 547.84
7 696.08
96 630.05
72 392.06
77 544.77
14 795.66
91 739.46
85 429.37
28 450.21
66 368.52
12 216.76
96 964.24
86 647.46
60 842.84
91 574.59
99 692.64
68 439.93
79 470.62
57 596.33
76 997.50
98 681.41
63 599.00
27 250.06
87 585.06
84 652.53
3 195.16
99 894.10
98 152.76
28 839.23
95 709.04
77 712.38
28 741.18
20 330.60
92 870.46
55 658.47
94 413.61
4 682.90
27 470.75
47 273.89
70 105.80
20 521.62
9 977.04
58 898.39
88 193.08
28 122.77
20 131.78
55 460.43
26 284.71
9 150.39
38 373.83
6 746.05
23 296.10
46 681.05
38 626.90
85 728.22
97 721.40
30 318.27
70 424.38
34 800.25
59 893.66
47 926.77
12 662.33
3 181.45
76 183.94
68 769.34
72 570.65
4 566.47
5 174.26
39 807.06
43 782.27
41 358.59
81 447.30
14 366.33
96 123.85
74 441.29
23 643.83
67 411.45
100 273.02
85 331.41
71 184.19
89 409.53
40 501.75
37 419.70
78 923.38
71 835.65
14 435.05
40 787.56
53 517.59
55 852.78
27 169.71
21 961.01
79 478.48
78 385.58
50 908.93
94 296.75
94 540.65
62 610.89
76 833.34
37 407.47
2 743.02
49 785.77
6 526.13
30 698.17
19 521.76
40 949.33
68 560.92
62 523.55
38 269.46
45 508.77
20 935.59
5 898.62
67 606.22
80 944.88
61 490.88
59 451.52
23 837.99
41 544.31
51 397.01
62 237.31
59 311.35
37 382.60
11 288.48
96 264.61
68 997.93
40 718.39
5 834.87
10 196.11
51 651.54
44 606.44
3 117.30
76 957.48
39 132.04
73 242.13
81 615.58
18 509.97
6 942.04
87 922.99
82 493.00
71 548.39
45 459.68
9 494.55
32 742.07
35 815.27
39 496.47
86 187.57
69 619.68
52 388.24
90 404.45
10 937.96
68 360.36
85 530.83
99 579.87
87 682.42
18 876.15
72 374.56
5 803.40
3 831.20
65 600.16
52 671.74
29 749.94
82 889.71
84 562.13
43 140.23
46 400.03
2 779.87
2 521.94
7 756.28
40 555.19
1 659.59
17 347.99
26 433.96
52 969.01
12 890.44
14 695.52
27 677.00
30 164.34
15 651.26
32 651.86
33 161.72
47 800.51
94 469.33
21 486.58
47 558.61
38 131.20
22 797.58
66 433.55
59 550.76
31 103.89
65 956.83
14 926.49
1 127.00
95 803.45
86 115.40
9 468.90
6 130.29
79 814.90
39 485.21
62 931.02
12 456.30
94 522.99
72 393.37
34 938.43
53 482.34
23 706.49
27 234.89
76 303.18
36 849.83
74 325.69
44 891.28
5 320.76
97 646.66
21 271.01
56 297.49
30 427.82
41 840.09
63 158.13
44 107.86
88 936.72
17 776.92
30 935.43
43 460.31
72 483.75
24 163.84
2 601.00
38 938.58
67 783.99
35 762.79
73 217.23
85 519.38
1 701.27
38 841.73
2 313.32
37 960.78
40 884.61
38 522.23
54 542.50
42 885.46
95 623.35
92 650.40
8 935.92
89 503.94
32 267.21
79 518.54
2 576.32
86 368.36
51 489.79
53 105.41
18 447.49
61 612.32
22 145.21
41 878.41
27 971.66
4 926.71
9 292.13
22 752.12
63 571.68
79 248.48
30 696.52
24 306.22
99 901.26
90 335.30
65 491.66
81 243.98
54 904.06
91 142.76
19 199.15
3 207.78
5 301.52
87 710.20
8 120.55
78 596.96
28 294.34
57 704.80
100 897.23
89 924.52
90 211.62
9 218.53
60 623.17
68 503.96
49 887.21
75 518.79
14 588.59
95 569.64
33 708.49
58 675.53
43 981.99
51 674.50
53 954.55
99 553.91
93 567.61
95 166.55
87 762.86
83 290.54
23 754.83
22 685.82
79 798.97
57 335.38
12 891.18
40 641.01
1 306.13
61 903.08
61 392.36
91 351.96
33 528.75
49 104.63
12 974.81
15 889.34
46 565.42
33 884.74
51 115.09
40 479.97
25 345.57
20 298.92
4 493.51
93 146.51
67 210.11
58 389.12
86 640.91
48 293.17
80 348.90
29 513.34
23 526.26
70 977.27
56 157.74
10 269.54
28 394.16
85 717.74
97 713.98
73 176.29
19 367.75
1 752.35
21 581.25
28 467.57
99 180.34
91 885.26
69 540.83
45 653.11
24 668.27
2 595.25
41 151.09
60 775.26
33 957.78
43 459.64
50 293.02
3 774.52
9 771.64
35 396.74
33 153.29
91 386.14
41 630.94
23 914.41
77 904.92
45 929.59
50 499.72
70 199.52
58 932.20
66 482.25
71 532.98
37 456.53
12 140.98
3 819.58
1 130.76
41 930.66
38 709.74
68 770.47
5 287.63
24 615.35
39 838.05
66 923.93
37 106.49
75 904.36
12 724.51
77 329.96
10 363.07
22 193.60
42 318.47
51 378.36
32 929.94
39 825.61
2 675.49
57 329.09
19 240.54
39 636.83
63 240.59
68 281.53
57 574.47
91 265.35
14 630.84
75 532.58
48 895.11
3 117.61
26 804.28
4 180.33
40 375.78
10 581.86
83 824.49
47 521.88
18 548.85
90 466.02
89 462.93
3 154.57
24 568.27
52 608.77
47 539.79
33 969.29
61 996.58
32 303.30
25 530.46
87 332.37
76 603.53
61 795.17
55 112.04
46 471.99
2 619.24
57 283.24
81 369.82
94 343.28
13 411.38
11 183.49
9 230.82
63 836.79
23 177.35
90 659.21
4 776.75
51 200.43
87 111.04
59 447.96
59 983.84
57 286.26
49 710.61
72 835.64
96 564.77
27 734.26
18 751.42
55 475.50
85 334.94
45 990.22
28 878.03
41 510.75
44 184.43
11 605.62
5 374.80
68 988.50
62 306.03
10 421.19
48 398.39
74 879.99
14 433.24
21 108.84
57 823.17
78 428.61
18 739.16
34 799.25
25 659.53
41 664.55
88 321.38
96 796.22
42 635.55
41 160.39
55 767.50
89 493.92
50 663.14
75 383.37
65 244.02
34 573.59
21 955.98
51 872.91
28 173.61
7 429.00
90 841.25
33 170.76
32 688.42
38 825.85
1 160.07
96 146.41
65 137.14
4 893.23
88 879.84
94 500.51
88 710.74
13 734.39
32 788.18
66 730.51
56 458.10
78 142.82
49 487.79
37 688.62
10 636.21
83 367.76
12 182.08
82 864.75
6 392.46
23 943.41
64 225.42
65 378.43
81 507.57
70 855.62
80 798.04
27 450.25
26 189.63
9 897.73
5 459.64
42 440.97
76 212.91
97 942.40
65 608.76
81 914.30
8 935.37
86 372.95
86 475.49
80 812.58
3 964.20
34 651.04
6 199.25
52 697.40
20 851.49
47 851.26
18 773.43
18 788.41
98 146.46
95 122.46
93 931.35
35 120.48
94 546.08
3 580.74
80 696.65
85 270.03
29 634.35
65 209.06
18 398.99
64 733.08
28 413.13
15 917.81
91 968.27
16 890.05
14 266.72
25 600.53
9 539.03
80 798.44
84 871.78
88 931.24
48 716.89
19 726.62
27 423.16
36 750.32
90 119.17
46 321.31
8 440.77
44 738.62
58 971.45
10 211.44
56 274.92
58 117.63
19 713.32
48 650.16
64 191.47
27 819.18
68 738.50
26 831.86
20 691.07
9 650.72
87 574.58
17 834.58
85 236.37
54 810.55
64 212.96
93 293.28
92 991.79
54 579.87
94 226.65
32 122.84
97 266.18
66 627.99
18 507.43
46 535.66
16 288.14
31 720.42
82 727.85
43 918.10
55 253.93
85 847.27
14 887.08
51 746.74
94 445.93
56 900.30
67 547.32
88 543.34
64 560.27
65 333.74
90 574.02
19 902.14
89 840.38
12 871.96
74 171.61
10 205.46
58 773.71
5 211.50
45 475.94
55 914.07
38 951.34
46 238.57
29 569.84
45 502.53
96 625.13
93 139.67
33 833.35
76 595.17
50 639.95
24 704.46
28 752.84
44 854.37
37 119.81
95 559.37
95 210.37
18 496.17
12 458.83
92 472.54
97 681.44
7 352.09
75 481.52
30 139.82
32 565.03
32 392.35
49 474.39
99 746.14
85 387.09
6 155.00
86 499.23
64 611.02
85 139.45
35 913.60
60 611.93
52 630.71
19 490.27
31 627.19
63 734.01
43 292.62
52 114.80
32 819.01
50 133.22
56 212.60
6 498.44
20 599.33
40 429.40
54 135.93
42 146.92
30 142.23
64 780.08
11 734.63
49 738.93
61 882.42
26 678.85
66 328.51
57 482.73
50 306.48
14 943.05
25 612.74
37 405.91
46 114.37
71 895.30
87 625.69
43 166.89
31 824.40
1 703.06
75 344.10
4 106.32
34 811.52
19 793.54
41 360.32
58 229.97
51 595.46
9 841.89
61 502.80
60 277.96
44 419.70
63 666.74
51 654.52
98 846.59
100 446.51
61 784.19
39 484.57
87 891.35
86 881.95
41 802.58
51 706.32
77 342.67
48 250.23
95 529.38
92 691.06
89 682.94
63 693.99
12 182.04
87 638.52
93 390.49
86 132.46
35 907.32
71 491.16
82 402.13
26 773.44
80 483.18
50 513.54
75 274.07
33 286.42
96 247.13
3 604.62
73 380.65
97 793.71
54 458.86
10 723.87
78 602.82
77 803.83
60 619.40
33 977.75
93 124.44
7 687.12
17 887.80
35 740.75
3 531.37
42 541.90
38 350.45
82 730.79
91 780.76
51 184.31
61 257.20
52 171.15
62 267.96
65 972.88
33 651.66
32 941.94
82 572.00
82 262.04
52 253.38
83 833.05
43 332.25
40 623.61
8 573.76
4 458.34
42 353.01
96 427.57
5 389.93
74 276.86
17 933.46
6 463.81
63 164.11
37 807.81
3 259.76
98 395.54
71 823.46
55 522.28
85 303.23
1 459.78
56 129.29
47 294.36
16 993.20
54 552.08
67 322.15
29 744.38
18 478.74
59 232.97
91 942.02
41 472.09
47 103.27
59 714.72
26 481.54
1 997.35
96 245.00
24 562.48
39 506.15
16 264.22
52 937.67
50 403.20
4 405.82
96 198.01
12 929.76
46 567.33
86 949.44
56 848.01
1 948.30
91 221.33
68 792.70
24 544.08
32 652.13
62 277.54
59 528.04
27 358.07
27 714.33
53 935.91
40 774.20
5 444.11
42 797.10
7 760.72
57 681.56
85 872.42
81 996.95
67 312.20
81 437.10
79 765.85
98 775.92
55 187.98
86 241.75
17 576.99
58 459.41
36 755.96
89 295.75
63 471.66
83 541.93
36 381.91
82 520.24
5 456.33
70 698.59
2 581.04
29 622.87
65 317.22
66 457.89
100 558.86
40 801.17
37 433.54
20 242.60
18 925.44
83 184.49
56 618.16
26 114.79
78 932.68
13 554.95
26 783.96
72 299.67
82 815.12
48 274.75
90 270.76
36 820.38
48 357.29
66 273.16
65 167.24
76 582.87
96 629.42
58 710.35
82 316.17
49 320.71
59 286.01
25 785.63
56 411.90
44 757.10
30 656.14
41 121.96
36 664.19
71 898.91
31 715.36
63 913.68
69 562.36
33 125.73
89 289.38
65 445.28
38 712.63
14 252.64
11 840.03
17 421.11
76 325.11
33 434.52
87 506.59
66 398.35
75 896.69
92 520.85
81 892.44
16 375.69
9 701.96
47 784.81
53 887.04
74 668.87
94 855.94
20 759.26
47 985.27
68 332.24
53 377.19
74 566.60
93 231.99
36 748.84
27 621.80
17 685.38
65 333.96
69 215.31
16 816.91
50 798.52
68 131.16
12 566.18
60 944.02
92 160.69
97 490.58
93 490.56
75 873.85
31 546.61
44 937.57
12 522.01
13 748.18
74 121.01
41 379.67
27 993.64
32 657.62
94 274.99
28 490.51
69 249.38
85 559.54
16 807.99
32 523.72
23 920.23
7 947.62
88 903.20
59 306.46
34 712.96
58 373.58
71 389.79
53 157.70
26 112.35
32 747.13
57 897.23
26 208.47
51 978.24
46 661.89
78 746.30
82 740.60
95 101.15
6 936.88
89 595.96
10 171.14
40 524.51
61 207.87
73 381.60
19 827.35
89 793.11
89 822.03
37 980.00
52 611.72
91 466.19
46 675.84
78 615.95
12 506.03
40 538.41
68 694.09
33 774.95
36 613.09
25 816.45
35 941.17
89 584.30
73 676.96
59 976.32
45 368.13
25 162.31
93 314.97
82 318.01
63 515.44
12 859.63
27 194.14
16 310.07
2 183.40
55 459.99
21 632.44
33 463.26
2 681.43
100 744.34
51 706.40
77 883.54
76 948.93
31 885.29
3 386.97
67 220.14
72 732.87
35 921.25
17 504.81
33 732.65
11 907.12
6 930.22
67 365.08
8 244.88
7 302.05
19 914.42
31 479.09
68 578.13
58 355.63
25 222.90
90 782.79
58 165.44
42 158.82
9 593.85
76 298.12
33 835.76
23 419.91
43 259.86
43 336.92
12 169.78
8 246.89
24 298.18
71 106.85
34 480.19
68 944.19
2 677.32
41 393.47
49 831.06
39 981.55
97 125.35
5 200.93
15 202.86
79 657.96
8 546.71
39 369.22
51 653.23
91 125.75
37 882.96
65 444.04
45 671.21
21 680.45
46 393.36
51 141.77
80 919.49
34 401.28
26 492.16
16 734.13
54 761.81
78 863.22
56 986.79
36 683.30
8 297.77
54 661.41
21 306.64
71 690.25
72 890.96
71 104.46
8 726.57
44 646.90
7 572.77
53 493.10
98 946.36
92 767.20
21 254.96
81 606.38
50 814.69
62 652.82
47 241.78
94 881.79
37 982.13
2 877.93
4 928.08
50 864.12
34 464.89
82 823.62
9 518.09
65 913.59
14 102.10
36 649.08
10 650.17
11 339.49
24 788.47
78 820.75
15 604.21
77 598.33
22 424.97
55 159.28
87 622.97
13 151.25
77 987.95
56 638.58
58 265.68
49 741.18
52 397.65
79 101.08
76 868.59
22 732.25
19 297.51
19 127.57
66 724.20
67 816.51
28 597.00
54 898.48
95 556.98
40 932.51
46 274.72
46 349.31
19 412.26
27 873.51
89 243.94
22 444.31
6 167.18
3 539.21
98 423.61
88 871.46
39 572.31
85 447.24
97 726.27
91 874.25
2 961.62
40 915.29
12 916.41
63 925.42
27 541.94
92 100.93
53 621.21
35 706.48
4 473.00
17 889.48
42 473.17
8 513.19
34 143.25
14 907.27
68 134.79
88 549.86
29 506.00
10 985.89
52 747.01
67 242.86
28 948.12
72 624.44
97 675.61
51 760.95
58 378.33
70 336.94
25 303.76
26 401.68
56 411.59
90 779.95
71 521.07
58 126.97
6 611.15
67 901.10
72 826.85
68 616.92
91 988.20
46 632.14
2 975.57
54 537.34
22 515.94
14 250.76
74 564.63
9 822.32
81 478.54
44 318.69
26 305.99
34 615.30
59 448.97
17 834.04
18 366.41
78 973.46
9 990.69
46 473.62
79 876.95
33 170.26
94 564.22
40 765.25
46 885.35
53 349.76
96 744.22
83 690.03
6 879.53
72 830.31
22 378.78
5 284.36
71 699.22
5 841.53
8 450.26
9 675.79
78 979.55
94 663.44
20 339.11
6 331.45
96 455.01
9 476.58
71 144.10
83 690.56
98 666.57
84 633.34
71 881.18
90 741.02
76 300.66
39 251.46
37 196.55
88 272.40
55 369.54
44 678.78
54 963.72
98 358.04
95 291.90
37 928.88
71 524.25
39 255.33
97 842.13
79 288.25
11 424.74
94 813.63
27 607.77
40 629.93
12 234.35
68 469.17
58 446.11
96 615.30
58 991.10
40 883.32
75 303.40
7 381.41
22 485.61
65 465.95
42 116.85
81 155.51
35 537.31
96 171.07
58 499.85
39 687.24
78 633.71
58 535.09
49 663.85
42 106.22
23 584.28
5 621.03
58 467.99
69 583.40
70 677.65
13 143.01
62 323.44
98 458.41
10 189.26
64 574.30
82 546.10
56 966.33
74 152.99
66 610.84
99 995.86
73 231.38
2 105.39
11 104.37
93 863.79
5 159.63
20 344.88
63 116.71
13 644.41
86 963.55
77 863.61
49 737.57
13 764.15
92 921.37
47 617.16
87 932.42
5 608.45
59 465.45
28 588.61
88 881.29
53 473.54
56 703.10
98 509.14
29 982.33
37 244.81
70 413.69
100 104.18
12 728.37
93 831.11
18 445.59
47 448.22
100 213.25
51 232.86
54 697.71
29 143.37
14 855.10
58 802.04
2 754.92
85 660.80
80 418.17
100 307.79
50 242.80
76 421.11
34 359.24
78 564.46
38 361.11
18 867.15
63 426.89
34 102.34
70 753.32
98 274.77
14 585.95
86 353.03
84 171.51
47 930.64
24 995.07
99 311.61
69 576.04
40 794.80
78 179.44
79 758.93
38 155.53
69 202.66
95 924.34
74 726.85
60 758.72
85 295.74
62 771.04
61 740.77
29 320.54
92 652.51
38 985.78
41 940.28
73 535.41
25 716.51
37 662.92
98 684.73
66 983.99
92 680.92
95 977.16
87 230.48
3 976.09
23 143.41
15 119.72
6 606.47
47 526.35
8 702.30
12 538.71
96 658.89
80 933.88
3 556.39
47 348.24
46 733.65
90 508.06
2 170.42
18 783.99
2 167.95
24 793.79
73 414.74
86 258.13
46 943.89
72 237.45
7 258.03
53 517.24
66 479.85
58 984.04
39 959.98
31 637.13
55 308.65
56 758.17
79 282.35
42 249.10
90 451.79
13 914.97
80 550.75
78 212.14
69 794.80
70 809.23
95 320.81
50 611.08
28 577.63
61 309.34
35 190.26
48 221.33
85 368.41
11 973.21
46 298.35
39 603.73
3 860.91
63 278.31
81 421.51
64 104.23
10 604.28
98 932.88
42 279.14
80 270.63
88 531.04
20 235.29
41 391.20
69 608.07
42 624.51
64 688.19
67 471.39
56 471.30
96 528.68
73 834.06
96 876.12
82 909.80
11 902.38
89 426.48
71 231.72
67 617.33
34 796.38
15 616.65
81 831.72
31 336.86
42 794.47
9 900.27
37 202.19
37 888.34
8 174.14
95 513.51
34 342.57
11 331.11
76 386.08
97 101.25
77 973.42
94 429.95
53 190.86
81 927.92
52 502.21
65 295.47
98 431.86
42 986.82
22 275.57
53 915.71
10 656.33
34 889.11
54 535.37
57 445.96
100 626.31
33 655.29
44 288.19
41 660.75
95 196.60
96 573.83
15 725.23
67 571.74
67 754.37
98 682.65
23 740.97
76 453.89
52 198.25
52 216.95
41 976.39
16 638.19
59 745.17
36 324.11
95 568.90
70 626.08
50 520.64
1 804.73
47 308.66
43 334.01
65 720.63
90 654.96
43 757.84
6 122.43
100 603.89
32 747.37
85 550.56
53 459.86
29 527.05
69 544.52
97 905.19
78 696.24
53 774.87
1 765.22
59 915.88
90 755.02
94 455.15
90 638.92
68 273.69
8 747.07
65 605.87
43 449.01
92 443.37
16 874.83
2 806.39
48 395.67
89 176.03
54 225.15
33 327.56
67 781.82
100 456.61
78 590.78
18 219.67
45 651.23
84 348.30
27 766.57
55 668.80
53 636.75
17 180.79
43 368.51
75 696.40
77 448.64
48 351.17
56 287.86
6 894.59
12 885.87
22 400.33
33 742.93
42 272.27
89 107.94
1 375.34
4 963.92
69 833.95
65 922.08
89 407.88
24 237.61
41 156.85
50 827.29
57 733.99
92 596.08
11 330.81
49 190.99
50 192.24
79 382.21
21 163.03
58 608.74
11 534.03
31 511.81
56 481.76
59 276.35
41 867.59
29 507.45
100 489.50
68 685.81
58 827.11
15 441.66
86 916.07
37 435.65
36 787.05
77 222.68
100 633.12
20 750.61
46 597.80
75 471.54
54 409.06
23 474.00
88 824.11
86 929.33
59 198.46
49 344.32
75 162.72
30 405.43
77 505.79
19 176.63
99 705.82
80 792.62
30 528.23
96 428.35
97 417.02
42 725.22
52 661.71
16 630.61
60 724.95
27 419.74
27 634.22
4 324.19
18 494.85
60 538.12
49 162.37
15 959.59
99 255.84
100 530.29
61 913.43
22 537.63
7 942.54
83 814.86
28 562.31
56 168.29
21 928.94
33 970.99
36 649.09
97 753.82
55 480.49
69 703.68
55 890.40
70 885.58
31 418.90
70 786.10
29 234.94
79 324.84
92 860.65
96 661.01
45 957.31
87 908.63
35 659.35
57 620.89
13 107.87
43 835.60
71 103.61
49 995.85
75 420.83
63 718.28
89 134.04
34 396.10
40 900.44
79 892.92
36 134.45
97 924.27
11 229.45
20 402.00
49 620.56
84 229.79
11 283.57
4 745.86
73 619.93
73 122.36
56 860.92
47 341.95
28 163.69
85 789.62
70 117.96
63 244.40
36 640.15
43 257.25
91 496.21
40 454.74
31 425.34
25 566.03
50 380.18
6 436.02
95 305.56
68 821.08
55 580.96
19 230.31
34 491.99
1 437.72
75 925.94
79 855.95
41 454.53
9 601.22
62 169.66
88 283.72
66 964.75
37 138.01
21 115.80
17 954.18
48 252.32
65 591.18
79 801.77
98 714.04
75 338.58
16 248.57
52 533.25
67 409.10
66 759.50
39 795.53
58 338.25
24 153.76
3 823.05
57 824.35
83 208.58
24 230.08
30 842.78
4 584.72
65 641.49
12 725.69
62 961.87
5 368.39
66 920.40
76 582.07
27 656.18
53 469.82
74 448.51
99 221.79
87 680.98
91 722.14
85 340.78
16 984.45
16 783.49
38 669.02
76 305.31
13 654.63
16 427.23
31 643.73
61 379.82
86 879.94
89 596.07
79 198.15
9 775.81
46 805.07
26 820.58
67 273.79
4 261.85
15 150.75
21 890.08
32 922.33
91 423.76
13 533.41
56 168.17
15 416.14
58 503.08
34 827.84
69 380.00
63 289.53
60 426.52
57 437.65
97 994.83
8 510.69
51 798.45
88 271.84
28 919.27
30 473.63
79 564.93
22 909.59
83 861.70
93 933.00
42 526.73
95 529.00
89 736.75
87 880.02
13 643.81
46 373.57
36 584.74
47 565.31
55 968.69
69 734.33
15 275.27
14 294.57
22 790.80
90 935.62
82 194.99
76 549.13
52 410.34
65 142.14
77 465.94
73 500.98
18 127.53
45 340.51
59 726.41
53 928.34
92 204.14
19 824.39
60 556.08
65 476.62
84 650.53
1 607.17
53 618.08
46 362.46
35 923.39
37 215.99
77 782.48
54 826.23
16 411.13
16 109.10
86 219.01
59 119.70
32 533.76
32 567.28
21 674.34
19 411.13
18 261.78
42 951.54
57 765.52
20 280.69
65 422.73
88 633.37
16 699.24
22 796.77
99 756.10
12 238.52
6 119.30
45 246.36
13 279.67
2 295.72
69 815.55
99 731.13
69 198.11
59 345.07
65 356.71
19 902.05
58 178.42
13 223.29
58 719.35
16 535.29
15 818.75
10 671.74
29 991.10
53 545.65
95 186.47
90 766.72
57 230.76
100 438.05
46 205.07
32 947.30
58 277.71
28 580.09
79 719.00
67 914.19
43 110.13
30 635.62
27 646.11
47 166.66
80 370.79
84 544.71
89 554.06
96 406.44
13 483.52
30 590.93
78 320.86
7 960.46
81 162.35
97 516.72
22 828.42
13 788.99
72 686.52
38 606.50
53 203.04
95 618.28
80 117.14
95 356.08
43 408.41
76 987.22
2 691.15
25 247.59
15 214.09
80 412.36
79 263.60
75 918.20
24 205.67
78 607.41
54 325.51
23 531.09
5 460.69
50 255.99
50 490.92
73 985.87
71 749.09
9 859.13
33 645.07
90 477.25
42 855.13
38 500.87
19 743.20
60 542.42
36 943.08
10 834.96
19 990.33
30 510.10
49 998.06
94 622.18
38 821.56
29 137.32
23 209.38
97 365.27
100 947.51
24 308.62
78 159.54
70 997.43
16 644.01
66 459.93
42 344.83
37 367.45
69 452.38
67 130.32
60 740.93
29 425.81
37 752.54
65 936.95
43 716.00
88 710.33
1 816.63
99 761.70
51 178.22
61 473.85
10 581.86
74 379.30
38 107.05
35 562.22
19 319.40
62 869.51
77 154.08
8 450.27
16 288.47
85 532.26
16 449.24
31 681.33
12 521.95
100 366.89
36 717.63
48 251.16
32 948.71
73 913.53
87 781.80
81 767.37
45 940.34
30 882.93
3 259.99
11 664.29
38 165.17
36 604.95
13 408.72
54 764.13
32 362.21
56 841.44
49 679.85
63 477.78
74 968.81
42 423.21
9 126.84
8 622.29
97 921.73
34 980.25
78 382.88
65 877.62
90 531.31
2 712.77
4 840.26
83 560.69
64 949.56
40 381.27
39 905.11
44 490.82
22 799.44
45 960.92
93 901.00
29 917.64
99 108.23
34 562.39
66 978.87
90 221.38
62 566.02
72 163.11
20 228.45
99 165.11
81 474.35
72 963.94
49 418.96
21 455.90
92 754.52
58 287.77
9 226.62
15 761.43
44 931.18
28 442.97
59 245.01
39 451.67
92 632.84
100 899.91
61 641.46
1 639.34
80 171.36
5 577.39
53 768.50
49 314.31
98 445.01
93 143.86
40 194.30
5 890.20
47 654.91
18 373.61
37 225.49
27 255.50
38 848.14
94 842.06
68 543.94
72 387.76
64 847.89
23 324.39
51 814.53
4 449.19
81 460.72
5 460.69
78 677.22
60 587.02
36 225.98
69 702.04
26 488.95
74 247.13
73 501.98
8 141.86
69 534.95
8 124.31
86 919.02
43 449.09
12 394.23
67 583.69
99 323.84
30 272.79
65 208.79
81 498.16
82 344.21
93 632.69
100 469.37
30 294.00
85 804.93
32 862.23
69 767.90
2 199.60
41 200.69
77 684.40
38 744.91
35 585.29
52 790.79
100 963.82
83 949.09
2 402.99
85 925.28
12 491.34
80 541.12
37 970.70
66 484.30
40 310.75
58 781.04
93 132.19
27 939.26
23 525.94
30 590.81
4 993.53
93 655.89
51 479.80
76 564.79
79 573.09
52 555.75
70 450.02
84 371.29
8 105.87
7 137.01
81 185.41
33 559.98
54 748.86
29 140.23
73 273.68
61 426.94
73 797.15
2 624.70
11 364.47
85 155.45
92 681.29
47 450.63
59 793.94
70 442.98
20 664.21
11 634.34
73 133.89
5 268.76
4 589.30
21 991.47
39 839.96
11 842.65
3 802.72
44 286.61
26 832.95
20 239.23
76 509.34
7 972.39
48 860.86
94 390.25
38 627.75
19 352.10
15 459.34
55 573.47
56 390.40
35 983.64
28 663.17
57 773.66
46 577.00
55 517.80
65 696.93
24 872.32
49 182.63
47 734.05
6 184.44
59 126.37
79 454.20
30 524.75
15 167.93
66 664.51
100 202.23
60 786.54
52 405.81
86 111.97
91 956.11
100 466.87
89 606.52
64 571.53
40 228.72
23 719.85
17 936.07
26 760.67
39 566.62
48 297.40
23 218.92
81 462.24
82 626.32
29 870.11
98 328.84
88 513.77
42 789.74
80 990.38
4 998.86
50 859.61
1 301.88
12 663.77
92 699.77
90 875.61
91 243.23
94 792.56
93 276.66
97 506.69
49 143.51
44 912.92
46 352.55
70 362.87
54 463.47
8 490.89
69 321.88
49 299.40
24 337.38
36 489.53
12 580.39
45 214.82
91 789.30
25 375.87
28 372.71
24 187.97
16 251.06
56 767.77
8 639.98
75 861.76
98 999.00
27 858.32
38 562.69
82 348.43
28 581.17
15 218.65
11 379.30
7 677.46
6 273.26
14 897.65
34 807.11
87 867.52
59 841.81
34 523.79
81 650.62
73 483.94
25 432.20
71 288.99
24 280.74
28 793.81
37 824.56
21 698.62
98 636.53
5 734.85
43 871.40
48 740.12
74 860.00
98 460.59
73 837.54
17 782.98
28 323.34
59 714.69
69 832.65
57 726.24
18 515.04
25 128.46
56 482.48
100 776.23
51 172.08
15 611.57
57 126.31
49 669.34
91 567.61
46 260.73
58 245.56
29 236.86
79 921.18
72 255.64
21 515.55
58 659.78
65 221.32
50 154.30
68 543.65
36 690.04
43 488.01
5 666.64
86 149.37
42 944.79
32 809.33
69 940.82
61 694.25
24 368.82
9 680.03
66 428.95
14 380.72
39 650.28
39 702.98
70 412.25
59 900.25
62 332.73
72 652.58
43 311.56
68 348.90
19 387.83
60 210.93
20 304.54
13 337.84
17 744.87
13 310.54
59 254.59
35 381.04
49 384.88
58 573.87
17 666.29
3 534.24
87 648.84
20 222.86
3 869.70
87 450.98
12 931.84
9 691.81
16 848.86
6 859.98
32 833.08
57 289.59
4 574.49
51 930.22
24 634.22
69 493.71
80 372.38
54 170.75
38 553.62
56 109.89
13 181.40
35 341.43
39 798.11
47 919.61
74 146.23
97 925.11
97 192.13
40 277.94
60 175.82
31 710.23
75 655.58
93 276.75
26 165.22
41 122.89
60 452.61
59 648.69
60 761.71
12 319.20
99 485.28
66 350.36
41 276.69
16 454.24
87 148.87
87 260.91
21 518.61
76 440.45
24 512.04
12 775.74
16 283.38
29 223.97
60 484.95
45 297.35
68 821.10
5 928.70
60 301.13
46 553.61
60 975.72
41 701.56
6 894.81
16 684.58
4 629.66
75 908.33
47 882.61
36 761.34
65 110.23
31 654.10
3 231.72
24 335.40
9 240.38
25 408.31
48 998.01
35 330.80
31 555.85
70 622.43
36 161.94
80 578.93
13 583.35
71 515.15
64 676.41
21 130.79
24 688.89
91 998.79
70 388.83
97 491.01
38 738.77
52 192.66
15 382.65
36 959.08
83 691.26
11 388.88
80 432.15
30 371.08
95 600.05
98 149.51
2 568.30
6 991.44
80 987.59
68 394.07
77 907.58
22 880.47
88 647.67
47 340.84
60 887.24
76 350.07
2 783.63
55 816.70
12 675.74
7 376.78
65 748.15
70 765.81
49 939.02
56 998.47
37 242.58
30 663.69
69 589.38
31 257.59
68 874.22
13 994.52
69 358.43
69 573.35
71 996.50
5 918.06
34 759.50
23 852.05
60 912.23
63 323.32
50 899.87
58 677.01
83 851.40
75 701.91
46 787.52
43 864.53
91 261.17
65 863.00
50 825.57
94 900.23
19 187.39
22 923.11
36 919.17
51 141.01
44 164.08
50 806.93
30 246.53
82 911.16
31 935.30
39 116.85
89 151.40
34 324.94
61 238.16
18 772.13
87 742.71
82 889.81
14 973.57
90 318.76
9 572.06
48 996.35
60 559.73
32 618.98
2 748.98
92 700.02
94 809.82
39 841.58
37 156.89
7 341.68
42 236.72
26 749.36
8 879.94
10 858.52
36 115.66
15 101.90
62 276.10
27 983.20
74 107.26
9 783.19
66 348.75
4 805.60
83 542.89
5 398.62
25 807.91
68 242.97
68 770.49
33 502.80
82 476.28
25 892.13
31 487.59
87 687.42
24 365.08
45 553.66
33 522.51
99 553.65
49 382.83
70 468.90
61 788.81
15 940.86
47 766.69
21 241.00
24 975.40
98 160.84
52 913.32
94 610.66
1 486.20
38 546.52
57 810.94
85 863.53
28 261.55
51 343.73
64 301.80
7 142.23
93 486.35
83 983.08
78 415.74
65 945.55
28 189.56
25 225.61
22 354.28
32 286.68
89 111.93
49 823.65
99 673.03
36 746.53
25 629.53
17 333.09
60 114.09
97 462.24
51 961.48
45 233.01
83 988.12
11 607.96
58 434.08
80 239.76
33 852.23
36 818.66
67 414.58
56 935.11
2 458.56
21 610.88
88 505.52
12 761.03
50 784.66
48 184.57
95 759.76
4 682.17
1 655.20
16 559.22
79 251.41
36 511.21
13 500.43
63 514.38
41 579.39
22 577.92
18 784.01
52 349.59
35 687.55
99 516.43
26 306.39
5 132.87
50 872.50
50 760.76
49 287.94
74 596.73
91 367.92
35 983.60
26 450.34
32 314.88
4 832.30
35 581.77
43 834.46
60 697.07
17 206.04
29 924.47
29 220.92
62 644.13
68 973.29
18 748.02
18 455.01
73 697.73
68 938.03
22 818.58
47 904.65
99 235.75
53 889.57
68 393.19
37 474.97
69 493.70
37 339.50
88 808.13
12 515.38
76 725.97
56 908.64
23 119.75
45 528.89
13 406.91
94 427.97
46 889.02
87 460.11
70 198.16
9 835.68
80 728.63
62 674.95
34 715.43
20 742.99
86 174.45
33 236.09
57 690.86
91 403.30
17 782.49
89 433.69
51 184.51
80 224.92
80 256.45
76 588.10
21 381.62
50 118.37
32 629.69
54 783.34
86 408.68
53 987.77
10 105.23
74 811.01
81 690.87
18 621.78
97 590.81
96 749.54
93 326.78
42 925.64
84 119.92
56 701.45
100 765.49
29 726.41
43 309.07
61 727.17
15 176.58
15 255.30
97 367.97
98 918.36
31 342.95
43 367.51
74 942.21
23 150.48
11 637.33
100 952.12
67 372.78
8 553.99
5 898.72
22 326.79
90 465.38
83 529.35
69 660.52
68 918.30
6 376.55
77 998.80
96 939.45
75 982.85
10 857.56
23 597.05
64 994.67
93 495.76
100 564.96
56 308.51
74 597.71
51 791.65
16 788.90
41 788.04
8 188.34
50 498.71
67 689.50
47 568.68
97 417.40
43 432.82
20 597.14
7 501.53
90 379.68
54 957.15
43 372.86
60 451.64
77 796.41
94 319.93
86 285.87
19 506.82
54 535.80
86 296.23
93 818.99
2 482.86
4 346.85
44 735.68
73 316.80
36 688.44
38 111.50
77 319.50
81 539.66
10 972.37
37 261.93
62 232.75
7 508.61
43 298.73
29 240.02
88 287.83
29 316.13
83 639.23
7 728.35
87 905.19
23 781.19
58 362.58
5 343.74
64 174.34
24 514.05
84 777.88
98 310.26
25 494.14
18 218.15
42 619.44
93 438.34
58 653.02
97 309.20
60 238.25
99 766.56
73 551.03
91 615.11
73 364.38
52 430.50
31 466.35
75 352.34
44 756.74
65 344.17
34 551.91
56 585.10
82 268.98
30 939.21
13 838.38
70 990.73
17 564.28
6 327.28
43 200.80
61 937.27
37 400.28
61 641.50
3 210.42
97 361.69
89 171.81
12 621.28
3 733.90
4 586.30
8 370.70
93 284.24
55 485.79
25 392.53
53 742.58
5 267.10
49 360.20
67 415.13
67 798.06
97 291.15
93 856.50
33 397.55
39 485.05
58 197.52
65 216.95
100 723.20
32 459.72
11 559.40
33 447.03
28 640.85
91 555.09
13 788.80
1 330.37
91 342.29
7 862.18
46 788.57
90 701.76
64 126.26
75 306.09
56 531.34
12 294.03
32 764.04
58 566.74
45 330.52
10 388.53
76 325.87
90 686.76
25 733.99
12 443.14
24 225.59
49 650.61
43 736.83
93 760.17
6 310.46
71 277.39
39 914.17
88 200.15
24 261.58
92 332.59
96 295.14
92 272.71
63 686.62
21 386.64
10 726.45
100 480.99
1 246.35
14 497.74
42 859.03
37 236.38
84 847.13
71 914.80
20 311.56
56 494.45
45 891.99
40 738.00
69 419.39
67 207.54
26 650.61
2 165.71
81 383.84
25 968.47
17 739.67
27 631.22
2 448.05
46 884.75
85 929.08
24 938.98
4 251.14
27 883.05
38 823.49
44 891.33
29 117.24
38 693.02
57 344.62
99 522.64
84 227.67
33 869.88
27 751.64
74 472.88
16 133.13
32 656.17
73 440.93
11 774.23
43 675.01
79 693.77
62 414.30
31 220.80
5 320.75
58 291.48
68 632.88
87 251.54
97 110.91
5 611.83
81 334.56
62 133.38
78 602.32
89 352.21
22 984.86
43 410.54
37 390.55
7 719.79
47 880.06
45 154.13
64 252.15
10 341.88
17 199.37
42 453.14
90 898.38
56 530.14
29 959.28
62 501.03
8 535.67
25 731.93
10 781.13
13 675.84
92 108.17
49 569.80
70 227.66
56 194.77
95 411.64
52 593.03
83 397.16
89 708.59
77 835.92
23 206.63
57 162.84
90 405.23
24 264.65
94 403.46
8 444.13
76 568.55
63 187.29
3 633.75
27 134.16
30 677.38
71 156.43
62 567.70
5 577.52
66 266.84
88 589.36
76 788.12
84 178.80
32 981.39
52 240.95
73 766.80
84 939.77
30 100.84
80 819.29
28 336.27
35 700.53
30 715.09
79 153.21
99 214.13
49 524.19
73 490.85
5 239.20
83 850.62
17 411.27
95 465.64
81 657.97
84 175.02
32 392.88
55 823.29
30 212.47
63 396.15
48 362.69
31 227.46
22 966.39
18 126.77
2 124.13
19 462.09
54 225.62
46 275.72
33 742.82
45 479.19
18 701.95
17 982.15
1 400.37
23 258.90
5 977.09
86 910.90
83 986.12
42 443.30
57 310.14
100 617.79
39 802.79
4 123.75
20 843.77
11 204.73
92 400.51
48 166.41
48 789.26
53 982.68
82 820.98
67 275.44
100 768.37
98 387.33
95 344.20
77 437.55
86 319.72
20 899.60
22 345.61
25 954.20
68 458.20
98 649.56
77 426.70
67 310.45
73 796.17
47 341.34
13 536.51
64 552.48
55 605.79
88 849.46
34 958.90
62 695.47
27 765.94
5 580.08
38 924.10
84 355.18
58 730.97
16 721.42
3 299.64
84 418.10
26 508.56
39 546.84
67 780.52
6 341.98
68 357.57
60 853.07
15 123.42
89 161.42
70 742.92
81 654.28
2 254.86
68 656.08
8 873.06
54 916.03
17 894.10
57 919.03
76 358.92
36 789.26
26 412.75
97 458.02
7 702.14
82 252.09
73 410.94
71 432.56
91 569.15
8 489.79
44 682.53
33 151.11
68 321.42
73 681.03
14 982.85
53 444.21
19 769.69
6 607.50
92 174.87
25 857.00
23 718.62
96 609.00
4 665.43
98 152.78
64 360.54
44 965.76
69 549.51
95 269.50
19 481.20
12 122.80
56 434.54
62 395.72
53 728.08
88 339.91
46 291.24
8 720.62
25 841.95
89 960.14
50 680.83
89 294.56
20 163.76
64 602.00
8 317.51
11 992.70
11 161.03
51 405.35
56 526.44
24 520.12
58 440.30
9 682.90
7 268.99
21 171.70
70 915.77
32 716.62
88 545.93
65 670.60
37 672.93
30 332.91
97 205.81
32 701.37
41 682.11
60 619.07
83 815.32
13 900.16
58 147.13
69 628.77
41 783.07
59 208.40
84 325.48
40 786.20
55 945.10
27 755.64
69 358.10
31 610.19
86 231.94
7 293.39
20 290.38
29 585.21
31 750.32
42 177.98
72 116.78
6 993.75
54 450.67
90 620.91
12 907.01
89 900.23
40 583.66
61 298.20
21 213.52
54 801.67
46 476.09
60 552.80
61 751.63
6 836.95
55 820.45
8 101.59
48 271.33
64 761.39
66 603.79
98 636.31
9 504.29
38 455.95
78 364.13
71 441.18
66 508.35
100 457.30
2 351.08
5 539.06
35 508.58
2 743.09
75 308.57
25 440.62
68 894.48
63 586.46
39 815.30
98 423.63
29 218.25
76 502.77
65 439.89
65 211.13
26 729.85
68 471.60
74 916.69
60 327.47
16 180.88
49 906.93
27 305.41
43 963.03
1 461.73
77 363.92
23 222.84
39 123.81
12 558.36
8 419.93
84 861.71
72 150.95
75 210.10
83 785.62
68 142.78
13 191.15
3 946.86
56 485.24
26 860.91
49 913.16
32 556.24
10 142.16
67 740.55
80 470.13
60 423.46
41 420.69
91 190.70
29 110.53
29 657.31
30 880.03
19 818.89
58 365.71
29 681.04
39 683.67
23 366.14
83 203.71
33 647.24
38 549.94
23 933.10
49 526.19
86 900.49
96 703.70
75 972.91
7 887.53
99 662.07
35 507.01
1 952.11
3 872.26
45 818.08
83 272.65
82 379.93
43 129.04
2 983.99
76 144.81
34 370.31
6 298.33
47 917.18
72 857.65
7 311.37
69 961.48
97 613.84
54 627.53
5 777.12
45 311.60
16 651.53
37 704.67
58 402.11
87 691.92
70 317.94
74 239.76
76 891.71
43 559.51
24 277.30
95 457.22
56 781.97
50 356.80
51 729.89
49 144.39
97 103.24
92 959.04
23 696.29
75 159.47
42 295.83
79 297.59
12 638.80
70 706.19
11 123.14
67 362.58
55 117.04
96 847.39
46 561.87
71 106.77
23 529.89
100 861.37
95 317.02
71 956.37
35 421.09
70 168.87
52 453.90
17 133.47
9 476.07
67 950.27
41 740.12
81 149.78
1 146.07
71 181.27
22 608.96
96 978.77
55 968.53
31 589.53
15 825.58
8 295.19
4 791.80
97 621.15
82 148.53
40 401.98
4 316.24
20 384.18
96 984.05
79 223.69
5 823.95
90 498.32
56 554.26
15 248.87
7 503.64
48 277.94
71 292.75
17 192.44
38 502.63
85 396.75
25 487.91
43 366.77
73 773.22
72 459.79
42 227.52
53 836.01
43 428.21
11 633.00
17 907.27
89 290.77
80 124.01
70 335.93
30 889.79
34 498.70
83 939.82
95 970.39
93 402.78
15 990.08
31 445.51
63 362.38
97 255.00
45 724.79
29 821.83
78 670.93
53 477.11
23 323.69
77 637.73
60 380.65
32 605.89
94 785.73
62 274.72
8 630.54
46 145.33
28 983.60
95 439.66
9 545.49
4 782.93
5 331.11
54 955.80
86 812.29
66 688.55
11 552.27
63 644.26
53 658.59
49 181.31
8 227.29
7 393.00
37 661.04
21 905.36
26 386.61
52 688.96
53 874.20
35 477.64
93 435.97
3 597.47
80 762.24
94 693.45
30 956.75
58 290.35
36 278.58
100 393.71
34 235.56
79 610.37
68 406.73
92 963.87
46 247.05
53 403.41
92 692.21
83 976.62
53 479.14
58 680.99
12 804.83
69 646.51
6 786.56
17 123.01
33 246.63
66 606.84
52 519.17
46 349.57
39 494.78
95 327.43
89 222.59
31 241.47
74 905.37
46 756.88
34 789.15
12 167.62
44 677.68
8 566.65
51 854.77
32 298.73
36 300.17
82 467.56
58 996.67
4 427.62
27 765.05
44 430.23
25 334.23
52 484.08
31 439.59
12 484.38
81 324.08
65 696.60
93 477.64
18 452.27
63 404.87
24 664.20
32 692.20
52 631.85
73 377.57
14 635.65
37 998.61
85 201.23
59 118.56
81 764.37
78 658.68
26 593.32
41 775.01
20 566.97
48 482.53
70 942.43
71 909.64
39 264.55
80 205.98
27 232.03
57 386.57
13 558.43
86 565.87
66 494.40
83 704.26
46 476.56
83 558.10
92 839.34
15 274.30
54 827.95
36 703.89
60 268.53
6 678.74
63 417.42
97 809.03
53 374.94
12 383.82
49 430.80
81 522.22
3 416.05
68 412.06
98 299.88
56 181.04
67 866.37
45 476.67
76 537.85
14 869.40
56 308.81
37 934.80
1 358.37
68 353.83
41 147.65
96 335.90
91 943.45
71 522.64
83 469.47
10 866.83
5 594.08
24 884.44
80 468.29
17 381.68
36 376.81
25 802.77
16 225.60
95 532.12
9 625.35
58 831.17
94 910.14
62 782.32
70 337.84
44 635.72
92 157.61
64 287.70
60 253.49
20 935.47
26 443.07
57 804.40
36 767.90
77 926.40
10 310.23
69 637.90
88 302.73
69 996.47
54 325.96
43 663.30
5 898.03
30 967.31
69 474.51
56 358.99
25 804.58
55 655.92
58 191.40
66 447.07
91 304.83
53 325.66
96 673.67
63 503.02
16 337.06
11 709.82
42 383.70
53 355.53
6 828.92
93 987.11
86 820.37
94 229.64
74 244.25
1 787.05
75 823.40
8 407.79
96 148.22
14 707.71
48 584.36
52 836.65
35 646.74
73 314.13
81 519.08
41 570.21
94 853.57
57 136.07
29 445.70
94 429.58
55 953.60
10 258.39
4 767.13
13 365.69
100 860.07
7 384.40
23 716.22
82 790.71
15 343.01
32 561.25
93 789.47
77 209.83
78 426.95
5 832.09
76 855.34
22 549.51
97 112.31
63 372.06
31 576.86
84 468.52
47 552.44
1 538.33
100 240.12
88 820.08
36 285.13
65 469.16
37 706.43
87 719.37
88 549.09
25 123.97
19 601.82
36 475.71
42 346.17
42 464.00
35 148.13
54 898.36
36 436.48
12 199.24
69 206.59
39 571.28
14 151.75
8 601.65
44 461.07
39 286.12
8 924.56
8 307.23
61 333.38
4 398.90
49 306.59
50 808.72
78 515.73
93 723.24
93 892.38
26 173.86
12 164.02
73 854.43
9 842.06
16 287.77
45 781.37
39 608.38
14 752.13
87 548.48
22 795.02
32 337.05
30 437.75
78 596.68
26 577.81
3 214.27
94 442.04
25 121.70
47 849.63
79 146.26
47 996.32
47 201.36
62 235.74
4 841.14
19 620.25
70 229.57
91 399.02
61 748.14
53 275.13
10 257.47
36 437.30
59 403.20
96 320.83
20 713.64
39 522.91
41 616.46
85 451.97
83 545.68
3 292.76
81 416.51
39 805.80
96 866.13
92 803.09
46 381.71
39 601.36
54 569.32
49 826.04
54 882.47
50 392.63
95 928.35
51 798.52
43 495.77
48 664.90
67 342.81
33 581.50
51 820.54
7 646.17
28 479.05
18 233.54
33 642.99
60 628.25
61 722.30
30 487.15
82 843.67
18 311.83
29 531.32
72 954.55
79 781.23
78 757.07
93 449.54
85 978.73
20 359.22
84 251.44
9 226.81
96 490.90
89 323.39
92 119.16
3 593.89
80 984.36
18 871.47
46 448.69
75 658.51
16 948.02
46 632.21
11 799.49
98 111.94
96 145.84
86 119.68
53 369.82
34 427.58
42 121.60
80 245.77
61 132.85
97 348.68
49 437.50
95 417.86
55 928.94
16 490.54
86 949.38
15 554.38
15 634.25
6 512.38
43 426.90
30 387.31
20 682.09
74 639.13
41 380.68
51 660.25
64 197.82
99 119.56
54 521.45
6 769.63
80 656.87
74 814.07
2 888.27
39 287.29
72 952.87
70 941.82
1 922.44
15 754.55
12 179.73
96 213.76
87 214.67
44 908.14
79 613.99
94 722.96
22 778.45
95 392.14
52 744.31
94 136.02
79 432.35
99 157.21
73 928.81
43 400.18
54 249.41
97 802.55
89 781.73
20 270.04
30 925.70
48 117.28
27 930.36
36 938.89
38 706.05
36 111.45
35 595.26
4 784.08
48 691.82
5 764.78
96 537.03
99 722.34
91 474.44
57 907.27
86 273.63
8 924.97
99 932.23
22 629.70
29 144.30
43 748.26
36 676.69
43 343.82
88 412.24
86 799.73
2 275.28
44 474.24
35 328.72
14 704.56
33 296.85
83 240.87
31 921.35
90 309.89
15 179.44
31 829.97
61 465.20
100 976.49
72 208.92
24 521.76
15 975.61
96 837.67
26 356.26
52 169.32
78 807.48
57 811.03
14 728.24
11 375.80
80 950.70
35 711.92
37 482.22
30 908.95
87 657.65
3 548.33
64 476.51
64 810.72
46 449.43
28 434.75
64 641.49
1 595.08
54 405.61
27 975.16
82 488.24
88 567.47
99 640.87
10 334.66
53 744.53
43 244.14
89 891.81
48 162.61
25 414.16
83 628.92
22 468.32
43 576.33
70 312.91
79 265.35
69 111.85
29 130.78
51 193.03
17 171.28
40 485.90
66 317.53
45 606.70
6 685.94
42 649.26
40 703.99
89 999.04
38 158.42
50 880.01
30 320.03
69 450.25
8 684.64
88 467.70
34 295.37
56 859.95
59 624.02
77 658.76
22 630.14
3 643.04
46 568.90
36 387.16
25 871.07
34 137.88
79 504.60
51 665.38
64 533.60
40 861.01
11 943.86
69 201.06
1 140.44
90 482.02
20 921.56
14 970.50
97 415.56
46 211.81
19 984.23
100 657.57
100 916.72
52 191.54
61 189.58
57 291.23
67 881.47
70 929.54
28 559.88
31 529.30
55 622.51
100 779.97
26 591.95
15 813.02
47 257.43
30 385.44
95 611.21
51 859.49
50 459.88
61 681.70
68 937.66
13 675.53
48 896.39
64 151.45
1 380.50
68 167.88
54 520.92
40 779.85
78 448.66
61 639.03
54 719.65
51 750.16
16 345.10
64 762.70
38 364.01
67 406.91
48 665.04
98 993.48
56 758.53
10 408.52
44 155.78
84 571.33
87 312.84
25 219.37
81 123.95
97 446.46
64 179.32
44 371.76
86 987.61
92 334.29
62 968.96
89 708.40
84 675.63
99 600.45
4 562.27
50 540.71
38 809.37
65 862.82
79 411.82
60 186.23
27 316.29
50 700.21
60 868.88
83 983.40
83 110.53
83 107.61
37 719.03
16 815.32
36 768.72
71 215.41
74 768.78
77 670.47
72 817.90
7 162.00
36 279.09
26 994.72
30 854.85
50 341.81
58 700.72
82 179.46
61 182.74
29 390.64
50 978.61
61 866.15
4 214.47
53 341.24
89 774.86
92 225.04
42 914.45
82 706.22
56 188.99
37 642.26
79 268.91
82 158.49
87 945.94
9 917.44
100 339.84
66 901.62
37 678.91
95 690.81
24 270.06
88 537.29
18 507.85
45 410.07
13 297.66
71 329.93
31 666.54
68 997.81
39 254.44
84 804.07
81 775.12
56 698.09
74 776.73
17 928.95
89 686.56
28 281.37
13 324.78
13 191.61
10 461.28
22 552.19
91 251.86
74 205.06
75 220.16
62 748.44
34 710.72
9 315.30
95 607.49
40 724.22
1 750.85
44 291.19
30 275.55
82 658.92
53 420.07
4 488.09
31 340.74
20 977.76
21 311.28
18 951.74
39 113.89
10 346.96
72 882.45
80 462.69
79 939.67
3 240.36
18 308.62
7 980.60
6 108.81
28 209.48
40 273.62
11 476.20
59 201.98
54 173.94
64 749.63
3 573.48
76 317.60
54 590.35
59 482.28
26 837.49
95 222.22
79 404.08
47 653.93
100 207.19
30 383.01
2 557.22
25 701.71
79 832.02
2 778.23
91 900.56
12 953.43
86 542.55
5 822.58
49 781.83
20 251.04
21 185.51
46 622.04
73 921.78
63 304.92
59 542.95
64 183.54
15 874.03
62 475.36
76 124.51
76 240.31
95 558.22
65 500.92
50 398.56
63 402.38
36 570.76
24 856.21
100 992.07
10 297.75
49 534.50
36 158.07
13 982.02
33 737.43
15 305.78
65 862.64
96 831.45
30 389.15
70 858.40
90 159.55
88 669.52
85 849.29
73 790.40
56 977.43
40 329.84
46 479.33
91 501.30
24 456.00
78 337.51
37 639.64
32 805.55
90 889.32
19 939.50
7 695.79
67 339.99
41 272.34
24 261.61
55 591.96
70 697.44
9 745.29
58 976.47
30 296.21
40 139.90
92 612.58
1 915.62
34 718.48
73 167.00
56 597.37
21 172.64
39 970.67
94 621.17
28 729.37
39 785.97
58 448.11
15 638.27
86 245.75
30 604.10
49 844.01
99 250.81
61 376.57
36 381.59
71 106.87
11 670.80
17 839.17
47 851.72
2 109.34
14 813.02
33 197.74
29 475.97
80 538.15
100 502.01
75 507.72
92 532.74
74 586.67
40 927.74
54 436.45
7 599.17
32 687.15
56 985.65
34 679.88
74 611.74
84 602.46
29 251.46
51 688.26
82 719.78
82 874.88
13 617.78
98 792.53
51 385.48
4 738.34
93 653.91
35 839.95
25 941.93
34 839.63
24 339.17
77 720.44
47 745.97
37 666.14
36 939.55
67 556.00
37 510.52
92 505.70
91 388.80
68 389.87
56 739.21
47 598.29
9 714.98
51 635.09
92 693.66
17 484.19
79 100.58
13 470.97
89 756.63
14 687.80
49 151.59
39 135.61
5 310.94
56 783.07
16 174.42
87 663.46
35 577.72
14 204.99
10 474.75
93 171.95
52 365.84
77 237.54
87 525.29
44 266.90
78 979.78
87 949.01
32 557.65
40 955.96
90 768.91
61 358.73
22 991.03
18 387.26
9 878.58
89 231.71
18 773.22
83 733.56
11 687.29
51 180.61
67 388.26
62 886.99
37 551.48
16 394.14
13 636.65
94 340.26
57 358.24
70 574.79
78 199.56
48 867.23
88 828.02
53 332.71
70 122.02
48 480.70
27 193.44
5 688.47
46 515.82
53 157.01
48 714.66
9 139.39
87 882.15
54 345.34
11 564.43
45 484.34
23 129.17
34 672.34
69 469.88
24 114.11
38 599.35
51 841.37
50 446.93
95 334.68
52 395.89
60 399.43
47 378.15
34 601.72
39 919.24
74 100.25
55 659.55
59 246.57
67 681.67
67 191.59
8 770.45
88 267.12
49 810.50
92 933.85
48 788.32
18 599.72
86 234.89
61 908.44
91 735.03
67 695.55
68 873.40
27 704.71
53 371.10
3 760.43
19 234.87
89 396.48
43 234.49
35 976.58
6 127.31
23 985.15
38 241.88
19 534.20
66 404.72
27 407.11
77 233.95
75 779.98
41 335.48
35 907.05
21 471.18
83 974.29
38 871.99
2 884.90
29 238.12
36 226.48
89 565.38
51 126.69
83 228.54
67 338.31
78 226.08
70 354.58
73 956.91
18 315.29
17 906.18
37 462.12
54 276.21
32 349.80
60 600.77
10 428.09
67 277.58
42 289.93
21 516.87
78 466.06
35 931.30
53 364.81
62 508.71
97 488.16
82 977.01
3 321.10
11 137.27
75 946.74
79 920.22
48 104.18
49 896.98
3 202.90
1 407.91
38 800.47
75 920.70
93 849.78
53 101.04
9 430.13
88 982.28
40 301.82
98 233.50
59 614.56
87 173.07
86 127.69
97 711.76
26 605.91
100 242.67
84 967.36
35 658.10
24 145.37
16 592.27
38 422.22
12 560.69
41 847.33
54 430.79
69 139.53
13 519.47
68 804.18
22 165.68
28 478.75
68 589.43
6 288.45
17 825.83
79 789.05
38 598.33
24 420.62
46 878.00
10 259.11
21 184.70
21 694.17
76 961.60
54 655.41
6 653.22
4 305.92
57 958.79
64 486.00
1 360.28
46 610.78
77 575.02
46 994.91
89 260.98
56 418.75
33 659.43
4 574.65
42 635.83
84 542.23
68 483.66
93 259.52
23 734.58
83 405.88
53 536.30
16 958.23
20 302.56
25 920.19
61 413.27
42 611.16
13 318.35
47 299.55
5 604.04
24 567.46
68 500.96
1 147.09
19 835.88
2 872.24
89 253.34
2 263.26
15 523.82
11 355.70
66 816.22
59 371.96
28 708.71
11 116.88
73 131.66
13 649.95
45 117.85
63 186.85
2 165.79
57 963.17
51 962.35
64 940.19
4 373.41
98 338.44
40 352.37
44 198.43
69 139.10
79 342.62
51 825.08
39 539.89
64 627.30
22 186.18
23 732.39
97 355.73
1 911.11
87 811.11
72 595.83
91 477.79
30 915.67
93 631.13
86 478.93
16 848.02
85 210.68
42 459.38
4 282.38
86 257.29
87 452.74
4 841.42
84 988.27
39 646.34
85 922.04
46 396.67
50 786.44
49 321.20
71 667.42
3 704.87
75 565.42
92 977.49
64 797.96
63 195.77
59 839.84
89 216.83
78 210.43
90 164.86
94 115.36
92 272.33
78 399.75
68 485.51
51 481.53
35 668.13
37 226.62
75 994.21
53 480.32
57 179.60
42 465.07
60 404.03
20 372.74
92 728.41
48 254.53
7 476.46
97 653.91
14 213.17
66 709.30
26 110.49
45 998.03
1 891.89
32 541.64
99 420.57
76 370.33
76 136.91
62 138.46
19 305.23
26 610.99
25 719.75
11 276.46
47 903.17
5 125.67
95 799.68
32 286.42
84 624.21
86 762.90
52 768.21
6 655.34
51 434.35
10 264.61
100 139.27
100 793.12
59 106.31
34 335.90
73 160.30
95 354.84
93 392.05
74 712.60
86 797.89
50 963.13
1 864.97
80 495.56
16 963.83
37 301.16
10 434.69
90 765.16
39 791.04
81 989.70
20 631.78
65 166.31
27 488.13
6 514.62
4 831.89
93 732.96
59 678.90
87 985.91
55 947.94
89 431.38
79 617.95
28 792.35
68 439.77
33 376.55
18 754.16
51 215.26
19 398.70
85 396.39
34 864.31
48 485.84
66 489.61
100 889.38
1 741.24
46 950.15
68 778.60
81 167.52
65 451.85
85 225.04
68 441.60
87 196.33
100 423.27
44 947.73
65 186.86
30 939.32
18 946.31
58 977.54
50 634.68
14 881.51
37 932.17
31 310.52
98 656.74
79 321.10
99 821.28
91 419.01
71 893.37
62 505.42
49 333.67
62 305.08
93 574.57
47 548.96
70 800.95
31 295.42
33 252.74
24 135.85
95 378.15
90 534.59
43 356.08
45 950.96
83 998.99
16 241.13
100 316.35
92 551.84
14 942.07
100 467.51
73 535.35
27 762.83
44 119.24
20 950.60
83 997.82
37 196.26
47 813.18
85 495.00
86 779.74
84 153.91
36 237.42
45 930.95
80 410.68
39 351.52
28 676.19
1 664.63
99 925.38
69 466.64
82 354.90
20 602.32
76 967.47
20 142.26
29 745.84
99 269.21
55 158.00
41 715.31
22 261.72
98 912.72
73 441.03
34 367.39
54 795.53
100 554.13
97 529.74
59 309.60
91 683.81
11 135.12
74 681.73
17 264.72
55 682.11
67 496.43
26 493.07
72 340.49
18 319.79
96 735.97
9 802.98
85 229.36
90 414.47
89 431.99
74 538.96
29 957.26
39 354.25
53 776.08
46 361.40
32 194.35
17 977.54
36 525.65
28 781.61
78 289.74
98 669.47
66 716.24
54 379.77
88 919.25
67 649.04
19 870.18
72 281.77
48 528.17
34 582.71
22 845.42
36 158.72
21 866.99
56 376.32
17 773.10
59 380.34
37 374.44
84 568.64
18 277.43
92 349.29
88 502.41
77 967.96
80 401.43
46 432.69
49 290.73
26 137.97
57 535.34
26 532.51
10 627.25
16 491.79
4 318.74
15 682.23
32 499.20
16 107.39
36 441.95
47 275.97
8 671.43
44 411.53
44 119.81
96 104.13
90 453.59
5 868.93
29 642.37
35 456.30
37 672.05
70 252.51
77 159.69
54 843.87
48 366.78
79 609.07
66 669.91
54 298.12
39 428.23
46 339.37
90 655.86
5 911.92
58 556.52
41 687.37
79 195.50
65 792.11
22 221.00
1 279.14
77 263.78
28 216.42
81 345.85
52 736.90
61 582.75
88 756.10
77 545.39
41 227.17
94 774.24
42 874.32
7 701.16
69 820.91
22 180.53
5 880.03
68 134.62
79 616.54
67 892.40
86 242.47
41 846.27
80 208.36
27 807.65
33 876.61
38 862.44
31 592.66
99 467.63
79 469.10
45 203.10
87 989.78
76 348.96
38 147.69
96 916.09
53 634.00
71 802.09
84 883.64
11 343.69
77 608.67
48 994.33
21 717.73
53 472.95
55 623.66
42 587.17
62 595.79
38 564.10
21 104.69
66 607.12
37 807.57
13 350.36
86 802.58
38 384.67
42 712.57
2 788.23
48 948.71
84 178.39
20 119.68
72 537.95
55 237.18
53 150.61
35 172.34
53 710.93
53 373.21
31 796.84
9 287.18
51 703.52
34 155.54
30 221.92
90 570.51
29 907.78
71 284.52
92 131.62
31 598.01
27 937.64
96 419.38
55 668.50
100 178.35
74 266.58
67 895.25
54 145.97
47 946.19
88 340.68
9 740.47
98 211.76
87 176.23
82 697.76
41 277.83
92 288.98
5 688.61
60 382.21
61 574.54
13 327.71
93 187.97
31 624.18
75 933.15
63 106.67
92 746.03
9 652.81
38 640.07
72 394.48
19 555.85
17 574.56
60 157.02
43 651.59
32 954.25
32 337.48
94 524.80
100 109.78
36 716.89
51 641.96
50 306.00
88 735.19
84 231.48
21 803.57
11 333.82
19 525.37
63 613.17
51 118.85
19 594.68
17 998.91
96 910.37
30 216.41
2 200.67
93 957.85
37 382.70
62 850.99
25 942.12
25 935.51
83 464.50
79 213.69
73 234.26
75 834.81
84 108.12
84 445.48
55 322.99
6 422.08
30 763.17
56 417.13
93 782.76
28 777.35
90 484.37
70 571.77
16 915.21
93 935.86
64 377.04
69 965.54
54 326.70
7 266.60
97 101.78
49 999.59
26 536.17
96 875.85
5 372.84
66 439.04
19 112.84
19 217.32
12 655.03
64 303.72
11 407.41
82 470.36
84 984.80
88 484.65
4 745.14
51 263.62
89 881.02
82 677.08
84 927.53
51 653.25
76 205.13
51 872.31
55 690.73
63 134.04
65 633.87
35 735.50
41 765.49
70 347.66
42 751.86
3 513.00
4 328.47
15 225.14
14 552.51
83 881.28
4 748.48
69 268.59
68 893.18
34 145.11
20 424.86
89 694.59
77 836.64
36 153.87
25 976.11
26 745.24
57 968.13
29 845.00
98 298.59
48 601.18
41 735.45
72 465.62
76 899.74
46 933.64
33 473.36
51 556.16
6 660.21
23 657.69
38 922.35
29 519.34
18 250.80
90 433.22
96 647.24
65 874.47
37 341.44
15 509.63
1 996.97
56 335.77
38 850.67
48 462.10
30 539.16
29 674.32
82 245.01
52 893.05
94 859.15
21 802.94
48 350.80
43 606.28
1 482.97
96 994.39
4 149.57
14 181.96
33 496.19
88 977.27
25 891.79
100 428.19
88 129.45
3 314.91
38 301.40
18 255.81
16 616.04
89 958.03
79 599.00
92 126.92
88 555.60
5 848.94
67 695.90
66 387.16
42 134.84
54 679.90
58 516.91
38 611.29
52 947.84
11 351.73
22 461.74
76 931.20
84 132.27
11 752.62
45 347.45
74 532.32
78 405.65
65 602.18
11 638.82
18 135.43
95 664.31
25 416.18
38 738.26
35 144.01
27 502.49
46 256.89
5 596.94
97 773.10
17 425.40
66 422.78
59 110.17
52 582.66
73 966.17
76 343.45
11 885.83
47 436.67
82 901.04
87 662.81
96 930.41
67 508.80
84 660.11
77 867.32
83 957.48
74 190.53
15 917.77
49 747.12
41 380.02
16 351.65
78 372.92
99 346.00
93 100.72
2 663.88
80 406.86
90 519.17
3 353.80
4 578.92
55 584.43
44 453.49
37 610.38
13 551.27
42 769.82
50 546.69
37 738.58
56 660.27
83 824.40
90 130.45
58 590.85
40 724.91
67 643.40
31 249.10
61 423.24
63 190.88
13 467.32
60 992.07
24 531.70
36 216.84
41 529.27
50 214.66
76 271.72
99 592.60
67 739.82
95 355.12
57 274.85
34 235.38
34 640.06
42 933.54
76 908.87
86 141.86
81 338.37
86 888.78
43 229.11
15 801.75
20 350.37
90 676.66
81 220.59
34 496.01
53 155.82
89 493.11
75 244.93
90 383.45
2 725.04
68 246.83
95 647.89
79 356.68
72 208.99
86 813.17
24 776.53
4 920.44
70 495.90
30 363.10
64 360.01
69 113.63
54 951.83
75 348.61
28 466.78
55 598.16
67 202.17
30 835.31
8 312.80
33 472.57
97 706.60
86 376.90
8 954.89
41 589.45
3 508.65
20 236.37
21 262.22
71 978.86
26 364.49
28 689.43
56 620.44
74 476.30
50 208.66
82 706.78
100 566.32
77 470.14
6 533.50
95 339.90
20 536.13
94 335.26
59 993.98
46 135.28
52 969.99
95 149.63
53 597.74
14 753.36
37 497.40
40 940.99
82 880.33
64 227.70
52 976.99
79 151.82
97 974.57
3 999.74
6 168.99
85 573.53
38 841.70
95 496.85
66 113.74
42 752.42
20 255.06
78 861.52
35 918.18
91 588.25
29 649.62
87 140.30
77 662.71
72 788.09
89 618.65
5 893.73
22 895.93
67 330.43
76 964.61
9 553.55
51 924.32
60 197.62
81 526.61
9 379.01
59 377.93
65 526.49
77 491.56
61 777.56
71 605.90
20 979.60
45 125.97
49 149.76
33 748.63
42 213.45
92 817.06
20 672.32
25 416.90
54 297.51
69 387.71
51 865.27
76 545.90
31 655.52
56 474.81
59 986.39
100 678.18
67 826.06
53 323.62
57 142.88
62 243.54
76 283.58
94 538.33
1 321.21
75 834.49
25 372.76
61 348.45
9 836.66
53 248.57
51 567.34
49 858.86
5 422.35
100 380.88
7 752.42
68 415.24
47 197.84
69 500.73
82 660.50
1 557.43
32 815.00
45 880.61
10 609.61
67 164.85
53 986.06
53 704.78
20 531.25
12 642.16
15 430.46
42 535.19
28 404.16
28 736.56
80 767.74
60 355.05
55 998.05
46 463.91
14 824.36
77 337.00
79 556.84
24 462.50
2 549.31
4 397.40
68 813.81
37 184.38
61 816.49
83 418.46
18 264.38
14 282.07
9 185.97
84 779.88
66 447.50
59 724.03
34 332.51
97 329.71
5 947.84
84 779.14
43 482.71
37 459.97
76 947.31
87 876.32
71 765.74
15 436.93
7 556.76
93 562.68
79 578.33
25 238.31
52 100.80
49 669.25
63 656.31
78 783.32
72 204.62
15 104.45
18 439.62
2 986.63
34 457.59
84 733.50
51 783.13
47 395.53
25 413.68
4 366.96
20 866.10
21 318.91
33 892.04
32 293.58
86 582.89
31 656.12
65 355.16
36 672.47
43 193.25
14 226.83
39 934.27
100 353.84
53 565.23
35 389.88
31 860.75
100 610.03
39 110.26
77 595.64
24 877.17
88 945.49
34 605.63
39 347.67
59 461.02
50 445.51
24 405.93
28 569.20
41 682.29
43 989.80
58 748.60
2 858.89
56 763.44
10 327.56
90 284.03
77 357.25
4 675.14
41 209.72
16 259.55
54 408.48
50 538.68
29 741.75
61 833.41
74 483.37
60 443.98
65 127.19
29 448.73
94 496.93
85 839.27
98 619.62
36 919.39
34 373.38
54 216.09
88 631.65
96 623.45
97 747.23
65 400.97
69 371.36
20 514.06
99 447.61
80 153.58
67 744.16
75 284.17
100 225.63
70 926.67
14 322.93
77 427.64
22 162.96
39 832.46
21 334.67
9 341.77
46 662.22
79 659.76
74 526.21
28 530.04
73 337.29
64 525.40
29 291.92
30 882.45
26 830.17
18 627.85
5 330.24
57 503.01
33 830.09
64 399.21
5 414.97
69 110.83
99 993.36
28 741.20
46 376.25
15 679.75
2 164.17
24 169.14
29 734.20
68 901.71
58 720.86
56 109.23
26 879.31
76 554.41
33 340.01
70 636.04
8 127.92
17 606.10
3 765.99
87 784.13
13 123.53
57 547.80
50 866.94
9 909.78
92 200.17
55 899.77
2 426.69
65 676.93
27 692.03
31 120.59
55 885.63
98 688.98
50 105.64
10 281.60
88 227.45
16 324.07
91 431.30
5 697.48
88 769.09
58 870.36
90 722.76
39 609.12
92 222.18
75 386.02
99 258.24
14 485.52
7 722.27
36 856.24
76 891.79
8 668.56
80 823.28
3 744.26
48 947.58
89 203.02
65 335.07
34 964.28
99 560.42
37 289.02
36 570.24
68 788.41
81 289.92
62 752.32
19 482.36
95 483.56
21 493.21
7 441.08
68 946.31
42 637.97
62 592.68
80 668.74
3 880.44
87 691.69
21 808.70
99 677.66
54 355.28
54 170.20
58 280.43
36 493.97
7 671.42
94 408.77
22 349.91
80 363.28
31 558.71
55 718.27
97 947.48
57 625.00
85 422.92
61 613.68
36 161.14
96 875.58
23 316.71
92 571.99
18 450.09
45 915.77
18 563.96
55 285.29
61 924.78
79 629.68
97 498.21
38 897.02
35 778.78
59 688.82
89 603.82
21 438.80
75 712.98
52 582.33
36 894.56
54 962.71
15 255.16
1 998.48
75 442.56
4 436.58
59 598.57
68 600.74
23 480.34
63 844.39
73 740.42
53 325.25
94 390.60
60 327.68
51 892.54
41 138.16
36 746.65
50 492.05
62 492.39
69 136.16
33 772.26
14 950.40
32 745.42
45 123.03
47 613.06
30 910.29
85 392.87
87 216.74
91 515.29
88 102.28
3 544.00
82 325.97
38 505.70
80 182.79
33 427.85
12 216.42
33 671.69
25 819.46
99 118.38
95 131.87
57 729.73
12 648.85
67 798.69
69 977.93
56 365.41
58 147.94
70 706.23
61 905.09
88 787.97
50 517.03
81 383.84
96 627.58
39 245.03
5 494.76
96 978.88
73 597.19
67 284.60
29 289.76
97 393.80
15 972.36
38 837.62
6 268.24
60 513.75
46 977.05
17 952.99
15 885.62
14 926.26
15 134.90
89 782.78
16 616.25
31 181.42
56 739.64
15 203.52
66 851.38
86 534.14
17 221.94
34 512.85
27 596.97
81 311.31
6 546.85
68 562.25
12 732.32
52 191.02
76 670.81
61 586.01
19 344.06
70 270.87
94 393.24
33 252.30
3 166.03
50 793.78
24 871.04
97 388.39
79 459.92
73 310.92
2 428.70
83 146.18
95 257.21
31 156.36
1 319.32
69 149.02
75 311.01
61 898.52
77 158.01
54 182.25
32 154.07
15 727.16
45 960.97
36 183.10
97 776.18
21 730.48
40 953.10
66 658.79
90 821.81
73 609.36
76 434.80
27 165.05
68 215.80
3 485.48
38 336.94
45 234.29
49 357.79
59 567.84
98 658.07
7 209.61
4 805.93
66 103.61
22 433.79
51 502.44
20 836.04
3 692.43
25 685.11
79 947.41
74 683.15
52 690.94
29 771.89
57 803.53
83 725.03
81 111.34
28 121.00
69 128.28
21 525.30
88 100.99
17 396.76
83 494.13
77 474.35
40 782.16
89 383.49
16 213.06
39 439.25
37 772.61
65 538.95
66 263.31
65 862.21
27 382.13
98 758.91
29 173.09
83 228.05
13 993.17
19 711.30
22 770.69
2 902.34
33 580.51
2 445.68
85 437.33
2 939.44
64 294.83
85 681.69
13 886.01
15 928.38
23 670.22
53 972.27
74 698.04
41 389.27
90 942.95
58 919.84
81 307.48
52 149.15
74 463.66
40 689.52
55 864.98
51 822.27
63 217.32
33 328.82
63 703.36
62 809.42
15 274.56
40 591.04
51 578.64
5 285.12
17 277.88
77 401.70
27 589.01
7 477.86
79 791.34
63 682.12
90 634.38
92 777.71
53 190.13
42 702.90
4 616.26
55 219.37
25 158.75
20 941.58
28 415.25
33 314.27
88 180.43
83 803.87
20 240.76
42 407.80
36 598.97
91 709.71
11 509.25
69 685.04
10 236.34
68 943.10
41 603.78
39 526.19
23 308.25
46 462.32
37 121.60
22 680.47
70 973.10
88 488.70
89 549.68
95 369.14
55 663.74
84 910.78
48 856.74
72 173.94
5 931.90
78 624.43
74 748.46
12 837.35
53 240.83
46 512.77
6 333.42
26 489.26
75 367.15
59 414.23
28 775.08
26 144.68
62 243.82
40 853.13
30 656.45
59 644.73
47 289.04
80 628.15
85 401.89
46 202.49
62 853.20
99 568.25
19 390.41
17 593.08
33 569.08
82 958.36
81 195.70
62 640.73
15 989.79
3 460.83
24 828.71
20 340.55
12 382.99
85 923.65
65 138.71
7 506.26
67 361.41
1 416.23
47 135.46
2 218.20
13 261.23
49 223.37
75 262.55
90 284.82
73 200.95
40 341.78
77 971.71
47 139.53
85 439.32
69 729.84
18 874.93
28 865.36
74 392.32
46 541.60
96 587.26
49 342.92
47 775.03
42 619.92
6 316.85
51 604.80
37 183.71
15 403.18
9 843.23
5 879.95
95 472.80
22 685.85
80 770.25
96 589.94
22 442.39
70 910.31
83 866.66
89 918.19
35 808.15
8 170.23
86 769.65
15 120.55
21 752.62
38 324.75
76 517.38
87 937.31
18 117.29
67 388.33
73 262.61
80 450.44
89 465.37
73 122.80
100 452.02
20 614.05
33 926.02
94 426.53
76 238.98
61 607.34
87 763.74
22 981.04
43 655.71
50 343.26
8 903.30
28 535.18
59 674.17
71 779.78
68 846.97
75 470.25
50 578.55
72 615.00
67 977.56
91 411.91
4 339.11
55 132.73
96 233.63
59 829.11
79 306.59
61 639.09
36 760.18
63 593.38
68 828.27
35 642.88
64 254.98
73 704.60
34 293.41
40 391.57
85 373.86
39 468.20
91 228.25
38 109.56
86 784.26
52 569.02
14 562.80
16 484.37
52 853.92
24 947.32
6 910.70
60 121.15
86 669.62
30 265.27
86 994.52
76 330.70
19 648.45
16 664.48
97 791.63
36 671.93
75 455.72
86 583.27
20 343.65
22 238.09
100 131.58
30 268.63
9 839.92
28 934.82
74 504.30
8 686.01
27 591.19
32 658.92
67 395.19
62 631.29
6 283.86
24 552.37
32 888.90
12 321.93
70 131.97
93 139.49
53 259.29
35 793.07
51 331.13
8 894.51
23 402.92
54 949.04
58 358.00
52 901.93
56 431.72
59 898.09
7 168.34
29 291.24
67 232.30
41 508.09
51 511.55
39 349.67
73 459.23
78 165.55
51 324.57
31 273.50
50 804.44
13 653.82
41 136.36
87 797.91
51 487.83
30 703.96
83 786.62
78 826.03
97 483.73
27 357.24
69 569.37
24 426.67
15 276.08
52 867.37
52 454.66
83 121.35
49 427.83
84 325.92
70 926.86
70 850.23
47 516.98
35 564.42
70 416.78
89 324.47
38 673.61
84 734.67
53 642.00
47 251.05
90 382.94
79 165.09
96 865.37
65 843.42
8 801.45
71 912.65
62 983.93
56 188.26
34 551.07
56 869.03
89 843.95
54 775.54
30 712.33
94 398.78
51 912.82
83 930.06
89 570.57
41 373.95
1 956.34
95 521.47
93 747.62
77 870.68
50 613.49
40 649.17
21 429.32
58 226.70
5 167.22
86 888.13
27 877.19
90 859.15
51 901.50
95 892.64
68 552.30
17 780.22
60 573.11
56 472.38
34 671.58
68 332.16
73 868.86
84 245.58
95 539.00
29 325.12
82 669.38
6 665.64
14 308.37
9 921.74
62 303.01
72 183.70
60 236.86
50 785.70
77 760.48
91 111.79
44 152.66
23 797.94
11 646.97
4 754.35
95 591.46
82 852.21
11 774.36
41 333.23
68 114.03
36 597.43
71 541.69
82 906.01
55 122.50
54 582.10
96 328.10
14 495.49
28 663.68
15 528.53
28 996.61
59 538.17
75 922.93
82 413.26
25 802.50
12 741.22
69 948.93
62 115.80
46 500.92
99 561.94
87 121.86
81 541.81
15 220.36
52 106.43
39 939.01
89 329.77
84 302.50
25 179.05
55 148.18
67 116.95
51 227.12
9 881.49
51 843.07
75 866.75
81 461.52
19 572.80
97 480.77
78 324.87
23 540.07
22 879.86
58 485.96
61 952.06
64 940.75
94 215.22
43 486.99
67 192.66
45 898.24
57 185.31
84 774.19
39 439.88
24 535.13
3 314.50
59 777.48
91 536.44
54 581.02
49 575.48
71 831.87
14 814.38
38 224.22
25 235.03
17 977.92
72 521.22
12 767.54
11 285.27
15 209.43
21 928.59
30 862.52
31 790.17
30 947.39
5 887.89
46 546.95
85 221.35
71 917.38
39 609.21
31 388.00
88 953.00
80 719.50
37 729.90
89 363.18
88 840.08
22 494.10
19 701.44
38 760.83
13 446.72
19 789.34
71 922.87
61 884.65
7 117.45
43 512.43
81 353.58
38 247.42
78 625.61
18 217.44
6 108.09
55 607.89
95 686.75
4 930.03
65 813.93
83 184.65
48 226.60
83 424.18
36 302.53
43 317.63
28 124.59
88 488.47
73 857.10
35 282.05
66 718.97
39 711.36
35 877.12
48 952.65
47 161.16
67 624.41
89 433.39
61 277.03
12 279.09
7 849.95
45 360.33
27 451.50
82 862.12
3 396.10
56 962.12
3 197.55
27 629.35
100 448.63
10 433.48
74 821.85
87 703.90
40 369.46
10 685.81
35 389.77
46 835.83
29 901.45
95 953.09
99 970.77
68 739.79
78 610.86
35 362.86
44 285.23
83 544.31
70 906.74
19 759.29
59 178.14
31 663.77
46 124.44
4 338.52
78 428.08
9 356.88
50 611.83
43 151.33
42 532.21
61 222.92
77 365.40
44 276.04
11 976.36
79 377.56
9 702.80
68 544.43
34 462.75
71 830.05
81 814.48
53 202.01
51 529.74
29 646.96
3 128.50
95 352.45
10 891.92
16 469.67
69 375.12
97 298.51
98 892.59
5 612.30
20 873.47
74 236.10
86 450.10
15 230.10
78 385.40
41 640.44
35 929.78
74 329.13
56 565.28
14 323.66
2 431.81
28 654.16
13 745.66
67 166.28
6 890.83
10 686.08
65 560.43
65 106.89
71 461.87
24 176.07
77 552.27
34 706.95
99 482.21
98 704.22
32 597.09
56 129.60
19 375.63
44 138.27
59 610.76
60 767.00
85 883.66
56 363.54
79 819.83
60 297.71
94 515.94
12 472.95
35 239.16
60 607.53
45 475.54
53 153.04
40 833.56
38 415.59
14 585.86
10 200.56
69 160.83
71 786.43
1 485.31
11 385.99
11 588.53
5 551.44
97 226.20
42 812.48
64 157.69
72 158.04
19 662.97
25 227.91
1 737.41
94 580.87
7 413.18
55 626.02
86 220.54
96 267.79
27 151.57
60 580.23
78 202.35
36 273.94
16 203.79
90 275.00
31 779.87
70 187.04
11 198.58
76 681.93
16 260.07
4 360.81
31 427.65
20 312.35
72 134.04
69 661.80
88 260.46
11 925.36
9 353.32
94 972.97
79 752.30
51 451.88
43 778.13
47 460.29
84 402.36
52 817.56
81 256.92
75 680.94
88 734.63
57 668.00
52 158.57
36 161.86
40 918.39
79 351.71
30 373.51
70 394.54
72 308.34
79 174.84
94 538.13
17 615.38
82 140.35
12 118.21
77 785.07
70 333.49
93 523.68
54 471.90
62 286.84
74 682.74
27 396.84
70 884.14
42 224.35
36 402.07
2 597.08
88 363.47
49 834.37
70 247.27
18 228.43
54 573.90
34 980.95
55 216.36
12 636.95
87 658.14
18 396.64
83 234.57
89 214.92
72 452.82
89 656.23
27 683.48
24 865.77
8 952.74
36 472.68
89 186.55
52 907.48
54 770.92
52 929.55
54 488.62
42 241.95
84 153.02
7 887.23
27 473.93
62 903.97
38 348.44
42 250.45
85 917.08
26 881.57
40 405.19
88 684.35
26 672.84
54 461.36
100 449.38
5 959.96
13 193.44
49 242.57
32 788.67
38 599.43
85 528.04
6 519.46
87 271.89
52 481.52
40 322.44
85 957.64
27 601.18
70 492.38
41 908.44
31 906.19
83 483.22
68 695.23
17 386.85
83 276.36
50 967.14
35 797.87
19 462.89
57 144.18
10 684.14
49 413.12
3 554.63
64 356.76
10 594.40
49 362.03
12 834.50
35 136.69
19 350.51
32 307.66
9 469.60
96 390.50
18 953.06
24 106.14
17 509.70
22 704.60
83 152.13
24 414.86
69 512.20
33 276.93
20 302.00
58 717.89
87 757.15
62 581.22
86 408.25
93 786.23
25 818.37
39 812.65
96 729.70
67 636.47
32 809.20
42 721.67
8 944.37
80 870.16
88 753.68
97 168.64
74 774.29
53 898.66
17 778.20
34 467.98
80 643.87
6 739.89
12 607.65
18 444.38
61 763.80
47 292.94
47 784.28
45 828.54
92 175.36
20 784.94
99 822.39
72 348.86
96 971.99
74 724.45
71 677.15
94 134.70
82 471.09
85 482.95
81 652.86
56 194.29
6 501.02
49 939.86
8 348.19
95 815.45
66 718.73
50 598.38
21 782.68
15 629.51
72 513.01
17 976.48
26 463.17
89 174.02
82 632.90
95 275.00
37 659.00
84 791.74
66 572.11
81 175.61
47 941.19
4 928.30
49 266.90
90 593.47
70 550.91
50 295.59
48 886.59
93 980.67
74 245.62
20 492.51
9 865.59
10 868.65
40 429.26
13 114.86
47 293.15
40 889.68
50 822.58
40 115.02
88 257.05
54 657.97
84 457.09
87 991.74
9 139.12
50 776.64
49 461.41
36 559.17
12 396.16
71 510.00
2 920.08
10 328.28
97 945.70
99 992.31
27 455.55
92 553.95
65 779.30
10 585.41
97 644.56
16 911.77
35 921.99
14 456.36
22 904.39
25 869.42
9 755.26
75 913.27
33 857.11
13 550.52
70 795.25
3 170.46
98 538.25
85 594.43
83 479.90
12 324.88
51 873.79
89 813.28
72 987.70
20 647.18
30 444.49
79 613.40
41 708.12
74 117.70
16 971.95
29 222.24
90 613.90
17 424.70
88 527.68
26 608.71
66 947.87
49 484.04
76 990.49
95 415.47
66 609.41
87 771.39
14 549.61
40 840.81
79 271.93
76 550.46
85 436.55
21 530.27
18 829.77
1 708.74
94 986.04
57 455.85
71 535.80
63 360.54
79 614.02
41 390.73
60 783.87
11 548.71
58 154.10
7 187.74
1 994.75
28 928.54
43 603.89
53 952.53
16 638.28
76 969.36
23 439.48
56 417.96
65 441.96
93 570.88
34 862.73
99 192.51
31 598.01
85 544.67
37 226.37
75 368.03
61 485.71
75 282.87
69 611.91
11 208.21
68 566.73
71 406.64
40 339.34
71 305.65
93 562.90
9 893.57
49 753.71
62 669.73
3 954.32
33 445.19
97 943.97
32 794.55
67 559.70
67 698.15
64 358.48
47 822.83
63 393.55
48 550.66
66 760.83
49 887.98
90 396.78
36 979.83
54 512.30
72 510.45
64 443.78
20 856.87
54 246.48
23 988.91
85 842.45
37 759.73
37 125.48
21 944.89
85 835.04
15 321.47
1 184.27
82 468.09
74 266.85
94 846.93
50 670.41
97 918.10
2 999.19
43 385.02
91 819.64
76 132.40
20 235.60
98 433.46
44 571.14
87 948.57
37 274.34
85 444.46
89 909.60
12 724.62
79 241.72
32 542.14
50 681.05
67 322.00
5 277.06
35 971.35
2 280.35
3 991.82
38 636.27
55 167.24
17 739.34
63 689.28
39 107.13
27 247.63
17 846.34
39 480.95
31 871.32
1 859.10
55 967.63
24 267.03
20 572.25
54 681.89
77 890.97
12 598.94
65 415.24
48 831.37
12 638.28
13 951.39
21 106.76
5 106.19
36 922.84
24 996.09
79 519.41
71 140.32
22 251.77
12 886.10
32 645.55
67 293.38
33 915.63
96 596.58
83 667.24
97 603.91
97 209.69
82 299.86
55 464.93
8 437.42
40 262.61
74 556.30
49 962.38
3 541.39
22 210.31
55 123.22
90 861.50
52 407.79
19 993.20
4 853.44
58 637.46
49 884.88
34 465.69
46 159.21
39 187.49
19 638.06
13 295.35
46 606.88
27 325.22
77 206.89
33 135.76
24 790.95
5 111.94
95 414.11
78 399.95
99 999.04
35 479.05
61 612.60
60 351.99
74 651.56
15 706.71
31 902.02
34 889.42
68 570.38
100 549.50
16 451.06
89 176.80
58 695.59
2 400.84
3 796.16
16 359.10
25 423.23
11 306.55
35 871.44
47 126.22
57 784.91
55 226.93
72 712.31
13 951.97
12 873.10
45 485.57
4 115.24
21 809.53
19 837.90
49 344.48
6 864.91
89 616.83
93 328.35
5 695.40
97 387.37
99 444.05
42 234.20
13 554.58
58 433.13
80 723.33
95 842.90
32 767.55
39 473.32
70 571.49
18 450.13
87 431.35
14 973.64
60 779.96
42 845.08
28 102.52
64 207.65
2 664.00
95 253.78
94 315.05
67 579.04
32 869.07
42 452.62
82 771.25
95 378.65
50 922.69
99 476.79
45 413.46
26 869.64
59 180.48
74 550.79
15 524.77
81 225.01
73 976.53
59 428.68
57 142.33
27 563.30
65 852.88
90 101.63
92 149.46
81 455.80
89 776.36
54 734.13
11 756.97
19 423.44
78 266.53
80 276.92
83 426.12
29 985.56
96 361.67
9 687.05
39 769.80
33 232.61
42 140.98
26 861.47
53 609.27
40 924.70
9 583.70
75 959.92
86 762.85
48 808.10
40 945.60
34 274.32
27 962.57
19 870.33
99 690.72
22 723.97
13 252.87
70 651.72
16 525.81
53 255.28
77 223.25
70 182.36
39 985.28
8 724.36
78 484.59
34 463.51
73 707.26
16 903.37
63 122.66
28 564.01
2 463.74
30 546.58
72 445.73
85 956.52
32 288.82
5 584.04
84 422.32
85 386.83
15 795.04
19 413.72
10 965.69
1 826.24
68 670.04
44 494.69
57 500.00
79 818.53
4 961.66
27 538.33
87 620.73
32 906.08
32 709.84
97 743.19
68 489.21
34 837.99
31 531.31
94 481.97
33 334.55
83 977.53
63 197.56
14 294.06
72 174.11
29 550.29
25 716.42
85 730.49
51 316.72
19 793.16
54 939.61
77 815.40
42 122.84
37 344.10
24 880.49
88 547.57
6 392.59
86 222.00
86 238.09
28 884.66
1 464.29
25 145.07
30 385.13
35 412.58
65 794.63
83 173.60
86 571.95
73 415.76
46 711.17
45 182.44
89 922.36
27 246.32
45 985.66
11 994.58
83 455.52
13 503.37
58 203.50
24 345.07
10 729.98
65 460.62
15 490.07
13 409.06
2 838.52
61 740.82
68 509.24
24 523.85
74 956.18
23 607.27
29 200.46
81 650.68
7 119.61
90 813.51
73 823.36
96 544.04
95 855.62
71 636.14
56 183.43
57 528.20
22 263.26
45 238.04
67 941.35
59 736.50
42 801.44
41 130.38
58 579.15
96 110.49
30 175.99
6 842.65
82 697.75
99 569.35
52 985.07
17 477.28
76 117.48
85 533.39
51 678.39
41 205.45
5 726.94
91 925.13
1 459.01
55 853.49
21 834.32
35 282.43
44 824.06
59 512.30
74 702.63
48 116.43
60 963.32
14 983.35
18 659.25
44 716.91
10 562.93
23 107.16
56 209.74
7 396.75
3 163.68
9 134.96
8 777.73
29 473.31
62 614.10
29 524.67
60 564.25
99 684.97
18 107.89
51 388.78
87 432.99
61 132.02
96 122.29
79 269.56
67 743.56
58 437.14
95 873.57
91 234.87
3 869.69
1 775.26
90 781.45
86 766.15
84 602.02
23 163.15
53 538.15
46 481.68
40 525.49
45 376.31
64 965.63
36 196.76
67 722.57
97 417.05
21 935.52
92 734.14
8 714.96
100 764.94
52 804.24
82 399.28
21 714.73
46 917.50
67 839.93
39 417.39
59 454.35
83 338.58
32 405.73
72 547.03
24 744.78
15 396.39
7 621.82
82 834.67
61 642.69
53 400.16
59 130.67
9 308.25
51 484.90
88 447.34
55 994.72
92 575.55
74 210.22
48 813.38
69 796.37
11 880.75
40 149.36
51 891.85
18 133.65
84 433.50
1 385.39
54 798.71
43 412.65
20 278.85
78 105.44
5 217.98
88 450.74
26 428.93
80 935.42
97 914.50
18 207.76
19 797.95
12 123.64
67 490.30
5 931.81
47 785.51
50 591.20
59 251.12
74 284.12
96 953.28
46 927.91
30 966.07
80 672.95
43 279.51
46 914.42
32 440.22
22 716.81
57 259.40
78 387.34
44 670.21
88 835.74
4 713.10
17 845.11
91 295.12
21 628.62
92 308.00
12 596.96
50 250.62
45 250.22
71 915.36
43 665.86
56 688.32
57 976.64
24 964.88
96 371.99
51 421.10
83 616.22
21 875.52
70 463.01
1 551.29
15 434.98
55 852.61
70 860.71
85 894.15
3 612.67
31 455.47
49 227.19
26 588.69
9 798.14
79 689.17
78 829.05
17 724.97
78 209.13
11 229.92
7 388.72
33 163.83
84 647.66
31 448.58
19 653.02
18 539.59
75 794.66
29 810.06
25 272.30
24 846.85
57 616.23
40 902.22
81 617.40
33 705.99
94 259.04
29 529.58
87 987.02
18 303.70
97 171.14
54 629.39
13 303.41
24 432.53
71 455.68
63 626.70
95 309.06
59 569.06
33 500.36
83 231.06
49 947.47
51 369.07
49 170.15
69 925.23
39 580.68
62 805.26
87 770.32
51 383.35
7 535.38
15 699.78
95 270.38
36 753.99
76 444.12
87 824.77
17 610.50
12 914.66
18 522.59
90 155.33
72 598.80
49 174.45
72 335.78
89 951.17
9 180.09
36 781.24
93 775.46
76 333.10
36 749.35
50 683.36
54 940.59
98 438.60
82 343.00
90 344.65
92 130.78
73 581.10
44 330.23
55 785.39
100 473.31
85 813.42
64 359.73
28 445.07
63 931.43
38 905.38
91 296.72
58 133.88
80 288.18
52 362.30
44 743.81
85 622.28
56 869.33
14 210.09
44 899.04
9 972.54
100 511.42
82 968.12
75 196.41
100 882.52
63 114.27
95 686.62
15 288.75
13 283.53
33 935.24
51 173.83
38 956.49
42 870.54
94 797.28
10 658.60
76 421.92
57 475.13
68 948.89
47 226.31
46 302.94
88 271.71
86 795.47
39 452.73
95 832.28
13 249.79
95 798.66
7 980.07
95 423.46
87 539.03
100 279.34
12 870.91
93 408.46
10 764.75
94 931.88
52 676.12
98 513.91
24 782.65
88 481.32
14 596.29
95 660.41
23 622.78
81 115.92
31 696.71
19 648.70
46 128.88
89 928.62
74 291.45
1 750.56
86 349.98
52 275.54
73 853.32
25 751.06
64 447.69
11 147.68
2 549.00
1 584.15
49 571.09
85 354.56
96 445.68
28 667.81
23 576.84
46 757.35
21 259.81
68 750.66
85 492.61
1 557.78
90 513.01
40 111.68
71 181.93
72 488.97
43 121.60
36 380.37
57 362.17
50 377.60
31 672.09
95 356.72
93 521.55
92 260.31
15 341.91
58 716.66
44 306.41
48 621.49
37 552.60
100 864.21
68 709.90
74 292.99
94 536.84
14 262.58
21 631.36
36 773.39
34 164.67
13 596.75
60 683.16
75 789.57
30 890.76
27 726.06
35 391.08
45 627.77
26 549.80
85 528.52
81 918.80
59 482.18
30 833.40
8 498.62
72 764.91
33 144.73
42 135.90
19 512.15
85 125.93
76 662.74
90 867.37
51 710.04
59 182.37
23 790.89
20 346.93
29 746.18
36 520.34
52 949.73
26 135.88
68 998.23
26 490.56
35 174.60
16 482.29
1 819.10
77 746.26
43 258.32
87 296.38
46 859.50
56 262.15
43 886.77
17 491.89
65 230.12
59 305.45
88 613.20
71 411.14
39 393.17
10 823.83
95 637.72
60 423.34
14 379.04
79 173.37
48 747.79
62 355.55
13 614.84
21 358.36
10 893.65
56 748.47
73 492.97
95 439.77
50 294.44
40 521.80
33 167.16
62 672.33
97 121.03
79 503.60
34 509.16
55 248.65
56 925.39
72 840.84
80 582.47
28 533.70
37 612.17
56 196.73
68 194.90
69 644.17
58 531.01
30 992.35
83 278.40
24 252.05
29 480.88
46 966.59
48 523.21
5 643.96
26 119.80
46 669.26
49 551.36
63 448.52
63 452.33
65 983.88
60 374.39
74 265.36
18 163.33
73 524.56
17 956.73
42 816.05
49 333.67
32 937.06
78 236.89
5 431.81
6 660.30
20 968.32
69 898.54
49 528.38
7 246.16
62 500.73
94 811.32
37 942.84
10 560.41
92 475.16
41 532.78
40 717.89
53 774.17
77 872.59
50 329.96
55 638.92
26 283.93
84 465.06
65 164.57
73 129.21
86 739.50
27 198.95
80 165.35
88 850.16
10 174.99
6 820.06
57 473.63
70 294.29
1 691.65
72 871.05
54 454.92
39 426.72
7 250.30
53 325.58
32 623.67
8 477.46
24 499.34
8 946.91
74 493.12
1 911.77
57 642.97
18 225.69
34 885.49
80 938.56
94 528.49
1 553.31
66 922.01
80 407.98
6 898.06
53 456.03
14 633.25
30 805.44
51 279.67
13 531.05
79 169.87
23 538.87
48 824.71
76 508.64
20 100.86
8 524.13
55 232.65
11 862.68
61 681.56
48 304.95
9 990.78
9 201.23
19 723.67
44 309.69
83 311.56
61 432.12
8 665.09
52 688.18
58 294.25
16 948.83
91 117.38
8 989.89
62 167.41
70 780.22
80 539.62
96 877.62
97 975.13
2 967.16
43 160.90
2 957.60
26 660.80
87 502.70
60 625.18
54 832.07
77 659.32
74 829.09
88 782.79
79 523.28
44 298.15
63 679.19
30 405.29
15 372.32
24 351.73
33 840.83
98 868.38
41 806.27
46 740.11
94 872.59
15 894.75
44 252.64
37 216.73
100 611.16
88 985.13
60 227.99
82 656.96
61 266.62
15 445.85
43 943.96
87 631.66
2 812.96
79 310.83
51 283.67
37 993.84
40 649.57
34 756.67
36 244.89
62 635.00
12 564.12
99 803.12
59 820.94
66 545.91
84 498.82
88 765.87
43 417.24
8 630.50
81 682.29
100 975.09
11 432.06
10 902.37
62 830.82
90 950.29
81 696.42
7 812.65
98 860.69
71 757.85
59 944.10
8 305.80
47 579.61
32 458.01
70 258.09
57 733.44
52 361.54
87 458.79
60 743.58
88 487.49
71 304.59
31 207.18
30 949.25
68 548.87
43 313.55
20 224.65
78 546.12
33 540.64
16 655.37
77 132.76
26 465.38
18 478.76
23 459.51
31 741.29
67 385.32
75 429.50
84 489.78
25 683.05
51 954.59
41 730.32
27 697.27
71 843.35
7 976.08
34 751.73
9 998.57
21 405.09
40 226.79
22 342.55
66 964.33
73 818.17
54 751.78
68 393.13
14 183.47
24 896.00
8 108.21
94 205.65
36 647.30
77 405.10
40 648.31
73 140.87
86 256.25
64 445.74
19 217.38
36 623.27
60 196.60
52 288.47
67 679.09
39 900.59
92 309.44
18 371.00
73 209.56
51 432.25
14 217.12
61 783.52
19 517.97
60 615.83
72 494.63
41 917.79
41 620.67
99 769.97
76 509.59
28 592.99
27 845.85
24 635.82
72 771.40
85 233.44
29 533.69
23 179.80
58 722.39
70 775.59
61 447.81
6 427.36
18 758.78
72 607.37
53 697.26
76 343.99
23 768.07
42 144.85
51 164.28
45 803.49
66 138.11
75 797.34
66 488.47
71 769.11
10 862.39
78 737.32
74 894.04
32 198.86
54 194.30
78 989.89
90 627.83
17 479.02
29 321.83
13 641.28
66 415.12
33 822.12
89 352.99
22 246.61
84 879.53
7 880.23
76 941.03
1 941.33
4 411.87
18 189.62
59 330.78
92 217.11
99 916.06
19 334.72
28 115.38
23 208.39
51 339.70
96 810.73
41 129.06
14 711.61
65 543.33
41 634.53
99 677.13
51 126.92
71 863.78
67 469.56
90 247.39
67 412.85
71 161.98
49 400.49
42 540.75
80 658.22
1 769.15
76 159.51
87 142.54
51 797.59
85 926.86
65 138.72
22 848.37
17 457.93
28 242.98
99 630.23
58 372.66
93 132.52
76 686.48
18 754.96
21 663.13
78 805.36
23 995.79
24 905.93
73 848.59
41 167.69
41 625.88
13 944.50
64 418.84
42 501.80
37 496.79
83 175.62
71 886.31
61 873.00
16 569.43
69 175.20
87 472.94
7 255.89
49 400.09
67 846.14
4 525.82
34 156.41
39 251.46
86 984.23
40 413.40
19 577.36
55 923.69
8 268.21
33 715.10
45 185.20
78 380.65
8 970.77
82 884.51
18 971.81
2 878.85
82 214.79
92 840.32
32 467.35
7 278.69
88 841.39
46 873.63
92 878.64
57 537.07
34 725.65
94 469.51
44 450.24
13 394.24
16 761.90
46 445.56
67 167.39
82 221.84
64 898.85
81 909.05
22 159.73
28 741.27
11 550.78
67 366.85
73 349.51
15 777.64
25 387.45
33 138.35
66 157.89
72 787.79
34 837.01
60 739.26
31 311.58
21 843.69
16 189.09
64 637.52
38 300.06
2 188.91
3 705.52
94 611.35
19 603.35
82 918.46
71 648.30
78 808.34
27 711.53
5 261.90
98 940.93
6 496.46
24 593.25
76 779.71
50 155.22
81 380.31
39 562.64
32 399.20
95 511.84
10 982.63
100 476.29
81 118.92
36 623.06
94 802.43
32 871.57
51 432.87
97 597.83
65 490.52
29 146.65
8 461.82
26 322.70
36 668.96
92 170.44
94 101.11
59 432.74
31 426.76
89 701.09
16 184.31
83 177.20
21 117.47
98 430.50
61 789.26
64 736.80
8 822.02
69 889.68
16 928.57
43 836.12
92 211.30
22 208.21
24 559.45
81 395.67
95 513.38
71 244.90
15 122.92
73 145.05
67 985.41
85 208.81
82 231.41
28 187.28
54 224.78
79 357.90
42 967.26
70 534.56
27 822.09
7 459.49
56 180.02
11 140.17
53 202.98
71 677.37
81 578.52
57 649.02
70 339.89
96 734.18
60 738.83
23 995.89
62 850.09
28 893.41
96 942.99
15 523.23
54 886.06
13 751.17
78 635.91
22 766.68
9 370.55
5 723.02
34 606.73
75 383.66
18 192.35
97 379.86
96 933.12
70 154.16
14 952.84
62 597.43
6 207.69
12 895.51
94 339.16
67 898.01
60 454.27
19 524.15
93 462.81
44 793.00
51 632.25
94 465.71
75 567.25
25 837.00
9 687.49
50 875.56
85 136.46
59 216.33
69 717.86
21 286.29
62 898.74
90 868.60
5 631.94
20 872.17
51 837.05
48 375.43
86 146.27
30 771.98
41 420.98
96 226.57
23 428.83
30 244.77
68 929.43
80 606.11
18 126.26
99 964.60
79 257.54
74 768.51
35 231.35
53 155.19
82 684.92
8 734.73
93 997.43
32 618.98
89 641.45
99 864.82
10 479.26
68 696.62
1 173.29
56 764.06
16 572.82
94 971.87
49 599.75
52 799.25
64 861.25
99 593.45
27 104.99
11 736.07
62 844.86
68 507.01
52 961.09
29 983.20
97 179.62
71 970.40
81 265.09
6 511.41
65 838.58
80 457.86
36 466.97
69 674.37
17 191.29
3 826.45
86 183.39
27 170.63
20 725.80
97 607.17
87 496.91
44 723.69
7 205.80
61 105.00
52 328.09
48 283.34
6 578.81
4 275.23
3 509.90
63 665.14
31 913.02
60 411.46
84 752.33
65 474.96
47 939.38
16 483.76
2 508.94
61 299.17
7 466.53
90 388.45
42 284.43
1 500.04
35 203.58
87 986.11
33 829.85
96 973.07
75 798.69
18 808.10
24 528.16
7 975.72
67 957.14
69 428.24
48 940.54
68 162.83
44 772.22
4 632.01
47 239.25
54 665.78
35 638.06
16 897.94
19 200.37
28 418.67
96 382.10
24 862.89
38 462.78
61 507.06
97 657.34
16 944.05
1 208.66
22 429.93
26 590.14
35 772.85
86 117.00
9 249.76
92 383.87
13 861.95
14 204.49
38 523.75
14 866.91
66 114.53
29 407.99
37 637.38
60 100.06
42 101.89
93 210.24
13 334.32
48 816.76
83 824.58
15 629.17
54 799.75
62 148.78
58 751.71
10 451.82
78 694.73
14 779.18
90 815.43
47 694.46
3 731.68
92 880.24
8 493.16
63 220.54
86 707.71
4 971.54
97 577.49
13 445.43
4 858.23
39 617.51
40 903.61
84 666.26
58 554.83
18 197.36
23 329.15
34 722.49
98 642.06
23 821.30
73 149.81
7 180.76
11 223.34
91 659.89
82 908.21
25 738.57
31 378.67
92 626.70
40 406.16
9 476.22
90 978.81
3 911.83
15 205.30
59 328.55
60 751.44
66 871.63
7 175.98
76 155.64
93 397.14
72 414.30
74 215.48
100 871.51
8 132.32
10 644.66
79 389.39
34 700.22
10 611.10
71 897.66
93 220.39
72 519.57
67 571.33
93 830.20
1 950.30
24 484.96
86 205.30
48 307.22
67 149.73
28 308.15
49 259.80
43 186.74
18 413.25
81 218.65
35 745.18
38 694.71
83 225.51
54 876.79
21 227.22
75 971.47
8 316.15
78 106.24
92 594.19
5 153.81
90 641.70
50 149.98
16 145.50
94 340.41
1 228.02
93 284.35
19 926.58
56 791.29
93 795.56
22 925.91
81 533.90
83 727.73
13 152.77
12 782.56
71 843.00
36 994.18
59 227.02
87 252.27
26 718.69
32 143.28
1 323.64
11 352.45
27 171.46
88 896.49
71 800.17
3 915.82
66 903.17
25 137.13
84 836.72
39 578.62
14 232.64
65 728.02
75 888.93
57 415.09
73 236.42
18 473.64
30 516.69
82 227.01
99 106.40
61 902.11
19 443.99
1 712.17
88 905.68
75 657.24
27 953.29
95 971.57
31 624.95
51 546.95
57 453.31
55 917.85
20 855.65
89 202.13
85 719.04
31 220.03
26 428.09
5 881.29
2 638.45
57 655.54
12 723.19
93 972.22
100 268.06
27 791.08
44 217.79
13 985.86
89 989.28
30 584.03
84 818.97
54 456.10
18 273.29
25 409.29
79 256.75
77 635.98
9 158.00
15 234.14
72 728.15
95 261.17
31 783.87
26 414.11
19 468.97
83 683.37
26 557.82
27 292.82
58 119.82
37 448.72
28 826.82
61 317.67
33 605.00
1 390.88
65 423.99
41 264.36
39 219.52
65 482.80
48 189.21
92 738.59
99 984.16
50 144.76
9 676.86
34 866.24
43 627.54
15 989.58
35 330.47
24 501.29
29 530.25
40 351.00
21 317.27
84 861.22
26 326.01
69 480.53
73 249.14
52 600.08
87 189.70
23 210.46
46 827.43
69 627.85
43 883.01
10 608.67
25 855.92
71 218.44
71 838.47
8 232.77
29 539.84
76 459.47
67 727.15
80 169.38
99 173.42
32 531.35
73 109.31
49 104.68
23 789.52
56 303.81
96 357.50
80 682.13
79 506.77
61 451.41
66 564.84
1 399.92
41 259.49
24 603.32
90 170.61
51 951.72
74 799.38
10 986.43
12 464.58
83 592.00
39 364.85
48 553.75
74 375.04
36 624.59
31 804.05
60 338.78
30 217.34
19 275.79
15 933.10
55 929.46
8 789.23
16 962.87
39 180.25
58 498.11
83 208.65
64 491.17
99 142.79
37 742.07
60 286.42
28 161.01
18 722.51
35 109.96
16 823.63
97 992.24
56 312.12
7 254.89
9 321.68
75 207.16
11 955.26
79 699.09
8 119.94
24 854.83
41 490.55
23 158.30
24 261.90
92 469.03
23 197.48
37 232.56
83 595.64
6 387.95
93 662.73
98 626.87
1 519.03
75 500.98
38 190.09
55 833.48
98 171.71
72 718.93
46 197.18
86 529.72
81 200.76
100 758.42
81 910.07
74 896.22
19 331.59
77 981.67
17 316.25
79 647.15
32 987.11
87 573.19
3 298.70
89 270.97
77 801.64
9 277.76
35 739.98
37 162.46
18 413.18
4 636.77
42 984.86
82 278.80
19 211.07
68 791.84
26 596.95
82 782.25
55 306.76
36 131.56
50 894.05
67 353.92
33 822.69
76 962.40
32 717.57
55 678.45
84 495.51
20 808.27
91 534.02
4 474.67
53 528.05
28 439.45
95 473.05
42 901.02
37 532.04
19 564.80
71 970.37
99 708.27
58 160.14
21 191.36
88 431.44
11 140.44
55 722.08
20 579.09
63 105.52
23 457.02
8 584.89
33 332.28
40 381.73
89 111.99
50 223.82
70 254.54
41 137.36
20 712.80
72 836.05
69 278.12
89 955.29
91 103.16
97 981.44
11 736.47
46 708.37
89 610.66
64 255.42
25 453.19
62 775.53
12 601.96
34 860.44
6 678.06
34 545.41
45 935.72
87 842.03
9 495.65
16 547.29
8 820.56
69 568.30
26 231.60
89 178.18
91 415.80
75 946.16
69 347.72
84 591.63
1 339.25
54 570.51
27 123.48
25 495.10
76 166.77
54 380.67
96 524.81
31 266.95
20 858.71
98 594.92
61 939.10
63 936.94
46 347.28
35 284.54
33 230.52
50 874.96
3 841.82
27 298.01
49 581.25
96 731.13
18 809.24
11 564.06
6 728.16
83 594.60
11 448.79
51 175.75
70 556.82
80 475.36
30 608.70
24 320.65
52 501.49
57 453.58
99 542.20
11 854.21
25 165.87
21 653.80
43 587.76
57 670.62
11 997.63
81 209.87
74 465.90
86 209.72
15 822.63
86 943.69
38 890.16
64 497.66
12 721.79
7 653.80
61 263.73
100 233.17
75 438.31
25 390.79
46 587.65
14 687.22
88 252.11
90 668.94
13 938.50
63 914.38
77 685.45
4 253.96
23 763.90
20 819.00
8 756.79
39 330.22
58 681.30
58 972.70
29 294.80
9 848.82
44 371.42
2 136.09
30 114.06
49 554.12
9 305.33
11 783.88
19 591.13
99 202.83
100 841.37
43 505.15
7 259.09
68 854.24
41 620.89
24 841.96
31 415.08
64 772.14
78 517.81
81 552.86
72 987.51
19 819.29
39 116.17
58 659.45
73 440.10
78 450.19
75 917.13
74 519.04
31 265.27
79 368.06
23 461.47
66 851.62
34 947.75
3 840.35
81 115.66
81 422.11
72 992.06
76 892.12
28 202.22
9 917.32
71 452.08
61 957.95
83 558.20
47 687.55
40 302.52
11 392.17
96 403.13
66 160.45
20 308.99
63 949.89
14 255.64
95 575.74
76 793.56
31 295.73
51 558.86
16 437.18
27 752.66
72 195.81
40 573.00
67 128.17
15 458.86
84 447.67
95 917.81
55 649.71
72 567.19
91 521.93
76 701.81
75 681.26
70 308.68
52 197.95
15 444.43
23 726.48
50 933.97
67 252.56
82 818.19
73 785.00
65 329.51
54 618.95
79 415.09
77 749.51
46 832.26
51 336.33
94 732.20
79 718.37
68 292.70
88 549.22
20 206.06
7 123.24
45 209.63
44 198.98
18 612.73
36 239.86
13 590.23
83 317.43
57 786.68
54 273.85
92 554.56
76 485.78
20 959.49
72 693.36
47 955.23
82 899.97
49 187.49
27 352.29
100 150.88
73 487.55
27 708.96
90 127.45
11 806.10
64 758.27
58 276.24
70 971.12
45 129.60
92 946.54
79 572.12
16 534.80
12 282.43
16 155.19
1 275.06
92 115.47
22 888.43
97 141.14
50 572.09
31 180.85
88 223.40
6 149.51
51 912.44
51 784.86
42 405.47
85 153.32
18 631.05
39 469.91
22 576.63
85 378.82
19 141.55
4 541.11
90 635.85
78 384.12
16 699.87
70 230.84
28 429.81
82 501.58
53 704.28
4 630.10
17 875.79
23 678.53
83 613.83
4 234.89
38 747.62
14 389.10
35 303.35
4 489.73
89 356.76
3 515.40
35 381.90
6 203.18
83 212.20
56 449.73
85 987.40
99 995.42
61 359.68
34 573.62
28 753.49
57 573.66
68 830.72
63 923.47
3 668.04
35 561.88
100 336.37
84 529.76
86 678.67
14 954.71
57 840.59
13 612.62
36 990.67
86 308.67
9 606.74
6 378.00
67 718.57
14 853.03
2 608.68
58 803.81
8 159.33
37 463.19
20 778.33
88 585.34
73 385.13
23 988.76
28 538.61
11 235.71
86 825.68
81 536.15
2 927.10
79 752.35
35 198.78
1 409.26
23 800.84
28 800.62
7 699.84
81 466.06
37 817.42
4 755.79
6 421.38
22 573.16
79 763.95
63 424.51
17 749.94
21 510.86
20 597.31
19 973.70
50 244.26
19 653.21
52 640.65
84 908.59
20 615.98
52 881.84
33 747.59
79 335.55
61 691.92
85 682.79
58 397.29
96 663.63
21 281.31
70 387.99
75 188.54
15 623.35
90 815.18
51 889.32
44 403.66
36 399.13
70 790.65
84 474.00
49 408.60
79 847.63
3 230.06
23 282.64
79 784.75
66 827.97
81 486.71
15 520.53
66 846.75
32 854.16
99 891.55
47 685.86
55 911.61
93 331.55
11 318.50
21 685.02
35 324.93
39 127.73
24 392.95
64 957.43
47 489.29
79 699.35
26 444.01
75 299.60
86 829.59
23 857.76
86 799.77
87 373.42
6 370.33
47 991.15
96 118.73
87 403.85
62 753.56
11 152.82
90 965.07
8 942.03
52 774.23
40 400.09
78 875.94
6 456.33
25 516.24
71 967.85
57 705.77
62 230.12
53 939.95
70 514.63
34 727.50
100 209.74
52 394.35
51 375.74
22 285.47
51 638.81
73 396.52
89 151.18
33 320.00
93 367.19
31 458.32
48 774.97
31 930.07
35 298.83
12 500.41
56 101.04
76 189.05
16 647.56
77 755.31
29 827.45
58 636.58
16 284.45
43 994.42
49 348.88
53 503.01
9 318.79
65 519.16
73 212.91
24 999.54
100 656.41
48 784.26
88 764.62
60 648.22
47 704.78
69 396.37
73 635.58
17 607.90
19 226.71
43 556.79
70 862.40
42 873.11
12 930.40
59 348.16
33 534.06
45 749.60
41 620.21
21 522.51
74 171.69
49 881.84
77 656.20
52 564.79
25 212.94
83 246.57
64 778.10
16 655.39
63 375.08
87 958.67
26 184.30
83 827.44
12 135.12
96 351.73
42 757.24
60 176.30
41 297.13
73 216.01
98 104.72
30 874.10
66 749.05
47 680.85
78 967.16
3 342.61
79 443.55
23 875.04
35 936.64
74 433.08
23 785.00
55 514.76
30 380.14
61 984.70
32 768.49
12 347.88
6 397.95
65 961.25
34 717.44
40 763.91
72 728.37
72 195.04
30 514.06
64 261.55
55 971.50
7 642.39
32 533.15
92 947.97
5 845.19
51 714.85
41 669.15
52 255.31
29 907.95
25 214.18
45 681.34
38 457.21
63 153.39
10 766.33
14 831.07
74 356.99
98 169.49
6 275.55
20 855.85
1 521.12
70 975.74
91 346.51
73 734.03
65 437.81
13 804.24
70 720.24
86 816.58
99 892.95
57 988.12
73 979.43
49 715.19
57 847.98
50 791.73
14 356.64
7 308.38
20 416.28
67 973.02
29 666.22
81 899.28
54 977.29
5 868.49
10 601.87
83 491.86
67 351.40
82 561.32
1 765.66
82 152.46
90 753.24
61 703.27
38 637.05
40 120.80
79 373.71
97 768.07
63 419.23
63 752.99
2 673.38
28 929.29
14 661.97
48 827.19
56 498.11
27 144.91
2 920.39
52 878.24
38 461.48
48 269.60
64 449.78
22 873.94
43 495.06
45 974.73
3 594.09
51 467.77
73 202.60
97 938.17
9 723.62
28 662.70
30 476.65
52 862.53
85 946.64
36 630.85
6 415.65
65 557.82
86 156.06
92 796.66
74 493.82
87 497.22
92 946.99
84 661.82
14 290.20
29 598.00
98 623.69
10 596.55
88 134.49
87 991.89
4 769.75
78 544.07
8 751.24
56 867.02
29 694.54
75 267.32
22 711.89
33 963.40
78 950.11
33 756.57
89 849.90
73 990.63
29 500.81
75 706.80
43 212.98
99 560.36
57 101.69
28 104.25
71 243.28
25 539.80
98 786.21
24 996.75
25 198.13
59 343.09
80 286.75
81 137.32
87 393.94
43 724.74
19 781.98
7 827.19
55 280.32
57 779.79
2 631.22
15 821.27
77 342.67
22 526.04
42 983.55
86 726.76
77 288.07
95 181.65
16 453.07
49 503.98
22 948.04
91 251.38
45 716.37
39 543.31
100 541.23
33 335.18
11 530.61
2 156.67
65 143.36
83 678.63
68 791.03
76 913.23
21 313.91
30 143.83
11 551.52
98 220.45
43 592.53
19 934.43
13 987.14
5 319.32
21 315.58
41 315.35
26 262.20
68 964.21
33 232.33
94 510.91
81 902.51
58 731.29
61 394.58
81 870.23
66 166.94
91 235.43
29 393.74
94 446.63
5 774.90
5 624.40
32 654.11
1 884.18
35 965.86
58 432.86
72 774.43
9 576.67
67 176.84
48 578.50
55 376.40
95 424.29
89 494.98
10 236.14
45 910.66
8 637.40
23 662.05
24 815.13
64 949.36
3 193.28
81 451.57
22 470.31
37 847.20
30 228.91
1 854.35
83 952.03
57 344.16
66 993.28
95 778.30
29 760.51
73 634.06
38 610.28
53 570.10
71 204.63
23 945.52
37 249.29
24 536.25
91 248.62
75 565.22
28 983.25
23 733.77
40 191.78
24 144.76
24 238.69
72 508.67
62 223.69
46 328.95
80 484.98
42 276.37
5 960.19
67 257.07
24 778.99
24 652.21
26 516.10
99 260.00
63 897.96
22 776.90
86 862.67
55 366.02
71 334.35
42 331.61
58 767.36
85 541.68
60 260.01
97 415.70
87 735.91
5 897.28
59 199.23
35 836.39
14 284.62
4 145.93
89 454.78
3 782.92
82 402.52
49 720.37
26 798.18
100 792.76
15 665.40
38 839.99
39 892.08
95 412.75
74 999.35
68 828.92
7 241.08
44 919.98
99 201.99
100 971.26
9 542.77
94 789.08
91 566.30
73 412.87
1 246.60
33 508.18
48 932.34
39 341.41
59 690.36
1 259.97
20 328.43
62 679.89
84 992.07
95 948.78
84 112.39
41 614.43
45 679.32
34 151.73
8 795.35
98 498.75
90 104.51
88 520.62
1 379.40
34 281.90
46 529.61
62 648.60
81 194.04
70 508.79
39 988.20
13 841.46
39 478.72
1 907.65
78 511.62
47 745.31
1 636.32
94 109.94
4 613.46
75 108.49
84 860.25
63 644.00
66 203.71
52 891.36
83 526.28
29 366.16
87 389.02
13 498.74
82 130.95
46 245.52
55 190.92
92 746.44
77 156.06
92 327.18
59 900.46
76 526.91
39 820.21
41 434.46
51 803.78
91 899.60
1 677.32
41 516.45
91 384.91
26 116.53
22 801.81
84 358.69
20 587.10
49 378.53
41 286.28
6 748.52
52 456.70
3 928.79
46 173.46
20 224.10
22 443.52
9 453.03
67 997.16
4 541.50
28 900.72
93 485.65
5 420.75
23 300.75
5 638.00
69 703.41
16 431.26
42 783.13
98 162.05
83 236.22
41 103.30
34 673.98
60 447.00
95 339.67
100 524.08
4 367.05
85 676.56
64 191.05
15 327.26
41 116.89
63 213.70
78 984.10
53 259.60
22 727.57
30 857.09
96 330.21
12 644.05
9 356.31
80 722.79
3 250.40
48 178.74
68 238.36
76 361.84
69 573.51
50 630.98
5 680.40
72 912.63
90 688.97
61 494.24
94 427.22
36 777.10
40 128.68
67 163.17
64 747.57
53 164.10
96 517.64
71 227.14
75 683.18
63 584.87
96 795.54
49 713.94
72 164.94
23 871.36
52 724.85
13 445.48
4 705.74
2 270.53
83 262.76
68 585.42
57 373.41
63 501.31
93 729.47
97 951.21
23 312.16
29 383.04
3 401.26
89 392.11
20 409.18
53 393.25
40 165.58
46 700.64
16 518.81
63 423.33
78 321.72
88 104.21
50 913.84
38 807.16
80 146.86
87 507.66
16 493.19
9 327.31
30 341.86
22 509.71
34 701.91
63 489.78
15 604.37
89 777.08
91 420.32
38 650.79
65 360.57
43 379.48
83 650.13
27 142.78
15 167.31
5 681.39
87 601.11
82 423.49
10 525.60
70 500.64
3 340.31
15 164.66
88 879.20
46 881.63
29 526.07
85 349.77
7 495.61
58 994.69
89 196.98
90 408.91
98 260.30
70 678.27
41 163.43
86 331.03
86 466.63
21 210.46
91 289.38
76 171.02
96 770.85
56 311.43
38 457.12
100 399.43
17 690.39
10 117.24
41 128.70
52 221.90
67 133.12
64 955.56
69 904.97
97 579.72
13 561.90
22 637.90
100 239.99
70 325.41
11 500.25
26 161.06
61 684.99
34 262.99
64 634.38
54 719.62
5 600.14
39 770.78
91 371.61
39 516.71
50 518.29
64 657.93
66 880.50
10 908.10
50 625.09
71 442.09
11 649.80
46 550.75
58 192.36
9 537.49
3 624.91
59 491.37
44 827.79
4 235.62
22 973.41
92 937.18
5 343.40
53 675.97
38 361.68
83 305.65
88 619.70
57 872.91
73 164.82
21 273.36
59 702.99
51 836.36
94 698.42
79 936.00
31 360.72
79 290.23
90 486.58
71 751.46
62 566.48
39 139.84
96 293.27
23 389.04
23 986.31
38 626.47
41 107.63
26 850.81
41 925.31
67 319.14
9 406.80
19 652.97
69 736.90
70 146.19
26 183.75
4 813.79
40 496.66
15 854.63
49 470.55
41 155.75
9 346.58
45 357.24
39 144.74
17 181.51
78 360.75
99 392.04
3 233.82
91 748.96
17 234.10
40 364.72
22 539.69
54 325.93
47 647.61
62 879.34
70 385.99
86 124.34
99 888.10
62 924.69
93 622.36
1 105.10
51 107.54
59 977.61
24 261.43
34 946.87
92 907.95
73 286.20
17 483.11
5 705.46
9 695.29
74 257.02
30 366.18
75 298.64
79 131.41
69 908.90
28 406.10
22 620.99
89 665.87
44 682.16
33 462.92
28 366.77
48 954.69
37 211.66
58 876.98
44 534.92
47 153.11
9 415.51
34 187.06
99 871.57
26 864.00
80 292.40
65 865.65
59 447.92
68 406.62
74 457.67
10 190.72
73 288.21
14 738.43
75 343.27
13 420.28
74 910.91
7 811.79
69 569.72
5 783.38
3 269.34
56 213.84
68 698.75
52 304.76
33 846.86
68 249.93
87 249.25
59 333.64
65 167.03
91 919.33
14 200.40
78 629.65
47 699.87
91 779.98
95 305.92
81 537.29
85 745.24
87 478.63
32 156.02
48 502.85
88 708.10
76 479.34
79 648.28
62 247.23
53 748.65
91 828.03
11 147.33
86 597.98
16 790.49
65 201.64
77 338.35
14 605.32
1 708.75
98 318.07
92 267.17
97 394.57
81 344.91
49 313.81
34 790.32
95 243.80
40 228.21
74 539.20
54 576.64
98 375.51
62 112.44
73 783.24
4 478.92
65 743.29
5 917.26
55 583.79
56 904.03
71 487.39
53 664.50
49 362.84
1 100.93
44 809.22
74 747.95
32 504.72
23 887.21
43 639.01
49 281.74
36 152.24
43 304.41
18 410.09
7 393.11
4 778.79
47 674.28
29 310.03
77 860.84
91 232.58
20 717.81
42 997.12
6 397.34
11 448.70
12 999.45
5 203.72
24 706.69
33 331.97
41 559.62
75 748.65
80 923.65
31 185.04
59 306.57
11 366.33
54 623.27
77 635.57
15 113.80
53 135.98
50 313.83
90 950.75
55 975.73
89 752.99
39 747.17
13 277.55
78 624.72
63 289.25
34 472.91
50 164.97
31 172.85
82 916.23
26 596.85
40 759.41
85 917.96
49 535.50
83 600.89
72 518.74
23 682.35
21 566.80
18 983.98
51 181.55
72 696.24
28 671.43
31 704.72
94 519.30
30 429.33
59 175.48
1 499.17
56 569.13
81 320.93
22 888.63
31 459.97
88 269.70
33 375.50
86 233.16
52 856.54
8 522.13
46 811.45
10 538.36
95 649.67
48 613.18
35 782.19
43 619.71
23 426.90
36 600.60
20 821.35
90 842.17
97 454.93
46 210.26
32 574.16
70 196.95
64 231.51
69 726.91
72 230.55
25 633.32
96 465.94
96 386.44
33 509.99
72 376.85
94 437.50
81 266.46
96 410.77
19 852.72
79 811.48
38 179.80
21 752.43
90 230.31
99 938.48
30 980.39
5 137.87
22 254.30
96 721.37
67 436.38
80 121.11
97 900.91
31 163.13
87 162.68
58 202.06
84 342.83
70 186.86
99 184.70
81 928.65
15 605.06
95 237.06
76 412.92
36 872.73
79 146.55
39 323.82
54 746.63
91 997.84
77 181.57
43 537.28
98 848.91
74 207.76
68 684.07
69 863.60
60 882.15
64 946.39
3 695.61
57 137.19
70 245.73
3 104.62
75 240.74
89 482.52
52 614.20
38 279.18
63 857.65
65 673.35
44 228.72
15 358.49
81 356.01
14 687.52
38 430.85
61 633.68
19 440.97
72 722.57
91 703.90
100 468.66
57 267.84
95 169.83
26 338.78
79 762.86
3 222.71
83 838.72
5 596.63
59 325.57
64 231.46
59 669.59
63 935.09
73 682.97
80 725.90
72 192.72
37 232.56
33 641.04
21 111.66
72 407.81
65 311.66
64 486.95
37 984.66
82 256.42
92 969.70
72 902.17
67 512.77
89 375.11
97 420.63
5 676.45
87 526.84
30 164.21
9 522.28
49 442.23
57 334.85
51 237.27
76 511.99
74 142.42
45 813.20
66 819.62
83 958.73
14 831.19
35 171.03
73 207.24
65 189.35
91 240.94
37 354.37
36 685.75
43 421.04
59 796.06
68 304.43
67 328.18
76 557.88
68 980.62
8 762.91
60 310.09
31 517.76
100 143.87
40 525.49
95 664.18
34 255.11
74 581.26
72 146.89
25 905.09
63 298.64
17 494.78
41 170.17
53 458.06
37 596.00
100 611.41
8 774.84
60 150.23
43 758.78
1 668.36
54 769.66
58 171.42
18 213.16
78 703.18
37 310.41
39 745.99
90 854.20
67 124.55
3 954.67
9 316.82
17 417.97
89 705.81
59 346.49
84 400.02
98 883.41
31 615.78
60 954.03
17 974.17
64 481.56
99 565.01
66 754.39
30 400.14
79 254.31
15 979.23
17 190.49
32 975.05
72 895.55
5 530.33
91 764.01
85 363.44
43 975.88
80 820.24
57 900.58
32 784.53
17 983.46
17 944.23
62 616.41
8 757.75
49 411.29
57 421.18
50 813.39
96 403.63
43 982.07
30 382.59
90 685.38
98 520.06
35 513.79
80 808.48
26 990.23
29 553.54
62 778.37
1 993.05
78 495.48
14 169.27
72 692.31
98 169.83
37 979.22
6 503.62
96 308.20
4 962.90
47 147.99
94 943.91
71 598.17
7 196.91
14 270.24
100 874.79
45 899.90
87 866.83
72 133.55
49 405.29
99 619.58
84 950.94
78 783.75
24 873.33
75 743.10
41 986.63
100 125.79
35 914.05
92 473.16
58 371.48
15 966.37
91 479.06
60 235.46
96 867.07
30 227.02
56 743.16
88 402.36
86 287.19
59 659.82
61 506.22
39 314.76
67 220.44
21 425.05
43 959.39
82 637.98
21 745.85
20 325.49
2 960.43
82 764.41
100 105.25
78 606.38
41 556.81
24 771.24
1 242.50
81 579.49
64 613.66
32 691.43
34 996.43
82 230.53
19 182.33
4 581.52
10 225.93
87 896.19
25 930.74
76 760.81
83 434.67
35 729.75
63 306.26
22 135.02
93 985.61
19 645.09
91 726.23
56 721.51
70 636.62
91 699.33
27 884.70
77 133.10
7 905.78
7 513.31
91 561.74
53 792.07
17 226.54
66 500.22
70 232.59
59 138.65
23 580.35
74 725.63
41 725.42
64 348.13
55 807.75
31 616.10
73 621.86
6 283.84
68 917.82
48 794.25
40 950.74
49 339.27
96 539.97
42 774.93
22 124.89
56 590.66
58 248.30
16 554.28
5 818.20
71 205.32
25 633.67
82 270.71
33 741.03
35 207.76
16 363.85
4 898.95
66 866.24
67 740.35
97 887.41
21 126.70
6 829.27
3 301.48
53 686.00
56 864.75
86 407.65
85 484.48
14 846.90
89 292.52
31 762.58
3 229.83
97 974.22
40 817.18
72 656.34
9 697.99
38 315.62
7 108.54
1 457.37
92 432.36
51 934.50
52 566.61
39 630.10
83 339.49
11 673.55
68 682.35
33 580.25
18 133.81
36 335.02
79 664.23
60 501.37
8 384.42
12 431.27
57 167.80
6 744.56
98 793.07
14 982.94
31 397.76
1 247.76
44 881.03
96 709.38
96 904.14
21 884.22
60 608.49
6 444.70
39 648.16
28 167.50
7 505.88
90 468.00
46 240.21
2 330.95
41 282.21
34 946.98
16 197.41
87 650.90
34 402.79
20 727.68
54 921.97
81 687.85
27 500.54
82 784.35
94 628.88
87 607.11
2 638.38
39 353.35
82 957.38
44 225.72
25 943.97
99 321.32
13 241.36
18 419.39
80 415.82
100 741.10
7 868.32
29 223.60
7 809.35
51 648.93
33 961.43
84 423.31
29 207.05
68 195.08
95 488.34
47 468.87
18 817.22
71 215.90
80 850.79
32 227.80
7 367.86
55 124.75
45 687.21
59 840.79
37 633.76
59 914.36
8 156.33
16 110.54
21 186.59
23 772.17
70 879.55
18 206.37
10 541.56
79 535.26
8 749.77
7 955.39
51 499.07
21 284.44
11 382.41
87 469.96
37 416.04
89 980.62
91 659.64
92 460.99
2 501.54
93 193.94
84 801.89
97 733.38
20 483.72
51 903.92
64 494.86
54 143.84
42 965.07
72 562.78
53 136.33
22 120.77
9 742.72
89 356.88
64 362.94
12 173.70
62 511.36
33 641.93
36 722.49
52 857.30
43 205.41
67 636.70
54 972.06
8 459.32
62 881.06
9 535.15
28 453.38
96 323.11
22 218.47
33 519.75
97 431.51
81 328.17
84 943.03
11 653.88
84 750.85
91 326.13
98 815.53
71 191.38
8 773.96
63 482.29
87 858.65
10 534.92
22 303.28
15 799.92
60 924.93
68 607.38
29 329.27
99 645.79
14 545.61
33 642.13
17 998.19
92 689.94
93 307.63
66 535.47
42 522.33
39 644.59
30 313.53
21 491.16
51 720.96
69 836.19
96 917.07
28 603.13
59 324.62
13 876.19
14 974.14
38 826.11
34 602.16
18 922.17
27 958.76
32 947.88
58 316.00
96 170.64
94 625.72
78 390.63
36 624.81
90 952.03
93 486.25
87 775.06
16 353.55
2 228.82
17 790.18
62 952.85
84 544.26
47 867.39
88 300.78
18 120.33
26 477.00
27 117.01
72 829.14
19 541.10
39 390.75
21 695.31
84 613.90
93 656.80
19 385.74
36 893.23
8 785.89
18 266.62
97 188.98
81 590.26
13 405.41
50 242.79
67 372.86
6 766.21
65 799.69
98 510.82
48 104.35
84 811.53
71 651.46
25 138.36
2 781.24
67 810.53
22 889.23
67 544.53
69 722.41
86 840.53
31 283.51
94 529.19
94 790.65
51 902.78
43 450.08
13 171.35
86 209.52
27 850.75
42 838.15
60 613.88
59 182.46
7 814.17
92 206.46
84 361.72
90 970.99
94 344.97
91 296.82
72 214.32
24 152.70
27 344.25
83 199.85
73 620.51
8 703.16
49 359.66
64 656.92
22 848.36
31 941.53
90 160.87
26 591.17
16 631.21
27 164.54
24 142.10
8 138.15
92 889.09
13 691.49
1 374.08
14 878.17
47 183.89
7 190.65
98 762.84
97 945.19
19 580.82
41 909.34
72 813.85
85 975.98
6 323.19
34 128.53
70 977.41
83 778.00
83 457.64
99 749.77
4 640.75
96 598.66
98 720.86
53 276.78
87 802.92
10 748.36
22 192.21
36 238.74
58 410.47
69 618.10
51 233.23
48 209.25
1 610.15
64 605.44
67 792.56
57 947.58
25 468.86
54 582.02
28 425.48
52 997.86
24 488.31
43 146.04
38 911.79
100 918.38
79 562.49
74 881.90
50 795.62
91 530.59
79 720.44
2 989.67
31 758.37
55 645.95
28 739.31
8 884.93
65 376.27
93 121.81
42 527.84
45 970.69
72 115.41
1 679.31
66 945.83
56 282.11
33 982.26
10 787.45
62 517.97
27 880.16
24 421.05
26 512.74
90 916.84
74 286.48
11 120.42
15 726.62
25 463.78
44 943.41
24 512.02
95 161.54
62 167.96
21 423.93
56 513.68
67 886.82
49 460.44
81 568.50
79 653.90
71 284.91
100 408.92
36 643.01
93 703.27
27 933.63
37 830.55
15 774.49
23 599.56
44 728.97
41 869.24
41 867.06
70 634.49
7 345.81
44 821.95
15 231.20
89 620.60
87 149.68
64 804.50
33 223.61
31 684.32
79 368.03
37 978.56
12 726.04
67 610.49
53 776.97
79 745.78
60 963.04
97 464.44
64 325.65
36 833.91
76 819.40
32 483.10
95 147.84
22 480.26
52 359.76
42 553.55
94 382.08
19 353.60
86 761.16
94 621.25
11 109.37
41 128.15
13 378.19
100 956.61
42 242.44
48 769.29
65 833.70
8 486.74
83 823.72
51 834.16
84 395.58
39 554.53
4 664.68
98 820.99
72 914.62
36 753.15
27 637.92
59 110.29
92 430.94
15 733.34
54 215.40
23 557.21
25 788.05
47 192.23
67 161.26
73 197.70
21 754.50
87 218.47
37 959.29
19 119.67
53 372.59
62 781.51
44 373.55
19 938.88
100 255.19
97 404.44
15 146.95
35 354.72
98 735.67
43 918.99
62 169.20
99 303.21
59 748.63
93 508.86
57 995.80
40 326.85
47 849.48
35 536.86
69 850.22
29 814.06
22 599.60
38 200.47
44 226.85
17 903.67
33 233.45
74 264.33
30 331.79
4 902.71
53 190.18
34 170.65
61 723.80
31 962.99
100 228.63
36 943.62
2 549.36
80 504.19
76 833.25
27 268.26
29 698.56
15 255.43
3 565.62
15 463.11
19 894.79
79 287.53
67 243.93
2 561.18
34 249.57
93 348.01
37 291.02
72 477.90
76 269.33
69 868.45
56 205.57
89 454.38
5 440.79
73 402.74
79 572.93
10 425.18
72 533.31
34 838.53
92 537.83
43 563.65
2 638.54
38 589.67
98 415.41
81 887.93
83 134.32
75 872.37
61 669.34
66 944.12
92 661.28
66 103.78
17 914.91
22 265.71
10 917.42
48 621.46
28 607.33
31 606.65
15 764.68
57 504.23
55 364.30
7 649.63
52 519.47
73 915.43
28 439.42
69 915.72
44 131.87
51 937.66
50 107.64
79 730.38
23 670.13
76 551.87
97 722.15
50 918.39
77 238.17
1 213.74
82 469.23
75 643.67
5 765.96
98 773.83
40 285.72
24 918.18
59 637.95
60 580.18
75 450.75
28 508.50
33 127.80
100 488.44
61 830.17
57 479.88
50 725.80
57 667.43
78 646.51
90 497.40
66 812.29
76 726.93
21 821.52
34 814.25
35 951.42
68 711.29
58 618.62
19 165.68
97 418.26
90 767.34
46 988.39
86 630.82
44 707.58
47 917.38
92 698.50
94 197.85
47 595.01
1 928.88
43 310.28
69 896.66
1 124.32
70 625.21
56 818.53
17 207.18
26 171.97
71 629.69
25 734.40
34 200.03
75 474.97
79 398.86
88 798.28
97 638.51
87 778.16
2 526.19
57 233.06
57 189.65
91 904.01
13 966.76
84 824.84
32 990.80
65 419.74
72 888.34
83 817.08
86 967.17
84 832.37
67 224.57
19 762.03
77 704.28
2 369.20
98 621.91
54 175.31
45 322.49
51 141.28
31 356.41
48 639.57
8 825.37
86 184.20
93 171.69
93 298.72
65 289.10
72 283.57
6 980.09
6 678.43
34 449.28
94 795.52
41 407.53
56 196.17
16 405.40
16 522.26
54 836.95
20 763.03
12 393.91
35 725.31
81 447.01
47 224.41
12 232.03
76 100.26
62 568.13
57 183.03
34 608.88
59 722.37
56 922.53
20 556.00
93 617.60
30 242.84
54 160.16
33 321.58
65 111.27
93 649.13
70 149.71
67 415.13
65 372.21
23 286.46
78 704.89
80 221.87
32 830.18
8 349.79
79 912.67
64 227.25
4 356.28
50 130.29
91 796.61
97 694.69
97 178.61
87 114.70
11 109.80
77 319.59
64 865.23
86 832.15
9 903.03
70 878.08
33 824.22
95 664.98
11 202.24
89 484.03
59 377.76
95 795.65
19 213.35
26 329.42
34 730.20
30 965.87
40 815.24
86 367.36
38 573.64
51 995.74
18 166.90
46 965.30
22 573.78
32 104.19
65 299.78
23 333.61
45 392.72
1 178.03
87 293.01
61 516.97
36 704.71
20 556.67
10 241.56
36 859.18
38 377.90
23 566.25
49 736.15
93 403.27
39 191.28
78 898.37
24 489.31
1 965.23
61 551.15
90 305.34
78 873.28
24 123.23
43 524.57
54 334.45
6 952.00
27 159.73
71 110.14
36 673.18
26 412.16
48 371.92
24 116.22
77 387.00
36 676.02
70 555.81
68 978.65
76 730.55
56 590.75
63 284.87
86 382.45
13 240.12
42 132.39
4 843.87
95 491.30
69 786.62
97 841.32
46 840.56
66 639.90
99 117.99
13 660.56
31 229.58
6 650.10
28 510.44
9 192.32
76 732.85
55 989.02
24 204.85
91 156.90
84 601.57
51 748.94
98 589.13
100 244.89
75 627.82
32 596.39
20 426.16
65 723.08
25 388.21
47 273.86
17 194.08
43 574.09
96 571.18
93 274.74
42 569.02
85 326.75
19 720.84
57 251.87
35 202.93
69 357.20
72 992.08
86 241.32
72 682.46
77 489.33
32 797.36
43 876.53
46 554.43
93 365.36
68 862.23
52 319.24
77 226.31
52 195.58
31 656.92
33 773.56
52 779.12
24 954.18
76 767.59
68 832.17
31 915.92
68 331.99
40 463.10
65 984.32
77 194.07
47 833.65
9 322.93
94 499.89
55 554.40
7 626.22
46 135.76
70 508.00
9 911.97
98 719.08
63 724.64
28 159.78
69 397.96
84 307.59
98 736.08
98 955.25
54 458.81
62 506.59
75 545.37
27 844.41
3 953.81
20 847.30
72 816.40
94 556.68
77 956.59
54 619.59
64 445.56
55 613.26
44 312.11
79 165.99
35 121.05
33 521.81
26 130.03
1 686.73
2 148.09
39 314.87
43 746.65
84 660.09
32 257.13
25 795.88
6 142.64
3 189.32
89 864.51
73 316.54
79 834.95
3 518.38
16 168.84
69 752.57
64 976.18
99 785.87
14 498.72
52 617.23
39 370.36
12 806.14
39 414.05
32 856.65
77 566.13
33 192.07
50 650.09
94 510.76
75 675.21
92 683.20
85 372.76
2 136.26
87 129.50
77 292.00
92 246.04
98 633.80
20 157.42
32 467.77
84 745.63
3 575.46
86 300.72
81 975.65
90 833.06
85 398.33
31 691.64
71 948.10
61 347.93
58 257.72
88 157.78
97 267.54
7 888.41
9 102.91
50 831.30
7 976.31
69 121.67
42 585.88
27 330.60
84 142.34
28 410.83
93 791.43
99 855.66
11 181.29
91 812.09
91 999.75
99 829.74
66 785.99
35 495.18
84 379.88
43 647.77
67 448.70
78 935.45
9 678.82
6 637.81
58 426.42
32 784.95
49 317.37
38 992.04
28 340.55
17 859.76
66 125.10
12 565.84
86 738.95
20 577.27
93 755.24
17 789.00
41 483.56
36 736.00
20 219.32
74 680.56
94 498.85
92 957.21
14 365.84
26 975.62
62 356.02
45 954.07
88 380.10
93 146.10
62 704.41
38 652.59
88 984.44
81 554.51
64 689.74
86 233.56
48 550.98
6 895.06
66 818.04
4 530.74
29 965.45
93 335.89
94 606.49
22 556.11
81 178.17
17 787.58
35 814.71
100 639.14
81 449.93
64 152.70
34 846.57
36 154.77
84 533.30
58 689.16
48 809.23
76 613.35
41 443.06
91 318.61
46 573.39
10 532.22
15 713.32
100 634.29
79 411.91
69 304.35
92 576.14
37 873.91
93 632.85
53 605.84
80 796.16
58 309.66
94 669.80
50 711.14
78 740.55
100 250.94
39 347.62
74 346.14
61 948.59
97 888.66
62 468.96
12 582.16
26 758.83
48 820.58
72 389.34
52 464.58
18 727.22
34 254.36
25 602.08
78 301.23
93 115.03
92 545.67
42 465.82
5 974.66
17 447.15
90 996.74
81 453.68
58 941.32
20 151.77
40 655.71
20 123.28
34 140.10
78 446.23
34 420.18
75 957.13
92 224.22
12 819.90
69 477.18
43 191.81
89 522.84
95 836.25
67 557.28
71 989.19
72 238.22
34 882.31
76 818.32
71 933.85
51 544.00
95 467.52
82 245.96
60 589.08
21 151.71
25 367.21
80 872.23
12 315.44
70 113.79
24 355.56
25 326.12
66 335.86
33 444.77
75 116.51
91 304.70
3 154.04
99 602.16
84 532.67
57 457.68
8 807.87
81 400.65
4 365.64
58 162.90
83 233.09
89 392.04
58 761.79
100 877.51
16 748.87
53 236.54
48 543.16
81 884.98
53 553.03
15 706.97
76 639.67
65 177.64
4 937.08
68 317.34
3 714.77
15 219.22
97 584.54
15 791.81
84 161.43
55 135.36
70 175.11
22 663.09
81 268.97
76 158.62
77 639.41
44 238.05
16 430.07
3 830.61
2 791.51
90 980.63
76 777.62
13 685.59
90 479.16
27 244.20
70 563.57
67 804.27
70 208.18
69 798.29
36 167.00
90 319.34
37 269.19
15 886.61
52 798.49
3 442.05
69 383.60
48 835.00
77 538.58
54 841.59
81 595.75
86 426.67
49 877.02
19 840.12
20 311.10
5 403.49
26 867.06
22 454.25
32 784.82
50 466.43
31 111.45
17 589.87
99 187.69
20 234.08
2 871.55
51 852.82
94 398.53
26 266.23
7 603.96
12 751.19
17 887.07
52 515.25
76 237.23
49 768.77
7 213.93
84 546.26
87 558.76
84 241.72
49 588.74
65 934.25
36 902.53
73 729.30
38 423.21
73 177.60
100 277.68
73 974.91
92 476.35
83 314.84
30 398.82
86 846.93
61 985.94
79 322.77
40 302.47
9 481.35
46 627.03
56 307.54
5 288.95
7 594.38
7 599.79
1 137.44
78 561.24
91 140.78
88 626.66
61 214.78
34 333.27
54 716.21
77 819.97
80 590.07
61 218.92
74 418.47
9 385.65
70 755.47
56 511.96
56 827.42
58 573.50
30 568.84
10 310.02
52 697.63
95 590.91
3 605.65
62 724.34
90 426.16
16 850.54
3 802.02
57 750.96
31 890.62
46 231.70
87 661.99
94 529.36
7 348.26
74 824.10
15 284.89
54 635.84
16 352.73
40 249.61
64 762.12
60 921.13
60 696.45
68 901.91
33 257.48
35 913.40
100 768.35
33 710.60
4 517.02
93 102.78
29 324.30
39 398.65
42 775.14
32 370.30
44 653.10
9 179.94
87 155.12
25 301.80
39 876.71
82 351.79
44 216.71
2 312.08
50 116.76
100 291.45
46 364.62
62 429.80
74 681.59
32 132.81
67 736.65
17 273.27
74 996.66
66 252.88
96 490.08
39 495.47
94 253.40
71 227.18
86 198.98
23 800.89
52 358.10
99 364.51
52 156.13
10 915.13
49 876.58
97 477.61
71 360.17
44 720.47
54 265.86
35 962.99
45 320.65
78 632.81
30 164.50
79 934.40
27 822.78
96 495.77
64 400.84
10 799.52
70 901.00
52 163.39
43 766.66
81 420.67
71 815.96
83 138.55
84 249.97
40 292.70
33 856.59
40 726.11
41 789.60
21 520.80
97 500.55
55 927.34
60 287.76
5 209.21
71 592.15
93 176.87
34 102.80
71 212.45
51 176.53
94 561.33
93 768.41
83 313.03
5 926.02
58 694.32
3 915.01
29 387.05
17 489.25
18 148.99
78 205.99
49 714.05
95 133.94
77 522.50
59 313.41
58 835.68
58 359.38
22 210.07
54 679.02
70 201.89
5 228.97
61 701.54
37 203.81
66 963.29
22 909.10
93 236.56
75 756.21
22 541.83
90 915.60
7 310.82
77 948.00
63 978.75
93 994.69
34 813.42
62 124.68
12 186.22
64 371.24
78 804.61
30 259.27
37 903.52
95 506.48
28 870.38
9 122.95
91 985.95
72 376.43
25 623.85
86 254.25
76 662.78
26 962.53
97 172.50
38 549.85
66 317.39
82 980.73
8 885.11
18 842.46
45 696.78
29 229.24
26 982.90
25 194.79
30 289.97
10 245.27
1 361.13
68 641.25
98 399.87
56 115.37
59 391.19
46 600.02
53 274.69
62 426.02
42 349.89
63 777.99
20 462.02
20 682.19
65 878.01
62 405.06
11 251.17
6 824.90
2 861.10
74 189.27
25 878.98
61 444.14
33 647.87
53 316.24
39 371.85
6 520.37
86 230.22
88 861.92
36 846.09
3 862.72
89 676.75
8 458.06
19 679.60
43 504.10
7 410.83
58 223.96
44 555.36
98 324.97
54 411.15
69 815.20
33 403.03
19 978.16
92 231.90
26 439.90
99 593.74
92 532.14
76 547.26
41 494.91
63 913.58
48 259.38
20 270.71
77 453.20
74 520.04
84 361.89
78 921.40
16 568.43
72 389.35
3 731.89
95 586.13
94 514.47
88 816.20
41 641.79
21 408.43
3 556.02
49 204.68
35 191.97
80 882.16
47 946.44
56 311.85
31 920.87
47 817.11
2 931.44
43 291.80
44 616.61
15 805.19
37 435.42
29 290.72
31 311.64
58 175.46
44 824.12
16 454.73
91 299.55
5 564.68
76 291.74
57 484.40
28 981.51
49 424.01
70 593.06
95 646.28
37 122.10
9 681.99
5 555.50
46 647.30
38 557.32
27 943.48
65 176.76
57 784.29
58 389.64
68 823.43
23 647.09
96 930.66
56 892.90
2 924.19
37 316.31
72 693.93
32 584.71
22 237.37
27 608.39
49 426.53
87 713.86
85 802.95
70 927.29
1 718.90
100 956.70
28 384.25
5 418.82
99 417.69
62 333.36
96 132.04
8 857.34
13 942.37
94 549.62
14 334.49
15 741.32
30 817.95
22 116.77
2 466.89
38 274.68
56 877.73
16 675.51
94 574.59
10 667.22
83 175.39
65 399.29
5 443.29
39 743.95
100 349.67
53 872.25
25 516.80
76 849.97
51 885.76
95 427.38
17 717.73
20 807.92
79 266.25
25 327.18
6 447.18
98 944.15
17 930.63
92 612.78
48 372.90
54 706.64
78 246.50
14 298.84
82 760.02
68 801.23
17 811.80
3 108.25
93 696.31
20 544.92
26 755.61
94 402.62
59 564.20
96 825.68
88 683.18
13 754.17
68 357.97
1 333.92
43 822.14
41 834.62
82 594.56
24 776.05
93 219.21
34 918.72
11 535.19
40 395.08
21 155.63
18 639.08
28 190.43
6 995.95
89 745.05
7 594.03
60 500.45
41 995.65
88 289.08
69 815.54
97 401.29
28 435.77
33 791.11
3 892.06
31 286.50
43 138.35
35 845.06
59 175.48
68 658.54
90 652.73
62 461.65
56 765.98
27 520.42
4 294.63
85 116.07
58 330.99
36 360.10
18 463.95
80 591.85
4 955.59
62 972.00
40 918.07
83 206.92
6 570.53
24 171.25
59 716.76
31 601.44
25 256.63
49 846.25
55 139.28
75 943.85
19 735.26
45 689.39
3 550.87
9 833.52
75 742.74
66 198.11
7 398.28
29 335.60
98 731.60
29 135.81
23 638.73
60 685.46
62 295.11
75 985.33
1 671.13
29 120.51
57 531.10
10 685.41
86 653.07
85 372.21
69 740.92
60 912.69
38 532.85
73 662.42
39 386.93
64 651.25
11 522.94
22 706.06
13 163.48
21 248.57
41 513.93
22 998.61
12 269.58
6 257.08
95 857.02
20 974.92
29 691.74
51 691.23
41 782.38
38 987.46
6 250.00
29 404.51
90 266.75
69 376.43
52 117.95
41 126.56
54 426.83
16 781.65
17 218.78
75 484.66
75 565.18
94 386.41
24 385.63
24 454.16
51 315.27
10 888.33
30 627.17
61 835.35
98 879.40
20 788.04
36 434.00
39 131.77
45 232.65
94 782.79
86 985.96
100 218.64
62 895.63
68 522.32
13 397.46
31 411.67
35 435.40
96 472.33
74 717.24
79 408.08
39 353.76
46 474.48
20 866.50
70 750.03
79 323.58
76 619.89
62 420.86
13 705.97
33 793.55
7 112.85
53 755.81
91 632.33
57 144.25
25 410.32
70 535.55
28 696.39
85 202.59
60 395.52
6 392.62
66 934.28
19 902.28
64 199.40
37 991.24
89 979.32
89 747.77
69 221.51
78 937.63
12 966.39
86 248.95
20 146.53
34 654.62
1 814.03
5 168.69
17 832.89
17 338.04
87 444.21
67 716.38
71 440.08
60 164.57
78 295.95
38 627.28
85 533.33
81 374.02
67 850.66
28 125.36
41 986.20
41 357.55
69 807.43
22 147.12
1 650.62
89 713.62
20 794.72
3 340.46
63 216.24
54 294.81
37 456.80
91 556.34
63 519.94
33 977.45
31 441.81
99 351.06
37 736.83
53 122.19
81 923.18
66 964.69
68 496.24
94 251.54
52 321.11
8 328.20
55 908.83
3 899.27
26 837.44
100 517.22
99 277.31
55 989.75
9 752.31
97 170.78
18 132.28
26 511.23
67 482.92
74 686.51
13 927.97
37 423.39
91 273.41
88 772.81
32 212.05
45 627.92
97 769.35
32 207.80
23 202.27
80 329.03
97 490.24
96 700.67
80 215.31
11 663.07
91 920.69
42 635.42
78 619.97
67 414.94
95 935.92
28 940.55
30 680.58
72 799.03
30 822.51
64 588.55
20 386.91
99 591.33
50 957.73
4 268.92
58 891.38
12 467.34
8 763.36
62 551.79
82 922.19
58 798.77
36 808.79
40 880.27
85 401.89
13 910.88
85 930.39
50 700.20
6 808.82
87 977.36
87 512.59
93 371.67
15 793.70
27 999.38
53 490.01
1 480.95
35 795.28
61 842.85
74 959.80
89 219.83
32 585.84
78 980.08
46 509.76
79 684.67
54 758.09
9 969.29
82 186.64
73 616.61
55 798.34
83 914.39
24 388.12
50 777.53
35 386.39
5 229.12
82 666.99
40 574.70
39 843.33
94 791.46
29 793.70
76 293.19
1 957.84
78 948.09
24 708.89
89 349.79
65 100.08
20 340.03
70 714.52
67 297.63
83 957.38
50 339.35
67 489.79
8 592.86
44 836.17
43 560.74
99 678.07
82 341.21
95 296.47
75 599.67
82 212.05
11 354.49
65 109.14
9 211.26
85 943.82
42 858.16
98 231.73
84 661.51
87 263.00
24 415.26
39 983.19
94 482.63
77 358.46
53 964.48
1 384.31
45 933.63
13 516.69
61 785.03
43 805.72
32 100.57
80 135.28
4 831.54
59 886.17
64 902.23
71 100.35
10 254.14
49 597.79
30 176.37
85 914.26
15 408.42
64 465.67
14 867.26
36 277.55
96 617.34
13 928.30
16 945.94
76 362.89
84 541.82
52 530.79
68 623.85
42 777.64
11 472.72
19 979.06
81 715.08
12 866.61
72 696.94
48 439.90
6 843.19
39 861.92
38 317.41
41 482.43
56 519.92
92 312.55
77 917.02
91 892.69
85 906.39
58 257.14
16 591.56
44 858.26
14 837.00
46 986.38
27 959.88
3 962.60
52 273.80
52 778.20
20 472.16
14 208.16
67 932.50
75 439.42
63 615.14
7 183.78
1 998.23
84 522.75
26 859.17
70 807.75
44 847.49
76 801.33
84 916.72
57 640.17
77 924.50
7 678.66
58 256.69
96 402.56
22 615.31
19 288.04
43 298.97
75 285.30
5 492.31
18 915.62
47 161.69
75 124.12
21 765.89
55 938.81
64 366.60
47 749.46
84 310.40
19 286.86
85 769.92
89 191.36
55 123.94
49 412.22
94 521.05
67 985.95
72 461.74
88 546.88
85 820.47
71 197.39
40 358.23
67 802.58
94 605.38
94 220.70
33 445.20
94 391.53
87 357.91
24 498.20
57 710.63
27 579.03
77 541.95
60 951.34
46 440.44
93 770.14
46 476.72
79 415.72
84 520.73
76 620.49
1 749.79
43 120.69
7 772.57
85 349.95
16 748.41
1 593.99
7 344.11
93 744.10
44 290.29
14 306.81
29 331.53
83 625.98
15 554.67
25 422.03
76 629.32
34 867.16
31 463.31
80 393.02
12 792.80
77 858.31
13 787.68
69 756.88
50 307.16
65 188.38
57 357.09
67 616.26
41 132.00
59 517.15
2 174.20
5 479.84
50 913.25
42 398.55
26 770.68
56 405.02
76 533.15
4 574.70
60 961.91
56 751.56
66 943.39
57 204.51
35 906.81
55 722.01
10 622.25
58 666.15
26 485.87
67 266.38
77 762.18
27 667.97
45 898.17
56 949.87
40 463.07
28 575.24
63 100.23
95 266.75
48 306.29
6 401.81
56 797.22
84 502.38
69 464.28
16 822.47
4 103.65
49 591.40
4 643.97
86 807.61
23 854.23
90 504.04
95 571.88
34 136.99
18 485.89
19 771.22
62 755.30
63 635.21
69 916.35
85 741.40
63 440.94
62 884.16
45 269.97
70 213.47
85 727.34
39 595.75
86 682.42
74 760.16
5 361.83
90 753.71
10 615.35
22 258.63
79 392.49
67 273.91
73 278.76
59 331.79
4 671.94
7 617.24
42 855.47
67 685.91
91 114.20
94 314.17
4 615.96
87 375.47
28 534.06
50 165.34
47 813.60
61 513.81
58 597.69
51 680.10
5 414.91
88 139.91
84 640.47
96 906.74
94 169.90
98 136.03
8 312.06
41 438.77
46 274.86
54 991.26
71 726.96
78 542.35
14 759.03
17 917.09
73 155.24
59 463.89
67 676.97
30 270.76
49 756.58
75 688.74
33 157.78
40 597.09
97 287.43
86 128.97
73 451.68
11 580.96
39 670.88
60 521.31
22 108.64
34 982.67
3 114.18
100 775.15
19 948.39
63 930.90
86 515.44
96 239.46
12 457.79
42 808.63
80 905.91
35 871.27
86 708.82
67 279.65
32 100.31
90 216.59
4 155.85
22 254.84
44 861.04
26 915.24
38 513.48
76 810.64
46 432.48
90 457.67
2 134.69
71 534.43
30 692.38
1 827.32
78 660.17
99 816.24
77 683.63
3 299.32
86 811.05
84 547.87
93 775.06
100 476.74
76 780.57
21 322.55
7 811.99
68 886.34
28 520.95
6 255.09
6 945.94
81 397.01
41 497.90
96 556.42
87 946.14
41 197.93
88 321.90
19 313.66
59 310.47
5 591.50
29 915.10
5 868.28
34 669.42
83 941.72
86 254.22
26 136.98
69 745.72
3 295.75
39 176.31
57 482.92
89 176.82
91 866.07
16 890.84
14 735.02
20 900.85
23 201.63
8 361.62
100 133.59
92 447.97
19 817.43
45 622.07
38 212.61
36 375.41
52 489.86
16 353.59
97 353.07
36 561.91
28 940.76
88 361.12
38 612.73
46 938.37
50 925.01
71 400.58
70 993.34
26 925.26
33 856.61
85 487.76
86 383.88
21 508.83
21 468.34
15 866.06
98 389.00
95 819.51
4 337.86
92 441.52
36 304.85
12 418.34
79 225.23
32 414.20
13 485.13
87 945.58
39 775.70
52 386.60
83 592.24
68 157.36
13 790.44
55 684.14
80 321.39
44 198.21
47 180.01
86 994.84
27 993.15
11 394.84
95 326.98
9 574.34
24 956.57
87 581.74
4 829.27
34 247.98
1 556.43
42 315.51
8 729.62
81 912.47
53 894.13
27 130.59
56 255.30
83 271.55
11 551.70
74 279.05
37 143.90
27 890.52
77 305.51
76 473.74
26 782.93
82 159.82
7 705.27
26 966.01
86 243.78
18 375.39
98 390.03
100 206.98
25 118.80
26 312.38
42 460.90
24 420.72
50 445.45
28 401.04
14 347.34
42 880.28
77 140.85
6 136.74
74 485.23
76 516.75
92 548.02
14 998.96
16 435.41
29 504.04
24 674.44
98 164.46
97 432.46
69 776.55
32 455.62
78 708.34
42 548.74
81 665.29
80 252.33
92 662.16
91 426.84
59 703.26
31 385.49
95 762.15
93 792.87
100 831.87
11 466.63
35 387.94
34 413.21
71 278.08
47 711.78
5 870.21
42 152.95
88 571.86
91 233.35
78 469.90
96 829.71
54 710.96
70 401.81
60 884.47
1 559.71
20 587.07
25 266.93
61 456.35
80 306.55
85 556.85
64 306.50
28 524.81
49 917.32
5 851.74
52 912.44
66 282.05
44 279.78
83 570.68
15 606.21
45 901.30
5 156.48
60 388.61
4 492.16
52 352.66
11 288.73
13 776.74
83 767.37
67 370.43
20 592.92
6 743.71
24 862.89
15 202.88
77 595.68
52 383.16
48 806.32
42 159.98
47 837.22
67 837.83
85 280.41
86 976.29
89 796.56
43 186.19
87 447.12
11 904.66
62 726.38
67 802.64
35 127.83
74 502.91
39 334.28
95 570.88
35 315.23
54 909.02
3 124.02
85 670.40
91 223.85
78 835.39
58 684.77
81 600.90
21 480.19
56 934.27
25 177.28
30 669.12
55 857.42
1 305.04
65 715.40
79 284.13
38 882.60
38 672.55
23 232.64
27 119.41
1 627.92
67 832.49
49 986.67
79 827.79
33 836.67
23 667.93
9 201.98
11 395.84
49 321.09
80 507.94
48 823.30
97 267.55
39 878.10
81 305.78
22 192.70
40 236.86
61 286.54
29 581.31
87 383.81
25 306.15
67 908.50
85 149.98
91 983.96
40 846.79
89 847.08
62 498.39
15 287.60
67 201.50
59 698.32
37 144.94
95 203.94
19 907.66
91 284.34
32 926.52
84 634.07
85 788.74
81 306.21
55 547.16
28 500.48
6 392.88
1 245.28
31 469.11
44 936.05
94 773.47
24 988.15
50 554.42
28 480.92
35 613.47
65 595.51
13 425.57
87 292.30
35 697.90
21 142.74
86 107.20
87 452.49
93 676.39
69 288.93
32 350.59
61 943.45
26 782.66
40 799.20
56 757.11
52 633.30
64 723.36
97 305.84
66 331.88
54 559.31
92 429.22
44 965.67
4 456.38
78 423.15
74 331.74
54 588.29
17 743.66
27 626.00
96 425.42
1 150.30
56 530.65
96 479.61
21 876.33
87 918.15
14 407.34
65 673.58
89 925.28
57 441.81
32 486.83
73 684.22
43 354.94
38 147.43
90 341.80
11 603.21
85 133.87
98 705.28
24 283.46
59 178.86
99 399.87
23 863.00
62 384.39
82 205.00
53 814.92
100 662.27
63 338.37
11 510.51
44 378.73
78 485.52
86 922.94
63 706.06
88 355.06
27 759.17
2 906.60
86 594.90
35 777.58
23 393.19
7 408.04
47 549.71
52 448.12
5 838.50
91 984.26
66 445.45
61 487.36
43 977.52
37 970.61
77 448.03
65 230.55
1 348.17
66 870.60
17 967.36
84 430.16
75 916.38
4 861.18
66 843.73
62 717.73
71 470.91
67 962.77
28 323.08
36 841.09
69 446.30
49 671.97
69 506.98
87 969.03
6 391.68
29 445.32
5 481.70
13 812.34
29 649.16
63 361.44
34 183.90
81 187.18
16 331.04
54 999.30
97 955.73
93 598.88
88 774.24
34 418.97
67 123.77
51 280.30
20 802.22
67 754.31
18 128.61
97 168.36
13 238.58
43 126.67
67 318.28
19 672.14
22 946.59
34 311.30
50 647.42
93 325.30
2 683.61
63 569.48
69 199.43
7 847.71
9 365.43
72 232.70
54 935.00
88 779.14
38 868.34
65 836.01
48 644.32
20 383.52
16 422.17
24 309.87
74 916.87
99 638.41
50 773.83
15 316.05
64 173.19
82 645.30
12 558.03
67 843.71
76 593.14
50 913.13
34 506.49
70 850.53
49 545.73
72 138.13
16 436.00
42 634.18
25 136.38
77 100.10
26 344.87
59 618.56
68 832.74
64 650.35
69 948.08
92 248.16
87 275.53
66 975.45
96 894.19
45 672.46
45 575.44
11 655.55
99 870.04
84 854.73
75 245.59
44 592.89
78 547.42
36 278.32
2 413.19
16 258.76
15 108.96
88 981.84
83 653.85
47 207.09
54 401.79
98 391.50
76 277.35
90 108.81
62 285.95
51 355.52
56 535.01
97 138.84
17 523.29
86 777.87
23 883.17
21 228.64
6 200.72
78 237.32
75 769.51
66 404.21
89 300.38
3 452.47
38 956.69
23 994.81
38 457.93
70 448.14
55 616.74
88 897.06
90 666.18
69 542.37
61 705.45
62 742.20
11 682.93
27 833.86
1 214.33
97 708.10
15 266.22
17 819.93
1 584.17
16 125.67
49 449.50
87 762.19
1 588.60
77 749.39
4 683.34
9 559.93
90 605.13
45 740.47
51 504.20
32 224.79
48 509.47
23 122.23
6 742.90
53 773.83
83 123.60
90 425.43
44 147.11
37 139.03
80 748.49
82 289.52
38 413.11
79 428.72
30 191.82
66 601.76
94 520.81
80 172.19
68 805.78
63 610.75
83 144.98
39 456.04
30 548.73
86 746.96
85 536.44
4 890.98
14 220.96
98 177.63
45 400.47
48 334.54
71 974.02
28 713.08
91 376.15
5 611.61
23 713.46
42 465.16
38 101.99
62 556.56
83 992.63
68 539.73
83 907.16
90 854.91
76 986.00
63 484.12
60 487.83
65 118.30
22 903.86
68 421.64
47 238.21
84 353.39
96 431.06
2 777.25
56 260.18
39 457.25
9 619.18
25 123.85
47 915.51
16 434.67
2 651.53
100 284.94
33 648.40
75 954.13
66 507.31
73 928.19
75 345.31
71 304.42
66 759.54
59 577.34
26 695.41
32 931.84
23 272.13
1 980.41
17 734.87
93 348.24
96 345.68
8 703.25
27 587.56
57 757.23
6 261.07
1 994.86
40 411.58
5 292.49
15 553.40
16 385.82
90 698.24
62 199.68
82 614.94
67 863.86
34 648.32
40 884.50
71 648.44
97 227.65
82 560.11
49 623.96
71 518.21
1 663.13
58 620.02
4 907.44
48 943.59
8 990.13
1 918.45
59 586.50
87 741.35
59 503.02
79 731.84
18 477.81
66 879.42
18 123.35
23 624.49
33 354.42
52 561.53
50 209.93
50 342.38
82 498.87
17 542.32
64 673.12
37 363.53
33 697.54
17 957.22
78 901.80
30 565.94
92 379.34
74 154.16
28 306.63
40 994.25
27 175.50
61 173.08
41 312.48
86 541.61
49 107.37
26 576.25
44 633.10
78 587.04
46 637.44
1 711.63
54 303.90
74 620.23
77 761.02
4 601.36
70 877.95
81 250.40
88 917.06
11 988.92
95 465.17
23 733.69
54 383.28
67 889.21
77 713.89
77 374.24
30 549.46
39 848.31
97 867.32
39 186.50
64 912.00
14 141.08
78 323.00
43 861.36
8 275.93
2 869.96
79 845.55
41 161.24
55 382.54
61 858.78
83 213.63
51 436.61
19 385.04
52 613.46
24 958.43
74 471.05
79 448.37
32 235.10
30 985.17
92 162.43
60 609.86
46 570.43
21 705.03
15 287.55
37 389.30
95 253.41
73 641.93
91 531.94
80 807.14
7 959.49
16 714.32
86 254.65
18 738.10
41 453.68
29 786.08
78 684.60
68 116.45
91 768.77
70 262.99
62 447.84
67 487.37
88 146.15
80 906.22
4 166.19
71 769.45
79 641.23
16 873.21
22 958.91
40 120.98
4 918.22
42 644.86
59 834.06
3 383.37
3 699.56
28 198.25
63 719.54
54 152.78
83 583.28
52 622.10
3 320.94
72 631.13
60 576.94
55 559.65
86 290.51
15 122.72
60 155.75
6 775.07
90 793.68
76 903.33
43 361.15
81 803.71
28 741.76
100 249.27
46 793.03
54 428.53
32 619.09
74 796.96
38 136.47
36 912.77
78 159.96
46 546.74
22 275.74
86 895.34
93 144.33
57 132.23
1 588.68
84 461.34
69 387.21
30 174.32
16 448.10
68 761.43
81 882.37
19 526.12
41 521.47
51 227.09
86 699.20
18 340.79
60 230.37
1 280.84
82 449.30
61 378.27
5 180.55
88 107.91
46 120.85
90 415.31
18 442.07
30 124.67
81 515.74
20 852.95
60 391.26
87 244.90
88 150.41
33 852.50
99 118.69
97 851.56
66 369.13
41 483.85
64 301.22
13 304.68
70 104.03
46 398.84
80 199.64
65 358.30
91 725.81
22 679.56
56 713.05
31 826.15
19 824.85
39 378.06
78 964.58
78 549.12
13 919.73
84 980.78
18 806.91
24 574.36
34 255.20
81 943.51
62 152.22
60 158.34
33 158.95
8 592.30
20 711.60
20 835.05
33 801.64
19 398.03
7 896.21
59 498.66
94 990.30
35 254.80
14 873.25
13 259.97
56 762.45
49 841.49
71 452.33
72 461.25
70 525.25
56 502.21
4 521.44
46 140.74
85 663.50
32 809.79
77 269.23
53 304.61
67 530.74
26 556.41
27 169.44
90 830.16
57 275.95
14 875.40
7 856.42
44 306.16
54 863.80
18 950.81
76 867.13
30 593.79
36 613.77
21 906.65
86 324.82
93 655.22
42 555.26
54 967.05
3 714.58
9 156.62
78 362.92
25 659.22
32 900.35
23 397.14
15 530.43
65 370.01
43 582.37
59 310.70
6 139.11
16 648.95
77 924.76
61 974.79
88 507.61
93 206.25
62 246.28
28 434.68
69 445.47
27 590.87
66 381.16
97 454.33
48 783.16
47 198.86
28 242.16
96 588.73
35 165.00
11 912.22
34 925.22
29 620.04
63 378.03
61 830.25
27 699.20
10 363.83
94 652.72
39 682.75
78 364.07
61 120.87
98 612.31
100 286.15
96 184.92
78 887.60
52 306.92
9 793.03
95 572.28
66 465.92
5 510.04
75 374.55
50 767.58
64 446.98
83 579.72
16 751.00
57 535.89
34 977.21
68 921.73
36 471.45
9 535.15
67 911.52
51 960.66
48 646.85
45 595.08
60 253.21
53 962.78
50 317.99
32 686.31
8 248.73
68 440.70
38 951.06
15 140.71
70 407.43
6 174.30
74 645.25
27 962.32
5 713.88
24 121.37
48 894.21
7 263.51
48 438.65
52 705.08
23 131.48
89 132.82
56 793.18
12 461.16
13 458.76
35 886.18
62 363.94
70 662.75
6 747.50
80 509.55
91 549.91
33 335.16
85 498.63
26 109.66
96 249.73
17 396.33
35 839.71
66 603.01
71 405.62
78 172.99
15 678.85
1 698.78
40 495.68
21 170.71
86 330.59
41 326.24
14 394.84
58 111.52
92 167.55
44 792.82
93 254.40
7 477.63
60 622.09
19 239.51
88 995.95
63 298.70
51 199.37
81 648.17
2 752.87
63 143.31
73 550.06
60 530.08
82 875.02
99 205.66
93 572.78
22 177.68
35 283.04
16 919.72
52 371.88
47 897.02
7 172.43
84 582.05
73 664.57
87 532.42
17 212.84
46 897.78
89 364.28
71 365.30
84 948.38
9 985.57
51 780.57
77 559.16
7 753.13
46 811.79
10 171.32
82 192.56
88 733.61
62 245.96
72 691.95
28 446.46
88 928.49
52 628.26
5 351.07
4 458.05
28 196.71
13 990.45
46 795.76
56 260.69
76 127.92
71 142.78
70 630.09
90 675.05
23 918.00
88 244.12
18 415.69
14 302.91
93 807.36
23 701.45
5 185.53
68 949.21
64 429.04
11 910.83
60 243.61
24 312.01
29 877.66
87 772.79
92 785.16
57 952.03
39 536.93
60 445.44
9 251.90
89 534.12
35 322.35
52 772.91
59 373.93
91 306.85
11 981.25
26 588.14
41 749.75
28 990.83
34 374.92
97 401.67
30 873.08
91 565.94
21 168.18
20 185.25
26 635.80
100 938.18
42 467.90
32 123.46
2 472.76
79 354.33
19 892.10
17 629.02
49 434.19
68 586.71
9 898.84
66 520.60
21 814.53
30 609.09
65 594.99
20 722.24
47 496.56
35 567.96
37 625.54
5 331.58
34 260.00
64 403.17
90 969.93
3 753.30
46 192.58
40 330.34
30 251.40
13 695.48
68 440.74
48 585.66
6 278.60
45 629.46
7 863.08
88 285.19
23 488.78
38 464.12
76 180.54
61 606.29
96 325.35
100 789.90
22 262.71
26 760.52
31 449.02
33 528.28
27 341.79
99 384.71
98 400.12
17 876.17
33 246.67
72 674.91
9 473.83
76 836.86
42 654.71
7 556.70
26 925.13
83 277.65
53 468.41
94 549.60
59 156.46
13 469.81
60 977.49
2 322.46
95 584.16
60 860.37
31 281.79
90 140.51
36 837.28
66 946.78
60 152.05
75 961.22
99 313.46
35 855.19
27 324.63
7 803.65
7 283.56
32 561.70
7 439.79
59 275.71
36 637.95
93 392.81
77 151.74
98 141.64
27 441.78
71 762.46
93 177.48
16 536.58
27 513.42
59 692.75
79 271.24
16 843.58
11 628.63
80 285.43
21 127.35
38 310.98
70 622.90
84 560.20
77 904.89
89 726.55
84 898.02
9 788.25
61 601.69
11 618.47
72 227.94
47 815.40
16 240.66
52 895.24
38 164.59
37 614.34
29 797.30
74 556.41
97 403.57
42 159.36
8 236.77
80 466.29
59 337.99
79 101.69
88 991.54
60 724.41
80 604.84
56 273.23
73 455.68
46 508.33
68 461.43
96 124.27
22 452.89
37 238.41
6 696.57
24 942.79
23 603.66
20 854.40
79 482.60
93 768.40
37 294.04
92 420.06
97 396.38
40 324.30
76 195.72
21 740.79
47 656.42
89 790.22
40 801.47
87 363.26
17 840.05
15 857.39
74 779.85
19 728.07
12 694.01
64 875.90
57 261.82
7 468.57
47 652.98
70 639.55
39 205.80
34 465.47
68 727.94
74 389.23
45 541.65
83 279.06
9 528.60
58 953.85
19 245.73
35 526.31
40 627.28
62 232.29
64 132.66
26 197.95
33 191.07
13 125.71
21 572.55
67 563.76
31 307.53
24 135.06
85 276.88
70 196.08
34 714.19
16 872.16
64 841.85
20 683.56
3 665.27
76 191.41
66 737.66
1 730.60
29 780.40
79 378.12
98 633.77
54 130.67
96 281.45
38 241.79
40 705.21
95 753.02
49 408.05
13 123.69
79 115.00
49 104.04
64 679.91
97 690.61
98 148.05
83 588.79
75 651.21
14 735.41
23 787.78
17 762.53
64 811.47
33 589.54
6 258.39
42 667.92
75 820.19
63 498.40
62 396.84
45 450.89
93 443.69
76 521.67
97 591.77
86 598.86
90 970.78
37 333.58
23 514.10
53 400.80
72 828.67
85 372.89
39 775.37
60 553.86
22 779.64
86 504.52
7 265.67
82 307.25
71 548.97
51 764.11
90 123.83
90 691.82
75 130.27
41 114.20
77 627.53
10 980.45
25 222.24
11 574.66
46 852.64
8 357.88
93 967.92
60 674.96
1 117.10
97 318.75
53 376.18
52 301.85
24 611.48
99 285.44
52 163.51
2 913.63
11 825.99
85 819.36
79 312.14
78 838.51
7 243.53
77 215.71
93 777.43
3 678.01
77 197.19
58 591.41
64 597.21
5 604.08
59 835.29
27 248.20
1 700.97
69 434.64
30 291.88
51 716.07
68 747.82
58 712.29
15 764.65
91 906.77
37 818.60
95 647.06
15 666.05
76 965.61
36 439.44
34 221.91
26 377.92
40 464.59
32 883.95
36 235.03
66 726.16
90 237.75
80 862.19
83 739.38
5 399.38
81 982.55
69 122.75
31 835.54
67 655.49
58 503.80
8 229.09
31 890.33
42 714.93
35 423.60
3 758.64
63 967.29
21 586.35
39 828.13
36 285.59
36 350.40
13 971.13
2 315.92
90 968.07
62 781.37
34 909.26
92 128.01
87 732.68
43 772.22
52 932.73
83 200.76
99 521.64
35 536.30
5 607.11
84 148.50
22 920.41
90 988.11
35 137.19
69 417.29
75 930.91
68 518.75
41 331.08
67 218.11
76 677.04
68 692.83
63 147.47
21 575.63
72 213.60
90 168.00
78 749.88
74 550.86
32 568.65
9 727.79
44 504.61
72 615.56
83 442.41
67 949.74
100 530.60
78 599.12
87 773.12
83 645.90
15 936.92
29 959.62
17 310.87
93 117.79
97 881.35
92 567.99
10 313.59
51 420.28
88 568.66
89 462.61
56 121.31
45 962.65
51 309.59
2 443.82
84 263.99
79 337.67
73 687.38
18 362.00
24 221.89
30 771.18
83 283.67
89 441.59
81 260.99
100 645.92
98 622.76
14 497.72
61 336.27
82 860.64
90 819.98
9 892.36
11 554.26
92 210.80
97 129.50
32 458.17
22 541.89
96 965.51
20 269.99
93 918.20
85 710.86
78 226.85
88 876.60
71 620.65
91 856.97
93 279.97
40 155.73
42 807.59
33 796.79
5 994.95
20 961.54
13 595.73
47 658.43
62 538.62
69 619.25
21 525.32
99 553.27
15 848.25
76 451.19
51 478.79
31 107.47
5 668.78
21 122.71
99 202.52
17 615.52
17 812.57
93 524.50
62 522.16
65 600.52
67 959.76
46 673.96
97 670.25
27 688.27
90 999.70
32 783.48
27 126.80
50 588.78
7 133.54
68 751.25
34 517.23
6 731.44
79 534.31
13 663.14
26 179.91
54 952.45
9 586.71
60 644.30
70 422.64
84 128.14
47 670.82
59 891.77
37 421.09
82 703.23
28 497.69
24 407.40
75 412.88
14 393.58
11 748.59
11 853.82
2 468.90
98 453.68
1 959.46
27 460.56
79 840.54
63 512.73
60 903.91
89 352.52
89 604.95
54 965.54
23 389.87
42 280.56
19 168.12
64 103.40
1 439.90
79 619.86
68 457.72
3 304.39
57 226.99
63 318.14
42 814.51
89 381.24
18 581.59
56 858.86
55 442.42
28 410.12
34 704.66
72 453.95
20 468.34
25 349.79
19 964.06
47 352.88
25 870.79
76 969.80
37 254.77
17 449.79
67 503.42
47 131.23
82 798.53
62 579.06
92 665.06
18 432.44
21 412.54
54 714.08
40 966.80
99 346.85
73 928.62
81 876.37
36 888.99
23 899.57
40 351.51
92 402.70
100 823.46
23 585.84
95 288.60
72 951.47
51 457.39
7 753.29
87 780.93
76 440.05
86 158.37
46 856.31
49 578.47
90 435.25
48 374.68
72 592.08
84 315.32
35 163.73
78 644.68
52 934.27
45 833.27
26 191.67
34 809.87
70 671.47
31 991.36
40 511.17
15 492.08
95 834.08
82 239.41
73 304.69
79 743.99
25 291.22
67 223.58
99 955.60
43 380.39
62 409.95
21 167.31
77 733.34
87 531.53
56 558.74
47 234.28
14 156.09
93 209.62
90 772.69
27 513.47
32 812.87
75 692.39
66 148.22
84 680.55
88 231.67
21 911.15
62 754.01
9 553.91
75 512.70
80 523.66
99 193.70
40 300.35
19 818.10
34 175.40
37 639.21
84 686.93
43 398.14
31 970.67
8 576.63
62 173.37
29 987.51
92 636.31
78 952.68
17 271.44
67 986.22
75 288.64
22 465.57
11 477.04
71 926.64
67 669.77
50 776.40
34 615.54
24 984.94
95 221.66
54 537.98
21 875.73
58 180.45
34 263.49
46 637.86
59 212.64
63 433.59
2 675.30
41 870.05
56 579.22
7 694.59
7 835.98
27 957.15
14 300.61
28 627.22
91 457.58
75 405.03
19 219.83
29 910.85
2 789.09
57 304.99
27 521.98
55 746.26
1 824.93
29 676.20
28 540.81
73 476.74
99 317.28
96 779.72
20 470.61
75 768.03
30 717.09
50 735.57
12 168.65
1 281.75
46 205.73
56 923.00
77 148.78
37 881.83
91 194.77
52 815.75
91 692.28
38 685.88
32 820.95
35 848.00
80 218.26
47 498.23
25 623.10
1 145.24
11 467.55
81 923.49
10 291.35
88 415.18
79 678.98
69 490.58
56 130.12
61 884.62
7 857.24
49 647.74
100 650.50
94 898.67
79 345.85
78 231.71
77 938.56
8 204.29
50 953.04
17 519.87
5 392.56
73 317.25
83 566.28
81 157.07
55 817.67
41 131.91
27 715.37
63 560.34
16 527.76
41 492.94
27 394.36
21 379.92
53 989.78
78 229.85
76 260.76
73 379.71
88 967.50
20 787.67
82 931.49
65 916.67
51 605.65
89 963.89
80 505.44
57 168.95
13 369.42
56 464.90
29 304.08
32 763.54
94 350.55
82 186.42
46 796.90
17 585.15
8 525.63
68 802.71
57 739.91
47 989.87
29 321.29
26 651.83
32 231.40
96 910.46
95 315.17
83 963.75
22 519.47
89 112.47
93 141.64
31 340.60
5 421.64
85 264.53
22 849.15
30 368.93
23 327.75
100 320.72
97 752.12
27 699.39
36 344.41
34 568.65
4 321.92
54 230.02
33 348.49
93 924.37
60 400.39
68 158.10
72 123.14
85 163.37
53 307.64
17 650.24
4 233.23
54 318.92
99 385.53
56 425.69
56 616.17
47 270.40
56 166.40
7 799.71
87 465.12
78 858.01
14 660.60
68 722.24
24 213.77
63 871.61
16 986.16
51 124.58
30 170.53
76 517.11
38 369.18
58 687.65
59 389.36
74 624.51
82 427.47
13 117.25
46 204.66
58 763.20
47 101.17
66 511.85
81 967.71
71 230.54
14 619.15
31 185.98
95 561.96
45 857.03
12 488.48
37 887.26
63 110.95
39 716.81
84 603.41
58 982.11
21 166.10
70 132.35
60 780.41
58 767.72
3 778.33
83 901.35
78 318.90
11 142.45
98 951.67
20 390.98
93 891.14
87 189.23
98 355.26
93 625.68
30 869.34
17 647.38
96 686.56
81 718.35
52 693.68
48 674.37
57 438.22
14 638.56
54 528.43
65 582.84
70 487.20
55 519.51
69 864.40
98 468.85
54 589.78
13 584.08
51 773.58
13 115.05
94 885.09
57 805.58
4 347.26
16 958.69
33 924.22
90 526.73
23 323.68
83 241.64
89 953.65
69 397.72
51 258.27
89 176.84
34 691.58
98 269.56
54 184.93
2 371.21
52 520.07
27 508.20
71 317.84
55 320.05
54 404.73
67 151.15
30 619.29
65 147.10
80 692.41
31 217.70
98 456.73
98 390.57
10 764.46
87 261.39
17 303.01
22 940.89
48 480.81
92 743.11
71 541.47
25 119.99
41 261.81
1 745.45
23 248.19
83 817.51
33 690.07
19 936.89
35 947.25
25 381.99
2 488.25
14 519.41
28 892.58
2 294.83
97 588.31
44 984.67
96 462.94
48 717.29
61 861.22
38 742.95
9 801.42
24 470.39
12 854.25
53 208.13
22 735.18
9 140.71
89 590.02
93 889.55
61 238.41
31 178.56
48 374.01
44 512.27
76 695.56
74 546.03
24 894.47
80 886.13
73 576.95
27 423.45
27 226.19
81 528.80
73 208.66
1 254.13
20 703.05
98 158.86
92 259.01
100 470.65
79 135.64
63 815.92
99 828.84
51 593.38
37 745.79
8 426.51
72 946.01
60 187.28
52 619.56
33 489.07
28 477.35
40 580.54
36 481.57
9 419.85
93 763.06
28 591.69
10 271.61
5 665.30
96 362.38
83 790.14
27 957.12
16 741.35
20 569.28
27 879.90
19 940.12
65 657.84
21 406.71
63 171.35
32 685.23
25 149.20
94 719.90
33 174.56
56 264.10
9 536.25
46 794.58
67 923.55
20 590.57
85 400.51
23 692.60
58 154.78
31 111.39
66 205.67
63 157.65
19 561.93
29 592.82
99 314.14
66 699.09
61 196.85
77 290.74
29 282.36
26 213.76
31 902.50
81 853.53
3 519.10
36 103.87
10 896.24
74 802.19
79 562.00
79 758.10
43 867.63
87 772.08
34 372.15
37 841.20
26 632.08
21 415.29
93 852.05
92 784.36
2 269.55
71 670.87
13 233.04
19 511.69
8 869.68
48 500.61
95 946.01
44 919.05
47 417.14
52 404.58
66 357.57
16 525.80
34 431.17
4 320.08
84 507.07
24 134.90
24 816.09
11 789.77
84 502.30
3 553.70
12 716.79
40 165.60
88 497.88
36 613.74
8 687.23
89 480.98
63 792.49
23 745.91
50 525.95
26 747.87
98 953.79
79 101.59
24 436.70
39 222.18
28 192.50
77 435.19
91 564.12
58 249.02
12 945.62
71 202.89
82 542.66
42 457.73
64 172.40
87 429.58
6 753.15
23 782.41
61 471.44
25 743.03
39 160.77
92 801.03
67 212.31
72 432.06
13 114.47
6 239.99
13 702.37
20 210.18
33 370.76
100 994.41
7 618.50
69 375.09
56 717.83
91 670.64
22 609.02
27 118.27
40 936.23
19 269.79
60 437.91
5 251.30
48 814.26
5 787.03
8 324.34
42 978.34
66 494.56
76 838.12
11 771.47
2 361.69
100 470.29
74 747.15
54 332.74
73 914.67
7 738.87
59 943.43
53 112.49
6 367.14
25 604.10
88 194.52
29 369.19
68 780.13
29 455.19
64 313.53
15 334.11
50 990.82
69 875.93
44 987.12
21 931.97
94 685.27
97 574.36
10 329.82
89 258.66
27 811.39
29 224.00
40 799.65
11 560.60
29 280.90
81 704.18
99 532.91
47 295.98
91 244.52
88 645.48
95 118.96
40 347.69
65 419.56
96 571.52
7 686.99
2 347.74
21 112.27
77 734.59
7 553.38
28 833.26
28 820.68
28 113.45
48 668.35
46 829.00
43 596.55
83 821.10
39 129.48
56 591.05
92 567.45
93 691.21
79 793.74
77 447.48
95 230.14
36 155.35
12 430.23
32 406.48
38 791.23
70 271.36
39 710.11
41 696.64
14 452.95
19 500.49
100 106.57
96 836.60
34 625.62
37 382.80
19 117.09
45 673.43
65 269.47
77 398.98
34 733.75
42 855.49
28 947.28
60 148.77
59 191.94
61 993.95
4 869.42
53 956.98
56 377.40
7 711.88
40 831.76
29 102.29
19 299.77
28 930.96
10 258.62
29 611.52
1 211.51
36 616.69
6 530.62
5 432.78
37 787.38
46 113.16
9 441.80
16 664.44
76 439.88
68 182.32
79 304.92
35 244.80
35 396.55
9 590.76
4 949.10
90 987.56
98 347.15
55 133.70
34 432.07
55 187.01
90 822.25
98 800.52
52 189.13
96 842.89
58 778.15
65 222.71
71 680.17
69 302.36
64 934.78
48 716.76
71 404.87
12 945.62
13 170.49
36 651.33
25 385.93
88 632.47
80 778.17
77 347.11
81 948.60
8 626.75
80 522.41
93 110.83
58 672.10
51 354.44
20 459.87
52 516.15
15 264.13
70 828.82
35 561.66
4 544.82
36 667.01
33 164.34
57 827.35
36 654.64
69 685.53
22 857.37
56 487.96
85 274.68
79 705.93
70 107.99
1 685.63
86 969.74
27 549.67
22 520.16
32 367.59
61 254.68
76 166.18
49 504.34
92 296.20
14 898.49
66 780.57
97 628.92
49 648.64
58 973.65
4 516.27
44 898.01
43 300.02
78 545.45
72 222.60
84 723.06
13 121.89
44 228.99
54 147.45
91 567.41
60 971.06
22 277.74
16 476.01
58 119.12
24 136.22
55 916.02
11 750.92
44 269.60
65 622.96
49 966.88
81 814.85
8 689.97
45 669.63
92 635.46
98 734.92
84 571.66
36 715.42
29 315.73
61 100.32
20 221.05
56 862.74
74 669.79
93 777.71
4 955.91
17 497.14
3 246.02
73 346.23
11 642.40
31 871.24
72 384.25
64 513.31
10 965.21
57 182.92
40 254.98
28 656.30
63 931.00
97 876.09
92 349.90
56 182.26
62 162.12
19 351.75
79 380.95
52 748.70
25 205.54
62 924.65
53 165.80
95 647.96
33 472.40
78 291.20
1 240.63
76 652.99
89 188.33
92 354.06
83 186.81
71 259.28
23 903.37
21 429.37
3 746.40
59 255.85
65 739.20
75 528.01
51 406.50
30 681.62
14 638.32
44 166.63
33 207.74
47 145.17
58 214.65
15 806.11
76 369.13
61 100.58
53 727.05
86 313.43
51 377.72
29 774.89
81 406.78
47 715.54
40 212.57
3 609.92
36 596.43
21 473.05
10 962.46
96 652.88
42 810.67
44 327.30
80 665.50
89 192.87
35 692.11
99 730.82
49 291.44
80 691.92
57 691.21
95 690.12
73 469.65
100 423.68
14 108.53
46 266.26
68 516.08
61 379.47
72 443.74
1 467.63
48 224.23
88 148.05
33 704.67
54 416.47
86 203.08
39 452.85
78 729.32
76 570.37
96 298.47
28 725.19
42 582.01
95 658.88
96 773.88
68 337.32
82 230.15
89 128.12
70 996.91
49 992.45
82 419.19
46 772.73
92 273.91
34 847.87
2 243.04
52 973.61
41 592.54
22 411.81
89 747.82
86 113.58
38 505.15
71 288.48
82 911.71
58 706.17
63 615.14
94 567.77
25 758.42
34 715.96
66 397.57
13 215.58
4 987.69
30 454.88
41 734.42
96 667.89
14 701.03
77 339.01
49 552.91
1 428.61
13 298.43
3 643.91
44 938.68
91 663.84
35 859.01
14 321.74
96 739.49
70 501.71
80 805.16
85 910.16
52 878.11
9 670.17
13 535.35
90 114.81
87 567.25
98 574.25
100 111.38
28 362.35
83 268.58
61 893.64
9 814.32
78 266.35
31 105.98
45 252.67
33 286.91
32 757.29
34 508.67
32 842.50
46 154.80
75 418.46
72 830.40
6 495.42
71 483.60
65 597.24
44 795.81
38 848.83
83 414.50
82 756.96
55 876.17
62 988.71
34 972.82
24 811.98
28 554.94
97 945.78
1 990.00
54 212.38
9 154.85
95 750.00
20 963.36
62 970.91
85 239.93
38 439.56
27 848.43
4 573.68
89 316.40
2 703.29
73 674.08
12 261.94
51 542.39
98 583.23
76 502.62
25 878.52
29 209.20
81 993.70
48 970.35
52 776.28
75 489.25
35 789.27
38 261.13
37 422.65
90 559.04
70 887.77
86 806.56
20 655.16
36 435.46
24 579.69
40 920.19
32 960.72
94 544.87
72 123.52
70 878.59
42 468.05
16 199.69
89 144.78
60 135.05
12 604.99
72 369.17
46 449.10
69 126.75
78 204.27
85 492.15
75 810.69
10 487.71
75 473.92
84 802.56
24 670.03
60 465.24
94 145.32
52 346.56
82 187.11
80 324.48
74 677.27
2 285.14
98 996.23
87 489.60
16 674.43
15 778.33
18 824.27
54 184.42
33 437.66
58 609.41
98 259.96
75 900.73
7 566.99
20 656.48
89 735.49
95 235.04
30 978.79
15 521.81
60 294.86
96 656.17
96 945.20
63 736.39
5 278.31
96 676.37
56 652.22
21 787.56
4 911.31
23 764.01
35 637.24
21 428.26
14 734.13
39 816.40
49 945.75
21 525.14
97 217.67
54 985.36
48 420.37
63 184.90
98 200.69
26 748.04
76 403.55
100 651.32
45 438.14
83 359.81
70 327.32
39 933.74
93 644.45
84 693.43
67 280.61
78 869.03
76 374.66
64 180.75
44 564.35
21 284.29
31 717.90
19 190.59
51 249.28
48 166.74
70 925.34
77 108.53
90 347.26
8 903.71
76 844.25
22 488.25
30 262.36
92 886.05
24 892.20
27 496.40
57 392.89
8 438.24
90 451.01
100 884.30
55 705.22
95 672.03
22 791.79
53 168.13
27 713.90
9 200.92
29 807.04
94 228.62
58 315.58
16 672.43
23 627.05
78 999.82
71 473.51
20 865.54
90 142.14
9 871.43
87 224.05
46 673.98
87 419.92
36 837.78
96 770.10
5 768.36
9 247.30
70 559.05
33 981.94
34 226.86
26 158.41
44 607.30
66 348.17
33 412.92
96 405.89
48 603.50
25 341.08
85 324.31
28 458.07
37 447.23
70 200.03
29 747.54
88 469.15
79 891.30
82 860.77
29 867.55
27 572.53
70 418.45
34 422.81
59 578.71
5 638.75
66 517.97
77 457.94
59 639.17
54 125.98
48 126.67
79 717.46
68 515.33
72 589.13
91 740.21
1 552.37
83 309.29
52 802.01
1 519.62
25 452.76
92 871.39
51 976.55
64 727.32
45 139.04
28 861.14
36 427.81
25 707.66
6 552.56
25 414.88
27 907.94
71 692.79
60 556.91
95 533.83
20 158.95
29 255.87
44 404.62
95 584.85
66 987.33
74 740.71
20 689.20
23 971.45
40 223.85
14 203.29
93 399.78
5 941.63
57 517.67
42 781.70
83 885.27
70 132.37
42 104.06
30 410.83
62 602.17
8 589.17
54 332.96
14 556.65
52 527.95
63 690.15
72 827.25
13 846.36
15 395.10
30 545.44
56 763.78
74 405.71
23 734.76
67 283.57
98 320.49
13 516.29
65 402.39
92 803.80
94 981.49
69 757.15
54 838.40
90 595.21
96 699.99
11 811.07
90 153.64
83 277.65
20 432.59
23 992.92
37 524.62
9 473.20
74 187.83
53 802.16
52 487.49
63 875.63
98 858.40
38 415.74
62 165.09
47 360.06
33 262.10
12 211.55
19 513.78
44 128.80
14 559.49
79 194.57
37 327.81
50 318.21
78 932.72
49 983.33
52 265.50
72 301.25
34 646.90
98 306.08
79 454.93
83 371.44
84 106.45
70 657.39
80 833.55
96 729.22
25 188.64
73 944.49
62 810.75
3 289.22
62 241.09
69 536.96
17 903.44
29 908.71
42 959.40
58 131.81
48 761.80
39 581.50
24 169.77
19 924.38
28 973.11
80 274.11
55 611.56
19 118.19
99 576.26
58 619.88
73 116.66
51 678.03
90 172.41
11 798.91
22 945.19
40 565.63
34 129.24
60 397.82
33 651.17
82 924.68
88 494.48
6 687.63
17 803.34
50 326.45
85 234.70
80 780.04
43 489.84
45 329.37
73 991.75
72 357.69
29 503.41
38 380.17
63 268.13
24 880.82
93 847.33
94 774.66
14 392.25
25 235.02
2 293.21
90 648.38
26 116.79
17 314.57
87 766.78
40 361.03
55 959.69
96 962.81
39 793.31
12 147.97
63 877.42
14 811.95
62 835.36
50 366.16
24 238.43
52 677.22
26 977.57
90 325.53
61 105.31
21 873.71
58 170.66
37 244.66
22 801.11
84 680.30
4 758.53
56 560.23
56 726.65
65 951.32
40 226.41
32 743.81
15 894.45
48 205.13
23 584.93
25 433.85
72 781.81
70 235.26
2 821.92
33 712.03
13 460.14
96 615.53
43 798.32
82 221.76
2 410.38
15 179.68
55 191.48
78 431.76
38 442.71
97 498.58
28 170.02
60 133.16
63 769.05
84 393.39
36 872.79
70 615.97
95 961.68
73 200.37
1 112.34
58 844.72
28 403.45
83 256.21
97 839.66
64 562.06
32 756.21
74 429.94
38 434.41
36 724.00
53 680.47
10 749.76
12 252.64
58 498.04
67 635.47
52 938.96
43 910.84
29 172.19
24 454.58
26 107.76
97 442.86
88 806.02
47 613.70
93 470.52
86 784.66
64 452.95
52 866.47
65 411.95
91 847.52
7 648.37
10 411.41
47 272.35
65 793.12
62 778.99
3 148.20
11 158.48
90 340.22
32 240.36
61 155.65
96 269.89
22 780.68
51 707.64
46 641.59
84 162.10
64 164.11
70 108.27
6 898.69
19 622.63
20 806.10
50 793.79
50 712.92
68 757.71
34 292.89
58 655.11
54 787.68
34 848.11
75 871.52
46 748.16
22 343.21
15 601.25
91 901.02
38 894.80
51 125.16
22 518.18
76 992.61
55 212.82
51 254.06
44 856.94
77 421.00
56 705.13
89 762.92
70 241.90
50 446.99
11 709.08
73 602.95
58 848.18
81 355.79
37 107.95
85 803.16
21 725.67
10 852.25
92 831.80
52 968.79
9 765.76
94 711.59
1 874.61
82 823.60
59 379.53
46 250.93
31 657.41
74 396.74
32 625.57
92 923.87
85 448.14
88 573.97
28 361.73
25 417.10
89 268.37
32 808.89
64 371.20
55 986.54
62 471.24
30 923.87
48 877.14
43 415.59
20 524.08
4 230.80
87 863.60
5 530.21
78 484.66
55 674.54
53 622.83
7 222.87
94 450.75
20 734.19
47 434.33
70 314.04
14 266.17
49 425.63
21 573.99
29 482.18
26 857.91
85 297.89
43 867.84
98 137.79
23 331.69
81 138.15
58 463.65
11 950.28
51 103.02
51 382.50
42 771.12
57 716.33
97 705.43
3 929.88
26 362.83
50 532.94
17 460.14
38 992.19
52 461.60
46 907.58
25 110.31
74 959.50
60 691.23
98 436.89
15 483.49
84 831.98
89 161.14
9 777.33
24 662.19
96 570.66
72 208.11
97 700.77
47 923.69
99 646.52
19 299.44
82 167.99
26 555.09
12 309.73
68 191.28
45 201.10
53 669.06
19 537.05
86 243.85
96 148.41
84 537.63
5 455.51
14 733.26
5 853.15
98 589.13
69 728.71
7 147.93
84 861.74
27 259.64
8 988.17
75 284.49
75 895.22
80 933.58
25 982.14
77 412.82
100 238.89
22 715.95
66 633.40
38 965.01
16 936.77
74 221.62
24 857.06
19 205.99
97 940.76
41 333.34
17 355.42
93 747.15
90 831.73
57 633.71
62 675.38
80 137.29
52 177.32
18 670.27
5 131.31
10 804.39
17 657.89
59 148.74
72 288.20
6 967.04
27 606.88
7 679.87
51 326.59
86 754.86
85 626.85
11 174.94
80 934.03
64 547.60
69 815.36
4 998.85
81 855.41
56 765.14
97 138.89
30 963.27
96 973.22
66 349.86
57 756.05
75 222.20
83 197.92
59 894.13
79 443.79
7 230.07
18 566.20
52 805.36
99 991.60
51 955.58
84 244.15
1 397.65
79 718.93
43 266.51
11 811.38
85 253.14
48 688.97
26 462.86
32 162.87
80 372.80
87 436.92
59 958.63
73 376.63
27 132.70
9 545.32
49 969.80
28 603.08
21 692.48
88 283.80
19 373.80
3 965.87
4 298.87
78 690.56
63 693.09
97 603.75
57 921.16
51 566.24
27 566.76
95 934.04
25 228.56
65 935.96
26 443.86
20 592.81
3 276.11
28 296.32
2 702.30
60 533.52
92 829.32
16 841.81
75 554.39
80 236.26
19 613.12
59 981.80
87 386.32
82 706.47
44 982.85
3 621.10
54 905.82
62 523.86
75 474.52
77 758.92
37 535.21
73 237.16
15 503.24
50 736.38
6 454.77
40 120.46
5 336.25
33 359.71
23 956.86
54 788.84
96 938.87
93 500.35
69 565.15
78 608.99
4 131.82
55 261.49
63 966.08
3 468.90
26 774.08
31 237.77
15 909.59
41 960.71
5 982.60
40 953.88
59 184.08
21 431.90
40 393.18
79 289.62
30 979.92
54 771.77
98 563.95
31 327.51
63 854.05
77 140.34
38 194.85
36 191.50
76 409.16
28 482.21
34 989.60
41 739.63
33 367.23
31 117.73
10 358.51
74 488.79
55 224.72
98 990.07
94 844.88
51 406.34
56 975.49
22 471.24
19 760.49
46 807.06
64 458.54
47 172.98
87 642.25
85 271.40
31 923.91
41 877.89
17 253.18
1 733.86
61 747.10
100 371.61
42 161.90
85 582.41
76 199.97
51 945.05
19 876.51
23 934.12
27 842.61
24 281.60
3 251.53
10 534.47
72 449.34
60 125.34
84 838.73
21 306.11
97 574.49
19 326.08
15 276.93
40 457.19
29 822.84
84 674.22
48 504.81
46 806.57
64 537.38
27 449.83
43 286.95
83 935.36
91 554.46
7 725.42
73 927.27
38 197.44
37 912.71
47 149.17
49 856.43
55 855.63
19 726.97
39 525.38
99 303.15
6 647.02
89 799.94
85 900.73
43 197.61
42 913.81
92 571.12
45 344.20
81 161.02
78 315.97
71 593.25
82 294.75
51 961.45
85 391.13
82 307.81
93 588.42
27 349.93
41 705.61
30 887.81
76 543.01
60 482.91
70 181.72
35 613.22
75 396.65
73 366.11
28 941.24
74 644.93
59 369.93
67 526.42
7 763.26
25 950.61
11 680.72
79 767.19
80 912.43
2 527.30
77 173.69
85 271.18
22 964.10
78 969.24
8 974.34
8 392.43
88 849.88
81 720.90
14 511.66
27 370.01
16 534.48
10 528.13
44 196.37
71 663.39
100 101.69
96 131.74
96 810.11
96 428.86
59 652.35
54 584.38
56 478.54
32 650.65
45 228.89
71 647.48
31 356.09
94 242.46
92 940.04
45 474.00
25 198.14
65 552.42
96 806.28
17 380.87
16 962.98
62 876.57
48 890.42
29 973.66
3 692.12
49 242.48
71 187.08
16 411.73
79 707.12
18 357.53
31 644.14
16 367.72
27 441.58
24 485.68
59 115.05
62 141.57
81 842.92
69 800.96
14 899.35
70 855.27
8 465.60
96 782.21
26 518.33
6 464.60
15 936.22
25 475.66
9 567.59
36 225.61
40 785.63
61 129.95
18 296.19
9 521.21
80 217.97
29 942.70
65 794.19
15 609.56
13 763.08
78 586.40
2 277.65
87 154.35
15 354.25
95 339.78
52 744.67
60 416.63
39 824.45
74 401.80
85 106.62
32 654.85
66 597.85
62 393.72
72 366.37
84 744.74
10 992.66
8 519.49
43 843.04
97 182.64
34 161.59
24 387.22
70 724.83
70 958.89
70 826.68
90 730.34
92 785.25
20 675.98
87 966.69
55 705.84
93 469.59
71 886.59
55 206.38
13 836.24
23 673.87
90 534.20
79 670.22
28 219.66
60 494.15
96 463.02
51 819.22
31 488.03
5 415.93
95 247.02
60 910.29
11 981.50
43 241.89
22 399.87
59 300.44
54 630.54
3 891.80
14 638.65
68 591.03
7 220.73
92 860.00
57 850.25
75 748.78
23 342.56
58 982.81
22 433.91
90 161.16
61 193.03
80 136.25
61 999.09
85 604.64
54 646.82
60 224.55
79 935.51
13 842.83
37 906.12
83 412.06
9 460.00
65 242.20
30 740.65
45 726.65
2 572.82
4 878.64
96 579.95
9 239.61
52 909.27
86 765.16
38 484.00
60 782.87
38 723.98
37 128.66
48 384.16
4 428.59
35 486.38
83 117.79
43 548.25
32 492.16
53 187.34
36 274.46
24 269.56
24 970.39
39 305.50
1 751.55
95 647.10
83 929.84
58 169.98
7 243.38
79 715.64
93 252.25
97 229.75
62 904.10
20 430.22
71 920.58
34 149.78
18 513.40
21 897.04
47 373.38
94 975.56
96 993.50
80 911.21
78 816.01
78 388.57
78 429.07
38 374.07
92 548.96
52 565.90
37 400.84
47 306.93
35 965.92
81 133.07
74 761.05
73 768.66
12 936.16
45 609.51
19 937.35
29 191.02
99 456.10
21 934.94
2 542.06
83 519.06
64 216.81
40 714.48
93 455.11
23 139.41
12 848.04
37 551.93
54 322.01
54 776.61
44 295.40
88 723.86
97 167.81
86 651.62
38 711.90
7 333.74
22 549.80
100 832.91
42 215.71
37 141.24
36 697.09
100 358.28
50 623.43
80 441.13
94 457.29
98 613.82
91 791.70
55 662.95
27 368.51
56 458.91
17 747.70
58 302.08
99 575.73
95 720.71
22 200.49
14 520.05
69 433.69
16 162.51
83 178.16
90 389.08
82 234.78
21 680.81
80 729.12
64 413.64
41 317.61
81 328.18
31 139.33
87 557.00
96 708.62
5 243.50
72 855.35
71 118.15
91 792.40
95 277.62
29 973.75
97 822.41
27 332.48
69 389.03
7 827.94
18 567.70
23 327.28
78 638.25
35 973.24
89 133.93
50 849.95
83 294.67
88 442.39
9 223.97
84 254.34
78 741.19
23 455.65
57 641.85
86 701.20
28 476.28
46 174.96
72 843.64
75 149.60
78 884.04
90 806.15
20 623.60
10 995.61
48 393.30
98 270.20
74 876.94
93 933.50
72 522.58
48 564.29
2 219.56
24 721.48
38 964.06
34 449.39
39 798.22
68 377.87
20 506.50
27 791.58
45 316.14
4 503.53
90 498.83
83 951.37
71 126.84
27 382.42
52 307.74
91 520.97
77 360.97
53 734.53
46 517.08
37 284.53
72 227.06
25 917.23
88 588.93
64 325.74
66 864.60
61 999.66
84 263.59
51 858.40
80 168.01
3 550.39
62 448.94
44 119.30
63 151.11
35 541.89
37 205.16
49 600.95
92 722.64
71 367.56
88 447.25
10 880.58
73 138.28
25 426.75
54 394.96
80 866.48
74 201.89
61 662.50
5 154.17
85 372.74
28 680.27
30 402.30
86 100.44
16 610.79
47 134.00
99 690.14
11 117.10
28 820.84
91 264.14
92 629.71
74 847.18
35 851.43
21 212.97
17 665.15
92 110.65
51 550.62
98 779.97
37 205.27
19 837.93
9 925.82
18 375.34
95 149.55
33 909.87
96 384.97
69 104.19
60 540.52
27 164.53
47 354.23
53 610.26
9 519.11
51 296.92
45 874.27
19 814.67
6 989.07
22 338.44
73 410.65
25 666.44
66 602.51
81 850.10
71 771.75
35 131.66
22 255.63
83 191.44
97 627.16
19 515.49
76 240.53
13 876.84
83 707.28
56 952.93
18 145.96
78 759.14
52 589.65
49 719.31
37 843.47
83 162.16
43 132.67
18 452.44
15 195.90
23 978.46
73 133.13
41 582.14
65 207.10
57 366.67
54 944.28
50 589.64
95 666.60
87 982.91
77 241.99
87 122.13
8 793.39
48 101.18
48 275.05
11 506.27
32 110.86
76 915.58
73 138.74
34 439.19
86 734.94
36 238.60
55 116.53
35 123.59
92 204.78
31 848.00
24 862.23
94 915.20
6 393.02
89 230.57
56 274.45
65 815.16
38 892.03
42 305.51
89 295.98
46 534.63
3 778.94
80 717.23
74 218.40
37 518.42
66 632.55
31 746.35
81 993.16
20 312.79
86 815.19
5 484.07
18 727.55
50 814.29
83 534.25
4 704.55
97 788.66
81 482.70
72 485.64
30 977.17
82 961.65
19 817.05
89 955.28
10 464.33
14 240.46
21 581.52
30 545.60
29 235.55
98 358.00
81 912.94
99 329.56
19 553.87
10 713.46
75 310.04
23 799.96
20 812.80
12 228.87
51 716.12
47 159.99
40 616.77
12 690.76
87 437.45
4 356.88
53 530.92
26 307.56
2 178.08
80 112.57
20 404.48
35 203.58
51 617.06
53 974.92
75 146.66
67 551.44
26 572.48
3 732.91
11 204.41
96 708.97
78 626.00
65 597.88
75 589.74
11 352.62
36 578.33
66 184.38
23 961.82
34 877.76
74 990.15
23 144.73
22 517.73
59 325.70
10 630.71
36 945.26
80 988.97
65 103.86
63 743.79
53 627.04
57 919.04
44 549.47
34 150.77
54 800.83
72 844.84
79 458.59
34 866.35
11 867.86
59 710.89
3 556.13
58 422.69
94 782.36
57 496.58
81 164.27
37 318.19
92 766.52
17 739.81
82 884.24
15 219.26
67 393.73
23 832.49
83 390.55
2 500.02
55 200.79
40 619.95
94 604.84
14 273.59
85 334.58
2 247.13
54 810.47
79 808.10
5 520.21
65 912.60
87 359.89
89 780.19
53 550.57
12 849.07
91 784.21
60 414.05
30 497.80
48 580.92
20 813.91
22 336.69
60 141.29
83 399.44
88 444.59
98 317.36
92 140.71
38 565.62
33 766.04
59 497.43
11 237.21
42 239.14
22 638.91
72 160.88
81 193.13
82 757.21
49 287.26
6 201.62
25 775.89
25 167.62
6 667.63
28 723.02
47 360.64
23 433.26
34 466.11
82 540.50
12 452.03
65 555.30
90 250.97
80 750.12
63 121.83
81 662.21
92 815.20
62 891.88
2 347.23
9 485.52
59 287.83
2 700.48
43 650.41
89 672.05
73 103.37
76 403.42
62 442.56
9 504.41
47 600.44
39 230.18
95 617.29
33 110.31
98 131.96
64 153.96
23 656.81
94 451.82
74 154.06
81 652.57
97 574.09
32 452.68
19 797.35
48 268.32
39 963.66
90 849.28
83 148.33
66 241.22
24 549.58
32 695.83
99 631.22
65 774.87
9 622.00
42 797.86
11 750.06
12 701.15
2 247.91
3 171.76
51 806.89
99 825.19
9 873.92
99 306.81
67 268.00
95 725.55
24 139.18
74 262.15
87 400.23
94 862.30
67 702.50
18 145.79
12 961.10
36 801.27
7 567.54
85 420.44
11 912.41
10 652.70
73 867.88
71 507.17
95 550.03
100 633.05
65 142.47
68 406.71
42 482.88
98 196.72
32 917.34
92 352.96
98 785.37
28 866.38
26 421.14
98 346.11
92 977.09
42 411.30
81 450.65
4 158.48
15 422.36
91 968.38
98 264.21
71 435.04
46 730.55
75 927.31
12 954.90
96 362.92
13 917.86
71 106.65
51 591.24
43 675.98
94 828.18
49 189.09
51 521.11
42 314.77
67 915.01
25 192.51
35 128.59
42 173.48
54 448.08
67 795.82
51 215.11
52 658.96
37 916.47
83 929.39
61 412.26
5 662.33
56 980.76
27 790.22
29 229.07
2 529.49
15 108.35
68 280.64
27 195.09
97 146.75
13 266.28
9 276.44
88 232.47
14 674.95
89 140.63
74 974.80
98 539.19
79 234.62
73 783.50
52 769.72
56 548.52
62 429.06
95 231.72
70 500.71
31 745.04
91 922.65
49 895.25
67 349.37
9 519.06
59 122.01
54 458.91
34 847.39
69 646.30
23 224.99
89 819.86
55 760.38
82 163.24
9 544.53
80 864.58
45 833.27
61 962.95
71 577.81
76 338.89
17 568.01
26 304.14
92 389.80
36 610.09
8 740.72
23 367.08
97 378.46
88 573.06
79 898.34
45 308.45
92 114.88
58 191.04
64 194.55
35 259.45
46 734.80
99 111.41
26 828.04
62 691.88
57 170.47
59 357.70
53 762.05
85 716.78
44 382.43
40 895.10
69 833.07
81 238.97
1 713.91
83 335.32
15 118.88
32 421.28
47 273.13
49 587.69
36 729.27
21 189.99
18 122.59
41 453.31
74 233.39
80 380.80
18 850.41
29 267.82
97 749.02
38 432.35
21 860.26
49 796.62
61 277.97
100 550.20
25 484.49
59 272.73
51 786.19
42 683.91
31 819.45
86 551.97
83 961.66
47 484.53
5 609.06
13 866.94
21 534.52
70 295.98
26 455.17
12 932.88
99 978.01
70 864.12
12 282.48
66 154.17
16 266.71
35 854.00
51 464.72
62 849.37
8 608.36
76 180.38
28 557.61
93 645.08
26 800.55
55 483.87
11 632.34
16 433.52
30 957.22
10 300.21
41 968.21
83 525.06
90 327.25
36 257.65
42 824.71
30 270.56
25 808.68
13 744.69
88 650.58
70 160.02
74 941.72
14 552.96
48 235.09
94 189.16
97 954.57
65 636.76
41 551.59
31 399.93
11 234.42
16 850.00
59 950.69
18 367.16
3 823.23
72 167.64
59 130.26
69 927.02
17 714.19
37 888.05
7 542.87
53 207.92
47 184.51
67 518.55
50 160.36
12 803.17
63 235.92
64 329.14
66 632.77
87 390.91
87 894.50
24 825.53
3 113.73
84 329.95
92 815.05
56 950.40
83 437.92
61 701.66
14 246.21
36 252.73
88 798.14
23 520.54
21 205.78
77 829.88
28 943.75
63 168.09
14 968.69
62 262.02
49 809.04
59 791.02
62 153.68
58 193.53
74 815.53
6 433.64
9 176.90
77 276.65
20 852.39
68 614.10
10 660.05
91 584.07
94 688.56
39 947.20
88 455.93
95 345.94
62 770.78
2 136.01
52 131.81
58 371.59
39 560.66
46 746.89
79 737.45
36 404.04
67 527.23
99 874.25
41 740.76
71 609.75
94 881.87
95 483.58
54 715.63
23 864.76
38 627.86
57 143.47
7 584.15
38 766.44
3 846.68
54 619.68
50 953.42
91 452.31
4 186.47
15 719.26
8 284.67
98 193.21
55 611.26
78 534.09
91 991.72
17 338.63
93 341.41
6 686.04
62 846.05
62 219.70
85 410.59
10 174.64
31 419.81
47 374.52
73 746.17
21 156.56
2 401.19
4 186.57
27 597.80
6 412.82
53 155.74
51 932.38
89 245.66
4 856.17
52 701.08
37 612.26
75 143.57
78 413.59
86 649.22
19 451.85
28 357.04
41 353.69
39 780.81
77 125.43
41 682.86
63 750.95
19 312.50
3 338.63
76 185.81
10 278.25
92 418.57
7 749.28
94 577.62
77 217.53
23 560.81
38 562.12
30 698.04
1 369.90
58 216.11
28 169.93
1 880.54
43 721.40
49 603.41
11 577.16
7 789.72
26 496.91
33 298.90
18 462.18
53 609.36
91 638.54
64 669.57
44 877.88
97 512.93
78 741.62
51 701.49
11 299.21
11 574.07
34 142.59
99 498.11
25 247.60
3 811.48
18 403.11
69 811.80
10 105.54
44 760.01
1 944.11
2 706.57
79 485.70
35 452.58
38 886.73
16 560.79
32 648.14
4 956.78
17 392.92
88 371.38
66 706.16
36 584.44
81 107.01
89 484.56
87 408.39
7 989.32
70 571.16
27 939.74
64 340.51
17 441.55
66 900.57
41 917.45
70 401.62
28 268.55
45 377.87
20 351.68
54 645.00
55 315.49
94 893.95
57 196.18
17 520.76
56 196.77
78 938.25
50 781.74
61 580.21
52 491.98
8 200.75
37 963.25
27 620.58
27 286.17
74 397.19
79 956.84
66 893.08
98 730.39
4 945.53
12 955.41
62 870.07
17 792.04
75 173.07
90 198.77
6 937.96
51 658.71
47 758.92
36 907.53
70 169.17
9 825.96
80 385.85
84 609.05
10 735.77
95 200.81
3 874.44
36 564.60
14 468.73
55 609.32
100 728.96
57 220.12
78 652.87
99 275.47
33 588.85
10 505.84
56 953.72
61 205.83
13 836.11
82 795.90
3 932.67
98 334.11
37 903.04
70 617.84
49 155.86
90 435.78
16 627.70
16 540.21
28 615.39
24 517.39
15 152.59
81 911.37
55 316.33
12 633.27
44 331.93
95 802.75
53 933.81
11 271.42
62 396.10
75 450.50
43 475.01
45 965.73
76 999.07
85 577.50
28 896.39
71 973.88
88 363.65
27 693.77
83 274.48
4 509.73
24 154.32
4 672.44
84 840.76
26 974.55
72 955.18
31 103.24
77 148.99
24 637.05
43 902.20
79 269.85
80 357.64
23 496.13
33 581.19
59 675.61
58 809.97
61 330.74
50 795.02
48 545.85
7 866.18
56 321.41
22 996.26
98 520.43
99 744.90
43 173.89
98 645.00
19 672.20
31 449.13
32 976.46
80 901.03
7 133.71
84 774.74
34 100.26
8 612.57
23 842.60
23 152.81
45 271.03
74 279.06
78 790.18
98 999.19
35 715.06
13 933.32
5 705.03
53 471.36
10 252.51
62 605.52
34 260.64
45 614.00
48 328.17
74 593.98
13 294.61
54 346.51
20 684.34
73 398.66
98 430.45
78 399.00
40 995.48
47 216.82
71 949.21
36 745.81
62 186.62
40 857.25
5 185.99
68 312.34
76 648.97
55 685.14
79 759.84
88 674.22
40 752.09
98 879.22
78 152.46
45 413.95
90 728.29
23 259.19
48 460.29
83 643.27
28 602.54
84 987.78
62 396.97
15 457.59
10 591.06
76 653.20
98 689.34
20 256.52
50 219.49
76 130.55
26 704.51
93 490.29
99 471.83
93 642.28
17 746.63
92 703.88
48 280.79
24 303.49
84 277.94
65 545.95
93 977.98
2 419.11
20 672.30
55 156.94
93 334.62
67 387.71
38 753.77
99 429.03
54 440.14
22 988.06
79 914.42
39 380.58
76 836.14
89 717.71
95 641.08
65 766.37
53 287.62
93 706.16
27 355.43
24 367.84
78 604.98
46 782.13
36 480.17
83 111.34
85 636.95
2 317.98
94 335.45
83 593.04
11 372.56
67 529.22
81 115.07
57 190.19
55 662.96
68 219.67
27 807.23
73 624.86
83 294.03
26 874.65
35 937.53
71 735.94
78 689.22
97 922.62
69 704.02
35 714.19
19 429.84
43 525.66
76 513.11
64 933.83
50 835.52
65 591.81
83 722.75
3 109.45
71 692.90
73 832.27
48 170.08
44 719.46
85 468.29
70 276.05
51 331.06
47 524.89
60 353.71
14 467.42
35 179.28
100 159.47
80 855.03
91 598.06
77 822.81
56 340.69
60 640.83
42 331.43
19 819.43
64 548.41
43 924.62
67 334.34
99 427.84
90 729.07
41 288.59
76 321.83
27 746.87
52 562.60
57 120.39
93 429.65
94 831.19
84 243.52
98 323.00
38 212.96
5 195.41
27 192.64
41 236.59
30 538.54
43 993.99
53 409.88
72 384.56
30 631.79
66 371.57
45 422.86
24 936.82
51 190.30
92 987.90
93 728.43
41 897.56
5 977.25
78 224.24
7 161.89
29 815.80
30 144.44
9 624.73
39 845.25
51 232.30
47 113.90
29 354.23
21 236.20
14 545.76
17 292.58
97 338.09
3 959.40
21 976.73
21 659.39
36 463.08
51 358.54
48 367.54
82 129.16
79 262.76
46 131.16
26 617.99
63 611.45
62 137.03
15 453.98
50 966.39
67 926.88
72 154.87
8 253.27
93 815.60
21 516.48
92 370.11
76 685.53
10 668.87
34 967.91
21 982.13
5 921.91
95 130.32
42 972.89
62 473.79
1 901.43
97 824.50
69 670.41
31 745.97
61 786.65
66 802.58
64 714.87
10 637.35
52 625.29
92 897.20
85 252.92
77 886.55
15 169.37
14 498.74
35 925.56
96 968.22
29 613.57
90 974.39
57 953.49
90 648.03
67 227.99
20 388.92
41 612.99
78 547.49
45 573.08
85 673.55
70 594.56
39 108.90
53 374.09
29 519.48
100 661.50
6 929.98
82 613.95
66 457.09
71 809.80
50 611.33
98 617.01
15 271.19
2 106.22
88 291.68
61 905.32
55 530.85
89 560.65
89 610.14
67 880.22
97 630.64
35 471.59
94 739.48
35 534.22
31 130.67
72 866.53
69 886.59
97 207.69
20 209.69
63 514.63
50 161.68
16 272.99
35 628.93
78 484.67
72 784.02
9 745.69
92 578.78
42 332.55
11 404.83
85 446.92
63 471.21
35 777.67
53 144.44
60 403.94
66 989.61
25 855.72
66 365.98
60 505.44
58 388.85
3 597.66
44 703.11
56 517.21
89 349.93
74 218.32
72 499.13
77 185.15
93 672.95
39 264.68
74 230.86
81 108.39
5 997.39
14 677.30
40 979.75
14 208.36
76 280.19
24 646.73
27 584.13
62 414.27
59 822.76
73 167.97
91 339.40
97 494.47
86 305.55
61 324.28
7 754.06
96 824.39
75 563.08
77 320.61
11 173.57
26 473.31
29 949.90
61 963.57
17 995.53
38 625.39
1 139.92
12 405.29
70 847.04
63 741.11
73 374.72
83 813.52
15 819.30
44 854.54
50 449.13
45 949.13
95 170.46
24 918.93
87 586.71
89 902.25
71 811.78
21 559.95
42 857.33
62 686.36
51 282.07
54 875.22
40 111.55
82 527.07
79 140.54
33 454.56
3 667.87
28 791.54
59 341.43
91 394.03
28 185.67
65 123.82
53 145.13
70 993.97
75 872.71
52 856.49
74 932.75
8 290.10
23 453.26
24 930.71
1 585.08
9 839.69
42 842.66
98 810.55
87 599.15
5 451.98
86 340.55
63 268.20
98 653.51
31 402.65
31 157.13
87 821.62
38 958.40
88 111.32
9 837.14
66 487.53
48 403.71
22 666.89
69 629.44
22 272.75
95 129.27
55 404.50
89 333.09
6 119.70
35 710.59
7 454.08
23 359.97
41 338.05
15 765.80
8 137.26
50 110.36
56 713.57
34 684.18
40 425.16
6 312.70
43 908.86
70 662.54
64 796.86
43 201.92
68 405.60
75 307.46
15 788.93
65 431.08
88 530.87
55 912.82
46 607.70
65 677.12
58 513.07
78 973.76
56 169.84
83 750.68
18 729.61
52 790.90
14 256.03
74 722.04
67 405.22
67 425.98
19 917.72
21 118.56
31 100.63
83 582.51
92 542.19
2 671.45
34 955.23
66 757.22
8 262.37
8 734.55
45 166.98
85 630.21
84 445.73
32 705.13
70 960.65
28 661.94
83 768.41
100 805.89
53 488.18
86 657.33
91 514.83
77 536.15
38 234.16
50 992.42
100 133.97
12 861.51
12 395.85
29 735.87
37 744.22
54 500.22
83 404.66
77 260.17
51 988.13
5 547.32
5 690.32
46 753.92
34 874.86
47 895.28
38 370.06
78 318.49
54 235.82
12 859.47
39 962.96
46 398.79
23 718.96
18 723.95
48 429.28
7 829.24
62 302.26
89 706.90
88 856.20
44 514.49
75 301.89
99 480.71
56 365.29
76 319.34
39 163.99
61 124.62
20 957.84
57 626.46
100 865.10
54 779.48
58 759.29
1 701.25
7 104.55
29 450.15
17 779.49
29 465.23
10 372.13
99 862.84
71 199.47
22 223.16
37 754.66
74 711.82
58 113.72
18 723.12
1 768.02
77 780.74
89 483.86
94 891.58
60 868.08
77 690.15
58 297.95
35 843.68
83 207.08
28 455.97
17 645.83
79 667.62
98 577.80
11 419.76
86 563.74
18 525.56
33 316.99
68 632.52
31 612.91
81 322.08
63 781.03
6 603.86
40 515.00
91 599.21
14 697.15
61 749.03
71 839.68
24 941.33
77 815.82
43 139.60
72 609.28
95 302.20
55 775.76
69 487.38
25 181.30
80 218.77
36 923.72
4 980.25
43 730.51
78 118.39
57 840.39
36 518.60
20 755.57
17 555.86
2 876.61
23 796.99
43 755.54
72 853.18
29 404.91
52 301.87
87 910.38
35 183.12
9 546.42
53 445.81
74 664.17
26 336.67
19 253.77
96 129.97
64 455.32
48 486.55
70 712.71
37 112.45
88 848.92
3 608.68
40 978.86
35 400.01
41 331.07
95 359.98
6 645.52
7 970.51
1 944.58
52 766.59
85 770.90
39 224.81
14 580.16
77 644.91
84 387.17
55 914.59
44 412.46
40 386.95
93 504.76
44 729.66
1 715.45
66 757.42
3 147.94
45 766.61
66 284.00
28 845.42
79 678.58
69 890.65
90 934.50
3 258.19
18 713.76
20 674.77
92 447.47
94 560.79
76 823.19
7 848.81
12 762.18
26 740.81
18 580.09
59 886.57
53 761.86
40 380.21
16 640.77
79 239.72
86 432.40
31 216.76
40 682.69
13 848.64
64 633.20
31 899.07
77 906.75
60 410.91
67 529.49
93 641.89
45 666.42
5 710.93
96 132.34
23 854.46
21 118.04
86 747.49
36 550.62
20 541.51
16 322.70
84 283.41
42 754.09
84 772.13
23 402.72
94 807.25
36 501.51
56 787.82
74 727.89
57 201.66
12 927.70
71 996.80
82 207.41
24 700.84
51 902.30
74 980.12
86 464.63
43 307.81
79 761.11
43 760.41
82 255.61
14 382.72
34 202.87
70 487.40
96 554.31
73 568.36
39 468.77
85 314.68
2 690.27
10 667.52
38 370.40
9 991.68
29 123.66
5 123.34
18 229.78
39 632.88
94 586.44
94 239.15
94 697.10
54 184.60
43 903.15
53 469.09
11 701.43
78 548.66
59 711.80
38 127.72
95 262.07
28 884.34
65 916.42
35 549.36
57 797.12
75 582.25
71 300.16
83 213.61
90 679.85
53 539.18
81 789.82
37 327.90
89 817.66
47 871.84
56 991.09
23 476.89
28 622.28
68 122.87
62 201.30
78 806.63
25 431.34
95 429.17
99 270.10
31 771.94
18 749.05
76 356.32
71 759.60
42 895.94
13 797.49
78 185.58
76 808.22
45 138.25
43 835.93
64 944.18
89 908.58
17 507.83
50 931.29
91 219.52
87 460.16
37 289.69
27 347.42
27 461.19
66 791.01
31 759.87
68 742.47
39 176.33
14 850.65
20 758.02
82 790.89
61 945.42
26 486.06
96 502.05
12 980.43
87 683.79
28 617.91
46 916.10
3 761.55
33 378.20
43 843.76
74 401.48
84 244.45
9 392.40
98 953.08
84 673.25
47 650.89
91 696.74
21 800.43
51 922.25
66 624.92
29 234.47
11 759.23
56 672.51
98 112.52
38 322.44
8 222.87
61 978.10
48 210.98
63 150.08
47 410.14
59 976.96
12 385.19
74 374.02
97 570.52
90 329.99
80 281.50
59 556.87
78 646.96
59 326.86
30 816.02
50 350.94
94 685.51
46 607.91
40 619.95
86 254.81
49 824.37
94 816.92
51 216.27
82 562.20
13 908.97
97 465.21
63 545.53
12 804.00
76 376.08
51 559.87
18 972.89
65 340.48
39 432.54
8 900.19
41 691.15
65 636.08
27 106.83
95 699.97
93 637.50
70 893.95
14 151.29
37 766.14
5 992.43
15 803.33
78 879.19
30 835.10
27 709.37
84 590.73
87 139.64
77 483.26
62 891.19
2 966.45
27 350.68
75 495.43
39 677.81
14 255.74
77 603.38
98 706.20
69 182.90
35 655.46
17 918.91
18 654.77
90 460.76
59 323.96
12 306.45
33 691.23
55 211.49
67 269.20
17 147.14
12 199.31
15 719.32
32 804.33
42 893.49
94 118.63
70 618.55
99 550.98
89 486.83
14 940.75
17 904.23
53 744.40
89 483.24
38 886.59
4 122.54
21 143.85
68 192.88
73 940.63
18 708.01
42 731.40
16 793.77
15 903.86
36 466.26
29 631.89
65 556.63
43 315.05
84 437.20
60 960.11
39 933.22
82 514.86
6 848.83
3 413.68
40 983.01
82 293.24
17 498.60
97 131.17
37 276.46
35 451.79
63 654.09
36 540.69
50 445.40
85 917.73
99 544.82
9 544.80
75 398.44
49 842.34
89 542.97
54 590.44
88 930.98
52 762.63
89 629.63
52 367.94
25 338.51
32 238.80
75 177.24
87 993.85
85 397.89
66 628.04
79 224.86
27 804.96
70 304.42
72 529.07
70 297.37
76 910.17
29 526.68
64 814.55
17 767.01
78 768.71
27 491.25
21 345.51
95 462.72
48 349.68
84 954.22
16 406.80
27 102.14
14 122.45
44 275.66
99 152.46
99 255.77
6 203.94
35 388.34
48 897.77
49 521.10
75 540.91
61 630.04
70 161.34
17 551.08
34 916.09
91 713.03
69 210.49
65 525.53
52 254.10
33 458.95
35 158.91
37 322.97
17 451.27
13 455.09
76 129.53
57 185.73
4 866.23
32 664.95
86 228.97
3 375.53
65 645.00
54 711.20
52 735.45
81 398.51
26 405.80
94 475.04
2 205.92
5 999.97
55 456.09
96 380.87
47 276.52
50 998.32
61 936.26
21 839.28
91 579.43
77 326.02
4 833.26
71 472.30
55 845.43
79 107.45
84 281.92
89 513.96
26 742.14
96 176.28
72 124.02
67 691.66
21 191.30
64 922.56
41 861.47
33 937.29
95 296.75
5 616.68
84 548.27
39 833.04
42 567.61
71 138.40
66 524.71
56 403.07
31 945.89
80 159.26
66 139.26
90 189.62
76 260.81
77 517.26
24 771.39
77 674.36
53 731.72
84 299.46
39 995.02
79 573.08
4 483.79
84 337.16
58 583.88
69 881.37
41 249.05
84 471.59
49 518.22
68 706.57
54 710.09
16 162.07
37 835.89
91 895.38
13 807.19
24 117.14
23 513.79
4 637.32
49 973.16
77 269.87
6 820.32
96 446.47
8 101.59
23 218.92
83 803.23
78 551.52
64 256.57
80 731.79
7 269.46
96 973.72
60 351.63
84 889.52
79 451.73
35 669.68
22 131.71
73 294.31
59 366.79
71 718.26
29 109.02
68 949.00
72 563.84
89 644.70
71 837.53
45 650.04
65 853.40
16 264.50
86 576.05
15 648.94
73 282.82
27 404.58
90 598.60
13 787.92
71 484.90
98 733.11
87 796.63
66 776.14
50 817.77
47 589.68
73 468.39
76 437.65
74 939.28
72 572.05
52 912.25
16 669.71
32 869.26
71 257.40
16 869.67
84 804.04
50 635.89
70 219.44
81 702.30
70 951.48
94 832.77
5 510.18
15 597.19
91 402.27
67 504.60
26 304.89
4 470.60
60 140.30
70 211.00
69 229.97
48 518.32
97 228.86
27 857.77
8 503.38
75 439.30
79 596.08
16 390.93
82 736.72
66 661.65
82 590.12
3 749.76
49 776.22
49 930.56
2 375.15
24 709.31
97 340.79
8 589.50
24 802.82
33 751.02
87 385.56
68 700.27
63 756.02
97 183.22
47 300.02
78 941.23
52 674.73
28 826.00
87 517.30
5 661.02
49 228.13
18 622.09
67 789.61
63 783.50
47 355.36
53 313.87
79 944.55
28 784.82
89 430.89
51 490.96
80 199.52
2 253.05
59 834.54
50 767.30
51 518.92
97 749.13
89 683.16
70 232.74
67 888.08
42 215.42
14 818.07
13 984.15
27 831.79
87 223.53
28 262.38
56 210.19
64 873.78
73 161.75
16 648.77
20 833.54
82 195.53
47 776.99
90 595.20
60 145.85
2 957.64
92 285.73
27 580.91
54 747.03
83 219.32
88 858.91
52 785.44
68 118.89
31 393.80
33 195.36
12 502.92
54 785.35
71 461.49
83 247.92
87 809.98
10 233.02
37 160.15
47 814.32
23 225.87
10 617.39
41 175.79
94 886.09
71 327.30
52 770.70
55 102.00
77 878.45
77 375.19
3 330.79
24 957.35
64 465.06
57 581.32
63 893.35
63 771.86
93 929.61
6 783.87
1 385.26
80 597.70
51 362.09
81 243.85
49 464.96
97 885.13
56 262.48
40 604.11
89 796.80
97 185.31
75 731.05
26 782.82
69 401.14
61 777.08
85 111.59
87 317.45
2 834.84
63 753.65
85 398.43
42 518.73
9 883.11
33 541.66
35 442.84
8 736.63
52 368.07
94 711.63
16 375.73
49 617.35
71 547.82
8 212.47
12 317.95
60 939.47
1 163.65
5 510.83
76 594.33
96 153.19
59 811.86
2 484.72
28 723.78
77 191.34
24 729.55
79 575.93
45 407.30
38 504.41
46 599.93
20 416.09
69 718.85
46 638.58
60 929.80
78 483.61
3 510.66
55 487.53
91 503.48
22 364.51
36 359.67
62 610.45
90 214.09
99 677.05
51 117.33
17 398.72
39 893.82
57 342.73
80 624.22
73 821.56
27 940.49
76 714.89
15 462.63
28 485.85
22 714.37
84 608.47
56 198.67
38 533.68
38 215.50
5 605.66
11 373.64
48 477.65
53 462.88
15 969.12
10 501.73
43 933.86
92 344.37
66 369.90
18 723.39
47 148.78
59 491.51
98 224.98
3 625.10
54 379.50
19 945.17
49 921.65
41 753.01
100 959.02
52 636.05
24 207.18
19 128.45
72 791.43
51 795.50
26 815.62
70 755.92
20 187.88
30 473.70
22 347.75
59 993.18
90 882.63
32 981.42
5 963.26
3 448.82
63 178.95
29 443.83
41 798.33
45 177.67
57 898.32
23 423.85
38 298.33
2 451.14
14 362.76
28 163.10
41 708.75
44 158.03
3 590.12
39 825.17
19 835.78
15 476.87
95 390.25
8 206.13
45 287.02
20 979.19
83 574.42
97 879.60
20 671.98
41 322.44
45 183.72
96 977.91
58 285.41
91 866.76
84 800.83
6 108.78
77 902.79
11 453.89
16 714.14
27 497.99
10 792.40
48 681.10
87 217.96
68 402.53
19 790.81
40 520.91
67 337.03
75 480.41
98 831.86
41 976.32
65 739.93
26 308.27
22 711.09
1 342.54
48 328.74
90 768.35
72 811.98
100 102.29
30 679.98
93 202.32
83 956.68
50 772.49
53 635.93
77 451.29
14 306.61
27 210.29
55 816.68
7 809.74
100 563.98
94 869.40
29 925.75
45 506.38
7 213.13
60 870.07
7 197.93
30 964.82
9 913.11
94 337.13
19 879.08
28 179.11
86 223.14
39 301.22
8 547.45
68 764.66
69 679.81
26 995.21
96 289.34
39 895.04
98 644.37
17 665.15
68 379.33
76 265.26
91 464.51
3 623.08
36 932.35
89 705.14
16 417.57
40 581.66
96 738.55
21 575.61
14 699.76
26 903.09
53 342.25
78 342.48
43 546.15
29 254.29
13 854.39
26 654.74
51 364.13
23 952.49
76 370.56
31 881.99
61 109.90
95 217.11
42 469.96
45 985.99
55 674.43
51 734.83
41 732.37
74 377.23
8 124.18
33 944.99
59 245.98
1 819.83
11 707.93
87 708.56
85 549.99
21 399.35
3 475.24
91 683.10
66 937.98
79 384.08
82 665.65
72 407.68
49 228.19
71 790.66
76 618.51
74 464.61
87 111.46
29 487.08
7 666.62
60 428.11
52 407.91
12 226.94
63 549.09
81 431.28
15 915.60
96 867.63
11 719.54
49 570.67
75 429.25
46 318.67
64 501.08
45 328.02
32 222.93
17 406.45
49 974.56
86 297.62
68 902.87
86 317.29
52 808.86
19 971.93
99 327.93
60 804.90
75 430.08
57 453.55
33 406.60
31 489.26
37 546.75
76 986.89
100 779.17
35 652.86
25 924.52
23 721.30
32 726.67
2 990.20
75 492.17
87 696.97
83 465.13
82 816.13
99 581.26
70 838.08
26 849.11
30 189.66
9 969.46
64 429.95
91 121.85
10 215.09
83 102.68
3 870.21
98 901.42
99 907.13
14 354.81
2 937.54
25 679.60
45 857.05
90 218.36
13 515.42
24 340.69
31 256.02
61 764.08
58 396.22
96 584.12
68 708.91
4 486.21
7 235.58
30 966.36
70 728.66
27 397.96
88 309.99
95 172.39
25 382.67
34 493.60
39 280.28
3 161.16
32 842.45
90 439.07
76 560.35
18 751.76
86 505.84
39 829.50
68 441.56
67 681.32
20 656.30
3 941.58
8 282.68
48 108.14
93 677.01
81 329.89
30 948.64
92 539.51
58 648.93
25 721.13
33 122.19
43 823.09
91 595.56
32 388.95
85 202.39
35 422.96
58 440.64
33 330.12
14 912.16
81 358.51
86 375.76
66 778.77
30 791.94
46 431.73
31 313.87
42 290.80
20 613.65
90 962.25
63 746.55
63 194.92
19 388.75
61 851.47
44 508.75
4 433.67
42 599.63
85 941.71
38 718.23
91 270.10
94 946.93
67 576.77
5 331.74
63 947.31
93 682.93
15 382.09
96 522.59
34 764.74
100 970.06
13 451.31
34 755.77
39 470.01
69 376.92
44 292.80
73 699.81
66 866.52
45 697.10
28 629.48
38 903.24
97 992.97
79 626.22
26 915.05
43 847.11
78 889.83
4 417.52
20 937.65
90 647.64
49 997.43
14 164.80
25 213.97
17 314.34
96 341.18
68 229.37
27 946.35
70 175.61
49 209.58
16 501.99
49 315.53
13 528.67
11 161.86
60 552.91
66 382.14
5 526.68
38 379.28
97 968.65
38 112.65
77 993.31
66 424.72
39 811.12
64 969.67
70 158.82
96 141.40
16 348.95
23 695.11
83 602.00
15 233.10
26 321.34
43 519.12
43 628.93
15 623.52
36 254.51
98 424.35
3 593.14
33 608.20
98 981.90
78 807.18
7 735.60
69 953.03
80 251.08
1 179.24
46 879.24
71 262.04
74 417.06
64 686.65
60 452.42
3 664.30
20 612.36
22 973.92
38 225.75
35 908.09
27 936.06
29 911.28
19 440.30
78 521.52
67 579.91
69 799.77
98 294.80
85 628.86
52 733.34
47 222.22
20 268.31
37 563.61
23 641.84
75 916.30
70 992.66
41 768.99
19 821.99
1 586.52
100 182.70
23 796.82
16 969.84
72 808.60
3 319.99
16 491.31
57 168.40
71 929.65
39 359.25
7 827.39
67 504.41
56 601.23
78 188.41
56 919.36
99 423.33
65 948.04
88 921.21
76 608.65
7 834.35
93 296.02
99 200.54
84 750.91
20 495.27
36 459.92
12 840.31
29 867.54
56 349.60
58 962.52
26 735.05
40 809.49
84 817.37
68 913.08
67 356.42
22 522.78
4 313.17
59 336.39
19 718.45
87 188.45
28 859.00
3 290.10
73 792.91
30 875.62
63 103.05
100 224.22
76 645.39
54 517.50
51 605.28
74 732.96
22 404.18
96 874.41
54 327.94
86 191.14
70 205.11
21 665.49
81 245.33
73 346.85
10 424.35
55 708.07
72 896.95
43 606.14
31 277.37
23 368.59
63 313.77
81 143.65
37 171.13
97 112.29
66 112.33
83 886.23
57 613.76
44 442.57
36 515.73
71 694.11
40 501.89
89 369.98
25 620.42
38 378.43
56 483.47
51 640.21
73 498.01
54 806.69
32 886.61
63 372.88
59 989.34
3 930.32
79 470.16
68 880.36
84 535.77
21 440.00
39 349.61
15 844.73
12 972.12
24 433.00
53 479.53
60 192.87
63 482.31
51 788.35
80 611.65
5 779.53
41 259.53
29 214.78
5 778.02
66 523.12
97 389.55
88 363.86
100 141.43
13 440.02
28 853.29
9 247.79
72 193.94
19 421.42
63 662.36
84 497.30
68 379.04
72 988.92
40 225.32
41 566.18
89 370.20
51 981.96
79 312.26
62 513.17
43 283.61
60 506.15
47 653.94
69 101.94
84 229.43
59 238.61
74 890.82
25 776.09
26 351.33
44 976.48
61 958.47
61 393.46
52 944.63
60 545.42
43 235.18
100 735.50
66 451.74
83 809.49
23 491.15
17 303.53
29 901.82
27 584.18
61 215.47
78 317.68
85 867.05
70 391.83
58 837.54
60 468.84
71 911.45
82 619.53
54 554.74
88 183.00
53 887.95
25 821.08
70 546.17
23 265.88
38 271.92
26 932.91
24 536.28
45 715.36
73 646.14
83 151.53
38 211.33
75 190.37
78 803.58
94 466.13
1 574.79
81 997.20
63 508.63
79 955.83
33 332.19
73 157.15
44 704.03
19 349.19
38 343.41
17 819.23
91 709.93
90 160.53
38 373.20
4 679.63
56 450.71
31 667.69
86 575.61
4 540.43
13 786.89
39 785.89
50 1000.00
93 796.50
79 913.41
78 324.03
91 463.76
71 281.22
44 646.14
42 490.71
26 748.16
67 525.34
59 762.90
94 572.09
38 777.84
77 274.29
45 881.97
79 642.65
77 954.11
95 408.12
100 258.51
98 255.24
77 494.96
74 768.69
60 222.43
31 988.02
77 669.98
29 568.30
78 571.45
98 316.48
56 656.39
44 155.53
61 387.00
11 861.90
42 113.39
75 176.39
88 375.93
84 318.66
4 396.77
81 100.99
26 772.83
70 382.74
1 982.19
75 170.98
58 899.10
37 508.93
74 468.92
45 995.19
38 128.76
57 922.67
14 829.12
88 997.86
8 276.96
16 882.89
13 115.33
93 137.17
50 611.08
20 415.70
50 634.75
95 403.82
22 456.47
4 986.59
80 503.14
65 830.57
69 541.21
71 460.56
45 866.83
75 638.77
5 342.56
53 856.33
16 979.25
12 291.64
63 984.20
70 198.44
97 350.64
62 626.00
72 563.92
91 532.40
29 600.57
91 637.39
41 886.34
86 669.90
35 832.50
67 878.24
33 305.38
37 982.25
71 842.02
99 670.43
32 732.03
40 496.53
88 716.32
17 757.83
83 349.31
44 806.50
17 624.22
82 677.87
96 908.77
72 431.27
91 586.16
16 163.59
30 579.85
4 438.44
27 259.34
12 427.40
39 486.67
48 392.81
3 459.26
71 776.70
3 719.69
74 908.96
6 702.55
62 467.48
97 118.65
85 274.92
45 965.34
92 615.80
12 445.59
21 617.59
85 128.73
70 102.07
39 162.31
96 223.67
62 353.90
93 234.65
88 980.16
24 603.39
83 461.64
11 135.09
42 661.09
59 965.99
12 656.17
32 673.93
96 493.86
24 184.11
73 275.44
68 855.25
8 436.20
13 443.80
91 559.67
40 219.30
46 708.77
19 968.54
92 170.05
36 587.63
19 182.03
77 332.37
4 744.97
36 905.87
90 104.77
73 410.69
89 374.89
74 434.48
81 857.77
50 718.54
13 260.23
28 839.43
65 291.39
90 390.58
24 857.53
66 749.06
62 729.28
42 734.16
88 746.77
92 419.72
66 114.49
93 189.68
58 536.44
16 612.51
13 215.68
34 660.11
92 270.63
30 700.98
23 910.54
77 690.11
67 360.99
90 607.31
59 849.76
67 567.07
8 222.54
73 154.47
89 689.89
71 777.31
62 141.35
77 313.60
20 821.76
80 123.33
31 347.68
17 840.85
34 432.08
1 273.05
58 477.66
61 107.79
31 889.30
10 519.01
84 777.68
55 378.23
74 709.22
76 745.20
26 379.02
62 787.44
100 885.02
35 842.64
15 919.57
2 171.81
19 989.88
30 291.36
85 328.40
29 583.03
35 922.04
69 610.00
69 282.18
26 592.28
43 295.85
18 504.31
74 125.84
66 448.08
58 673.99
28 850.69
58 348.34
40 783.28
59 531.43
21 572.02
16 546.22
66 818.58
91 555.38
96 313.94
94 226.29
56 650.06
75 245.71
56 874.62
92 407.07
41 555.89
59 362.48
24 978.64
83 875.81
55 752.58
6 612.17
93 292.87
36 118.81
14 877.28
94 472.96
72 178.94
9 219.82
37 951.15
28 481.87
65 921.69
99 207.95
87 860.82
87 267.33
65 169.07
24 754.65
12 288.81
55 281.91
92 354.95
20 302.06
46 930.11
78 544.44
17 952.62
93 106.16
84 880.03
95 112.81
30 232.37
100 291.56
17 426.32
69 185.37
81 417.68
35 393.58
57 983.69
83 717.23
57 331.92
32 112.82
70 902.40
38 892.29
77 610.58
97 376.79
26 423.05
71 253.74
36 933.98
51 279.54
85 548.96
25 600.63
76 880.12
23 265.13
94 136.28
86 988.48
21 632.05
61 436.40
59 196.01
96 423.99
35 503.72
58 309.69
79 123.76
41 749.23
70 989.10
79 624.77
77 634.33
2 499.45
46 834.02
3 752.20
9 714.22
87 743.17
38 361.23
85 606.42
36 130.85
54 653.89
48 622.95
37 855.49
1 752.38
61 993.51
47 967.58
44 971.32
65 501.12
95 777.58
20 714.03
25 899.02
88 395.34
12 678.50
17 253.48
85 283.74
65 160.89
61 232.72
61 156.30
78 294.51
72 637.32
83 168.28
23 706.94
77 533.79
78 324.15
77 304.55
55 600.76
21 221.88
55 853.51
9 274.05
40 575.30
19 606.56
14 921.44
72 465.41
78 316.70
55 292.21
5 871.33
67 592.74
54 733.59
7 128.71
45 740.43
37 135.04
71 804.28
94 996.96
51 855.95
71 321.20
30 444.91
10 868.28
86 134.35
68 162.55
73 391.61
78 638.84
98 935.11
91 857.87
73 429.34
56 171.48
70 845.31
33 674.59
51 337.91
79 361.27
5 862.49
19 758.76
62 891.88
81 514.79
90 828.70
2 770.20
11 572.98
42 963.92
48 857.81
47 613.21
29 650.47
37 105.77
61 712.72
34 291.16
6 434.63
20 596.41
20 200.64
3 682.90
55 227.49
49 797.24
10 313.12
62 246.19
85 325.88
59 131.06
78 687.12
65 567.76
40 949.43
72 436.70
71 989.47
19 833.78
30 472.70
41 962.21
43 759.58
39 484.12
70 359.75
31 942.20
43 276.29
47 873.56
58 450.67
67 993.81
32 407.23
14 286.60
81 484.96
41 780.44
1 254.85
51 698.68
90 398.58
69 597.66
11 162.20
56 656.99
100 876.98
97 338.37
3 866.61
11 996.90
80 496.26
61 576.41
13 711.45
53 563.98
34 952.83
39 468.54
23 134.07
81 964.37
89 189.44
56 877.73
22 603.07
14 408.33
93 944.07
97 634.24
57 616.69
15 310.40
56 922.67
47 505.29
80 733.91
16 381.14
8 433.62
10 106.99
88 515.13
3 500.85
13 682.39
70 706.36
98 161.83
68 178.56
79 977.89
80 575.56
77 720.96
16 248.51
33 943.83
86 712.28
42 508.86
84 766.37
44 520.73
99 346.81
53 628.22
45 985.01
5 551.64
93 556.03
59 713.96
82 335.25
59 546.29
27 394.82
70 310.37
12 957.62
25 715.87
33 821.74
33 621.10
5 262.33
81 814.14
26 924.65
98 752.85
22 435.90
82 144.06
86 889.61
62 822.92
13 383.67
60 266.53
14 494.80
16 686.53
65 435.32
5 771.40
34 966.53
73 846.56
14 143.99
92 883.84
55 857.97
44 945.20
76 768.73
89 613.24
4 713.73
4 859.48
41 757.20
12 910.15
31 967.69
62 114.17
99 158.46
100 261.80
74 693.45
9 676.30
31 773.35
97 672.84
92 144.90
13 764.45
45 909.96
31 519.06
58 102.70
18 363.31
65 155.16
68 113.58
83 118.01
13 434.94
27 422.25
67 974.09
32 855.24
91 905.13
21 561.39
39 974.45
71 255.98
87 408.45
32 997.14
7 176.88
87 604.47
49 474.35
42 588.23
71 497.38
23 668.63
41 777.45
62 345.15
17 550.39
100 121.09
4 654.48
43 558.53
3 204.17
47 679.21
76 819.41
83 758.29
64 568.02
79 970.64
36 253.02
37 521.13
44 984.07
11 796.23
72 117.78
81 608.53
2 433.81
100 871.22
22 590.22
82 326.81
39 505.99
30 930.24
100 667.79
23 919.01
74 938.30
9 566.63
25 867.90
62 400.98
27 886.81
35 240.94
73 873.99
37 557.59
78 785.42
57 460.21
39 496.11
95 280.28
74 357.60
32 118.41
38 123.15
58 199.26
92 221.05
39 816.29
66 968.75
84 912.98
5 564.16
94 725.78
54 715.51
90 447.39
34 164.77
58 180.43
57 244.36
99 103.36
26 763.95
81 414.91
63 961.72
87 916.08
51 260.04
43 169.97
89 799.79
60 454.23
99 963.62
4 175.49
65 263.80
38 838.70
28 688.89
97 744.33
7 642.55
70 247.33
86 939.15
61 655.92
11 838.72
96 973.06
100 930.39
87 791.57
15 219.73
89 235.08
66 709.84
79 544.68
15 846.13
19 134.76
84 679.86
58 397.18
4 635.77
12 535.80
82 349.71
3 824.61
4 740.54
94 648.56
65 563.51
13 739.62
12 628.38
59 843.12
1 826.14
38 256.50
94 219.45
18 761.98
57 262.95
61 173.17
24 513.20
38 614.37
73 436.82
10 717.20
3 735.75
23 266.19
52 258.30
48 129.33
66 436.48
4 459.18
98 488.09
71 699.75
82 136.98
33 461.45
34 817.80
85 984.82
92 474.49
53 757.38
2 746.30
44 760.43
57 616.40
15 507.10
93 836.42
39 675.82
93 115.30
82 599.42
50 975.68
66 153.88
87 178.44
40 314.20
74 135.60
33 860.36
80 911.42
98 518.52
49 506.69
10 451.37
26 850.44
4 509.90
99 796.57
15 581.70
20 670.28
86 804.09
27 343.26
3 705.38
14 402.74
84 583.44
24 859.65
77 839.90
91 187.46
73 671.94
35 991.70
58 349.81
42 459.73
44 114.66
94 678.28
98 571.33
95 733.15
69 820.67
98 486.26
89 439.20
33 978.97
68 216.80
41 224.23
70 756.78
32 552.14
87 753.59
70 437.52
65 831.09
89 177.52
1 611.38
24 270.08
47 123.48
11 880.96
20 105.75
3 628.19
34 341.55
13 986.20
9 541.43
22 540.57
25 907.14
44 624.45
87 621.99
74 661.40
15 662.06
82 810.94
69 687.84
2 456.88
5 826.97
21 133.33
65 766.85
45 813.49
14 631.82
80 473.09
28 122.65
32 498.79
68 358.68
90 954.89
15 788.25
74 747.24
18 850.71
69 259.08
60 406.69
44 121.61
76 568.57
15 385.48
55 809.69
67 952.79
66 590.24
11 512.68
59 289.16
13 810.39
23 881.06
84 621.22
62 602.88
43 679.86
93 821.54
29 867.75
5 249.99
89 914.82
82 650.06
93 748.04
52 335.92
80 850.98
63 191.30
52 703.79
48 870.11
65 117.11
78 520.59
77 494.34
39 936.02
74 632.26
81 734.66
21 132.40
94 672.37
80 692.75
95 723.66
4 679.45
19 296.81
79 347.56
70 936.33
21 899.09
3 446.44
75 543.02
89 346.76
27 583.65
92 708.54
33 656.22
20 398.91
30 962.75
14 843.26
57 701.46
2 818.45
86 403.08
92 212.54
47 575.40
44 894.10
30 735.05
24 940.07
99 383.29
46 214.12
51 468.13
19 953.37
12 421.11
76 458.81
17 119.69
27 595.88
52 204.85
10 853.78
14 862.22
92 755.77
56 316.17
99 201.11
78 597.55
54 623.44
94 141.13
17 543.34
15 379.71
99 924.39
69 432.90
46 863.76
10 379.11
8 341.85
39 388.04
19 159.71
56 736.64
75 123.34
47 197.20
79 555.91
54 353.69
24 329.23
25 147.16
99 489.75
62 125.12
99 410.36
84 137.14
70 456.59
26 325.40
89 305.17
21 514.49
50 827.07
86 289.73
89 278.39
5 586.63
63 135.01
17 227.25
65 938.32
35 101.26
59 456.81
65 355.70
53 684.94
73 662.02
29 175.59
74 596.73
72 877.19
100 882.91
91 690.50
46 158.09
99 614.58
62 292.47
91 550.17
73 494.63
1 775.05
94 206.35
25 592.84
23 706.71
94 282.99
60 636.80
72 981.32
84 760.48
38 468.64
20 462.80
71 695.38
47 564.79
36 648.85
40 783.56
9 639.01
27 509.09
20 336.71
60 636.31
85 293.49
31 541.52
37 799.62
21 407.56
18 117.87
73 983.95
23 121.92
87 716.19
49 964.78
10 702.68
71 564.81
84 483.25
77 481.30
98 592.91
85 313.30
24 185.23
56 727.80
2 134.93
41 927.37
40 493.95
77 793.49
99 942.23
20 543.33
15 153.36
34 512.86
32 139.35
40 882.01
28 940.00
94 882.62
2 954.08
99 796.38
77 520.67
83 262.28
65 644.32
96 202.94
64 466.91
37 303.35
9 341.44
97 521.99
49 818.10
54 666.40
65 437.87
25 891.41
70 802.06
21 808.13
71 890.34
48 958.23
19 539.26
100 239.64
57 577.37
69 589.02
60 105.85
90 506.32
97 530.92
2 910.93
89 942.59
90 692.02
66 875.86
37 576.52
92 306.85
22 344.58
14 159.07
23 470.12
29 813.74
55 690.66
32 550.48
71 975.99
5 211.04
25 367.32
49 567.12
20 557.63
57 917.54
86 182.66
38 499.47
5 779.32
75 233.76
21 830.19
97 946.85
68 917.67
14 828.81
68 293.39
48 166.65
70 585.64
81 795.97
1 621.89
74 391.18
68 889.42
40 668.98
42 764.45
78 142.48
74 590.80
3 759.16
22 699.22
64 615.82
92 257.99
4 906.79
5 206.74
7 150.81
39 910.58
51 761.85
66 437.85
25 657.85
65 378.37
25 113.99
75 676.35
41 845.44
14 879.69
17 102.75
99 882.62
80 787.63
62 156.57
66 410.23
72 349.56
12 268.01
5 315.02
84 453.35
19 194.87
22 531.37
90 401.95
86 568.57
52 172.53
5 720.43
51 195.90
33 774.22
41 305.43
46 170.48
59 434.68
1 664.43
86 682.42
90 386.12
82 703.86
18 692.16
66 407.48
91 373.37
35 128.86
79 126.08
56 343.56
80 469.22
40 519.55
72 996.73
32 329.44
15 701.27
54 671.18
90 635.64
10 357.19
40 262.13
63 274.23
73 786.38
1 555.09
70 566.61
2 132.16
52 888.69
69 679.77
97 858.59
78 502.26
69 710.95
64 345.30
78 466.54
56 949.78
28 482.30
71 314.14
89 942.93
59 387.78
12 839.37
88 681.19
91 778.05
88 299.47
65 470.70
4 366.47
13 724.98
57 729.79
26 873.06
13 596.27
33 695.17
80 559.85
48 765.70
52 367.91
30 529.39
71 575.69
65 619.70
99 668.70
29 476.43
78 523.09
95 821.98
67 609.63
93 307.79
83 542.74
86 458.08
81 259.09
55 186.97
43 444.55
5 830.97
83 258.64
32 525.65
26 290.64
9 140.58
58 316.86
82 929.44
75 770.26
54 494.49
9 275.72
88 923.39
51 744.17
49 173.68
16 719.85
52 423.40
48 638.18
39 477.53
76 655.68
34 202.08
92 706.90
93 109.12
61 306.78
12 793.24
56 925.72
20 578.48
62 599.76
8 480.11
24 527.12
11 910.38
56 906.90
62 970.07
54 226.51
51 561.04
38 600.31
34 127.43
12 474.85
30 139.26
81 548.81
17 850.24
47 835.01
1 451.64
47 154.55
87 144.10
21 830.35
37 590.39
22 793.20
78 401.32
30 127.27
67 463.33
24 963.19
79 465.77
3 913.92
81 148.83
77 573.37
57 828.77
76 147.30
64 953.28
41 796.23
2 345.04
14 410.55
76 715.28
82 983.59
49 927.48
30 705.08
33 214.92
36 813.71
35 545.43
8 243.27
87 943.97
28 800.03
89 799.69
19 707.44
44 701.48
52 406.86
73 811.99
9 765.53
67 303.91
98 452.67
27 968.79
27 751.06
85 516.14
92 545.23
24 902.30
98 818.28
89 243.09
31 614.20
21 829.15
95 558.03
68 996.19
13 185.26
15 482.20
57 513.73
51 588.46
4 843.14
64 526.08
21 997.61
62 756.60
82 638.15
32 693.78
7 409.83
29 218.83
5 372.26
99 780.44
11 749.06
86 914.93
17 159.81
54 227.34
12 137.30
17 515.39
67 823.62
33 283.64
99 670.59
51 555.45
13 935.74
69 445.45
2 876.47
27 772.95
50 440.71
37 882.53
76 227.92
40 624.21
66 897.10
15 928.25
35 845.19
91 709.26
75 880.73
18 770.44
19 584.23
76 650.28
10 860.60
5 161.49
91 682.97
12 330.91
6 977.04
42 988.74
37 160.26
18 351.27
78 919.53
80 869.85
64 160.55
52 279.38
45 166.33
24 126.46
58 295.62
13 440.19
56 601.82
20 464.60
3 908.87
88 231.72
59 531.48
17 613.73
60 574.60
65 518.91
76 108.09
59 626.87
89 419.68
76 905.15
81 194.33
57 927.08
19 912.71
68 689.82
40 498.76
34 975.40
99 990.38
53 436.11
79 697.06
1 164.25
29 440.78
5 693.78
43 416.23
39 928.83
4 116.19
82 862.92
56 644.97
56 419.18
84 853.02
66 282.85
34 526.48
43 212.98
98 918.11
30 962.54
32 787.20
80 858.67
89 966.43
46 658.92
44 431.81
57 336.23
93 634.34
72 976.41
17 561.36
1 393.92
52 482.64
41 601.34
45 696.75
73 897.15
36 312.99
46 560.69
2 993.21
89 165.54
25 222.49
44 419.10
77 925.03
32 264.03
27 472.23
15 271.50
27 833.18
27 409.36
44 796.08
6 850.25
54 965.46
52 853.65
97 133.84
30 852.20
84 315.39
43 145.76
95 329.81
9 594.04
97 468.62
4 663.99
35 607.46
52 354.51
23 285.18
69 449.03
40 193.65
24 393.47
26 285.42
43 799.99
23 220.93
94 409.94
99 202.21
93 847.60
99 677.67
57 882.80
7 278.16
3 384.58
79 634.88
16 685.80
38 664.90
73 676.86
17 626.42
65 639.29
83 208.83
32 207.68
49 462.18
93 417.29
48 658.77
48 517.73
32 327.26
41 348.42
92 999.93
80 795.34
74 400.97
89 112.40
74 706.06
26 300.13
48 357.22
27 586.22
51 715.00
55 114.10
41 475.84
27 315.06
37 149.46
30 532.60
35 895.17
4 498.38
85 789.69
86 665.87
4 825.40
15 147.62
20 453.05
10 608.88
33 157.93
97 982.51
72 296.39
77 594.23
59 147.03
1 933.06
6 160.18
47 494.47
58 751.61
91 900.33
23 567.82
76 502.80
85 803.20
81 644.79
58 244.48
40 999.91
92 294.89
66 247.55
26 723.57
27 792.17
98 453.45
74 717.99
10 717.17
5 192.33
77 868.67
16 184.82
90 875.42
94 936.03
13 525.06
47 462.60
68 971.15
22 711.59
15 488.13
30 459.90
33 212.90
59 370.53
50 611.22
77 980.69
43 132.19
81 735.52
28 970.45
9 397.56
33 102.65
63 238.91
42 512.91
67 842.61
3 909.75
31 260.70
7 792.67
45 897.15
72 863.51
19 526.38
15 601.53
85 617.60
58 615.71
20 449.37
11 178.17
2 845.68
48 315.42
60 889.69
3 626.19
2 628.64
83 934.84
21 752.61
57 574.45
91 712.10
16 932.34
78 713.04
30 501.29
37 313.90
36 521.29
61 794.41
54 469.52
35 301.56
71 478.23
38 901.43
42 884.51
99 747.26
50 227.71
8 259.88
69 254.45
15 233.93
70 168.95
7 253.01
29 447.49
73 568.39
24 960.34
36 949.33
95 633.72
13 863.33
29 456.19
66 913.28
60 272.00
99 864.94
60 318.84
9 345.47
30 924.29
46 370.98
55 444.97
46 657.78
33 781.34
21 803.99
82 454.06
64 634.85
47 362.89
15 856.84
90 523.36
72 497.61
69 878.59
9 482.69
57 166.58
33 908.52
16 875.61
81 466.25
74 287.15
23 275.98
37 452.97
65 859.43
29 992.62
92 343.56
86 576.27
81 957.05
94 213.62
79 659.49
18 298.78
6 135.58
61 442.50
25 295.71
14 182.96
67 902.96
9 346.45
85 342.66
87 937.15
66 252.52
92 232.29
83 462.63
46 809.01
24 780.37
40 656.29
67 230.40
24 197.12
80 772.58
71 746.00
9 392.20
41 175.85
84 867.85
53 552.65
72 483.82
6 430.42
53 315.96
76 374.97
47 364.74
42 646.75
10 166.75
78 865.40
8 391.27
4 810.67
14 551.72
93 250.10
76 448.80
44 665.19
51 231.20
53 618.29
3 414.81
18 382.33
75 917.33
32 913.10
3 462.36
33 770.10
7 983.13
85 580.99
72 993.58
94 661.85
79 247.41
32 396.76
65 514.48
40 545.69
8 246.97
62 991.56
31 458.25
41 188.58
61 897.03
87 272.33
44 475.92
36 150.66
48 295.46
22 480.42
22 872.18
4 895.48
16 359.95
80 318.23
77 736.67
87 870.56
41 856.69
46 535.68
97 297.47
12 350.54
74 943.99
64 487.72
68 376.90
6 477.19
99 750.13
7 598.18
33 658.30
73 396.66
70 286.50
48 200.78
90 836.63
57 416.45
91 279.48
69 467.41
87 951.99
37 283.66
24 308.15
22 636.59
84 104.59
80 444.98
29 318.41
82 242.47
66 414.48
17 831.88
14 119.34
70 240.53
84 529.80
58 572.37
5 254.31
54 455.46
26 483.95
50 609.62
3 226.39
20 343.06
2 276.98
69 352.49
59 345.21
53 711.15
76 313.86
63 648.89
97 588.29
43 742.04
1 250.13
80 331.69
4 197.31
83 363.67
40 277.59
27 786.20
52 679.04
25 313.85
30 937.19
4 732.51
32 132.03
16 960.45
96 735.73
47 145.68
83 777.12
75 438.75
11 398.54
91 299.53
70 254.99
74 968.12
23 655.81
10 329.02
91 385.37
29 154.37
90 653.55
85 237.36
48 449.82
74 978.41
95 475.80
45 306.95
66 461.34
8 256.26
44 530.32
51 846.87
100 264.57
38 440.44
41 290.70
28 436.62
40 938.62
10 505.36
82 545.20
78 948.91
97 925.47
52 321.26
47 224.67
79 785.28
85 614.36
18 770.70
43 915.90
15 134.23
71 460.67
33 796.84
94 615.21
64 195.84
42 535.58
44 926.25
59 130.32
46 818.40
75 688.26
87 531.63
48 279.71
84 924.52
32 306.98
15 604.48
62 462.12
35 961.34
62 836.39
57 568.86
82 334.86
61 804.22
46 930.71
70 414.69
7 332.69
81 146.44
25 456.91
80 374.30
17 524.98
42 665.52
2 939.46
8 527.93
30 325.26
98 504.20
81 876.62
40 877.79
12 721.07
17 328.98
16 993.46
76 761.88
81 304.83
38 132.13
62 699.87
83 148.31
24 587.24
69 155.65
27 204.73
14 236.25
23 111.14
9 824.23
74 747.48
75 132.77
62 779.60
40 733.56
10 142.47
67 458.10
26 168.37
16 423.18
63 703.10
63 225.04
36 829.75
51 575.79
36 540.13
9 338.01
67 872.83
21 674.14
11 506.38
67 929.77
63 966.66
52 731.17
65 815.72
63 914.09
17 122.33
87 591.60
90 338.47
18 252.18
60 718.25
45 773.92
42 346.91
92 274.74
27 583.50
38 957.11
45 357.38
86 210.81
65 934.82
65 422.62
1 926.79
31 976.44
75 110.01
92 301.41
6 357.49
13 134.12
88 574.62
37 864.94
2 506.03
13 871.04
46 663.87
50 528.07
72 930.03
62 793.88
8 125.30
11 199.96
59 402.18
52 931.57
2 998.65
40 167.13
18 389.68
37 400.58
25 840.09
14 328.17
94 123.95
6 170.61
87 763.90
23 370.04
75 221.15
79 755.74
37 526.52
1 535.08
60 626.52
2 833.15
32 127.75
98 117.63
66 567.32
86 333.65
78 615.34
88 589.85
83 105.56
88 337.52
31 932.48
53 515.57
54 663.42
46 431.19
30 810.42
69 648.28
17 390.76
17 948.14
77 633.39
66 812.14
61 645.46
43 480.63
35 123.75
92 909.48
36 386.00
84 377.14
13 525.61
6 669.48
18 609.96
31 495.77
76 400.57
10 128.73
52 444.08
32 152.30
76 336.35
43 428.47
38 368.27
57 962.64
54 649.47
51 292.01
96 672.40
76 865.57
67 784.65
65 901.80
46 338.59
23 771.44
100 644.21
92 540.76
53 360.23
13 352.81
14 361.70
19 562.76
45 584.16
25 958.70
68 857.41
79 379.30
28 497.45
65 822.23
10 244.42
3 561.85
48 905.78
100 216.85
46 627.97
15 551.89
88 900.99
7 836.58
30 893.91
37 166.17
8 743.31
70 722.85
77 876.01
19 929.69
51 561.36
29 395.05
100 484.76
6 719.59
25 302.73
33 896.77
65 232.00
19 955.76
71 352.07
12 876.21
22 566.45
34 992.49
7 457.51
74 624.31
94 416.51
9 890.94
6 141.61
22 388.60
61 395.98
27 344.29
46 702.30
26 805.70
28 513.10
44 730.20
46 334.77
81 662.28
100 591.69
11 490.62
35 595.22
81 915.81
69 300.52
30 934.92
14 149.27
15 256.44
2 679.00
43 520.10
25 822.86
55 789.73
53 602.41
4 405.65
49 986.26
43 886.49
5 682.49
92 112.38
15 691.63
98 372.16
48 775.14
68 324.15
29 821.79
40 723.07
24 697.84
29 577.68
88 590.46
69 126.69
30 247.77
8 346.12
37 321.50
56 112.36
90 610.65
45 183.45
86 278.28
23 208.30
19 257.63
11 139.69
58 211.77
14 123.69
23 506.06
35 656.01
48 268.38
66 484.93
89 381.21
75 104.32
16 659.10
25 256.71
50 255.15
27 796.01
76 440.73
15 794.48
52 262.45
96 201.03
12 974.86
95 281.18
76 468.06
20 369.93
25 569.71
35 390.67
26 503.74
80 640.16
74 933.71
46 661.00
36 927.25
28 721.44
55 784.42
16 549.39
56 330.26
16 480.57
39 769.08
85 307.95
75 834.20
57 104.51
69 571.99
88 253.15
57 977.30
49 290.17
99 881.92
53 478.30
6 314.62
40 742.95
84 638.74
58 503.73
38 346.64
29 715.67
19 275.96
87 443.96
10 887.64
25 827.51
92 984.81
20 185.43
90 994.94
45 533.73
26 682.11
17 166.71
32 164.15
86 924.95
51 552.40
3 639.73
34 915.79
17 947.75
95 793.76
45 946.27
73 980.57
89 822.95
31 818.22
40 727.21
85 401.97
18 595.29
34 723.44
83 939.67
30 117.15
55 498.69
80 871.84
77 164.54
31 119.71
30 560.31
98 694.12
12 709.44
26 827.63
41 127.67
2 515.34
62 771.76
70 925.56
8 619.07
92 861.67
37 692.40
99 671.87
77 567.45
96 349.63
99 521.96
52 782.20
62 129.28
86 818.03
62 595.54
47 870.43
50 489.70
37 531.60
63 857.87
3 177.97
53 146.61
76 288.07
32 124.32
68 154.84
50 331.07
53 194.51
99 311.18
29 604.71
35 342.64
67 848.86
94 235.72
56 155.50
36 371.09
11 456.65
30 273.07
49 621.57
47 112.64
31 305.28
4 509.64
7 541.44
56 740.98
69 309.37
16 501.27
6 866.19
97 885.43
4 152.15
68 893.71
41 579.02
53 909.10
72 925.77
49 260.39
23 617.51
13 434.89
73 416.80
8 579.76
67 747.74
45 115.17
82 872.77
69 456.19
100 589.94
91 294.89
4 971.35
58 734.57
84 454.78
97 220.66
89 697.64
46 272.50
52 890.21
40 682.75
93 463.50
4 755.14
52 674.67
30 577.69
33 453.20
23 145.11
63 342.12
93 299.02
28 848.63
29 919.35
12 443.40
92 110.57
69 785.27
100 321.60
78 756.54
58 502.82
38 564.80
97 149.31
15 264.70
34 212.88
29 676.72
58 479.34
37 239.29
83 546.54
41 317.58
24 977.27
25 946.10
55 834.07
13 418.97
47 307.43
99 788.53
18 182.30
78 535.66
4 978.81
35 933.93
55 122.43
57 821.02
39 342.57
14 665.21
38 874.35
74 330.13
97 987.07
15 627.38
16 949.54
67 839.45
18 237.67
22 144.75
59 373.69
24 753.87
59 223.82
11 445.27
98 869.99
88 115.22
45 485.40
53 659.18
20 113.48
23 180.12
63 309.75
8 194.59
51 482.32
27 663.17
84 990.50
90 343.57
81 395.09
58 937.13
12 543.64
25 770.97
74 567.56
27 128.36
83 908.98
5 331.52
1 886.52
54 217.78
39 533.23
67 616.78
40 897.17
91 688.70
43 790.78
60 450.62
62 773.14
52 350.07
72 696.17
22 287.88
9 390.72
26 696.58
6 469.19
61 117.02
47 200.00
92 178.56
69 738.78
72 933.73
89 663.63
60 464.37
97 407.77
75 660.32
1 488.41
87 577.48
44 473.76
63 315.75
51 372.71
87 901.15
12 574.80
30 588.46
84 791.24
72 363.91
24 500.50
60 932.68
48 832.83
49 609.05
46 897.37
85 866.72
19 490.78
55 857.61
97 179.69
68 780.68
55 475.13
11 782.28
72 636.57
50 630.69
50 426.89
91 848.52
81 604.06
95 138.59
28 805.12
28 945.27
23 215.97
89 682.24
18 131.94
68 517.99
89 183.49
91 865.21
39 525.27
76 920.68
95 415.75
44 480.68
27 451.10
39 259.21
96 535.98
8 822.27
95 610.70
41 566.32
99 159.56
81 535.31
48 927.76
38 934.46
52 329.01
71 868.41
38 949.56
86 635.84
67 754.22
40 658.45
15 340.24
80 213.93
23 986.34
29 321.35
53 987.71
58 118.34
39 174.14
47 548.83
71 383.24
25 206.78
6 314.90
81 911.00
85 200.70
49 230.96
31 695.21
6 311.83
63 980.96
51 574.81
39 434.01
25 513.61
12 865.41
69 401.22
55 666.09
79 213.95
89 307.38
93 325.18
19 512.87
8 681.06
74 743.58
75 648.55
34 157.07
39 152.75
44 684.32
1 250.89
15 418.31
56 394.30
92 484.74
87 821.45
13 835.43
92 439.85
4 357.27
1 767.64
30 226.83
28 446.83
97 700.73
66 829.59
91 643.62
57 156.34
52 561.92
28 688.84
75 302.21
81 815.94
10 235.67
9 145.27
78 131.51
76 337.34
98 364.89
55 200.26
40 661.00
35 324.81
54 561.41
26 616.69
52 128.15
64 109.91
7 621.59
20 166.53
29 138.71
73 924.26
86 331.79
30 213.57
40 642.66
4 152.35
82 561.29
84 712.49
19 337.07
12 311.71
78 209.48
36 489.55
4 243.06
15 777.51
22 462.14
74 130.29
82 992.76
74 750.48
98 863.34
97 883.67
29 391.03
3 633.22
38 934.97
34 825.75
46 504.75
31 848.65
94 263.40
61 936.82
62 386.03
8 817.59
34 974.56
48 125.07
70 332.38
93 840.48
18 501.19
46 666.25
96 769.51
81 276.86
26 305.43
54 312.61
33 244.52
80 314.75
76 666.49
42 469.90
62 379.91
97 488.89
28 598.26
65 937.92
28 966.74
57 157.85
46 338.79
37 315.64
58 986.32
18 296.78
1 245.48
13 627.31
20 625.69
20 447.83
58 101.72
4 926.15
47 991.72
10 724.27
16 173.49
71 245.29
8 338.10
58 864.19
59 650.32
72 900.02
87 981.34
18 303.52
8 334.67
2 419.79
4 921.30
46 267.24
70 404.32
59 393.80
68 867.88
84 591.20
79 702.32
18 158.05
12 983.05
59 596.16
37 594.71
18 284.20
98 177.36
36 531.58
96 735.23
69 572.12
83 837.67
37 911.92
51 836.65
26 867.67
70 328.88
30 459.71
38 163.08
51 576.75
41 884.69
45 765.38
34 867.28
19 566.56
98 333.74
7 504.18
99 120.73
87 638.42
19 104.14
37 779.43
43 507.20
80 535.90
46 730.19
39 661.84
97 625.77
79 444.29
70 117.14
99 487.22
96 421.44
87 575.04
86 631.64
99 205.90
10 538.02
30 182.24
42 909.08
51 762.85
68 594.15
66 725.06
93 721.30
73 898.27
4 766.66
34 611.89
53 646.14
49 676.49
70 741.12
27 982.99
6 732.96
61 236.36
81 429.42
79 224.51
94 212.76
78 214.80
37 341.43
14 884.41
47 549.77
43 191.98
15 598.83
60 707.10
51 448.61
90 340.15
96 368.64
91 959.22
34 276.28
3 310.84
52 947.60
71 334.93
75 533.16
45 174.32
68 760.31
73 977.20
22 382.33
4 648.51
75 628.40
20 618.26
36 847.13
8 980.52
79 291.76
54 490.83
81 176.52
100 258.45
39 265.28
13 714.03
36 225.65
13 818.96
32 114.22
57 503.57
43 701.00
61 322.11
45 547.97
3 359.84
66 837.14
4 664.77
86 792.84
96 659.68
5 788.32
24 550.21
20 743.78
83 117.21
14 105.96
12 522.26
12 340.27
91 813.92
66 490.49
33 779.84
45 300.83
42 926.29
65 673.08
43 250.08
99 119.11
86 454.25
9 453.04
9 588.90
60 327.31
33 556.55
39 630.11
42 621.29
58 337.33
65 365.94
52 284.77
47 848.82
89 201.52
27 691.11
15 351.90
89 817.52
76 474.32
9 782.81
44 565.43
89 498.62
63 513.79
29 457.49
43 299.79
79 168.10
5 633.02
5 148.00
78 667.32
97 892.94
79 458.00
83 983.30
5 797.12
22 274.21
27 246.20
18 406.64
63 369.26
4 227.49
5 591.82
57 279.06
17 685.91
48 621.04
12 604.58
64 157.59
96 119.89
98 487.86
57 522.05
81 557.27
69 417.70
53 467.81
29 211.02
51 657.60
57 576.86
21 864.66
43 944.30
87 976.62
35 335.18
89 518.60
48 619.51
36 236.37
49 519.85
97 197.97
65 292.45
76 366.79
53 462.52
89 526.75
93 300.47
27 963.17
52 559.42
81 529.92
33 369.92
2 506.62
88 257.00
59 353.08
83 983.39
20 989.80
64 170.68
80 426.87
60 488.08
90 629.89
35 694.18
58 219.26
8 962.81
10 836.19
44 357.80
61 714.69
74 353.07
88 447.20
67 369.70
78 583.78
93 662.22
11 946.76
76 743.09
51 322.25
69 781.83
46 945.62
59 396.97
9 830.77
61 666.13
59 888.14
41 509.09
12 677.58
40 753.70
5 246.79
36 895.89
82 825.94
73 378.56
26 208.23
98 289.13
68 732.24
69 497.82
16 138.54
87 407.09
42 571.25
7 744.04
78 115.36
62 209.73
14 315.07
28 796.04
72 866.36
52 555.13
63 309.73
98 701.99
88 265.41
42 367.62
65 368.61
92 534.46
34 879.08
37 367.13
42 650.24
74 537.38
69 485.51
85 618.04
62 361.28
52 793.96
63 169.94
37 399.22
70 397.37
37 245.19
69 668.83
23 871.23
50 352.11
70 937.28
33 218.58
70 739.47
8 572.58
100 212.77
35 502.75
66 403.82
90 137.83
40 240.49
77 954.94
8 771.98
68 238.61
91 723.25
24 433.63
56 945.47
68 227.68
98 558.56
57 729.73
76 972.72
47 441.66
100 210.62
76 422.08
26 272.50
7 117.92
100 955.31
58 645.27
10 582.95
65 830.76
38 126.12
22 792.25
1 995.44
95 710.39
22 827.22
32 391.37
53 882.25
97 947.69
97 727.76
51 236.21
36 647.53
82 219.79
44 912.79
15 642.41
79 282.61
84 239.89
59 622.25
95 908.96
55 348.92
86 632.65
38 807.11
2 506.01
26 514.81
5 365.16
4 655.48
21 582.68
3 334.28
47 133.36
40 587.43
100 622.11
21 382.96
78 907.99
73 266.14
14 236.29
24 984.69
1 185.78
23 535.17
93 425.41
85 570.32
82 919.37
99 224.13
44 556.59
62 138.87
52 591.30
97 208.72
64 924.45
2 680.34
2 577.57
92 835.08
37 847.46
71 552.69
38 163.92
30 423.42
43 376.47
47 803.30
85 535.10
61 664.20
93 716.31
73 722.51
47 639.78
85 644.30
31 974.74
39 432.78
4 771.20
35 560.74
55 857.86
85 715.74
20 885.03
52 388.42
91 714.92
69 586.34
21 549.59
13 150.22
27 217.32
23 804.81
80 396.21
2 687.67
12 767.19
49 205.17
31 628.96
31 349.79
83 532.30
94 328.62
93 895.73
72 541.69
78 937.47
93 810.40
1 744.31
24 983.65
71 662.82
37 278.10
24 835.84
47 117.69
47 692.40
52 564.03
96 194.58
90 111.97
66 500.68
49 569.23
79 332.40
71 727.98
95 444.79
88 983.22
9 167.28
22 210.69
16 669.90
25 693.22
22 875.89
87 832.44
81 286.33
57 735.13
72 693.14
96 766.01
97 240.66
35 179.52
98 368.33
81 418.69
70 529.35
34 102.71
28 799.66
84 319.55
51 545.68
15 621.73
56 940.55
5 939.31
10 674.72
1 178.34
85 616.22
75 477.59
5 716.54
14 472.84
98 761.46
84 254.68
22 134.67
43 196.25
17 849.81
51 198.29
19 136.23
74 356.63
33 166.67
36 211.15
85 379.58
54 551.69
11 186.34
4 586.94
87 296.02
14 858.69
56 326.14
75 667.68
75 958.49
59 527.69
81 297.37
44 649.74
27 535.32
88 884.29
61 450.53
34 258.61
100 336.86
69 190.39
52 276.56
39 123.68
8 938.89
23 662.36
95 288.61
81 852.21
64 643.93
93 932.89
97 629.29
4 116.62
79 730.22
72 188.36
20 992.58
73 462.76
90 880.75
54 686.99
13 338.78
74 733.11
38 746.83
64 616.96
22 722.96
34 645.77
45 524.17
53 985.64
86 945.20
98 872.87
2 364.97
65 856.83
3 859.02
64 616.42
32 130.83
51 659.65
20 717.63
94 429.10
87 907.41
19 819.41
58 303.52
51 978.16
85 221.71
76 161.71
84 243.66
8 576.73
21 204.51
58 397.88
12 299.27
79 481.38
43 355.95
67 925.96
70 533.86
93 983.95
59 735.22
81 947.63
39 613.98
44 711.45
34 805.35
57 971.49
7 566.38
48 624.15
10 159.63
90 362.87
85 509.87
13 414.95
11 348.47
40 954.35
60 930.64
52 838.85
77 130.58
79 200.91
50 326.21
25 930.57
7 739.90
21 376.24
84 210.79
85 394.88
50 857.97
68 857.77
32 177.82
60 748.05
62 401.28
59 629.69
73 594.69
19 202.13
29 506.34
100 475.57
58 573.90
93 125.23
3 994.81
44 459.08
52 483.59
12 842.52
61 511.11
92 197.20
24 762.39
9 915.44
4 660.98
91 822.03
45 620.64
71 724.52
19 571.06
87 870.52
59 273.06
20 834.83
3 463.83
68 721.58
32 160.04
85 154.88
45 945.98
16 208.47
63 230.56
11 143.77
63 158.72
83 850.81
96 871.71
90 518.95
50 134.55
51 373.83
29 671.94
66 366.86
34 358.85
74 454.46
99 449.47
38 205.18
37 664.93
54 259.56
35 992.77
13 438.75
87 943.68
99 418.79
47 713.92
81 277.44
82 791.05
93 323.74
64 834.29
19 286.60
77 654.22
97 531.56
86 624.52
77 848.56
69 487.25
62 821.92
49 602.28
79 583.82
96 990.06
12 217.63
18 595.42
16 153.45
23 440.93
8 306.05
17 944.77
78 802.94
90 296.39
14 214.65
10 906.33
81 164.04
98 765.47
80 658.71
76 618.49
83 407.46
41 196.68
61 706.54
15 593.79
75 356.89
3 982.67
35 748.92
73 989.37
30 626.10
11 577.10
48 658.11
34 811.37
94 340.91
52 237.52
88 392.53
87 366.57
10 469.58
91 659.11
46 385.91
55 877.13
87 461.02
45 779.97
59 810.89
84 737.08
32 497.68
93 403.75
64 695.74
56 750.57
80 285.93
8 485.25
22 547.87
38 243.77
2 731.32
51 372.79
41 946.68
62 236.77
73 587.40
73 292.59
95 319.71
99 203.47
35 874.69
41 135.19
91 731.71
30 734.59
3 348.32
9 266.60
64 777.16
91 492.70
4 605.87
2 542.97
53 436.68
39 598.91
44 110.16
3 127.82
30 284.80
63 223.87
58 398.22
51 486.27
23 346.18
1 178.56
74 576.67
24 766.28
73 898.81
48 158.00
67 255.51
4 833.32
97 463.00
21 102.81
80 345.36
53 957.37
97 917.65
27 350.53
64 290.84
42 733.76
43 301.31
49 378.12
86 447.58
73 473.52
83 822.67
21 322.99
17 843.52
22 997.29
24 752.97
65 634.01
23 712.44
22 201.38
2 900.31
47 590.95
5 369.70
1 196.89
34 554.24
58 268.82
34 873.42
53 331.30
45 626.40
57 955.15
23 757.71
84 285.44
68 754.61
33 989.90
36 922.17
61 996.92
73 983.75
83 469.55
92 327.41
11 226.98
89 231.07
69 658.46
30 818.46
55 672.62
65 968.70
43 221.50
20 694.74
7 725.82
3 646.32
56 554.48
10 980.02
39 661.36
68 331.29
25 171.74
94 596.00
3 560.36
81 900.25
36 782.33
56 629.79
65 117.61
6 929.92
67 292.16
38 668.06
17 652.06
20 212.67
62 205.89
31 540.56
53 679.51
21 402.17
70 318.08
21 822.62
26 409.16
50 461.43
91 518.32
13 210.06
75 780.56
28 565.34
53 698.85
94 236.09
13 221.35
85 527.89
54 123.46
40 903.72
65 408.34
36 368.77
24 259.17
30 222.66
57 239.87
19 206.77
77 184.57
35 341.18
63 416.36
38 664.94
97 185.48
18 911.83
99 880.01
36 863.46
68 137.37
30 204.94
45 910.83
16 566.40
25 461.59
71 544.68
24 480.18
47 450.87
28 357.54
75 260.13
71 280.19
78 382.64
83 807.92
9 939.54
47 220.41
4 574.25
74 675.32
61 690.12
66 963.82
89 564.61
51 423.63
33 405.62
53 194.57
44 710.47
51 596.36
83 525.12
47 736.66
15 156.23
39 749.02
13 110.57
23 272.53
62 684.40
48 998.29
79 179.93
47 308.65
3 341.93
74 888.58
2 461.64
46 375.81
72 713.29
66 435.29
27 138.12
53 675.16
8 653.54
79 209.33
6 918.24
84 109.55
75 295.73
58 406.23
54 583.84
9 220.35
66 492.12
98 884.55
100 897.41
91 499.40
95 355.38
31 304.22
93 642.47
43 777.88
76 677.16
6 291.04
16 192.96
74 489.52
25 417.92
31 833.84
12 508.15
89 241.82
69 368.97
48 284.30
84 346.40
67 119.37
16 136.36
95 205.13
98 758.53
12 312.51
44 195.87
100 213.66
59 227.09
30 570.23
11 671.89
50 360.72
61 436.62
19 702.44
91 421.61
26 950.85
65 472.97
43 592.02
31 440.84
12 239.93
23 464.95
100 793.63
62 860.24
70 410.97
35 639.10
60 135.35
21 953.62
17 829.83
4 433.61
90 390.29
71 581.90
15 715.11
33 482.31
40 675.29
53 344.65
34 305.77
61 216.49
86 374.04
46 762.60
55 165.97
13 367.83
29 857.17
74 387.52
66 771.86
8 494.09
21 978.48
40 248.73
42 467.54
88 381.00
18 812.24
79 368.28
16 579.77
83 169.78
80 872.88
95 504.55
81 564.52
47 631.48
86 249.67
75 622.56
86 297.97
7 465.63
37 882.42
6 942.94
35 852.38
62 243.14
42 197.64
37 222.50
1 727.62
90 415.83
59 360.93
28 928.78
26 767.05
51 867.16
64 797.24
42 335.51
96 758.76
62 141.53
67 644.48
91 419.14
87 602.70
49 424.27
20 408.59
23 340.85
64 513.38
72 216.54
69 432.30
45 955.88
41 188.85
86 279.89
19 397.22
69 727.14
49 571.09
38 567.32
43 637.76
75 544.45
99 346.15
67 166.18
44 588.47
5 530.46
7 112.35
25 772.97
80 789.58
89 794.40
63 274.15
20 967.65
23 243.28
78 284.04
21 843.18
48 395.15
39 978.45
95 496.94
3 723.88
86 463.21
10 791.39
31 986.89
17 997.08
1 663.80
62 400.23
8 424.83
9 190.62
21 412.17
31 264.48
82 333.52
62 110.36
54 148.11
25 930.41
39 630.57
64 547.78
67 168.80
9 894.48
21 399.40
35 581.96
9 834.82
44 314.95
43 853.04
58 742.35
10 163.74
39 371.60
89 562.16
66 203.72
3 918.05
48 270.83
6 150.06
71 699.98
71 597.44
58 647.83
4 321.88
19 346.25
80 249.45
12 941.00
20 855.65
40 151.83
80 698.16
82 526.39
3 841.44
43 749.73
9 632.06
15 906.78
23 321.85
35 386.05
45 304.94
87 548.02
52 282.55
8 765.79
21 984.44
14 769.04
84 945.43
29 630.67
62 275.67
54 218.70
71 626.53
99 316.31
78 292.08
17 582.78
31 286.08
100 367.53
52 384.94
74 618.92
56 315.98
92 794.93
87 309.11
45 596.80
81 641.09
53 124.48
98 920.35
58 350.28
12 483.86
70 677.00
63 246.34
31 181.13
3 518.62
80 813.42
33 597.10
58 308.81
33 970.16
70 435.12
56 982.43
10 309.15
8 559.45
22 579.65
43 733.45
84 735.20
71 768.74
58 729.27
63 950.82
22 243.75
52 960.11
38 450.99
95 492.60
41 205.18
52 410.72
65 577.62
1 623.18
38 586.10
63 917.30
22 419.98
31 412.09
16 625.25
61 767.13
62 123.88
24 756.94
18 387.75
24 738.44
79 895.19
24 686.59
58 708.19
80 383.80
91 688.73
38 481.48
46 431.61
57 386.69
63 315.37
85 552.31
76 529.92
58 674.09
52 709.87
64 855.65
95 978.77
71 941.86
85 151.94
51 989.88
9 213.18
32 292.15
84 928.18
52 812.48
27 946.25
10 911.05
13 905.41
21 178.42
73 485.10
55 213.58
98 385.87
91 861.90
83 584.21
67 165.85
52 637.53
44 810.43
15 815.07
1 580.05
37 622.97
94 615.20
62 163.23
56 817.70
77 503.43
61 635.16
59 962.23
78 887.81
51 793.80
24 767.45
39 368.50
38 551.11
68 447.37
6 963.57
50 108.15
72 941.45
10 335.44
15 538.84
92 736.18
8 592.39
22 757.28
63 779.17
4 574.38
10 790.30
41 699.10
80 887.23
83 278.38
59 614.14
25 612.05
22 411.15
57 753.70
58 947.80
52 160.29
52 610.98
77 601.11
22 304.09
72 934.48
77 365.67
61 765.49
23 907.68
90 786.91
58 555.94
63 210.78
95 445.40
18 133.97
19 387.09
34 548.44
79 482.12
9 876.39
4 398.16
50 392.32
31 751.47
97 199.43
46 721.37
28 769.84
31 515.54
79 129.80
97 996.24
87 991.41
76 939.35
55 382.21
23 377.48
52 952.11
72 451.38
98 499.02
51 639.40
39 861.92
4 211.19
80 210.14
95 316.47
79 832.22
34 208.34
30 535.21
24 531.70
15 951.17
69 873.64
71 174.09
10 736.66
48 152.02
9 335.41
26 458.39
4 634.27
75 587.07
70 789.11
60 175.02
7 806.08
51 195.58
51 206.53
44 250.17
76 649.53
35 407.82
33 159.88
34 967.34
37 283.33
44 866.49
86 294.17
43 958.61
88 879.96
97 867.73
39 778.38
3 815.97
34 754.77
52 383.82
24 795.43
74 803.00
92 749.54
75 960.63
67 816.82
48 206.95
42 651.08
56 470.21
22 307.50
34 709.32
6 957.32
10 393.13
9 287.69
75 946.36
80 422.32
18 466.44
42 426.07
98 539.14
99 151.65
74 863.42
76 534.38
69 713.22
69 270.15
7 609.19
100 481.40
84 661.28
80 788.49
16 631.39
54 391.32
20 877.23
26 223.28
53 607.27
55 191.47
97 203.80
95 563.90
22 691.26
3 329.96
51 914.00
82 712.50
30 472.57
83 345.75
100 611.25
28 653.68
89 376.95
85 437.55
84 525.04
72 269.68
72 206.84
12 814.69
19 237.98
66 531.71
86 914.65
97 718.80
36 915.07
5 462.40
39 947.84
69 760.31
79 133.32
39 606.37
50 307.12
30 513.04
77 351.12
11 921.68
64 228.34
80 680.70
46 696.76
27 519.16
34 726.59
40 273.53
37 179.69
40 942.99
38 333.21
75 127.89
47 251.80
67 236.38
55 990.95
75 427.26
80 794.21
54 725.98
33 699.67
45 318.04
42 579.51
98 948.77
59 500.39
2 355.76
99 560.73
13 143.93
51 836.51
54 884.72
86 735.44
58 955.04
75 583.77
9 352.65
55 182.27
53 864.44
55 788.94
43 543.58
68 512.73
74 248.07
23 407.04
81 949.48
91 274.60
22 918.36
76 241.20
83 132.61
69 731.28
62 394.47
49 503.54
10 451.45
60 824.22
76 638.74
23 142.93
43 849.62
59 226.86
83 276.22
81 152.88
28 274.87
29 572.43
2 473.43
86 352.96
38 765.25
13 479.16
83 141.37
47 164.06
7 675.17
13 166.30
83 621.37
61 531.39
86 646.30
20 188.36
43 954.73
44 455.22
40 159.83
48 144.79
95 225.90
43 357.81
58 496.93
30 369.66
72 254.25
2 711.02
10 857.64
58 440.52
24 543.80
95 852.61
79 985.79
59 564.77
76 544.98
2 413.07
22 229.59
69 794.33
80 328.93
61 684.99
62 824.64
35 791.08
92 297.14
51 215.03
23 621.48
79 278.92
53 733.50
9 898.14
10 330.00
2 595.31
43 711.14
50 621.50
60 747.90
32 420.37
24 177.78
83 376.32
60 459.49
26 786.05
52 898.91
93 970.22
70 455.87
43 419.53
54 166.68
12 369.33
97 115.18
3 244.88
12 110.02
98 682.97
81 791.64
3 709.40
91 481.73
41 280.35
63 454.39
20 340.36
30 244.92
8 715.20
6 885.39
46 439.76
34 869.78
73 604.15
50 913.63
17 277.28
32 397.79
69 994.51
8 252.89
30 706.30
63 426.41
91 896.50
43 823.78
67 281.68
18 793.92
7 618.44
47 937.36
99 412.24
20 201.48
58 770.93
86 733.40
71 265.43
3 620.86
55 936.73
94 429.53
35 527.65
66 679.74
12 758.31
79 273.37
10 600.18
55 999.54
91 610.04
14 454.68
26 234.20
71 193.13
53 989.28
9 613.02
83 652.20
1 267.72
61 403.39
18 314.83
19 497.89
59 577.79
2 505.82
2 655.25
11 391.62
15 285.48
30 555.65
93 827.19
90 158.90
78 133.83
3 597.62
30 466.20
12 413.46
4 116.55
3 460.59
29 768.56
89 590.62
62 309.87
27 346.90
37 357.94
83 179.30
6 567.87
30 245.22
35 123.79
84 253.57
41 868.24
40 538.58
66 228.92
4 339.27
52 294.16
36 237.89
68 144.28
84 465.68
26 427.11
23 591.73
75 367.97
13 640.53
2 870.01
52 980.56
44 893.04
78 406.24
4 900.06
45 631.24
27 195.10
13 117.74
97 624.78
43 256.97
21 500.84
95 512.31
80 417.33
59 616.64
2 224.40
61 337.95
32 278.08
69 801.02
16 919.07
44 493.87
43 955.51
43 419.04
87 378.08
40 851.23
50 405.09
14 809.52
84 265.35
85 857.39
7 643.53
24 581.64
72 788.14
91 878.50
5 535.55
1 927.69
42 164.44
24 794.35
78 407.06
19 852.43
90 510.65
88 243.35
93 578.57
50 372.81
88 917.72
36 697.19
31 135.55
79 952.89
29 708.53
50 239.04
75 660.91
41 708.24
12 237.49
30 346.37
44 444.52
89 909.02
27 647.21
59 678.11
97 384.21
19 728.01
30 896.05
10 983.32
92 506.90
12 338.59
68 820.38
54 825.17
71 756.26
47 778.59
16 925.20
11 703.29
23 198.43
93 445.70
2 149.48
71 518.12
40 328.69
90 126.29
48 956.45
78 202.08
33 124.88
36 329.77
83 105.50
99 756.19
32 704.31
26 558.16
24 952.30
32 865.79
48 215.97
64 207.16
10 739.23
76 610.72
3 170.51
43 664.71
61 556.94
88 825.65
44 675.89
22 143.13
99 277.72
71 657.21
64 917.61
3 914.02
34 829.58
44 389.08
91 736.51
58 264.51
66 491.64
19 855.58
8 675.85
47 829.20
22 819.18
92 574.02
63 631.15
37 834.48
95 959.15
71 937.88
82 301.66
17 469.82
70 499.28
38 363.03
92 324.02
80 628.49
20 582.31
21 836.51
57 951.98
77 270.51
68 334.87
37 250.65
90 954.02
41 933.76
44 448.92
8 505.87
68 582.71
70 652.83
90 138.31
96 657.41
22 357.46
43 236.07
51 298.79
26 620.87
30 913.25
59 968.67
87 497.06
63 936.92
21 567.13
88 278.09
2 743.41
13 280.43
36 873.48
83 291.68
4 660.38
80 338.94
32 519.14
13 267.64
100 270.32
60 567.75
43 858.98
39 128.77
90 467.33
81 161.61
13 213.63
30 636.75
92 928.99
100 176.26
33 295.95
71 878.13
41 616.37
93 480.18
59 580.98
76 462.08
96 236.50
63 337.15
81 320.03
80 129.20
31 729.14
36 340.44
87 402.20
81 282.71
58 949.29
92 498.57
5 961.58
10 626.29
74 413.79
94 543.93
3 784.90
94 521.70
57 948.95
100 253.59
16 454.24
92 566.59
14 720.20
61 597.01
70 179.40
83 143.65
45 925.24
72 711.39
33 942.46
18 219.05
69 333.14
33 341.96
38 971.21
74 598.07
38 761.08
84 592.82
94 814.07
62 752.94
4 173.61
79 804.38
24 602.04
26 801.66
78 637.96
49 441.96
68 848.27
50 716.21
6 277.21
91 492.15
49 252.14
78 317.74
75 568.28
8 617.42
66 571.93
38 105.69
75 280.61
1 973.90
44 477.82
9 285.17
41 933.06
16 942.86
30 228.97
76 689.90
36 777.77
45 607.40
69 776.99
26 757.77
88 512.38
79 659.55
40 954.02
80 309.99
6 787.34
29 742.43
18 744.76
7 726.50
96 820.02
74 501.63
7 643.55
4 939.98
82 507.23
16 896.89
82 881.83
95 622.46
54 378.01
66 633.34
93 654.05
67 640.52
57 747.18
34 633.67
15 121.16
76 612.73
28 845.97
76 606.79
60 476.39
41 986.46
33 356.81
89 288.83
89 540.16
72 440.71
74 471.18
78 752.37
34 705.37
69 227.65
15 178.87
41 138.55
4 246.69
98 998.83
96 428.51
7 140.02
37 183.07
14 490.51
59 245.03
19 658.60
80 229.10
46 783.58
68 596.01
26 311.01
71 487.09
86 214.11
96 161.87
53 945.47
26 856.22
78 556.53
55 241.19
95 843.96
34 302.36
2 436.43
28 335.31
68 120.15
17 722.14
57 456.63
84 560.67
100 186.81
97 350.81
58 481.90
31 873.22
58 782.08
12 263.70
68 410.15
77 427.42
64 247.30
12 302.27
13 129.83
26 312.45
83 914.37
38 972.16
100 279.16
32 436.11
3 988.47
56 940.84
67 555.76
38 159.90
6 929.09
39 796.53
95 139.00
22 211.05
47 817.60
5 617.94
80 622.98
9 359.97
12 145.43
53 556.68
91 145.40
100 498.78
63 600.55
83 910.83
52 726.98
60 480.05
38 925.00
55 922.86
19 796.23
100 333.01
42 676.86
100 612.52
14 996.72
13 354.41
56 746.07
94 185.04
26 537.27
75 835.54
16 392.77
58 802.95
69 111.56
18 685.41
78 419.44
97 721.45
61 842.13
77 375.15
21 251.40
66 424.77
55 943.98
9 797.75
46 813.08
55 180.53
61 249.10
65 477.55
78 408.73
24 274.24
19 682.57
39 163.80
75 919.36
25 362.57
79 366.73
28 195.79
96 314.38
90 265.46
41 183.38
70 208.36
76 804.51
89 133.90
1 291.53
46 451.20
99 183.40
77 991.26
3 546.83
58 524.69
69 278.64
99 607.98
54 356.31
81 101.33
54 780.97
94 337.67
19 289.23
100 543.87
56 839.75
54 312.17
77 467.33
49 856.98
87 474.73
50 197.88
13 541.79
61 971.14
91 400.38
85 756.50
16 168.99
81 638.21
80 751.85
89 260.98
24 138.95
68 544.12
51 622.68
75 819.08
4 837.70
69 750.64
93 116.36
89 980.63
28 241.06
1 752.88
3 115.80
97 827.63
27 348.18
13 603.58
70 733.23
58 459.64
21 515.17
5 859.94
100 257.72
95 470.33
47 868.97
38 550.51
71 288.94
99 905.57
2 768.67
10 141.37
71 351.77
57 370.52
79 852.41
84 461.05
76 458.75
72 385.79
51 181.18
82 587.64
44 279.45
67 953.53
35 770.17
81 771.20
85 252.72
100 815.68
51 137.97
73 220.54
73 117.99
22 132.69
33 499.27
56 874.92
60 159.68
37 882.53
43 744.75
21 312.07
50 705.06
46 431.76
98 885.36
6 408.51
75 844.16
19 718.84
11 986.38
54 327.32
36 315.84
36 650.74
72 406.88
82 725.08
94 192.71
27 732.93
18 733.90
21 465.16
17 952.59
28 307.11
16 418.61
61 585.32
75 210.11
86 723.05
59 814.57
26 303.17
29 758.85
16 855.53
56 319.38
92 646.83
100 350.55
57 941.60
57 713.63
57 813.49
6 990.51
43 988.10
89 185.27
2 171.92
39 775.73
4 909.85
87 280.67
73 391.93
32 574.46
76 323.93
59 851.43
80 283.42
14 854.05
31 485.72
4 106.60
91 578.47
85 412.47
70 411.45
19 640.04
52 127.48
26 472.61
85 710.16
29 984.77
54 628.56
64 229.74
9 545.00
1 319.07
48 514.26
35 887.59
15 368.33
8 783.74
95 162.96
33 391.42
63 545.70
99 188.11
98 837.84
77 914.38
25 832.97
81 933.71
51 373.76
86 388.53
83 662.92
55 193.26
34 729.86
97 126.25
6 923.54
80 784.31
78 976.83
28 795.54
22 595.16
48 607.83
66 231.74
12 468.22
32 851.18
86 566.41
49 610.96
29 686.41
85 390.86
67 718.43
96 340.46
62 610.69
30 389.51
68 769.11
1 590.14
58 531.29
2 100.53
30 511.13
42 763.82
41 711.94
58 410.63
70 326.22
92 393.67
16 116.29
20 546.04
29 770.98
68 469.13
61 481.15
61 800.09
83 286.68
61 945.36
56 351.85
6 100.71
24 512.95
85 397.91
52 139.34
65 834.84
15 614.12
58 904.96
6 261.66
9 493.98
70 822.53
54 167.29
5 167.14
82 315.05
42 979.13
4 932.40
16 214.69
83 446.77
31 837.37
54 658.77
20 975.12
3 912.94
67 336.01
44 743.40
46 781.77
3 905.22
29 653.65
80 267.57
56 629.47
65 997.75
99 649.13
81 559.76
23 622.10
18 735.72
81 759.30
3 172.49
11 397.51
7 254.91
89 572.40
46 754.48
29 112.32
71 914.77
52 508.22
20 154.66
82 474.45
37 430.31
2 386.58
67 220.87
88 336.24
79 879.15
66 846.26
59 100.52
61 276.55
95 474.41
90 366.00
11 321.21
26 104.57
14 879.70
56 634.15
93 442.66
55 454.30
19 732.59
24 877.86
2 545.82
98 796.16
11 706.32
4 531.53
44 955.38
31 128.28
68 671.91
41 539.08
36 332.02
43 550.98
44 388.92
82 987.36
24 675.62
12 731.02
5 738.88
34 654.27
52 169.03
77 652.05
85 811.48
75 736.74
8 851.18
52 551.77
37 574.82
67 469.71
61 921.90
100 513.15
77 484.44
67 542.27
79 775.23
97 893.43
48 713.18
59 178.06
83 449.50
26 125.68
6 193.63
62 530.85
66 723.46
15 694.88
43 820.30
14 177.82
95 233.43
71 337.76
29 500.89
4 448.37
32 322.36
30 999.71
68 537.15
41 446.50
58 287.45
14 502.37
20 437.10
41 150.79
6 506.39
31 778.19
13 311.18
88 660.94
45 263.55
19 475.77
28 812.82
100 691.38
99 701.39
51 707.16
92 862.78
15 648.60
71 109.64
43 210.73
29 161.94
43 517.89
18 435.37
49 754.07
82 205.96
94 743.52
62 186.37
3 461.13
79 252.67
46 475.41
64 363.95
91 827.32
37 597.10
76 962.86
62 875.53
44 459.94
30 836.51
24 373.94
39 148.97
74 197.53
33 950.79
39 954.53
99 429.24
33 247.10
18 187.30
57 413.36
10 750.53
98 583.03
1 313.12
91 295.61
75 162.25
59 265.80
1 146.19
53 295.55
15 157.35
42 777.91
50 895.00
69 674.61
88 789.62
40 355.94
75 460.66
77 804.75
17 623.23
82 837.80
40 914.44
98 732.83
84 373.75
91 952.05
53 927.15
10 120.33
60 131.18
42 794.92
13 274.71
55 987.75
64 680.39
20 489.75
4 728.86
3 261.92
36 788.19
64 127.60
33 897.16
57 308.52
5 610.94
5 753.97
98 556.04
28 862.32
2 851.74
87 938.96
95 604.40
81 145.19
74 964.76
8 684.04
45 154.14
10 678.78
75 181.12
78 584.40
21 494.26
42 572.61
50 250.54
66 232.43
2 943.38
9 592.57
22 607.54
2 938.74
87 960.43
15 345.46
90 954.03
57 101.66
65 396.59
42 664.67
92 771.45
31 694.71
91 636.38
89 284.29
13 146.07
94 426.06
48 197.97
8 559.80
6 711.06
50 989.28
60 245.57
89 229.80
34 769.10
64 800.08
73 515.83
80 485.74
63 869.20
38 849.92
95 427.89
16 904.32
73 356.94
50 777.16
53 257.80
23 422.09
71 608.06
94 529.98
58 256.96
61 264.01
18 501.08
64 700.77
97 470.76
85 298.71
56 913.85
11 667.15
45 683.98
6 657.67
89 870.80
58 685.35
89 448.99
71 838.24
81 736.43
94 401.41
58 686.28
92 737.03
13 888.64
36 178.36
48 437.09
56 346.42
30 691.15
70 222.18
50 248.76
92 834.82
70 774.44
36 866.03
15 208.18
33 690.99
25 229.04
81 692.34
48 917.74
98 599.38
7 996.30
14 517.65
66 616.38
72 482.29
7 101.68
87 136.36
89 423.56
56 130.37
75 247.04
84 664.28
82 689.96
40 767.02
90 107.51
73 844.23
93 134.73
6 406.82
86 234.07
74 695.97
53 319.61
48 553.44
6 714.91
52 991.48
11 776.91
64 465.40
21 528.79
49 242.60
36 799.14
51 426.75
16 928.81
94 436.27
9 816.07
81 440.43
12 168.61
89 198.27
24 861.78
9 509.37
23 881.16
73 853.14
25 310.44
57 746.43
90 481.79
2 436.10
37 837.88
82 708.85
24 706.12
85 124.20
82 952.20
17 850.99
69 251.41
98 907.44
74 676.36
30 772.50
17 735.98
88 905.30
84 477.37
63 709.27
59 300.41
42 925.74
50 164.33
8 360.63
99 343.21
94 991.49
8 169.69
25 142.76
11 249.19
71 424.99
38 928.44
8 795.34
40 669.81
79 706.83
89 837.08
13 166.76
20 985.01
62 753.57
100 185.68
29 687.80
10 139.82
55 767.20
89 941.92
38 194.20
26 840.00
52 552.69
55 190.81
41 824.55
68 112.91
22 280.77
85 318.03
55 747.88
16 531.01
30 221.32
76 228.70
52 390.63
50 782.72
85 217.02
1 986.93
21 348.23
44 252.99
20 594.37
79 542.67
15 397.46
13 593.06
28 749.77
13 675.54
60 962.58
31 629.02
5 642.17
49 741.33
38 728.47
20 159.31
8 388.85
35 610.69
2 354.41
30 247.56
59 445.34
100 240.01
40 698.48
99 946.09
71 147.03
58 496.73
58 172.47
5 778.12
3 560.21
73 100.29
71 600.38
3 922.43
95 460.29
11 914.08
63 187.20
59 816.10
30 576.03
87 316.82
85 817.70
97 934.24
60 262.58
74 384.83
28 566.44
68 788.46
26 167.61
1 525.04
46 124.22
48 856.72
30 295.58
51 923.64
93 497.16
56 918.16
54 139.08
91 968.94
59 230.44
82 404.10
28 779.94
70 330.81
68 150.24
56 410.34
71 651.47
41 205.11
96 999.68
21 656.61
91 359.66
13 603.65
48 170.90
11 767.58
19 832.86
27 538.28
81 554.87
24 323.31
43 435.38
37 613.82
65 873.63
62 413.08
43 355.00
65 287.46
100 980.47
35 274.32
34 972.30
80 948.43
85 635.47
87 281.54
74 401.47
8 468.54
78 937.07
39 709.55
25 705.59
20 122.93
97 286.83
73 536.71
76 838.71
12 872.46
89 797.84
48 134.32
17 276.42
43 397.33
97 524.57
85 893.55
56 163.12
17 134.87
12 994.50
45 100.94
32 829.55
2 174.41
37 306.25
73 659.30
18 973.13
91 223.39
86 630.23
81 856.87
99 216.84
75 300.66
7 383.17
24 593.96
43 121.19
57 183.47
16 424.27
68 801.77
8 399.96
95 732.25
28 798.27
74 914.67
21 258.73
46 134.29
44 922.28
90 869.87
16 462.48
46 804.69
46 754.26
81 339.64
26 390.09
4 248.02
62 230.99
77 609.86
92 711.67
84 872.71
88 630.44
10 629.91
91 350.83
72 760.25
12 518.44
50 763.41
71 861.60
56 672.00
2 893.35
33 602.98
9 962.01
69 258.53
29 822.07
52 232.14
49 291.05
60 744.28
83 730.83
24 950.74
84 668.50
86 682.86
42 283.45
55 601.53
32 105.40
99 600.08
1 953.42
9 963.54
38 606.56
32 881.15
2 610.65
93 877.63
91 571.63
57 309.49
9 454.41
8 163.30
66 444.01
57 911.04
38 118.59
48 711.51
73 727.80
93 596.87
45 969.94
35 216.06
46 977.19
58 813.29
94 474.50
80 756.08
83 913.90
89 852.71
63 402.51
83 427.37
90 271.43
44 319.46
2 906.23
19 483.19
71 618.01
46 405.43
38 815.32
42 902.71
67 449.55
53 729.43
58 871.49
18 535.23
14 672.86
88 146.84
72 215.89
61 968.45
82 974.15
32 581.32
98 620.05
87 936.21
77 489.73
20 718.15
3 236.35
61 433.22
58 682.69
94 184.45
50 850.19
6 488.40
29 423.61
43 843.56
68 706.60
67 159.42
41 207.71
34 855.40
41 554.22
7 977.78
27 689.17
93 532.67
82 565.33
95 319.37
8 459.40
3 220.91
74 736.61
86 538.08
35 290.69
87 360.42
82 351.48
22 403.99
56 843.50
17 419.77
97 551.95
99 534.38
44 742.62
64 656.74
24 773.33
23 236.27
69 302.73
81 873.45
54 895.71
13 377.19
37 965.15
15 143.99
96 377.44
87 403.16
63 294.09
49 475.12
16 175.63
51 203.17
1 275.23
34 334.28
2 790.83
38 703.36
29 399.96
31 648.51
35 896.00
50 234.96
70 840.55
71 537.66
17 963.64
53 628.01
9 737.00
56 990.23
30 272.49
73 163.85
85 691.46
29 695.41
65 509.23
4 671.37
16 530.18
74 979.12
87 634.96
28 364.84
34 687.91
77 743.24
83 864.87
70 331.76
2 656.85
49 833.52
94 817.21
77 483.95
2 173.39
51 237.05
59 921.02
47 602.17
2 859.02
82 246.38
42 897.87
66 463.09
29 228.61
45 270.56
8 824.09
24 249.07
62 577.70
93 373.84
3 455.84
75 621.33
82 189.87
54 353.48
75 570.84
51 709.06
48 515.57
18 101.71
23 677.86
22 340.27
84 895.77
73 798.03
74 762.24
9 285.42
48 125.42
73 207.27
24 775.30
66 107.85
41 149.36
4 702.00
9 474.52
51 632.83
47 772.91
59 411.95
41 298.97
57 345.75
98 365.80
9 211.27
21 699.64
48 672.14
11 903.33
86 882.50
84 206.72
26 257.32
11 840.47
9 753.77
68 357.55
6 885.69
41 395.56
66 772.46
87 633.93
33 831.64
3 183.51
96 877.29
36 237.22
46 352.94
17 412.47
50 238.98
58 806.19
97 738.10
70 520.97
43 997.91
63 818.69
19 523.32
4 299.15
14 705.70
60 194.10
52 420.08
56 476.23
20 179.38
1 677.87
70 864.83
14 540.51
94 497.31
92 272.36
35 605.55
33 324.97
91 907.39
78 460.15
57 258.62
38 639.42
96 719.14
30 830.13
63 508.71
69 909.16
7 906.36
83 374.69
30 327.56
47 626.62
4 496.61
43 422.16
61 535.29
70 370.15
3 234.47
90 404.05
82 191.51
63 151.42
55 898.33
79 451.32
100 632.95
20 961.38
75 560.46
25 915.19
41 758.35
74 732.91
71 673.60
40 252.31
85 214.66
57 809.56
69 746.25
23 411.00
91 703.31
85 941.01
88 299.69
18 242.45
4 388.07
84 395.39
20 119.88
66 601.23
90 266.99
58 270.41
61 533.32
52 420.74
63 345.23
20 541.62
7 259.77
88 467.81
15 262.62
73 970.87
33 458.20
79 175.41
25 790.03
13 280.91
30 303.04
38 897.49
40 908.29
69 278.29
46 190.65
27 423.81
22 688.42
99 428.22
44 869.97
81 766.87
73 982.87
51 467.46
75 253.88
83 178.03
80 513.36
66 154.88
38 685.68
93 573.05
12 712.05
7 930.92
15 445.35
21 693.54
50 425.19
95 992.59
57 761.40
68 779.61
85 575.22
15 260.74
41 858.94
77 764.50
55 424.92
68 336.33
96 114.47
46 319.86
77 371.55
55 373.48
16 225.76
67 940.33
62 764.42
61 412.15
97 386.97
51 990.63
15 255.49
34 994.20
79 141.28
54 527.64
48 766.92
58 708.35
73 639.92
61 183.18
27 798.72
72 764.63
8 157.90
37 813.66
80 165.16
35 522.91
40 423.48
41 879.62
66 701.70
2 349.16
39 459.40
11 821.02
92 905.00
54 152.31
3 908.84
68 550.95
41 963.15
31 604.58
9 635.16
4 910.15
84 697.02
80 993.03
39 955.40
10 733.63
13 937.32
88 568.83
19 451.83
46 870.43
24 540.11
27 925.69
7 671.55
95 274.20
25 266.83
57 200.57
51 572.38
63 250.83
26 646.77
78 571.36
93 125.50
71 490.01
49 149.92
39 827.79
16 705.32
47 711.48
15 431.38
40 223.66
54 662.15
34 889.12
58 382.94
17 332.65
60 756.65
92 931.83
79 821.23
25 978.79
99 840.00
42 534.30
78 199.93
70 952.13
29 185.72
70 921.65
81 970.07
4 578.10
32 667.28
3 584.95
79 491.92
15 301.46
48 587.83
31 397.87
97 616.75
45 842.56
53 853.56
12 732.13
2 164.24
52 803.01
50 508.16
79 834.21
88 855.08
78 716.44
44 290.12
17 885.02
19 306.62
70 437.91
32 379.05
53 957.13
79 291.19
24 196.58
25 599.34
46 417.14
93 790.29
34 838.86
63 555.29
24 716.97
45 424.45
38 571.57
81 487.91
80 949.92
95 354.79
65 367.96
13 785.45
13 436.15
15 163.54
40 148.11
94 314.25
98 819.01
57 907.86
19 324.10
82 147.90
65 728.92
92 205.32
90 960.06
73 744.25
64 968.95
3 913.88
88 240.75
22 869.64
99 592.28
79 617.44
25 186.94
84 559.41
38 508.90
88 722.04
94 925.82
27 214.49
37 400.38
60 272.31
95 747.01
55 211.82
62 702.52
39 276.92
15 193.65
38 127.83
90 230.93
57 692.39
44 907.75
46 917.38
65 170.88
43 320.85
3 631.15
55 184.38
6 248.10
88 810.07
82 823.72
50 420.89
71 748.95
82 654.67
67 409.13
80 970.61
95 854.81
36 852.73
66 561.84
88 135.40
8 387.59
24 818.07
26 511.03
5 158.19
17 942.84
36 512.59
72 676.29
69 733.89
92 171.60
65 607.35
99 950.29
11 607.44
41 310.97
31 568.39
83 265.86
92 533.54
3 738.34
89 783.25
94 792.14
42 364.27
91 121.16
13 815.09
34 478.09
38 200.68
84 942.77
64 858.80
87 186.67
31 176.38
25 998.77
10 789.08
72 658.91
9 117.20
69 749.29
85 429.40
91 777.75
79 909.75
60 363.97
90 947.48
56 243.36
71 930.62
73 661.77
22 639.99
45 632.32
25 517.95
98 561.46
58 822.23
24 593.89
61 558.73
87 306.25
49 138.00
82 959.69
61 246.79
95 272.32
100 730.81
96 770.95
96 153.28
52 693.47
42 170.27
43 628.45
61 131.02
9 217.85
6 706.92
20 742.55
76 661.74
10 615.78
19 748.29
85 564.41
4 201.93
50 898.41
87 338.24
75 773.52
90 496.63
45 329.48
94 376.04
25 510.72
89 478.89
13 469.41
77 585.86
21 719.82
44 531.06
25 668.99
48 695.62
3 143.75
48 658.07
48 680.13
50 852.05
100 842.23
37 279.59
79 781.61
32 126.67
56 588.28
19 857.21
18 128.54
56 160.21
29 524.07
65 469.99
96 655.25
24 389.42
95 307.41
68 161.73
5 820.70
75 190.72
2 883.61
63 130.12
96 757.53
16 382.83
57 102.74
60 258.13
20 504.43
27 833.83
54 539.34
89 999.28
6 935.16
89 816.41
30 744.37
94 834.99
72 140.36
66 355.53
55 947.37
77 106.84
24 156.75
28 130.81
28 819.50
11 617.30
47 147.96
79 138.71
40 106.11
26 191.60
82 347.80
34 626.59
28 451.25
96 700.26
75 952.88
73 446.64
94 383.26
26 180.45
95 332.70
29 304.96
74 193.95
31 669.01
23 111.83
21 198.94
14 133.72
70 602.16
36 942.01
42 823.18
5 451.59
57 172.61
80 876.58
99 415.48
25 707.30
39 510.52
65 891.81
49 446.62
11 504.77
14 708.57
100 993.04
92 394.66
44 226.72
47 825.72
22 571.53
95 756.54
63 498.54
51 509.64
82 851.26
12 743.47
18 821.79
57 699.44
89 375.17
86 621.12
90 964.78
75 512.78
43 864.38
90 828.33
69 993.54
81 269.50
31 763.41
72 374.63
37 438.51
94 849.74
45 204.59
75 543.90
95 217.03
71 788.76
42 640.87
42 684.91
71 929.85
89 890.95
28 876.73
18 881.81
6 740.12
23 544.74
15 878.43
68 204.67
26 625.95
79 467.69
19 907.20
47 660.98
37 423.07
63 169.89
53 598.88
74 394.44
38 735.37
42 105.56
84 760.89
40 681.42
79 763.69
55 943.60
34 872.28
56 178.65
92 716.61
82 499.04
16 917.93
49 198.00
1 319.42
48 949.68
55 829.72
27 189.52
74 814.16
36 521.04
81 112.93
24 298.63
56 264.91
36 274.39
47 771.77
65 698.93
67 606.91
23 264.53
9 544.46
14 311.13
14 755.63
68 548.99
89 420.80
100 331.26
51 120.24
61 257.50
72 191.17
64 952.74
42 911.21
1 336.59
48 221.80
42 119.92
8 503.08
3 587.14
44 631.24
18 669.70
8 787.25
97 556.61
81 194.99
45 656.33
27 552.69
30 460.13
14 516.88
51 813.23
12 615.88
39 296.71
5 316.69
91 293.85
21 526.96
11 642.18
75 792.42
56 917.73
33 139.53
75 579.21
24 637.43
89 635.64
72 956.50
99 181.31
63 641.74
24 835.64
37 750.47
78 998.83
58 236.42
43 916.25
25 716.80
24 858.83
38 248.60
3 483.23
8 536.20
49 626.13
70 164.79
48 811.71
1 229.01
6 595.27
2 654.90
84 242.98
34 505.07
21 456.69
55 929.45
52 998.20
34 486.10
73 282.55
13 314.72
83 855.09
42 477.96
84 893.01
76 861.64
70 380.63
15 853.15
47 637.51
44 810.22
67 410.82
79 827.88
65 411.81
92 600.65
87 653.05
3 285.94
56 464.83
3 373.99
25 193.72
31 722.36
99 181.63
29 125.33
30 487.81
73 448.72
16 162.94
44 537.41
66 980.30
90 612.72
19 255.21
61 168.64
63 347.66
92 459.99
32 320.58
30 620.23
12 133.68
70 757.29
88 303.79
30 411.93
56 785.19
32 666.54
51 528.63
29 781.80
71 901.28
98 345.14
1 484.44
53 179.97
44 652.34
50 742.19
84 933.81
75 113.08
70 636.11
39 850.37
9 184.23
64 703.93
65 180.16
62 851.24
2 872.44
91 600.33
26 558.57
94 464.56
4 335.50
29 366.28
44 170.87
17 691.75
72 643.17
35 797.91
53 287.63
96 458.27
70 417.07
88 163.98
100 383.05
79 673.01
35 555.86
85 387.81
98 676.35
63 327.71
83 339.56
69 658.49
70 833.09
5 936.05
81 957.70
29 638.87
38 376.48
12 199.50
40 735.85
58 694.90
1 481.80
100 598.05
63 227.36
5 983.63
81 159.05
94 368.62
26 908.02
36 132.18
1 187.24
83 720.99
10 886.05
52 988.48
35 247.61
13 626.49
42 945.22
9 131.38
78 667.34
14 647.41
39 508.76
23 622.08
48 409.96
32 812.81
19 234.77
73 181.44
62 228.94
73 921.14
66 516.42
46 584.61
90 630.55
7 565.90
27 938.08
99 687.14
22 438.66
6 415.29
61 653.23
17 188.35
84 802.30
97 749.44
44 109.24
51 742.95
39 795.27
64 881.70
81 918.71
92 404.97
52 415.52
50 373.49
2 989.37
45 288.43
23 240.38
65 124.19
4 803.66
84 519.14
87 515.17
81 921.05
100 700.83
7 190.65
33 121.57
40 754.95
79 287.14
92 688.13
38 499.70
18 306.58
30 167.48
60 936.58
5 705.10
77 790.69
12 411.75
63 362.62
1 213.45
50 570.18
82 889.32
19 512.87
47 535.05
83 967.79
32 636.68
48 904.35
70 552.12
75 333.35
76 280.38
68 906.80
64 269.72
67 301.04
76 203.57
43 565.65
62 459.59
18 335.80
11 495.55
51 932.01
66 187.25
36 517.62
41 969.57
14 681.70
24 414.30
73 302.08
82 383.84
89 790.02
60 327.35
77 753.01
14 836.90
55 577.75
51 959.40
19 641.20
100 616.21
19 149.22
51 483.67
81 433.97
38 157.80
76 444.42
90 511.96
68 736.68
42 648.44
62 554.65
81 542.32
18 831.94
33 224.24
15 226.51
18 990.92
85 599.40
55 989.11
82 761.67
34 754.12
29 701.00
1 899.88
49 983.26
91 844.24
65 340.51
83 850.67
91 753.25
16 956.65
18 426.87
15 134.34
23 130.28
35 827.40
54 605.42
67 697.75
44 399.68
15 892.76
77 358.19
91 332.92
82 453.04
68 855.32
89 185.12
35 822.65
49 870.18
38 411.24
72 331.21
60 276.28
93 354.72
37 480.91
10 236.59
8 198.26
88 985.97
30 117.31
82 678.45
60 865.87
67 717.28
39 724.52
68 449.61
45 811.08
3 511.46
98 615.81
5 625.00
27 406.22
81 849.96
52 507.23
61 785.56
26 783.86
37 959.80
28 399.66
27 490.62
36 982.70
20 203.91
23 692.08
86 902.83
54 828.35
58 776.27
97 412.65
78 104.52
94 277.03
92 189.66
19 727.73
83 342.43
11 274.10
80 265.52
48 991.76
59 294.01
68 296.07
35 949.67
40 600.51
80 647.48
91 659.27
23 198.44
85 900.98
41 988.35
10 497.15
4 932.22
96 512.35
90 159.57
59 527.37
44 137.88
89 664.71
87 269.90
69 998.25
15 924.23
90 175.83
95 318.79
49 354.45
23 840.59
48 992.55
71 517.12
39 476.68
42 226.34
80 250.77
19 851.22
6 220.53
55 737.29
100 543.46
27 993.01
30 374.97
31 306.25
60 826.70
79 105.16
54 443.70
37 948.75
7 612.78
36 314.45
61 783.22
12 869.51
58 296.48
91 593.42
15 224.81
14 926.69
92 839.93
84 595.27
23 532.38
3 882.62
53 385.83
21 347.93
86 222.42
69 843.58
29 136.82
82 850.58
84 345.48
71 762.96
25 434.34
52 752.12
40 682.46
60 842.66
70 976.98
38 488.20
9 475.95
57 204.63
58 652.60
93 664.85
59 170.45
82 810.95
52 783.31
54 426.54
54 391.71
13 192.86
62 418.57
45 373.98
72 899.12
11 218.81
93 285.03
67 486.14
74 380.73
78 972.17
72 510.72
60 975.98
8 981.52
65 980.92
94 949.32
43 617.71
28 661.87
55 635.95
85 184.11
14 981.12
24 476.94
9 977.81
58 470.55
31 206.13
69 525.15
91 959.93
13 911.40
54 244.37
44 473.85
6 857.60
62 702.53
98 805.23
27 999.41
47 879.10
94 855.20
88 453.73
90 439.08
67 854.62
98 198.34
86 788.95
53 914.53
46 516.05
41 520.69
75 562.74
60 459.31
82 861.70
55 245.57
48 856.05
88 705.42
68 560.49
74 278.98
15 496.96
98 808.90
85 886.82
56 710.54
65 870.60
60 303.38
73 323.60
76 943.36
4 582.04
5 956.34
69 649.76
28 938.08
94 273.35
36 638.09
27 396.77
75 895.74
54 747.19
82 271.78
55 804.79
10 422.90
21 831.54
58 266.38
66 640.24
72 962.28
50 202.80
18 275.63
60 398.00
69 539.17
69 222.40
75 389.86
41 922.95
42 488.32
16 348.91
6 873.19
54 494.18
34 922.19
98 517.44
23 787.37
8 500.65
69 560.11
84 430.80
33 290.55
55 308.39
15 979.76
33 291.94
44 454.19
82 211.49
46 460.65
66 296.21
80 821.23
9 585.63
49 697.95
85 355.93
72 616.68
92 103.85
8 902.82
7 116.35
38 125.17
30 342.12
98 135.15
20 538.66
55 440.73
22 197.16
29 600.93
80 689.43
74 532.40
75 292.23
30 790.53
6 872.29
62 464.95
93 213.63
26 610.29
67 708.93
26 127.85
15 722.67
40 883.74
49 100.55
54 635.12
75 148.99
76 652.99
50 681.28
69 813.90
24 424.92
57 260.51
74 992.95
47 286.21
28 999.29
2 241.17
27 945.32
32 916.50
31 571.62
6 880.03
41 919.56
21 719.78
18 176.44
78 950.62
13 878.42
99 485.01
26 760.25
95 116.27
28 590.01
84 786.61
28 486.59
24 492.72
14 917.14
90 615.10
56 716.55
58 953.69
60 421.34
5 118.05
31 854.36
9 124.82
34 570.85
8 335.37
51 593.78
26 713.45
92 120.82
5 415.60
87 986.99
60 652.21
36 272.18
79 558.44
60 594.80
59 710.08
67 577.00
13 767.05
72 578.20
75 369.01
79 839.23
26 752.83
6 970.37
98 549.45
56 385.02
44 629.84
95 383.25
26 605.50
27 962.74
60 227.42
95 129.24
77 162.88
19 762.16
49 780.54
47 419.44
75 848.85
56 721.93
28 293.73
28 519.78
8 213.36
15 628.21
96 686.24
14 335.05
59 254.68
81 707.98
10 767.96
79 826.80
86 618.27
37 183.71
99 414.47
42 163.72
66 511.41
58 725.56
18 501.19
53 357.70
35 351.46
77 942.50
5 111.07
36 833.28
5 460.96
21 534.90
6 934.96
88 183.05
36 234.17
40 577.51
75 344.52
90 826.24
95 896.37
77 138.40
3 399.46
24 100.18
11 610.24
73 952.26
50 266.82
85 935.08
65 156.36
61 382.18
8 731.08
37 983.00
53 954.54
13 919.27
19 269.56
19 518.25
97 757.22
1 919.65
38 520.36
58 520.49
75 986.27
96 533.18
51 965.09
36 696.21
92 350.52
64 639.38
58 635.84
9 885.28
96 164.46
83 156.91
67 114.83
31 479.69
88 757.63
15 461.03
93 611.81
24 294.83
29 162.98
59 808.57
15 165.34
54 348.70
60 733.37
1 376.36
24 806.22
61 595.22
46 603.61
94 890.03
7 395.11
11 351.02
90 743.22
50 636.33
63 302.11
82 307.12
53 549.31
64 291.69
63 581.08
98 102.58
44 714.88
44 904.90
37 160.23
94 716.16
22 478.75
46 127.18
50 489.00
84 880.19
36 356.01
44 957.75
48 340.09
67 581.84
85 758.94
42 679.30
49 931.88
98 155.67
4 108.92
37 551.39
70 585.79
3 646.72
2 400.95
59 160.93
62 474.51
44 945.55
15 198.95
6 118.49
17 566.00
81 734.15
58 368.69
74 366.97
88 578.26
62 406.89
72 137.26
52 292.80
58 798.69
95 185.57
77 208.60
82 840.48
74 312.43
64 628.09
62 197.18
79 436.16
14 387.01
28 179.77
82 437.86
54 894.20
21 678.22
37 639.94
98 316.68
23 232.97
43 370.23
66 435.33
49 374.03
9 131.96
41 579.08
20 457.86
34 445.46
85 349.77
25 387.81
70 616.95
17 111.32
73 930.36
74 968.85
33 129.07
30 677.97
23 884.77
10 604.59
90 119.86
45 903.68
56 866.81
38 686.04
68 703.63
83 295.12
97 147.31
91 909.34
65 758.83
31 688.96
18 754.41
65 385.08
91 738.34
91 161.28
19 716.88
76 963.98
35 466.00
72 969.52
15 550.23
4 866.86
39 645.25
96 319.60
17 567.09
44 116.57
54 413.84
43 319.51
42 492.05
5 937.45
34 948.87
34 679.52
43 496.80
2 131.60
92 290.20
14 138.76
30 711.73
93 606.85
71 691.96
90 655.20
43 456.30
92 150.12
39 181.60
40 224.33
44 506.96
51 419.83
81 925.65
91 456.03
99 642.96
62 139.52
14 861.62
53 904.02
91 192.10
9 213.94
38 703.81
82 367.28
14 927.90
59 193.90
91 182.95
65 300.18
59 958.95
51 855.85
15 179.73
19 842.21
93 327.40
64 639.45
80 347.52
30 890.70
15 894.96
53 807.54
37 522.07
22 308.37
67 413.12
48 247.21
37 903.98
56 440.81
16 685.84
5 817.79
50 943.71
99 973.53
72 425.87
76 134.12
20 672.52
100 426.09
68 650.44
67 651.90
71 576.63
53 129.77
100 863.48
70 364.04
54 401.29
64 963.81
45 236.04
50 417.24
90 346.99
88 257.83
77 151.12
89 596.41
31 227.44
77 289.29
92 235.58
87 750.15
48 303.58
89 487.23
84 126.75
71 195.52
65 503.98
70 715.96
96 731.85
68 869.70
5 870.77
64 313.69
31 586.75
12 556.98
7 393.65
3 277.98
83 182.69
32 489.81
58 907.48
8 838.96
25 141.36
43 697.35
89 484.24
24 911.60
63 442.16
3 810.86
17 670.32
45 819.52
80 753.99
4 997.20
65 555.52
48 988.68
27 228.04
83 673.28
49 643.45
70 186.10
10 963.20
80 332.55
60 274.18
26 831.13
52 381.35
18 399.49
78 462.23
87 629.35
94 639.42
32 555.02
44 319.44
91 319.16
32 599.35
62 222.27
27 335.59
1 728.67
23 156.32
12 579.39
58 100.93
75 514.84
98 387.14
1 424.99
89 894.91
81 305.03
14 333.94
54 753.66
94 847.38
46 544.34
20 686.08
81 332.02
100 577.03
42 300.82
17 500.17
37 287.32
10 340.14
32 335.33
50 804.68
48 555.05
42 893.21
2 669.95
38 599.92
35 935.96
79 936.60
46 113.31
27 330.07
53 756.68
64 784.88
93 571.93
23 259.27
66 133.17
85 978.62
99 816.43
32 266.14
54 232.75
5 850.59
59 900.11
32 443.87
69 226.31
92 877.35
63 702.22
70 382.18
4 779.53
40 176.07
64 992.33
8 576.91
48 357.45
16 354.33
10 159.15
45 821.29
85 194.84
29 531.74
95 716.02
66 106.92
47 266.87
98 529.23
77 801.56
7 289.23
78 482.32
73 555.62
51 964.95
84 879.50
84 787.80
51 809.75
8 816.43
49 392.37
70 460.21
73 292.75
44 685.78
67 407.63
82 880.09
9 155.06
15 109.98
70 538.49
78 763.19
15 897.34
24 523.13
70 279.40
50 613.27
31 448.86
69 876.16
63 157.46
94 824.96
6 728.09
76 462.79
88 682.86
62 788.79
10 858.10
90 570.56
22 218.73
37 723.78
36 135.48
53 330.69
92 858.59
94 819.10
45 266.44
70 365.15
93 611.67
12 730.42
94 908.36
65 396.44
34 519.48
79 822.18
87 478.02
21 829.60
5 342.24
97 772.60
92 819.55
66 711.14
29 951.16
58 173.77
96 830.18
24 390.67
49 635.62
75 196.39
64 405.31
56 479.00
65 239.52
24 384.50
37 136.90
6 209.42
48 601.35
40 660.00
4 868.29
92 565.89
62 158.82
27 983.29
52 158.47
53 689.57
17 808.23
23 794.48
33 780.66
88 701.41
14 956.17
84 474.94
12 381.29
7 484.87
71 379.74
50 890.64
84 967.58
71 789.56
35 789.96
97 312.09
8 637.74
47 804.69
89 688.67
59 733.61
5 774.83
78 645.91
64 528.76
16 576.91
42 960.44
33 425.49
97 858.78
36 513.93
98 433.13
80 204.61
82 899.75
71 974.54
50 708.95
1 672.05
83 162.40
17 422.00
96 393.70
95 666.37
93 679.89
15 591.71
49 788.38
38 191.07
52 819.99
69 377.33
68 423.36
42 687.76
14 363.87
42 428.86
66 187.26
41 712.30
29 387.56
85 597.08
68 269.07
78 614.02
43 471.71
87 263.02
28 924.70
77 489.36
96 437.85
42 748.07
9 527.14
54 685.67
26 130.21
84 502.71
7 143.60
75 238.39
70 904.77
61 604.05
68 220.04
24 995.72
33 833.72
61 462.78
83 308.23
18 825.47
79 467.78
93 600.42
73 705.46
68 489.73
66 891.37
42 583.10
73 709.61
96 463.40
91 933.47
8 792.45
48 170.77
89 459.21
99 680.99
28 631.09
77 442.97
7 343.09
4 461.56
49 668.59
1 148.38
21 943.59
37 207.17
46 463.64
77 253.74
18 999.87
90 825.44
86 825.83
76 851.94
86 833.50
48 505.33
98 830.52
53 573.76
30 376.01
35 765.61
72 363.44
64 461.07
73 547.64
75 822.27
23 213.00
55 710.70
31 723.82
78 529.53
57 101.71
14 766.12
1 125.00
72 711.70
31 659.45
25 622.31
26 820.57
50 992.57
60 343.67
9 898.71
87 509.22
20 484.14
60 100.45
31 743.90
16 704.04
90 819.79
31 230.63
38 563.68
70 373.33
27 887.86
87 321.91
62 286.74
51 468.67
45 212.20
60 299.01
54 367.14
81 787.93
76 840.83
56 210.31
2 710.79
38 965.38
75 840.63
77 546.16
87 345.33
3 990.28
12 991.50
15 817.06
12 118.40
80 469.73
93 445.04
18 643.13
44 972.98
85 440.52
91 532.71
93 625.81
21 761.83
85 932.61
81 663.96
21 581.06
24 394.75
70 898.38
15 176.35
14 110.45
19 772.61
7 547.19
2 730.66
38 997.82
100 865.70
1 834.40
56 180.07
29 204.19
52 382.41
93 951.34
80 429.62
17 411.78
29 504.56
88 360.05
34 885.76
80 194.80
91 284.54
71 841.29
77 523.04
68 240.21
44 160.89
66 823.81
73 593.70
57 707.00
7 725.52
49 448.22
93 458.69
62 269.72
87 797.91
65 525.44
55 347.86
1 597.39
42 103.08
9 909.87
69 257.00
25 311.58
67 350.94
6 962.53
8 952.34
78 273.02
89 105.76
44 384.42
16 960.67
1 420.71
48 151.18
56 296.76
92 470.82
92 608.33
50 519.69
97 160.78
27 655.41
83 844.46
27 875.39
82 710.70
33 450.66
18 680.48
14 946.39
9 239.04
25 539.90
14 118.83
74 119.77
26 792.22
68 933.25
78 687.14
86 590.96
74 834.68
52 615.69
70 663.70
23 191.57
25 285.70
31 264.03
63 440.02
3 279.99
36 966.09
39 799.58
72 790.68
90 861.03
88 567.39
31 280.05
5 506.95
56 405.25
22 917.28
99 515.79
18 150.52
34 484.24
75 119.90
16 292.44
96 390.22
90 644.63
7 977.74
14 331.93
20 185.65
94 453.98
67 203.91
88 657.05
28 242.78
57 168.06
42 591.19
6 922.09
42 665.34
60 819.18
87 892.18
24 166.53
66 732.23
60 320.36
50 165.14
50 535.21
4 219.16
97 745.30
20 870.85
58 851.85
68 879.04
24 844.20
83 377.12
70 228.67
78 543.78
48 434.11
40 896.88
11 749.42
48 549.10
89 979.16
44 399.98
16 972.94
93 177.32
20 837.26
90 679.79
93 669.92
20 321.48
100 762.77
21 691.25
36 398.13
18 575.45
60 303.83
73 219.99
90 142.07
79 563.87
66 461.38
80 369.12
38 360.75
70 119.28
51 819.85
5 942.06
84 961.68
100 573.04
24 956.70
67 733.29
31 939.58
47 770.88
6 765.17
72 515.65
60 770.26
74 432.82
87 716.62
59 259.56
86 119.63
12 226.73
12 967.85
85 365.95
6 961.10
47 845.79
27 806.58
75 323.16
93 832.96
29 384.74
43 213.57
87 870.16
55 709.69
64 563.02
19 292.22
1 712.19
18 754.54
85 633.11
30 762.59
76 431.06
94 161.04
30 514.44
87 981.06
76 595.94
49 498.33
57 667.09
31 233.91
13 603.62
70 369.40
71 310.56
42 630.39
69 241.30
60 803.51
92 123.18
88 262.57
77 448.78
67 358.99
50 460.34
2 959.40
28 249.17
49 650.52
35 259.67
12 963.93
26 365.89
15 807.92
17 948.69
98 797.33
79 703.65
50 887.36
48 447.58
77 392.23
59 656.08
24 409.43
22 195.86
45 228.87
7 274.33
25 812.65
13 548.66
54 517.70
81 198.44
15 663.98
59 464.84
31 545.59
94 416.96
75 190.55
1 302.92
7 149.22
82 217.35
59 521.09
86 311.58
65 367.48
69 140.90
35 970.56
69 813.42
37 842.68
23 168.34
5 382.90
47 396.06
31 868.33
6 317.16
26 438.68
35 309.28
93 362.78
66 899.68
95 257.97
64 300.58
39 119.57
89 202.79
22 703.75
16 351.53
41 103.53
26 820.22
26 330.26
46 613.84
64 435.21
57 318.23
30 185.02
48 425.75
73 696.00
22 840.68
81 100.14
12 249.88
78 205.24
78 789.21
77 122.60
55 434.98
27 554.67
96 838.17
83 954.99
1 456.41
65 104.46
92 919.86
59 784.61
86 448.50
6 556.51
60 181.58
29 265.19
39 613.43
34 532.65
17 795.92
71 866.67
21 793.72
93 756.28
8 964.51
99 460.03
26 216.22
36 275.27
76 785.32
73 268.48
85 757.80
16 510.87
52 800.85
32 375.56
73 163.28
52 633.32
91 687.46
64 390.82
31 383.05
28 826.60
82 820.05
86 714.26
6 801.04
41 722.37
34 505.83
64 319.94
78 240.36
64 414.83
28 451.13
51 123.78
6 546.27
30 276.40
55 210.57
12 725.13
10 930.20
83 836.10
96 571.01
77 903.49
6 543.23
19 859.00
86 462.38
96 846.65
70 759.60
48 213.29
35 975.51
65 645.33
70 942.49
16 168.61
1 398.91
55 971.89
39 524.28
18 602.37
100 224.01
93 117.35
5 423.32
74 204.11
44 219.13
47 837.24
47 469.09
70 575.91
1 699.55
28 582.71
5 258.64
36 170.45
13 225.34
16 490.60
16 821.14
67 354.01
67 664.38
37 517.89
67 671.59
89 442.39
81 896.34
99 164.73
9 199.97
68 795.85
59 984.24
79 401.14
6 394.21
28 852.06
6 189.22
93 180.73
89 303.65
59 713.52
41 834.69
11 583.07
24 230.50
41 141.72
4 549.78
5 653.08
38 221.77
80 527.50
90 360.93
77 720.28
34 992.69
49 626.64
31 582.65
74 963.15
18 183.14
81 321.55
97 294.82
7 744.28
77 285.07
63 929.02
49 195.51
49 531.72
62 147.33
31 948.74
29 353.57
72 341.54
69 767.45
2 423.93
94 457.56
18 210.86
68 369.70
45 876.70
38 840.44
36 745.03
70 658.93
5 472.94
38 594.93
4 266.51
33 671.54
76 678.03
36 513.01
40 116.35
80 535.00
87 745.92
22 856.74
29 684.43
19 629.38
88 416.04
11 876.61
24 434.85
34 736.78
71 927.11
41 458.48
63 356.71
23 844.61
18 537.44
59 250.91
73 924.05
10 589.87
94 722.53
36 476.58
42 584.67
57 612.77
79 908.06
10 612.48
39 423.92
57 574.62
33 338.14
63 164.65
45 137.56
79 804.00
85 312.98
3 688.86
73 492.90
78 574.36
62 128.66
25 656.41
30 779.98
18 777.31
73 755.12
100 309.19
41 800.51
8 493.33
56 364.62
43 999.45
31 499.13
88 603.50
51 810.55
40 544.12
33 364.91
12 971.36
59 770.50
28 581.52
66 907.08
5 407.37
59 129.53
10 102.22
17 480.50
84 407.32
58 414.14
33 443.14
74 553.50
8 559.47
57 505.37
89 640.05
12 475.27
89 531.04
51 136.41
78 816.83
46 970.57
96 433.89
13 639.91
64 679.77
1 294.11
58 293.37
46 480.53
41 123.03
70 388.14
48 516.11
6 142.09
64 620.05
24 703.12
23 603.15
50 193.06
8 157.23
99 717.79
11 114.48
80 292.53
45 337.97
72 445.15
90 596.90
13 182.29
88 753.08
53 229.28
48 178.33
57 112.59
15 550.94
35 529.28
17 819.45
29 244.68
72 377.97
81 207.07
26 248.43
88 130.64
40 913.19
16 167.91
93 126.18
93 118.28
13 264.18
73 648.27
71 277.29
46 290.45
40 384.06
71 451.12
92 656.21
28 527.12
20 402.38
55 513.70
33 728.56
85 364.51
61 925.81
96 319.44
18 855.72
100 126.23
69 161.95
33 689.40
100 673.72
40 650.35
90 679.04
96 385.12
32 659.33
28 415.33
84 253.14
35 426.94
63 119.13
99 866.42
56 188.76
50 127.50
40 834.23
88 231.18
41 324.33
33 977.51
58 305.54
85 822.01
22 113.03
39 177.48
99 763.00
6 522.84
26 598.84
26 471.60
92 697.90
99 127.10
98 904.47
24 242.33
1 446.79
1 929.45
45 596.40
56 785.32
52 203.52
98 875.57
14 883.51
75 100.97
65 625.47
14 219.81
27 123.32
18 916.90
82 731.81
59 180.70
16 163.74
16 937.68
63 630.44
10 432.32
55 918.97
41 505.87
39 676.83
81 236.75
61 614.95
43 415.19
85 889.91
50 594.92
18 715.68
25 828.03
97 629.05
80 143.40
30 743.55
28 338.11
97 413.15
85 384.36
74 664.20
43 541.49
13 514.55
19 705.14
19 463.39
97 727.37
46 854.35
63 779.19
94 238.60
58 433.77
5 613.93
82 485.86
73 715.53
57 553.60
90 168.32
81 470.10
14 786.87
77 778.95
28 863.92
62 609.10
92 230.25
9 465.87
95 166.39
49 534.11
13 795.30
80 662.47
33 507.00
43 921.25
67 350.19
92 166.89
21 852.82
2 819.67
55 932.25
50 850.32
17 887.64
44 508.00
85 853.83
40 199.76
4 741.53
50 974.89
18 522.47
56 820.91
13 385.94
6 435.20
83 561.36
20 341.24
34 930.77
30 674.07
65 106.61
85 539.87
82 129.76
30 677.84
39 302.30
7 398.93
93 861.38
8 674.68
42 529.75
31 577.99
32 372.11
61 369.73
43 973.44
44 838.81
46 112.41
45 143.20
42 693.96
21 476.34
79 304.41
4 970.03
64 353.05
23 903.49
59 647.44
83 746.10
82 791.84
28 878.75
31 791.66
22 482.25
16 253.44
58 905.03
1 102.68
39 830.98
87 505.96
40 455.07
3 209.97
53 735.44
18 997.03
29 328.96
20 650.79
51 133.39
91 702.73
53 903.30
6 636.94
65 292.88
42 196.54
67 179.94
15 315.23
50 122.30
91 970.91
29 498.69
32 861.42
8 560.09
35 755.02
88 381.81
32 803.81
25 457.34
86 712.59
68 556.55
68 302.81
62 618.67
90 986.87
74 279.63
80 342.12
32 286.69
60 481.93
6 216.61
21 583.77
6 661.60
90 214.40
61 863.14
90 567.28
43 723.91
83 999.94
79 332.12
49 654.36
15 782.19
27 357.99
61 910.22
59 841.49
35 563.37
76 852.84
92 862.86
83 904.60
33 511.26
76 884.75
32 839.97
38 539.95
95 265.21
20 579.92
16 190.79
68 831.62
11 893.20
17 441.04
16 572.71
23 371.27
37 536.79
21 850.15
15 110.68
38 117.19
95 578.97
10 520.12
14 629.73
34 684.95
22 398.09
85 414.96
10 859.99
76 263.70
66 302.36
79 907.58
7 228.18
77 995.67
80 862.92
76 513.64
8 938.18
87 257.77
2 147.41
77 827.78
18 856.36
15 587.32
61 658.86
87 808.61
75 888.52
61 501.16
68 971.53
26 739.45
49 218.02
51 367.99
1 603.88
37 719.50
11 131.71
58 693.53
33 147.82
1 720.77
6 954.33
50 436.68
25 909.67
80 476.20
92 517.89
39 896.34
96 814.03
90 733.25
88 294.86
62 543.22
75 178.81
7 422.38
1 583.08
97 679.68
57 609.96
99 560.83
53 622.08
55 322.74
9 952.07
56 945.56
96 260.89
93 633.12
94 452.18
43 501.09
16 899.71
3 946.50
57 891.01
93 421.12
5 618.13
95 384.84
95 310.80
54 381.96
87 748.86
67 481.06
57 538.29
85 711.21
99 626.00
92 449.49
30 811.56
74 833.14
70 685.97
39 548.06
91 118.75
71 285.76
42 670.88
69 484.73
81 928.79
80 291.82
26 192.89
81 651.92
57 272.79
7 460.58
39 794.04
30 859.80
61 904.20
76 195.34
3 325.79
73 729.55
34 268.48
99 775.61
48 975.57
6 379.58
16 750.23
95 474.97
42 270.89
70 515.27
68 747.06
82 300.65
5 925.32
83 231.67
27 636.54
3 658.60
61 706.47
31 934.29
73 724.93
100 392.41
20 384.62
59 283.31
87 528.12
16 918.34
96 636.60
73 551.49
51 283.76
25 396.82
46 786.69
31 371.12
42 949.30
19 570.56
50 457.20
39 268.88
60 435.69
15 910.99
20 515.78
59 859.05
73 338.52
88 377.75
24 368.67
59 245.16
24 552.17
42 328.07
64 991.60
50 350.46
67 550.60
93 792.84
87 686.59
21 820.92
91 657.87
23 548.16
44 335.20
81 472.04
99 279.90
57 497.19
18 388.46
70 475.07
15 833.41
2 659.31
27 868.52
41 267.39
65 689.79
96 317.48
88 185.06
76 421.55
68 201.02
68 263.50
90 655.04
3 822.12
64 420.57
100 502.24
46 256.19
69 834.38
36 955.08
99 347.06
74 677.38
7 617.64
64 536.83
79 720.98
10 726.19
57 325.10
34 273.67
30 664.42
62 321.62
95 773.10
43 603.81
98 702.74
94 696.15
92 814.77
39 502.08
48 709.43
84 896.93
26 701.89
45 979.67
23 832.33
40 508.46
40 723.47
13 822.83
24 473.83
30 293.86
17 983.84
11 952.19
93 125.13
100 260.00
54 949.32
87 231.99
35 588.73
91 686.15
84 606.57
13 762.51
32 686.96
44 252.86
1 806.97
19 245.82
2 380.99
65 578.73
94 957.24
23 211.70
14 388.77
70 612.58
86 583.44
21 603.01
31 126.46
42 779.53
96 890.32
90 644.88
21 298.96
59 377.04
23 911.46
80 997.37
55 523.36
52 156.42
26 230.53
96 956.45
27 946.85
12 138.89
28 921.58
10 167.66
55 246.03
66 590.36
5 120.85
44 406.71
60 751.93
50 362.99
90 677.50
73 723.63
76 344.18
28 295.39
49 842.17
86 271.24
36 639.70
13 698.68
22 698.48
60 209.52
60 240.27
16 155.54
75 479.75
100 479.89
43 446.75
50 410.59
97 296.50
73 581.41
59 311.86
66 566.17
54 962.06
49 661.78
18 618.32
98 544.73
98 113.72
36 772.13
79 102.11
85 600.70
14 543.50
46 275.05
44 675.89
25 462.93
73 321.51
70 553.76
58 129.96
66 429.89
65 473.64
44 364.42
53 348.54
81 849.64
42 913.44
69 860.54
86 304.33
86 617.00
73 226.44
78 839.73
26 765.20
70 661.59
46 671.71
82 367.22
19 509.34
45 311.44
47 905.27
71 663.26
75 735.90
2 689.57
10 795.00
92 230.01
91 432.75
7 131.28
34 559.55
91 855.90
54 183.31
83 877.14
86 159.43
49 227.73
51 793.18
80 280.23
71 987.17
69 840.93
43 705.70
5 795.49
40 741.55
11 588.37
15 648.51
57 468.18
28 578.21
45 830.41
94 143.81
29 569.47
5 245.68
88 391.44
25 377.00
15 999.33
1 484.90
26 828.72
45 826.25
16 644.19
9 839.67
82 949.86
87 833.68
13 192.39
32 326.85
46 928.94
29 770.33
81 443.69
99 515.74
27 375.32
2 661.43
100 703.93
87 496.52
44 199.07
25 610.17
73 856.18
64 659.30
88 444.01
3 152.11
39 741.79
34 866.33
52 409.74
48 558.99
100 273.77
63 134.87
10 705.43
59 856.58
79 648.85
34 979.03
67 503.62
87 949.36
41 894.33
2 450.05
90 917.06
80 812.33
92 781.94
22 888.37
92 770.92
79 355.97
39 828.01
89 819.87
88 297.08
87 511.74
69 354.09
78 638.97
35 530.20
45 319.75
71 294.88
39 746.56
7 626.44
97 987.70
70 209.20
70 776.95
91 534.07
86 414.22
23 408.21
32 704.50
81 129.21
62 394.27
14 934.52
81 490.66
84 771.23
84 639.44
76 727.94
10 722.04
6 714.77
21 203.32
99 332.86
97 555.18
47 677.27
61 483.68
11 648.21
35 658.73
10 896.67
49 104.25
72 567.84
35 995.81
24 781.35
4 607.32
77 411.86
5 522.19
5 564.08
88 199.90
83 814.89
27 666.30
47 129.65
88 904.54
51 654.58
85 249.64
31 293.44
36 410.34
13 119.81
93 860.61
12 184.27
81 940.58
30 374.22
83 959.25
37 146.36
53 385.09
71 140.07
45 363.99
1 215.46
96 202.02
73 578.70
66 201.69
53 948.66
2 967.83
81 198.01
70 531.09
36 831.94
88 905.80
59 767.41
31 918.08
63 964.61
67 675.19
10 498.64
52 441.22
74 831.59
63 306.27
81 437.89
98 498.13
35 130.63
99 160.89
37 961.59
65 419.09
31 540.46
25 588.14
44 562.34
70 195.28
58 705.04
48 227.01
100 267.15
97 950.60
11 863.48
4 680.77
22 174.74
32 330.16
58 136.07
50 516.76
96 954.23
99 910.29
81 666.76
36 680.40
30 842.81
10 454.97
7 238.88
15 122.64
69 856.33
72 427.46
3 405.71
29 251.77
57 766.30
11 356.33
73 252.15
2 213.81
6 346.33
99 547.22
18 390.16
27 894.24
28 967.85
72 590.54
13 610.89
69 719.14
76 937.05
1 157.72
84 215.75
34 413.03
22 552.99
70 238.70
68 891.09
44 128.70
16 772.98
84 413.08
64 628.84
2 477.69
94 233.98
8 323.45
38 943.35
57 140.07
30 954.21
55 470.94
30 924.66
47 302.50
70 542.25
66 482.66
58 286.17
3 392.33
12 484.07
65 425.89
53 870.59
62 778.95
78 929.01
99 595.23
75 212.92
65 468.38
19 272.60
61 570.93
26 543.91
55 217.77
74 209.82
45 143.56
43 666.35
12 773.14
8 179.69
32 719.22
63 637.96
51 379.87
58 232.82
90 219.04
66 789.61
5 782.00
21 576.77
100 811.98
98 923.84
75 118.52
7 515.21
18 224.61
55 795.54
27 816.33
17 525.10
18 232.50
96 448.91
68 137.70
34 349.78
72 950.81
74 998.98
24 859.39
75 393.12
91 311.80
84 974.01
50 185.04
41 718.70
95 447.87
4 269.64
56 180.30
4 471.62
52 832.97
48 431.01
13 303.05
69 476.96
96 842.22
41 638.77
11 258.52
97 339.19
53 414.03
79 125.57
39 657.09
20 354.13
7 707.31
9 143.51
37 438.62
68 693.38
52 838.01
36 999.52
23 200.46
58 222.06
89 803.70
10 135.40
51 178.14
100 682.38
2 643.82
41 483.37
58 653.54
64 396.04
97 316.30
31 376.85
51 311.96
9 933.73
41 213.30
44 842.86
69 984.77
85 223.79
81 532.59
100 635.21
59 709.41
62 560.15
54 366.01
19 295.51
81 373.64
92 832.28
71 166.86
15 848.77
90 855.55
38 959.53
74 789.64
45 447.97
95 804.41
32 558.24
68 643.04
49 618.77
90 955.13
41 574.66
64 969.96
51 467.74
36 833.73
96 176.79
32 853.71
54 378.70
12 638.95
55 997.93
44 991.83
16 180.09
59 176.01
62 577.89
6 517.95
66 166.81
83 859.03
98 984.79
96 316.30
18 800.99
97 693.92
33 136.83
71 630.74
23 535.75
89 240.57
96 778.06
32 887.58
25 608.70
62 694.13
72 635.99
53 333.24
5 569.95
98 405.63
79 800.84
15 794.38
41 519.26
32 611.24
95 207.91
30 839.53
26 760.04
9 926.36
40 818.29
82 530.47
51 635.56
42 888.58
66 173.42
29 704.15
91 529.29
23 258.27
44 488.09
96 181.00
33 762.04
52 412.48
64 139.32
17 942.11
68 987.83
90 929.29
4 197.97
44 957.02
32 509.06
11 195.42
90 669.29
74 194.78
32 955.41
62 917.40
57 470.25
11 866.42
62 550.41
97 550.91
89 347.57
75 177.92
58 820.42
12 542.47
40 905.07
33 291.72
33 371.40
63 214.01
53 144.71
28 535.92
71 509.58
39 635.64
48 719.72
62 497.04
52 365.18
46 478.09
15 380.62
59 313.35
44 110.31
94 144.72
71 665.33
61 368.01
93 700.58
45 814.12
63 190.86
72 877.00
65 320.35
19 402.62
41 127.55
33 594.29
79 256.50
39 670.57
100 834.19
72 400.13
44 910.76
52 264.64
71 317.22
48 753.14
5 363.06
99 508.42
40 647.96
55 777.11
44 112.02
95 538.92
44 436.59
40 356.35
22 601.92
35 840.24
92 736.92
29 196.46
16 157.16
81 961.25
2 891.84
37 702.89
49 333.60
64 934.03
41 106.79
98 188.98
51 240.57
36 166.19
32 851.63
76 897.68
4 157.08
17 554.83
68 722.48
71 757.11
22 905.58
1 776.13
75 232.23
61 309.71
100 443.30
52 204.99
73 155.39
97 415.72
39 318.40
31 534.66
98 333.19
86 893.69
86 117.03
65 301.27
19 357.08
12 414.20
83 918.39
8 104.82
85 627.01
31 377.73
38 699.66
24 469.18
41 214.77
23 246.98
44 143.81
87 734.14
4 584.04
40 765.87
49 309.99
1 987.12
80 130.71
46 938.30
57 362.80
32 162.55
38 244.59
81 772.58
88 878.96
7 298.77
88 314.98
53 353.87
23 824.35
43 829.07
11 564.74
5 479.39
45 316.77
38 434.95
98 435.97
39 264.86
53 232.07
29 371.94
52 426.97
16 897.07
52 104.95
1 291.30
11 271.09
75 690.61
78 697.67
14 354.35
1 576.97
70 547.50
69 240.70
64 891.01
41 473.35
41 765.80
61 375.16
12 497.74
46 158.16
42 352.10
85 255.22
35 702.92
67 624.47
47 851.32
21 930.17
100 773.95
62 418.63
2 659.12
50 460.24
65 500.21
24 332.33
76 930.03
87 507.90
21 512.40
75 486.05
68 166.25
33 542.88
96 559.61
80 155.28
64 123.60
51 504.84
37 543.85
30 264.36
24 550.57
3 949.11
49 513.24
65 429.86
25 195.04
88 687.11
48 921.93
11 248.18
23 579.30
46 480.35
73 826.07
11 294.01
46 285.07
27 641.63
41 310.88
65 647.93
79 320.16
58 612.63
64 929.82
97 391.10
94 590.53
92 949.74
1 702.21
92 811.15
25 690.14
47 635.30
2 168.67
85 769.94
70 687.36
14 894.39
73 663.08
26 415.94
91 811.67
21 463.66
34 503.79
34 498.52
62 626.95
81 830.83
8 664.72
49 292.14
49 678.35
94 966.02
41 240.79
80 148.25
3 462.42
43 300.30
100 203.53
75 484.26
97 951.07
57 558.81
73 227.61
54 373.10
9 958.85
61 842.57
87 835.49
26 694.13
37 907.99
63 281.73
58 772.32
35 109.46
68 878.38
70 254.64
18 773.23
36 667.58
31 247.39
58 777.85
1 754.28
71 214.83
26 113.18
56 929.82
56 686.98
95 196.36
14 338.24
17 742.71
18 875.05
52 538.97
24 867.07
21 166.46
14 281.98
28 815.69
27 106.72
58 296.56
92 609.39
20 241.32
30 517.25
59 944.49
42 938.54
80 432.56
11 289.43
74 442.65
74 363.96
61 201.23
38 289.60
60 897.91
25 341.66
28 297.89
27 630.25
53 432.37
83 651.61
45 265.24
33 695.07
88 315.19
22 253.36
97 852.48
73 363.86
60 896.36
72 195.42
45 578.30
5 903.11
46 325.99
86 298.62
22 571.95
32 679.46
81 346.92
13 785.03
15 189.06
80 997.01
85 862.87
5 221.26
37 737.25
32 498.34
52 643.61
5 665.52
31 968.06
14 619.01
82 818.05
70 756.28
85 829.52
51 167.53
41 235.78
30 322.49
90 576.54
64 128.44
94 307.30
12 598.34
47 901.27
58 199.05
89 841.53
75 563.73
17 299.50
89 463.66
61 569.87
6 219.32
29 920.81
74 657.44
24 742.29
8 135.29
100 786.94
68 181.04
47 582.96
24 920.54
41 831.04
80 610.32
99 330.79
100 320.72
66 495.92
87 610.79
71 145.66
94 114.06
93 445.77
75 989.98
90 574.75
28 465.41
70 989.37
15 606.89
72 978.87
71 591.77
92 746.96
66 270.11
91 252.36
25 661.96
26 152.02
63 341.09
8 932.08
75 769.38
1 820.51
45 655.26
24 841.83
82 194.17
33 481.62
80 697.99
50 487.22
15 505.73
88 771.77
65 240.57
67 521.46
48 710.01
63 425.50
75 955.75
46 136.83
12 727.71
69 724.65
77 179.08
84 597.97
48 482.99
70 394.08
75 334.35
77 440.85
4 362.59
95 910.76
5 286.99
51 921.07
78 816.15
71 278.57
88 789.75
51 477.72
16 619.11
4 413.77
64 671.93
22 577.39
73 928.96
18 670.72
64 125.69
14 135.44
60 674.26
49 121.93
89 598.59
64 393.47
59 282.03
84 497.86
97 877.05
26 575.53
53 992.63
86 466.41
100 821.93
30 607.65
50 853.28
62 216.68
21 778.65
73 439.90
15 311.38
98 324.32
62 513.83
54 186.76
89 715.39
50 563.20
23 432.79
40 979.24
32 295.51
59 476.31
30 430.71
69 913.34
90 682.30
44 386.20
56 580.40
41 189.14
95 415.26
50 728.59
25 940.92
25 350.50
19 446.66
16 979.77
57 261.71
33 413.73
45 137.55
37 630.31
32 183.77
35 780.08
24 619.87
91 239.66
54 259.05
38 376.83
66 616.61
28 297.82
43 272.07
67 751.84
8 443.59
82 840.06
79 724.39
91 445.00
19 902.84
93 437.75
24 273.14
98 279.40
88 166.58
54 347.02
22 876.53
97 667.53
73 799.21
77 964.55
44 980.67
6 401.17
18 319.06
52 401.91
8 606.75
40 979.24
37 688.88
4 201.36
11 696.88
73 652.96
34 552.65
44 555.37
38 196.40
49 399.77
78 361.09
42 171.49
1 762.77
63 729.66
100 572.12
58 420.76
76 261.53
100 210.85
53 426.66
63 413.50
75 929.77
19 904.98
20 142.50
81 684.50
39 666.81
41 227.38
58 477.00
41 679.02
65 266.68
84 950.27
33 191.54
16 907.15
76 488.05
97 797.42
37 462.82
73 536.18
7 882.10
2 371.25
30 585.91
39 865.36
5 537.77
53 404.54
81 451.60
34 825.50
2 281.76
16 246.28
60 523.43
80 643.45
77 819.14
31 514.71
61 653.35
54 929.94
100 114.31
40 236.39
92 434.31
44 966.77
7 630.10
87 639.31
35 265.74
100 726.94
15 483.51
3 165.04
98 581.21
44 805.19
80 811.10
63 375.87
84 844.59
65 145.96
24 503.93
19 431.42
9 314.08
84 235.56
35 991.80
79 250.99
22 619.25
37 911.38
12 274.40
39 745.18
76 621.59
49 285.35
38 473.97
73 169.13
86 106.85
66 566.95
48 669.92
31 278.25
26 608.61
90 137.74
69 502.08
61 209.21
79 487.77
39 114.38
99 866.91
52 178.80
24 872.17
81 689.58
45 545.05
46 452.94
26 110.48
95 224.81
41 665.96
5 755.66
40 342.41
88 276.94
40 941.46
32 112.74
93 877.40
90 916.44
69 638.53
40 925.92
49 862.58
97 520.14
94 660.25
98 711.45
31 816.51
95 462.64
52 375.43
31 572.74
19 611.28
80 978.30
55 748.55
93 420.48
58 904.41
8 508.54
75 145.02
20 212.94
78 491.05
35 986.74
47 275.09
68 581.32
21 206.84
54 699.07
44 167.33
5 706.99
43 529.67
10 295.78
100 951.85
98 196.01
65 572.16
82 496.77
42 366.90
3 435.92
6 749.09
17 532.62
84 745.90
13 760.46
51 506.23
38 270.79
20 885.05
59 713.26
47 781.03
21 860.69
90 668.17
19 732.85
51 909.34
83 395.29
82 517.98
18 776.77
55 862.59
83 427.58
72 865.75
100 647.62
78 355.81
90 289.37
16 142.64
31 897.57
82 344.82
95 272.08
46 704.35
75 112.16
88 480.79
57 688.78
58 146.60
93 783.64
79 385.83
27 403.60
56 787.46
98 511.77
99 432.80
40 197.65
95 486.51
57 455.93
74 553.00
2 909.15
69 518.64
55 889.52
64 363.27
46 859.06
93 599.55
14 547.62
46 353.96
34 990.09
9 451.79
21 553.30
83 584.75
72 566.15
42 990.17
41 766.14
97 991.27
28 316.95
51 292.87
27 755.79
77 922.50
76 166.41
89 441.32
97 171.43
85 251.82
24 732.32
70 950.41
31 579.02
63 458.16
46 906.74
14 168.06
85 377.16
1 808.05
2 687.41
48 190.64
59 640.96
80 420.51
81 476.49
56 157.74
14 322.41
90 115.85
84 991.68
68 613.46
74 568.15
61 604.83
56 495.14
23 267.78
67 602.29
67 393.37
54 686.46
68 678.30
66 165.35
88 545.35
55 849.87
81 243.05
1 521.46
91 816.40
18 928.98
76 406.41
58 958.77
64 813.19
24 341.16
46 241.96
50 489.82
19 723.64
20 914.76
20 916.90
48 510.60
34 107.43
28 366.66
17 186.94
63 707.69
40 522.84
85 937.29
15 511.43
6 368.43
84 585.74
38 880.74
69 641.75
45 221.47
32 755.11
2 443.39
30 972.65
71 171.68
66 280.31
37 124.43
92 876.87
38 377.31
76 187.08
49 899.99
50 522.28
81 859.41
14 272.78
32 658.89
84 255.40
15 449.01
82 304.29
20 884.41
92 177.10
6 695.33
86 242.49
35 777.54
45 740.65
5 850.19
67 586.87
54 776.91
80 717.40
37 153.68
54 208.44
85 603.88
66 187.90
46 876.03
18 112.82
99 132.97
44 419.00
82 213.25
81 741.80
75 243.68
1 446.40
55 173.91
55 590.45
8 633.19
80 506.31
21 399.93
72 641.88
70 133.92
86 492.88
9 139.97
16 499.65
86 748.04
31 636.17
23 717.49
89 234.96
40 519.23
11 682.27
99 774.38
43 259.28
65 722.11
18 184.99
76 825.94
66 692.02
28 724.05
47 307.55
8 849.87
65 702.75
5 659.36
30 889.56
42 316.63
19 420.18
75 960.06
63 886.04
62 273.07
2 725.98
20 306.16
98 393.33
68 408.70
52 617.51
69 172.51
55 662.71
59 993.35
41 298.02
22 130.11
17 413.63
24 420.38
72 759.77
100 907.80
25 189.14
24 197.86
21 422.09
50 440.75
69 442.34
87 887.06
31 166.07
57 262.63
73 253.83
68 475.52
17 446.61
80 877.24
40 877.23
38 969.66
1 626.32
46 130.34
40 101.23
69 244.87
58 883.91
44 632.21
79 438.41
85 801.55
65 167.58
69 894.79
43 394.31
90 707.93
19 239.08
1 497.11
43 947.29
44 159.87
68 451.48
39 800.55
55 898.84
19 636.00
2 618.43
97 832.52
90 692.46
12 288.90
75 749.94
39 259.13
10 929.40
22 460.83
37 173.65
22 574.76
25 329.23
21 694.83
97 101.07
29 626.65
15 542.48
14 544.51
8 345.65
84 235.74
98 886.13
88 733.97
70 942.85
62 802.61
1 129.74
97 852.03
1 374.63
72 861.84
98 667.41
25 441.24
56 175.64
3 205.05
94 420.18
89 293.70
100 547.51
31 449.57
78 597.45
59 838.66
26 120.96
81 534.77
75 156.41
74 625.53
83 869.40
45 821.60
9 592.25
69 821.48
75 169.13
1 540.70
62 643.39
71 360.99
58 294.80
8 674.57
55 703.63
1 199.53
46 417.08
55 700.69
37 892.15
40 338.77
58 215.19
5 478.36
79 332.02
30 630.55
100 669.79
49 513.51
93 918.71
74 168.34
75 914.79
71 881.02
67 302.22
95 310.63
93 527.64
87 985.99
20 487.51
89 364.50
23 589.88
51 129.46
77 916.41
75 479.56
44 965.43
87 701.12
39 803.00
49 827.98
89 711.06
28 260.69
99 701.97
81 915.93
88 308.76
50 470.75
19 772.53
57 612.74
29 305.34
80 628.65
64 905.25
50 596.84
65 343.24
3 195.23
6 766.18
7 519.61
19 928.49
24 217.70
70 235.01
53 641.22
45 377.58
83 681.90
64 378.31
41 414.34
83 198.28
9 853.74
73 500.49
79 332.00
77 580.63
14 596.41
24 809.65
82 376.50
24 938.31
61 192.56
30 986.84
29 766.78
97 927.94
11 767.19
50 271.73
71 135.67
79 378.81
30 387.62
94 624.23
16 944.80
65 462.40
8 903.57
68 496.63
77 305.34
52 574.07
58 917.14
15 553.78
91 102.10
68 161.74
34 506.54
50 199.79
77 926.92
20 792.05
16 356.52
81 975.60
37 697.31
81 454.70
11 896.95
77 845.97
45 355.50
69 218.25
49 568.84
84 143.38
4 645.63
87 393.83
50 510.42
9 246.88
14 140.83
86 472.28
45 686.20
37 469.61
36 351.55
79 612.83
35 173.42
89 204.55
70 636.36
49 408.27
27 885.89
23 532.44
99 201.25
20 680.45
2 579.44
99 143.83
56 450.76
47 969.50
41 683.47
48 589.34
85 854.42
60 456.48
57 890.10
54 465.37
91 900.60
35 634.94
86 438.84
8 541.80
25 636.29
90 814.36
65 890.33
98 886.11
65 983.31
33 486.01
70 193.57
31 748.70
80 609.18
82 689.26
86 204.77
63 445.77
80 862.01
82 515.40
45 429.87
41 703.52
66 481.45
97 389.07
23 192.55
43 510.65
59 189.22
70 949.46
98 519.12
78 125.17
69 158.80
71 206.50
30 212.85
42 526.40
25 450.75
70 809.63
82 968.39
4 503.59
84 403.41
4 504.43
78 720.55
5 881.73
89 795.51
54 266.53
22 113.21
5 445.64
16 446.75
69 435.14
85 688.77
28 690.13
55 672.78
10 911.28
83 761.75
26 907.95
17 368.90
67 668.30
84 158.22
79 304.31
30 996.76
6 871.26
18 956.29
31 835.17
99 517.92
88 491.24
37 504.84
96 452.53
21 513.75
67 858.09
27 409.06
20 212.91
30 561.13
39 502.49
75 252.62
33 859.16
57 549.36
15 177.15
76 165.98
99 927.91
5 484.85
14 757.77
47 990.83
55 972.85
2 537.14
7 701.65
35 781.45
92 474.52
5 328.40
46 249.74
67 271.67
35 634.10
70 605.04
40 578.91
78 690.72
23 666.04
53 638.90
57 558.00
93 532.85
89 542.12
38 641.26
21 618.10
63 739.20
29 830.23
32 184.82
41 460.71
27 418.87
37 922.87
72 309.18
78 507.91
95 180.18
49 305.92
87 810.73
2 517.98
95 446.34
48 324.20
44 104.52
40 781.43
6 464.74
9 217.36
30 489.17
34 643.57
55 709.11
67 985.35
97 178.52
9 287.27
55 739.86
60 172.62
40 153.61
73 567.30
81 947.23
43 856.75
85 356.58
94 361.74
18 860.35
25 252.46
22 372.50
82 156.86
43 841.64
74 278.96
5 679.75
94 673.82
100 190.40
62 334.36
97 858.92
75 235.37
32 384.55
95 115.35
80 921.51
5 946.79
13 842.07
74 120.61
83 871.37
93 895.67
17 784.14
37 100.36
22 647.87
31 817.02
69 325.13
65 119.62
44 657.72
4 446.79
37 364.08
3 722.99
23 229.21
24 122.37
55 377.86
86 185.56
62 814.07
63 246.10
95 735.59
95 704.13
75 596.74
84 630.42
85 455.57
38 368.24
57 129.03
48 289.40
79 196.83
60 736.66
23 301.90
1 477.40
60 605.96
23 809.96
71 270.31
78 545.83
92 819.83
27 897.92
52 348.81
1 460.69
78 173.12
21 978.46
8 742.60
89 670.63
4 406.73
42 992.01
32 987.30
38 507.01
25 610.63
21 821.26
30 559.77
56 984.51
2 780.28
54 654.69
74 695.78
85 646.58
83 967.55
74 396.65
42 352.68
44 680.19
85 941.28
87 233.70
79 205.81
69 841.15
50 222.41
60 777.97
81 456.27
36 281.19
76 296.73
72 161.65
32 299.09
75 811.89
68 737.13
84 786.33
93 743.36
76 137.88
24 188.95
60 164.86
11 935.39
80 289.19
72 133.83
84 120.93
88 944.88
18 189.42
43 785.87
93 116.36
14 554.97
37 408.49
36 960.73
88 949.90
46 485.75
2 345.00
39 124.98
66 527.68
95 103.91
65 648.59
6 296.41
16 661.71
49 791.29
56 670.12
43 261.21
30 985.50
90 295.54
74 895.73
13 757.45
96 380.79
3 485.58
6 633.72
96 659.83
79 436.45
46 722.97
34 291.21
23 869.41
21 506.21
69 627.90
21 268.94
22 923.69
31 454.43
50 858.77
60 758.40
26 608.80
61 416.81
24 392.20
43 970.74
83 735.49
68 530.50
98 260.04
82 233.23
53 615.14
58 277.70
33 834.24
16 210.41
13 564.79
89 463.01
72 121.56
53 805.35
2 317.88
18 533.27
22 541.79
79 572.58
74 497.51
66 979.16
92 946.28
88 877.94
45 692.33
61 518.76
94 300.21
89 934.64
87 406.06
98 895.05
78 920.92
65 922.54
83 119.46
100 916.44
69 918.10
39 775.09
24 366.36
22 919.74
45 417.10
14 630.99
64 841.70
84 392.03
24 472.34
86 837.23
71 498.23
82 642.19
13 549.16
6 665.32
88 459.70
44 292.15
45 292.55
21 389.12
9 886.85
36 999.52
55 378.39
92 800.71
71 744.45
22 877.28
48 804.96
50 584.38
3 295.25
29 548.50
79 859.63
76 466.53
61 334.27
26 889.48
16 739.34
38 115.47
14 653.95
24 609.62
94 503.55
36 140.50
40 146.41
32 201.34
97 470.29
63 300.13
19 124.97
64 613.53
48 988.67
86 764.22
11 294.44
53 644.47
22 498.43
24 495.53
82 902.41
52 853.06
78 537.64
53 859.85
58 518.63
81 860.09
20 179.63
66 666.45
45 640.84
6 210.33
58 864.62
28 748.34
3 877.65
89 986.14
6 603.90
56 629.53
73 802.54
84 761.14
94 890.31
98 242.08
23 463.93
45 958.94
12 834.29
32 106.39
71 801.87
93 179.00
79 120.24
15 990.74
30 382.35
20 632.85
76 821.32
87 629.77
67 421.15
64 586.34
58 226.85
39 184.51
32 176.81
4 648.31
87 108.48
13 361.83
59 352.98
22 870.21
62 868.02
44 524.94
98 451.87
88 820.22
64 310.48
85 549.72
62 430.05
34 578.80
36 609.87
75 197.53
64 584.38
13 211.19
26 820.18
50 236.54
40 546.49
66 420.77
69 532.56
53 121.51
22 819.44
30 292.49
99 407.72
54 167.08
30 181.48
11 123.83
26 330.56
82 533.16
35 481.02
89 645.44
79 976.12
15 477.86
85 184.67
45 599.44
83 153.73
26 434.71
4 363.34
50 136.68
48 104.56
90 499.54
74 671.75
38 992.82
39 418.86
9 691.09
40 782.83
91 124.65
49 391.33
55 499.52
88 663.77
7 289.12
2 535.51
62 169.88
89 278.38
45 993.53
35 711.76
94 838.99
100 779.49
77 316.95
3 707.00
10 708.84
80 244.56
70 505.16
82 324.91
72 297.44
21 639.61
24 833.05
91 638.92
100 902.84
53 763.48
8 123.69
2 666.39
31 686.03
82 940.57
73 392.61
57 635.02
84 303.70
56 390.35
38 344.55
91 606.41
66 497.18
56 539.48
99 512.39
44 506.57
46 504.44
85 167.90
45 962.79
32 377.75
31 966.13
62 989.40
6 534.95
86 672.64
26 836.88
69 533.74
71 278.84
17 664.86
68 459.01
14 356.57
25 248.37
4 169.06
52 202.48
45 325.75
35 541.24
38 796.42
75 159.02
74 886.91
54 250.75
12 702.61
73 943.37
92 120.50
16 832.00
9 478.66
84 992.29
88 964.26
22 354.64
55 927.88
1 637.26
84 802.37
27 145.16
70 109.00
75 698.98
96 937.35
73 453.32
98 835.91
12 456.33
48 840.02
40 403.26
75 700.58
100 365.07
84 904.74
58 515.49
84 407.56
40 798.82
84 504.14
86 227.93
75 473.98
5 303.20
15 157.18
70 720.27
15 353.19
49 953.09
68 687.27
12 217.74
91 103.36
46 357.46
11 888.93
21 194.95
57 605.23
59 502.74
1 423.98
29 927.26
37 888.99
35 570.56
58 554.67
41 112.11
50 990.25
2 323.36
84 110.84
1 187.08
83 866.50
91 690.46
64 445.59
82 744.46
2 981.25
90 290.84
82 781.90
68 731.63
50 164.93
68 340.03
19 444.30
81 546.20
34 662.82
34 831.85
62 946.49
52 778.06
97 496.01
66 617.21
77 730.84
90 702.01
63 542.60
33 939.40
11 400.55
39 609.46
55 349.63
1 984.19
82 879.61
59 469.47
43 824.06
90 785.27
48 885.00
40 328.11
92 253.06
66 140.27
49 352.34
19 142.85
67 885.77
13 397.25
47 762.92
89 459.34
33 722.42
24 315.78
80 970.93
61 449.56
87 185.59
96 992.68
30 470.63
15 459.91
95 525.52
16 528.93
14 479.63
46 120.06
70 562.86
33 915.81
38 818.06
52 809.20
96 667.97
39 504.64
97 756.67
60 601.89
35 488.62
12 629.31
9 418.70
82 437.78
57 318.25
4 256.50
61 906.87
23 482.02
69 961.13
78 326.41
28 407.35
52 399.45
95 669.39
62 846.37
64 167.04
64 521.81
87 892.17
27 689.38
57 441.33
78 432.57
73 839.35
33 314.86
97 441.82
4 770.72
41 106.73
81 247.34
34 495.38
8 761.03
10 111.47
8 346.07
40 468.85
59 989.45
23 933.58
91 322.19
3 281.74
45 231.94
70 615.63
29 744.13
97 146.82
94 453.51
16 940.25
28 369.95
78 249.08
33 661.27
60 443.77
57 267.27
62 881.33
65 114.48
31 868.44
69 850.96
12 762.80
73 128.87
85 212.65
64 831.79
7 784.70
30 632.42
75 921.82
9 640.29
59 757.11
45 493.69
29 848.52
88 317.81
8 340.11
37 119.43
67 985.90
42 642.89
58 765.96
28 990.44
47 368.46
71 639.02
10 912.72
43 684.40
47 608.67
10 510.77
2 731.52
94 396.36
83 823.69
36 447.41
26 703.73
64 728.46
72 820.01
33 344.10
84 828.42
62 162.67
12 302.73
97 274.94
92 858.52
95 140.98
8 552.04
88 322.48
37 453.56
98 714.46
51 879.36
52 960.64
27 137.89
24 130.57
51 275.82
79 919.07
80 967.76
81 972.31
81 498.59
20 112.97
87 951.98
37 360.84
77 216.78
37 657.38
37 944.53
24 300.22
61 153.62
48 200.42
6 328.55
50 294.97
36 292.52
30 979.49
40 897.05
39 201.11
8 167.44
89 732.69
68 933.01
75 970.83
44 370.99
72 206.43
39 556.68
52 900.90
36 844.25
21 399.66
44 835.61
10 611.69
7 526.81
96 827.99
46 234.04
17 753.01
12 862.63
72 541.55
36 415.99
75 222.29
74 698.48
20 414.24
2 667.09
65 686.53
98 140.85
94 634.06
70 821.49
69 430.98
80 826.11
25 926.41
67 773.02
54 808.10
28 173.54
15 964.42
25 402.07
38 552.79
39 130.04
4 141.98
84 821.60
18 471.66
73 352.99
29 432.79
50 100.39
86 651.65
45 735.15
18 863.94
77 671.72
93 886.16
39 930.97
5 902.71
37 361.61
98 638.81
16 429.33
94 191.76
18 578.62
71 519.16
8 686.45
22 190.26
82 114.84
78 905.55
68 489.64
90 906.18
83 798.18
88 360.74
22 608.68
65 915.79
3 628.32
48 352.29
17 796.91
97 319.07
90 831.12
1 665.90
74 670.96
57 873.96
50 327.09
20 328.06
76 789.14
15 676.48
69 710.68
36 308.38
35 313.69
61 999.63
74 557.45
57 549.30
33 733.63
88 741.32
17 143.85
43 167.72
82 440.00
88 152.68
83 916.04
75 630.79
16 207.01
63 683.51
25 691.48
82 789.71
30 936.17
43 711.94
32 860.04
34 111.15
36 192.38
77 717.93
99 658.70
52 807.83
13 486.66
77 414.22
37 458.39
47 205.70
56 413.08
31 455.71
68 736.75
89 683.16
96 216.80
57 272.42
65 749.15
91 159.21
7 631.54
79 809.28
67 739.25
25 498.26
28 706.26
95 845.90
45 515.34
10 974.80
13 982.07
64 134.88
45 733.18
55 949.08
29 233.81
15 971.30
48 916.40
99 774.84
12 586.26
8 305.95
98 471.71
99 189.39
3 625.92
8 907.61
70 488.81
78 627.04
79 158.31
88 861.03
63 547.66
62 193.13
71 233.12
19 759.55
84 851.27
38 361.95
27 768.70
7 473.26
73 697.91
8 699.41
35 719.10
29 925.87
71 563.04
52 467.94
19 772.89
65 514.58
21 400.24
21 369.18
88 537.07
80 293.06
40 984.31
30 266.97
46 406.23
92 646.64
2 832.87
19 636.61
59 320.45
32 618.66
93 574.11
74 723.87
7 444.47
63 992.51
98 367.83
18 781.76
8 552.43
7 298.41
25 780.32
41 380.22
72 680.25
70 241.20
2 676.62
11 259.81
85 591.50
62 430.20
100 874.50
13 527.65
56 283.68
66 887.07
92 599.81
8 748.62
11 660.90
91 769.96
89 151.85
2 969.76
22 202.61
23 777.35
2 186.00
16 987.99
17 796.46
49 605.58
25 113.76
2 288.46
35 650.89
90 992.53
95 206.58
94 734.49
29 235.47
61 766.97
46 753.74
29 382.13
23 118.51
50 940.19
85 342.04
72 981.91
34 455.47
63 605.00
69 729.17
67 693.02
57 541.06
8 302.16
78 246.81
18 494.29
38 525.90
82 326.83
44 929.61
83 987.50
70 576.88
18 552.71
80 816.64
36 741.55
65 950.72
100 125.56
76 147.71
50 751.13
70 794.69
74 535.20
74 286.50
28 782.15
82 976.72
25 496.03
90 584.70
9 949.22
4 998.01
16 309.49
91 954.51
65 968.34
23 105.04
25 901.95
35 209.11
83 795.10
77 852.94
27 305.32
47 979.52
74 574.01
63 390.80
18 378.82
15 814.13
62 392.88
32 542.11
40 524.86
27 719.15
51 766.75
65 894.66
64 131.66
78 809.73
82 814.79
5 299.47
14 726.40
87 911.77
18 996.44
34 310.23
100 481.60
17 601.20
95 460.88
41 378.61
96 982.06
96 647.76
14 497.58
61 888.12
88 941.64
8 977.62
66 778.22
80 931.08
82 638.03
74 592.18
2 164.68
41 578.87
1 560.45
28 120.61
9 389.49
8 759.59
63 976.85
8 837.04
48 955.74
26 885.36
52 647.53
90 857.09
21 605.29
13 646.42
27 543.42
29 506.38
29 434.80
13 815.43
13 319.87
78 987.35
60 262.49
28 915.62
50 653.02
87 836.73
18 669.52
67 666.89
5 211.61
39 173.83
80 881.38
87 700.90
89 390.74
61 194.57
63 956.35
96 407.35
23 689.95
54 507.45
32 638.11
74 175.86
21 836.23
24 620.37
31 841.59
67 451.76
37 693.13
6 291.93
16 549.92
89 529.60
82 413.47
45 178.71
98 207.32
59 420.43
83 779.10
100 498.44
2 302.85
25 485.28
13 785.24
13 462.28
66 198.76
85 989.59
92 941.69
77 630.35
29 166.35
79 938.09
91 763.58
56 784.95
61 582.50
13 592.88
8 193.22
80 351.95
52 159.49
98 615.93
73 762.90
70 934.35
67 789.00
73 677.38
80 229.46
44 579.51
48 922.40
75 724.54
3 832.14
61 719.73
93 409.93
16 468.40
73 965.22
94 382.86
84 678.82
17 124.57
65 762.27
35 250.55
18 343.06
8 679.82
14 548.74
60 371.22
43 111.48
72 265.44
8 736.84
34 831.04
20 687.56
19 807.63
34 806.16
50 728.71
47 928.68
62 369.34
60 693.29
68 861.21
54 630.29
9 716.46
35 540.94
74 560.16
37 151.09
2 808.95
9 458.50
96 704.91
53 589.35
46 303.04
50 810.48
88 394.17
59 649.13
84 418.27
57 813.18
66 347.52
15 572.94
53 277.24
59 184.84
76 853.98
99 494.06
60 750.77
66 456.83
13 607.81
18 915.24
62 226.89
91 122.11
52 273.45
32 543.09
27 246.32
73 455.94
68 290.97
91 171.66
49 690.70
51 533.63
73 804.02
96 482.83
12 147.41
72 586.04
9 990.26
43 770.07
41 715.37
55 744.12
52 237.49
66 631.45
10 669.07
99 439.04
81 841.51
76 432.72
78 879.13
35 924.02
40 307.34
33 901.34
54 110.60
57 934.63
7 562.66
45 434.39
7 641.22
84 568.50
11 534.76
78 507.40
16 235.58
7 874.66
76 290.71
85 347.47
30 135.38
71 418.25
55 992.50
95 831.46
76 168.24
58 197.59
12 291.37
25 388.47
14 983.87
1 364.69
1 437.73
36 238.96
74 686.13
94 394.91
47 156.42
12 356.33
7 945.43
98 939.60
5 596.49
83 132.93
90 411.66
21 427.93
52 582.16
63 719.15
87 265.36
52 176.85
14 900.11
36 990.04
82 702.08
23 984.49
10 697.37
5 504.90
71 299.72
36 332.10
4 693.61
89 864.60
14 675.31
94 333.36
82 585.33
40 346.53
8 388.64
6 409.91
62 510.03
29 254.80
69 111.62
90 536.72
73 862.76
4 596.16
9 861.04
98 734.67
54 271.80
67 484.63
98 191.03
72 623.70
58 859.98
80 922.45
7 309.51
46 108.59
90 333.77
66 724.76
79 122.28
73 324.16
24 563.60
91 297.05
28 934.22
29 438.57
38 588.68
65 758.72
52 225.16
21 627.49
24 252.74
78 501.62
15 739.49
88 849.91
54 276.18
71 499.64
64 863.58
73 651.85
15 598.36
8 388.65
28 590.89
10 305.82
91 247.52
83 134.89
1 496.33
35 709.57
100 877.30
30 191.15
96 610.70
72 423.05
22 537.52
98 700.33
50 226.57
40 553.32
87 840.17
81 677.52
73 654.71
8 434.85
33 365.44
13 891.57
24 644.79
75 488.88
28 154.72
62 731.89
78 856.96
83 400.17
27 741.04
61 255.94
99 976.63
1 282.44
65 650.70
78 103.58
76 376.04
81 827.54
36 860.67
30 781.17
2 970.35
75 275.51
95 592.11
57 580.47
44 520.09
99 911.74
16 332.03
40 885.21
86 800.05
3 752.26
95 141.62
7 211.48
23 112.86
54 553.43
3 131.63
65 449.77
81 934.22
94 731.00
44 110.84
47 808.14
40 348.23
39 152.61
13 295.82
77 617.61
50 140.35
35 972.10
27 514.82
77 433.66
97 403.33
43 603.43
10 848.40
46 601.15
47 746.58
15 820.55
90 486.37
16 714.30
67 187.00
90 915.56
2 939.74
62 342.60
64 275.53
48 920.24
73 281.73
82 417.62
83 212.84
77 656.03
43 168.62
17 875.26
12 103.64
84 779.29
77 116.66
80 565.72
79 821.83
64 957.50
76 881.01
52 742.77
72 832.33
98 651.03
43 876.20
85 123.61
86 433.79
42 943.75
3 282.38
41 536.09
42 346.88
77 373.25
92 697.89
36 551.97
17 881.14
5 138.86
83 861.16
34 840.22
41 873.79
62 259.88
5 215.35
21 558.39
95 957.74
74 886.81
83 437.59
47 652.15
26 369.09
2 233.62
27 406.21
27 710.81
76 516.60
6 340.42
4 913.11
4 985.07
42 613.56
53 105.27
51 114.75
92 552.95
85 298.51
68 367.85
58 879.30
36 536.98
50 236.05
94 626.80
79 521.07
37 348.70
20 247.01
80 780.68
95 640.77
70 940.94
3 786.53
27 985.15
78 453.18
92 755.03
52 208.42
18 741.48
5 420.04
55 457.60
83 472.61
70 972.27
71 855.19
98 800.16
72 314.33
24 243.97
8 371.14
98 873.20
48 601.85
73 867.29
38 188.85
22 995.60
53 871.55
86 964.88
3 864.76
91 560.02
59 861.29
100 767.15
63 144.98
47 111.52
13 384.06
37 231.62
61 193.38
91 589.01
34 463.10
66 507.22
66 712.72
87 383.92
50 107.13
100 705.95
24 180.53
41 158.40
85 932.90
24 980.28
8 801.42
8 269.51
83 307.56
30 868.76
1 403.54
61 850.02
29 484.90
30 691.39
13 808.52
20 488.13
56 367.52
76 101.12
99 882.75
57 688.12
56 492.48
42 964.07
65 956.71
75 600.85
65 546.80
17 592.87
78 652.81
80 447.72
41 244.61
85 426.40
89 663.39
84 493.57
45 171.87
71 299.37
62 370.18
23 566.47
43 514.89
100 867.13
82 853.02
75 226.58
62 283.55
32 322.55
20 224.53
24 122.95
79 265.34
15 822.27
47 585.40
80 961.81
4 535.56
27 215.63
81 732.29
1 866.48
34 816.08
55 365.19
49 174.64
73 365.71
58 533.10
95 260.76
13 469.24
38 100.70
25 620.48
66 478.96
16 468.62
59 948.03
30 380.64
70 882.98
96 905.75
81 132.79
77 524.12
70 403.65
13 827.71
63 698.28
45 304.80
9 523.34
90 816.11
40 836.52
30 864.47
75 877.94
86 721.02
12 752.66
55 427.62
86 784.61
90 225.53
48 663.45
21 435.41
42 645.67
35 733.84
56 404.38
98 851.71
58 720.59
62 251.64
19 586.91
11 332.91
26 233.70
13 692.08
64 955.78
21 777.91
39 318.74
25 665.57
86 104.20
10 661.79
10 802.80
22 825.37
16 180.86
63 821.41
17 363.41
12 427.64
34 943.03
70 264.18
1 256.50
46 385.72
83 273.69
48 576.44
69 889.98
96 579.84
82 531.90
81 835.18
99 236.33
36 794.98
51 489.85
24 258.28
61 994.64
16 390.13
42 465.39
26 608.65
34 498.77
8 141.96
64 968.33
28 507.01
55 830.34
24 430.48
39 646.99
44 824.93
9 191.50
47 108.93
3 267.55
66 145.39
33 395.83
90 456.87
35 534.90
40 677.08
50 165.29
36 601.84
69 760.95
100 830.16
27 294.16
10 463.50
21 761.37
19 888.77
31 553.92
57 459.30
69 428.53
41 334.94
91 642.27
13 470.07
44 379.61
18 815.30
86 960.14
12 741.57
14 169.13
34 105.64
42 199.67
51 568.16
83 419.07
23 134.70
1 643.27
57 828.82
69 775.78
46 192.09
21 878.93
85 127.79
32 640.17
95 464.09
39 570.49
72 462.13
25 352.01
80 117.48
18 917.09
90 712.34
62 650.70
98 670.70
64 381.26
12 409.08
17 255.46
57 289.04
87 858.18
71 872.37
10 782.22
53 904.65
31 341.31
4 815.21
88 565.28
36 368.73
77 932.72
44 413.15
17 494.88
73 901.52
1 709.53
99 514.65
78 125.96
79 559.40
51 854.20
36 841.06
50 511.70
27 543.42
76 609.54
62 258.52
28 905.62
30 765.84
62 982.58
32 884.75
23 449.13
94 437.24
17 321.27
33 107.73
86 479.38
40 408.07
29 993.20
44 400.56
66 267.19
42 647.71
67 631.03
15 589.12
59 855.38
13 908.97
81 841.29
99 372.40
61 757.15
21 892.43
15 723.69
26 805.55
86 566.17
5 131.88
89 489.57
32 480.22
48 695.61
54 475.02
77 592.79
6 792.46
48 777.07
21 949.88
84 270.12
75 687.62
79 493.52
68 720.77
61 179.09
98 472.97
18 265.00
21 998.91
70 586.94
63 671.17
70 628.56
8 671.32
27 352.10
15 296.20
8 619.90
57 409.24
93 785.24
19 945.71
22 699.64
45 245.10
30 742.23
57 151.21
66 314.83
39 786.46
74 282.17
35 257.60
38 335.54
42 981.97
59 470.03
31 615.94
84 260.79
78 781.57
83 217.37
77 385.92
7 493.75
96 248.42
68 102.33
91 646.87
83 665.33
12 587.63
92 255.25
68 328.82
64 612.02
11 689.11
2 558.13
78 720.46
38 548.70
22 326.02
57 708.50
76 426.13
25 435.36
84 488.23
87 920.66
38 265.70
79 194.65
30 184.90
11 737.96
62 232.33
55 934.15
91 903.88
89 500.07
20 314.17
90 562.98
89 422.08
22 374.13
17 668.95
55 739.96
6 363.17
96 798.30
98 558.83
31 636.89
76 995.53
27 712.49
90 818.19
42 465.02
83 178.23
3 318.60
87 105.48
99 108.42
28 589.95
25 570.55
94 554.34
87 728.00
21 632.49
74 523.79
94 460.05
53 805.73
97 720.25
43 871.88
77 121.67
86 626.90
64 725.84
25 303.58
89 855.23
71 592.71
33 797.08
61 312.48
79 822.64
12 474.76
36 888.37
88 248.23
56 714.08
86 766.45
34 574.93
29 101.72
3 758.86
25 875.06
87 178.56
9 441.06
94 884.31
2 379.39
41 363.82
53 848.43
98 282.43
56 578.42
75 318.93
62 304.86
93 915.97
67 809.51
98 416.45
1 850.52
38 662.30
15 234.10
96 111.98
42 264.00
3 839.18
62 121.69
16 215.52
52 381.56
72 611.48
82 887.69
75 722.22
13 499.87
3 763.86
47 114.59
65 460.17
84 662.61
62 915.68
12 209.75
80 865.50
30 399.66
72 402.26
53 184.51
87 127.49
89 209.48
99 689.35
57 643.61
92 120.78
51 539.31
70 305.11
58 990.05
44 482.53
71 640.93
77 530.06
15 330.54
41 312.05
82 352.55
3 447.76
41 331.74
49 599.25
90 541.34
69 286.46
76 521.19
36 206.81
48 251.72
15 359.94
25 785.96
87 527.13
88 817.30
77 728.31
52 410.55
92 714.39
74 967.23
93 908.16
81 999.86
31 633.86
85 864.62
78 959.27
13 838.89
92 324.55
96 969.28
8 138.48
37 143.37
99 282.75
48 914.16
50 801.17
31 888.04
84 404.76
70 269.22
78 514.57
100 922.94
66 623.80
88 895.98
39 346.37
94 446.84
57 154.20
80 156.00
32 959.92
71 329.50
6 612.86
36 771.88
27 869.46
14 297.20
7 999.42
58 506.44
78 907.55
99 207.83
81 313.64
89 934.86
64 517.80
91 305.62
8 259.81
30 636.11
64 650.24
33 152.98
86 627.51
20 982.15
44 355.24
66 873.15
35 163.25
88 629.06
26 798.40
93 642.87
58 183.89
100 561.65
78 932.76
13 390.44
97 762.85
87 778.08
80 771.40
90 427.86
29 618.53
45 218.59
84 789.08
40 967.47
42 170.05
26 500.17
77 347.31
16 524.46
87 566.94
6 643.44
81 418.58
55 155.19
10 612.23
56 313.94
91 554.41
53 796.62
27 188.85
53 512.70
42 606.71
32 515.79
15 654.46
79 537.58
95 707.92
33 842.26
39 632.06
28 759.41
12 143.26
45 497.01
37 635.41
85 374.32
15 609.50
61 863.67
96 487.44
69 548.57
29 792.64
49 688.19
59 967.57
16 416.25
65 781.59
80 344.58
70 835.78
62 509.12
58 284.38
48 898.86
94 697.91
31 378.54
8 922.07
83 194.94
3 333.08
10 517.99
29 135.37
3 282.41
46 736.85
39 652.50
79 912.35
79 593.08
14 437.56
25 456.40
59 809.05
63 894.63
83 332.09
27 759.21
56 350.13
69 421.07
48 492.04
32 128.98
97 216.89
6 996.82
16 809.07
19 409.95
87 127.67
81 997.62
25 281.27
4 546.07
91 895.31
92 135.88
29 924.86
36 416.39
53 191.71
47 203.28
5 379.57
41 321.04
3 592.94
35 239.76
34 769.70
21 130.42
36 360.34
52 687.47
89 554.77
89 637.24
27 731.47
71 807.47
95 192.42
46 653.77
19 745.39
27 180.51
18 291.13
47 382.25
99 734.88
97 513.48
64 660.46
46 773.69
10 852.92
90 592.90
83 157.30
79 176.94
48 439.57
40 208.92
65 769.13
59 576.67
89 300.65
38 745.57
87 266.66
97 606.38
9 642.34
61 100.35
90 560.59
51 423.55
83 331.00
45 425.90
92 864.58
71 257.24
5 275.62
68 316.93
59 652.28
3 458.39
76 334.85
69 642.16
3 953.19
2 783.50
72 993.80
50 491.74
46 838.32
87 711.78
81 491.32
61 629.68
9 845.52
46 680.51
66 897.57
82 919.17
3 541.44
67 550.48
45 555.56
27 992.81
22 376.54
35 111.19
2 999.18
4 435.99
24 758.36
22 260.41
65 146.33
3 612.51
85 666.20
48 942.82
41 938.40
93 493.18
9 425.04
85 971.18
6 118.24
32 428.07
73 779.82
58 986.52
96 402.24
87 656.53
37 283.26
63 431.56
21 905.95
69 541.41
28 264.61
52 986.75
47 117.80
59 364.36
5 476.25
56 621.18
65 613.04
54 944.62
4 378.03
22 466.74
99 941.29
78 187.37
83 856.58
57 549.02
58 610.58
48 413.44
23 841.18
3 800.20
55 204.57
83 358.77
85 636.97
89 209.91
82 277.48
93 533.30
28 919.13
41 329.45
63 219.67
42 532.98
88 190.90
92 191.34
18 361.22
4 689.72
35 338.36
14 574.71
52 200.41
27 916.55
50 146.98
81 613.62
77 783.05
73 725.67
93 855.85
74 420.68
6 979.76
43 229.80
2 777.70
61 249.59
53 965.44
21 492.11
22 337.26
6 904.57
12 745.49
87 281.09
46 679.16
11 244.37
85 517.59
43 621.81
63 106.57
10 601.23
41 411.21
74 467.85
54 723.89
20 139.30
58 277.72
14 170.51
43 846.86
79 764.80
42 693.39
30 113.12
66 646.58
38 328.75
43 215.71
96 733.09
56 131.71
19 246.41
47 103.70
68 861.67
46 487.26
71 828.22
27 961.62
7 280.77
46 908.98
58 464.00
52 256.82
21 144.01
68 411.41
87 365.17
29 528.80
95 508.20
94 230.30
50 453.97
33 662.12
37 868.76
7 827.82
41 561.10
43 976.40
100 230.62
80 851.02
61 714.22
84 737.68
17 331.73
77 139.92
34 582.28
21 885.14
16 965.65
71 966.08
66 910.06
1 365.27
85 661.03
83 386.00
57 791.51
97 579.64
7 738.94
32 737.49
51 659.50
67 300.06
28 338.30
75 224.62
60 732.62
60 330.99
25 312.66
61 903.73
13 589.73
21 548.87
30 401.11
39 511.95
44 522.01
27 379.60
37 491.35
94 968.56
56 827.16
97 757.44
76 608.40
72 456.81
15 144.80
77 545.08
48 434.57
80 520.18
81 114.93
28 821.23
6 891.83
35 890.44
15 914.58
29 239.84
23 603.49
43 345.95
62 470.58
53 120.12
50 709.16
91 987.10
99 983.95
19 353.56
69 225.94
66 248.29
53 303.50
54 966.21
73 316.59
36 131.03
30 243.19
67 974.58
63 129.50
56 795.77
78 911.48
26 704.49
96 598.36
59 785.68
17 140.20
55 605.42
97 114.94
71 278.84
34 662.36
33 822.35
37 374.15
1 477.86
66 357.64
63 869.21
48 539.84
92 192.20
61 996.97
19 956.82
5 672.44
79 948.85
51 624.37
64 215.76
48 746.05
94 602.33
85 661.94
66 679.09
83 373.90
99 663.48
70 574.46
81 313.91
31 419.54
19 827.61
100 843.06
3 757.53
58 339.11
86 444.63
100 297.34
45 990.57
26 880.44
42 227.32
7 157.84
59 285.33
20 329.83
96 762.05
62 503.81
100 759.14
86 198.78
30 375.19
83 796.53
87 110.49
91 891.78
33 120.46
50 912.73
1 156.36
9 434.32
3 650.85
68 153.88
16 605.92
65 625.74
7 881.91
14 380.86
68 760.98
52 973.70
18 897.20
65 532.73
97 521.03
99 749.95
43 978.32
72 309.52
91 571.08
67 390.10
1 462.82
72 528.97
98 353.57
49 792.94
80 608.60
59 763.50
36 302.83
4 360.30
96 182.78
31 373.14
6 359.17
7 500.98
23 455.88
41 365.21
40 565.60
63 224.03
23 484.31
47 968.00
92 498.72
37 820.73
2 646.79
64 981.95
89 194.40
76 797.93
80 109.64
29 359.81
52 726.77
17 352.15
11 985.89
15 896.16
5 310.73
74 786.12
5 670.52
48 235.95
66 935.41
71 715.60
75 266.11
32 434.15
87 906.34
67 112.94
74 756.38
86 874.60
84 488.23
56 452.93
49 706.35
59 561.61
69 408.95
58 700.51
43 620.23
21 223.72
85 146.20
64 894.20
25 670.40
87 124.63
73 898.75
56 604.06
75 563.08
51 959.38
38 453.64
45 705.72
18 921.24
48 206.04
70 696.80
83 236.95
59 740.01
8 734.14
14 507.07
100 400.97
6 665.73
47 695.36
38 333.26
58 945.74
72 991.39
59 800.90
80 932.82
1 375.30
11 189.73
71 885.04
5 305.44
83 587.13
58 991.77
98 990.65
42 954.55
15 465.37
46 738.50
8 811.10
81 200.41
14 556.56
41 134.36
98 727.45
12 698.58
53 593.87
66 912.93
54 675.05
99 174.14
43 970.74
7 793.32
21 497.60
47 121.96
64 833.28
29 529.53
10 855.90
51 345.79
2 917.12
18 237.48
19 153.56
42 760.69
36 358.26
94 942.28
49 253.32
92 494.84
90 482.88
83 429.15
82 408.76
99 866.18
92 183.45
54 859.64
3 546.67
95 970.63
42 283.23
11 953.36
42 676.94
8 382.51
55 783.59
4 780.65
15 875.93
78 972.78
45 953.46
88 532.05
19 886.75
14 419.14
78 363.91
50 428.33
65 284.83
42 546.60
32 100.31
48 475.73
34 688.67
45 711.09
91 392.47
42 376.25
100 781.30
49 968.37
58 716.73
75 620.66
71 973.76
39 941.67
17 186.41
9 819.94
74 939.02
17 810.06
36 536.28
28 488.67
84 778.19
37 476.10
93 758.63
46 316.18
88 353.79
44 438.73
80 851.35
34 843.09
38 728.92
17 705.61
87 871.59
82 568.73
48 307.94
18 694.28
4 391.12
91 914.20
53 605.25
91 102.68
26 899.16
51 340.16
49 413.36
72 916.24
100 227.55
22 464.61
97 356.53
73 735.00
39 889.13
6 322.57
63 184.07
61 333.91
90 666.63
16 967.25
57 419.72
13 200.52
38 484.40
11 351.24
44 263.28
30 332.58
41 418.46
90 971.48
58 508.70
50 190.27
68 154.78
8 325.07
31 169.07
70 230.90
23 448.36
80 315.16
27 290.65
38 583.94
53 742.66
25 883.24
23 171.54
31 887.92
6 727.52
62 531.32
71 533.74
30 840.51
92 699.53
52 409.78
14 833.78
37 713.45
98 723.58
56 611.95
96 742.54
17 491.32
30 804.47
82 726.27
15 410.29
58 176.41
36 878.68
11 610.93
9 322.80
45 643.73
6 294.96
82 866.24
94 231.81
78 871.55
56 268.63
22 558.12
39 361.85
63 928.12
73 959.26
56 213.62
22 326.45
89 759.59
32 487.19
68 297.00
99 685.22
38 912.34
20 180.50
8 609.23
87 882.85
44 975.12
56 321.08
66 760.62
95 814.41
57 473.30
75 669.83
7 796.93
88 800.54
2 346.89
39 249.13
2 181.74
90 156.81
45 119.64
72 810.25
59 984.46
16 278.29
62 452.21
60 185.25
31 406.38
77 987.96
50 161.41
1 969.51
39 896.82
73 779.02
76 821.56
30 797.62
11 596.79
83 217.11
37 247.05
1 595.48
31 546.52
23 796.63
75 646.05
24 681.56
27 552.87
6 867.80
84 214.03
71 892.19
33 629.25
61 195.97
66 653.88
17 710.47
81 829.16
17 236.78
45 205.35
70 656.25
3 635.19
51 466.83
22 700.70
98 672.96
76 404.38
5 918.95
42 526.79
44 817.17
65 817.81
60 766.70
81 945.48
37 484.15
47 519.39
10 629.89
52 340.58
14 271.12
21 644.70
26 173.67
82 645.10
17 819.01
87 465.05
21 815.81
2 734.81
67 516.87
86 370.03
79 697.61
52 259.06
76 366.67
35 257.02
59 578.92
68 944.06
35 564.74
4 510.63
95 258.33
81 427.53
60 729.27
81 642.96
71 344.71
61 161.02
27 413.28
14 102.27
2 548.19
59 506.80
87 353.16
83 908.63
74 460.80
41 637.14
16 344.13
79 553.84
55 942.01
66 107.70
36 743.85
57 988.48
11 205.50
97 286.55
75 699.99
2 590.87
70 657.25
93 552.42
97 999.34
85 518.89
60 520.30
45 476.23
6 681.65
75 568.99
26 647.36
56 828.07
29 361.20
58 871.91
80 665.30
40 257.70
95 508.38
42 436.30
55 860.68
7 834.91
92 463.90
40 298.47
69 429.67
17 639.68
27 200.58
68 497.77
62 313.25
68 486.68
95 429.86
82 922.53
99 482.37
49 792.48
100 296.31
71 944.16
55 132.02
34 227.10
4 899.06
30 844.37
99 296.97
40 324.62
19 349.76
64 776.76
52 398.05
30 907.67
70 930.39
94 434.28
86 306.73
33 744.01
32 160.66
69 540.73
49 917.34
69 878.94
13 285.58
100 286.52
24 370.58
75 882.09
89 279.28
46 375.64
43 173.76
24 220.81
65 972.83
44 563.35
49 873.25
50 770.16
23 816.17
54 535.81
46 153.69
35 827.79
73 788.32
30 189.03
43 275.76
77 144.87
23 208.79
29 752.11
46 528.98
30 908.46
79 682.31
40 963.22
30 185.81
18 724.99
17 961.38
5 141.89
18 499.89
48 878.89
24 892.14
29 639.38
39 406.75
27 618.76
8 307.17
79 255.63
90 924.97
23 861.95
12 473.45
28 540.67
57 255.25
65 239.89
10 137.59
56 334.99
100 988.83
72 300.98
74 463.09
26 542.55
53 463.41
99 669.39
9 547.15
88 684.89
75 163.83
38 363.77
16 357.48
87 332.94
83 543.41
18 639.05
85 696.77
32 139.81
55 294.01
69 710.96
73 627.16
45 790.24
74 526.60
21 734.57
69 954.92
17 902.23
85 368.39
1 853.11
56 629.14
31 515.31
31 702.42
44 660.03
85 353.21
41 975.64
1 323.21
66 592.46
96 208.54
32 640.11
100 462.00
87 909.39
56 930.81
1 696.74
34 324.81
45 946.41
45 444.58
24 248.00
80 792.46
67 874.17
69 319.26
12 667.78
35 586.04
54 805.56
77 428.72
95 780.61
50 456.41
71 116.01
16 501.11
59 413.29
47 237.65
13 675.65
16 237.27
73 708.00
99 195.89
85 120.27
92 574.82
62 578.38
74 401.03
80 643.14
11 419.56
21 267.05
91 943.66
45 142.21
20 448.96
3 738.94
99 841.41
35 531.60
38 854.43
90 427.34
31 818.99
61 872.23
88 460.97
73 930.01
73 379.48
27 318.65
32 351.03
14 867.89
73 980.42
23 168.29
50 634.99
51 391.41
11 230.03
1 891.49
56 342.32
41 752.91
11 617.55
44 788.70
21 976.09
41 288.08
17 609.26
32 848.49
33 613.81
29 244.79
85 484.54
69 323.71
71 573.18
85 384.20
61 901.78
8 857.60
97 771.71
15 557.68
14 663.99
21 654.33
97 587.19
11 103.40
83 572.25
72 363.18
3 927.54
84 728.45
12 873.17
90 497.16
34 624.05
100 548.23
24 901.00
81 637.76
59 549.65
12 884.37
68 359.96
90 370.35
81 165.79
12 285.73
81 345.53
17 652.34
62 482.28
2 940.73
56 514.49
30 339.64
83 245.17
9 271.87
93 926.12
36 730.02
9 732.88
28 192.67
7 350.79
71 482.08
91 341.24
92 802.03
79 970.47
83 224.40
63 206.69
73 184.75
70 840.77
74 170.33
36 192.45
9 946.60
46 824.51
67 753.75
22 748.12
19 978.91
43 914.44
47 593.13
41 662.31
84 872.95
54 142.78
12 723.41
99 867.41
19 939.70
11 715.46
3 915.29
11 558.76
84 866.56
40 157.14
68 183.72
90 358.48
67 301.31
16 111.55
79 570.17
3 226.93
32 334.88
64 452.58
5 288.30
19 580.40
48 357.62
35 370.97
17 758.55
54 451.28
78 468.91
87 717.02
98 814.74
74 201.96
93 871.75
98 306.20
22 798.29
72 761.95
35 262.48
46 223.69
57 462.49
83 604.68
46 680.65
71 997.73
56 462.65
52 231.01
62 209.41
78 740.11
8 511.44
10 302.10
7 850.57
54 258.47
69 660.23
53 475.93
85 815.40
97 167.12
28 191.27
94 872.51
43 575.70
7 614.73
35 868.53
73 817.60
74 981.84
77 486.73
16 267.03
88 301.13
9 340.34
70 646.87
16 803.10
46 422.73
5 176.30
68 109.33
87 593.20
36 569.63
9 439.99
7 353.26
70 221.19
69 508.02
97 930.72
23 359.98
73 241.80
68 844.81
24 625.84
88 854.28
34 777.42
50 364.11
78 380.98
44 994.92
11 616.27
42 520.83
3 915.02
100 126.10
91 459.46
88 250.69
63 317.75
35 362.03
75 374.25
68 175.20
79 339.96
85 548.92
45 600.08
8 699.83
68 112.38
14 718.28
2 770.37
22 754.06
38 498.88
36 700.06
27 479.32
35 138.05
70 286.67
21 918.33
1 544.24
63 564.94
91 841.28
53 520.53
61 902.04
60 108.70
85 245.85
60 803.84
69 508.52
78 236.88
92 264.62
90 284.70
82 659.96
9 595.61
5 184.09
73 793.05
100 405.86
90 380.56
8 527.90
72 830.30
99 983.17
3 201.23
75 846.31
79 998.36
39 230.79
60 754.62
40 396.38
64 557.18
70 901.95
35 515.69
77 495.90
28 262.54
70 386.31
15 221.75
22 121.49
13 153.63
79 511.14
58 210.08
26 280.90
52 417.28
98 343.85
70 521.71
62 120.80
54 128.37
25 766.47
69 759.26
67 947.73
30 787.13
65 534.19
10 197.19
12 324.53
99 327.59
77 424.64
70 984.18
97 507.37
65 581.36
4 610.06
57 199.40
59 252.88
85 220.80
51 760.46
19 645.53
53 821.55
25 860.86
93 525.33
3 836.55
62 822.43
28 746.14
72 700.07
64 838.15
48 941.02
63 116.85
70 355.22
56 771.16
39 994.56
60 538.22
70 412.90
4 843.25
63 608.98
51 621.24
87 569.64
51 722.21
2 467.88
26 177.42
72 862.41
3 216.13
35 358.31
88 534.87
100 658.90
71 300.31
67 232.26
4 245.22
34 627.25
10 856.96
43 297.16
77 561.51
46 383.90
37 292.37
26 360.97
22 225.51
91 180.32
12 284.60
75 847.65
19 976.45
95 750.41
24 297.18
62 280.78
87 121.16
93 467.21
10 720.16
28 582.67
88 321.96
99 823.69
93 158.78
54 462.02
12 118.59
98 113.13
89 462.95
72 968.42
93 758.20
78 581.71
55 470.54
14 485.83
73 974.20
44 635.58
16 174.31
34 821.44
11 303.24
91 293.84
43 569.22
34 672.60
40 870.18
93 620.27
7 934.79
24 309.53
72 912.43
14 843.90
94 333.09
77 702.10
31 126.39
10 674.55
19 592.71
91 755.25
60 292.22
54 162.80
21 547.09
43 786.25
68 159.10
24 861.08
55 645.60
2 809.35
68 538.75
77 764.39
76 323.43
29 678.55
21 416.35
72 537.72
12 740.00
89 874.55
21 882.67
88 861.21
63 550.40
60 692.97
27 361.97
79 293.59
34 430.62
23 562.33
22 291.66
54 259.85
60 193.14
78 962.19
25 244.50
46 693.15
76 754.09
64 623.65
13 263.10
61 146.82
1 431.64
84 267.76
53 498.45
85 401.75
7 746.01
73 242.45
6 578.18
5 949.70
62 366.52
41 798.16
3 389.17
43 838.19
91 754.60
36 346.97
27 280.40
82 885.75
65 978.96
78 683.73
31 534.64
10 328.08
75 292.75
57 311.77
2 171.48
25 417.27
95 369.05
46 823.57
86 241.24
41 576.31
82 724.32
43 893.01
52 297.67
63 692.05
27 362.54
73 920.68
94 318.73
25 405.46
70 891.20
90 671.61
79 568.32
36 777.11
41 815.19
40 225.84
100 945.83
60 518.54
86 566.65
100 785.86
29 874.53
79 518.58
63 973.13
96 306.21
73 836.84
10 956.37
1 885.34
100 959.66
81 197.72
98 972.53
76 101.23
16 879.04
12 312.18
39 147.33
21 981.14
58 747.52
9 150.65
52 909.36
48 375.87
41 319.66
61 974.06
31 735.68
97 123.04
31 891.28
21 559.52
90 759.28
85 764.57
68 189.12
58 435.31
84 327.35
28 263.76
45 904.12
55 380.93
22 850.63
90 679.68
37 983.62
60 199.27
2 427.44
47 277.00
31 774.29
68 179.48
10 224.29
49 832.66
80 613.28
93 220.98
32 869.91
94 485.73
54 645.77
93 481.00
10 157.47
100 800.67
90 137.15
11 996.01
24 302.45
25 270.51
61 596.71
47 204.86
76 404.98
78 787.96
22 771.68
10 526.79
55 392.58
81 886.33
83 980.08
98 191.00
75 270.34
14 818.57
93 134.68
21 626.91
72 472.87
23 761.05
53 210.13
98 281.52
37 925.19
52 942.74
98 588.77
64 941.17
77 747.90
35 578.98
60 128.71
24 471.71
2 728.27
42 623.93
33 384.13
9 148.74
34 447.93
69 712.08
55 650.21
87 429.87
10 612.37
42 553.80
3 666.67
52 285.65
64 438.35
86 892.24
90 683.12
43 794.87
80 588.00
57 754.13
29 793.23
14 639.35
8 715.82
76 964.34
80 900.62
17 324.26
100 561.04
29 405.46
91 759.53
32 178.01
86 133.79
62 772.97
10 976.34
77 634.50
3 439.21
35 631.30
71 113.01
19 488.98
33 279.93
23 641.01
7 817.19
46 840.35
34 148.33
97 503.95
34 992.96
8 792.54
13 869.86
72 298.76
27 311.24
33 114.50
9 748.22
5 286.64
63 978.30
100 310.11
49 295.99
11 195.52
25 357.29
5 530.99
8 114.49
18 411.17
95 879.51
38 511.54
8 809.77
55 787.94
93 563.70
16 987.67
32 214.50
99 298.39
75 221.12
61 416.52
60 631.38
29 241.61
88 334.07
20 529.12
50 283.25
94 635.28
27 607.75
94 375.72
3 119.38
48 386.11
44 892.82
34 520.52
63 925.71
49 717.99
12 341.91
7 500.26
100 972.01
50 134.71
54 617.40
91 226.96
43 846.02
78 822.30
28 941.21
19 172.00
94 802.92
3 193.57
21 242.56
78 960.00
28 345.30
86 214.91
77 160.98
15 232.29
65 528.18
99 846.59
83 853.95
42 202.87
76 494.66
36 683.93
54 515.93
6 989.13
31 865.91
43 808.40
12 859.87
39 359.25
72 871.02
65 284.61
44 136.49
5 585.60
60 113.96
58 379.00
27 389.57
34 341.83
41 860.34
70 152.82
53 400.32
61 786.55
68 341.45
2 928.08
85 364.14
7 328.18
93 830.81
50 983.45
30 433.48
46 932.86
9 254.99
69 553.49
31 146.06
71 996.25
34 693.67
72 291.50
6 851.55
94 881.53
16 217.33
41 926.40
11 469.04
83 733.66
16 686.47
55 882.21
90 785.45
91 261.94
15 390.45
89 389.27
15 781.44
52 267.48
33 615.84
44 512.17
81 439.84
38 827.12
31 287.43
61 778.56
96 724.34
88 501.23
35 750.26
82 880.98
81 957.55
88 768.46
88 268.83
33 303.76
44 933.87
79 885.96
36 121.79
57 678.50
68 805.44
29 155.20
37 171.90
29 779.32
86 226.31
37 140.41
3 166.66
52 318.06
26 104.18
36 106.23
80 418.03
35 523.28
75 477.00
79 505.60
92 411.50
83 342.70
18 232.29
36 405.41
3 475.49
6 637.75
38 792.45
15 151.47
14 760.54
12 796.61
99 188.69
100 342.23
90 302.53
69 504.35
95 641.15
60 463.82
52 763.91
51 134.88
73 459.18
79 900.63
27 354.70
96 889.81
6 805.87
10 728.97
80 579.68
5 335.05
82 591.15
85 369.51
84 637.12
18 806.11
12 987.69
99 992.43
29 694.71
53 583.87
4 915.60
84 847.82
87 995.48
52 423.56
54 947.16
31 415.60
64 892.86
78 613.29
69 849.83
15 170.64
77 570.97
63 293.18
74 505.53
22 893.76
27 355.69
52 370.37
19 823.75
15 776.94
9 933.58
94 661.22
27 556.98
12 498.86
88 343.30
66 994.47
44 859.24
53 360.18
27 924.48
81 741.82
12 701.57
35 231.61
68 711.80
84 464.80
100 329.13
93 475.02
29 134.49
81 252.83
66 138.50
96 257.92
66 659.75
26 939.45
58 984.50
97 229.98
37 175.42
80 520.50
97 199.52
37 376.70
86 227.40
79 396.17
85 408.45
45 909.99
26 895.14
93 760.24
16 826.23
89 165.42
96 868.02
99 889.28
63 926.90
4 910.26
7 569.64
93 523.95
30 762.88
95 672.56
34 440.82
5 244.08
90 671.33
80 668.38
98 459.93
14 200.40
32 211.88
52 208.42
17 329.94
43 324.84
27 321.77
20 592.23
36 518.72
49 120.92
47 945.15
72 470.25
52 457.45
44 594.17
43 477.07
45 916.96
88 723.69
84 183.84
13 407.01
48 724.60
51 662.59
14 633.68
35 114.67
5 880.81
8 801.02
78 469.94
32 657.56
61 269.20
22 830.15
89 502.88
96 445.42
82 447.80
4 668.77
56 277.23
79 845.78
99 311.77
12 909.65
51 637.93
57 883.53
59 243.33
90 384.87
48 184.66
6 875.50
75 248.97
78 762.65
3 838.02
21 565.05
40 929.65
77 374.41
65 371.88
43 688.79
20 505.80
89 636.69
14 981.53
88 439.38
83 397.70
95 752.94
59 352.05
70 739.86
48 741.21
26 354.60
40 721.25
41 156.38
11 786.89
33 903.34
53 648.51
21 543.17
61 883.38
55 816.70
99 285.38
64 755.46
71 965.48
14 880.20
12 455.38
2 740.15
90 364.96
55 173.03
37 906.56
77 913.42
77 324.26
74 426.94
36 264.41
97 783.14
51 250.24
59 304.23
61 601.09
53 798.99
76 479.46
65 462.09
26 297.60
50 117.18
20 301.37
13 170.95
14 845.94
90 502.63
33 997.34
31 356.67
100 368.37
10 977.47
18 362.62
15 736.37
49 540.36
14 185.28
20 570.14
50 657.26
39 465.53
87 303.97
27 421.66
93 870.88
94 353.68
1 245.74
90 536.47
93 824.17
95 402.58
99 773.18
11 475.00
8 434.23
14 755.42
1 748.48
76 890.08
94 774.84
7 286.57
75 255.33
86 648.73
81 929.95
94 375.64
25 954.81
69 602.25
3 172.69
61 657.85
17 196.01
14 772.87
17 168.03
80 388.23
53 948.64
52 646.72
71 104.77
57 124.23
77 880.92
8 233.84
73 379.27
24 876.39
6 924.44
39 884.59
70 506.62
49 318.27
34 824.99
29 135.89
47 805.71
13 938.72
67 264.62
87 516.63
36 523.18
7 597.51
12 224.95
65 744.21
27 639.33
79 334.99
7 957.23
45 211.20
8 399.20
48 697.86
93 629.11
43 676.84
18 234.89
59 275.96
3 790.35
70 279.50
27 643.25
38 510.73
90 159.03
21 444.49
68 982.49
42 185.60
3 827.09
68 587.06
52 198.51
94 547.81
79 371.79
39 544.68
6 552.26
45 340.74
18 438.37
48 758.08
48 847.93
60 653.38
3 685.81
70 773.15
83 134.95
54 843.94
61 993.19
32 184.65
3 959.57
65 836.12
74 885.93
41 240.76
35 548.51
50 924.15
41 886.65
86 415.14
38 687.54
54 386.60
32 331.70
57 891.02
24 497.16
47 867.55
11 602.77
50 601.82
92 261.58
81 240.11
50 955.89
91 182.19
67 392.95
82 642.01
21 785.59
31 115.98
50 508.24
96 187.03
20 515.67
26 478.73
78 150.49
91 164.12
39 810.71
70 908.52
35 202.14
8 255.56
96 868.74
16 239.92
46 774.01
18 828.75
11 923.31
13 133.73
28 284.38
93 267.95
48 580.51
96 858.92
53 781.87
17 246.67
77 472.27
83 592.56
87 894.77
8 105.91
45 340.52
30 628.60
88 146.34
62 370.93
97 655.15
99 849.92
75 542.56
53 556.94
82 674.99
23 201.46
49 816.56
84 104.38
90 797.22
28 450.30
48 301.03
48 814.83
80 280.76
4 115.25
51 105.69
26 495.02
39 777.27
67 347.80
19 452.86
17 193.32
13 487.69
48 354.56
81 880.84
96 568.11
77 852.28
67 712.83
23 202.14
22 380.46
73 936.97
53 311.37
80 648.39
38 282.39
32 834.15
19 851.52
24 722.44
82 864.84
97 554.06
6 152.03
28 397.22
29 949.66
2 443.86
31 709.23
94 279.91
71 457.60
2 634.70
98 706.75
93 560.63
94 933.05
82 203.16
55 853.76
49 258.47
23 184.40
51 950.83
13 126.38
67 784.08
30 524.26
4 616.77
68 225.72
91 983.06
81 723.48
88 775.06
79 650.09
59 647.75
13 900.68
86 500.56
23 505.60
4 534.18
86 343.30
41 192.94
100 823.81
12 295.76
32 403.19
9 878.11
75 276.67
20 582.45
58 433.25
31 333.47
66 684.62
47 732.83
1 455.65
49 287.84
64 612.34
52 133.78
12 404.81
55 523.11
14 259.86
81 553.55
66 969.94
35 944.10
71 503.01
78 624.20
50 655.71
79 545.59
83 837.82
95 283.20
43 992.31
45 325.78
39 605.42
97 422.50
18 656.59
48 910.74
57 314.27
34 373.12
97 156.23
95 589.26
27 823.01
60 330.75
70 682.52
40 728.07
89 266.85
60 524.00
15 483.26
63 316.33
81 211.54
79 872.87
52 903.28
44 288.72
49 471.56
98 661.01
36 112.76
33 337.68
37 747.79
69 242.98
28 388.81
50 225.13
98 811.50
64 352.00
95 843.70
7 609.56
93 509.01
78 656.70
95 578.54
7 777.21
9 155.74
98 362.74
11 196.29
81 122.22
45 594.86
72 212.56
34 220.98
4 712.68
25 929.18
88 181.77
59 936.34
6 810.90
67 217.02
75 717.25
24 302.69
13 583.85
22 670.70
96 353.15
72 404.55
87 120.81
35 133.53
42 995.49
83 421.50
39 558.87
25 823.13
90 204.49
55 585.84
78 126.09
17 145.19
84 454.74
63 661.19
62 127.82
81 922.11
69 286.59
38 793.47
91 355.65
8 483.04
54 618.04
11 604.96
46 692.07
75 684.04
84 235.73
91 729.25
25 116.79
60 428.80
96 857.40
64 273.45
80 210.54
48 605.90
57 469.10
87 543.50
76 118.13
34 539.22
83 591.14
7 684.16
22 566.63
6 912.55
97 268.79
98 932.95
16 672.42
43 802.33
99 122.38
29 926.84
33 246.32
55 452.98
39 783.85
24 338.69
72 876.29
36 974.42
40 708.21
84 620.73
3 885.31
42 137.91
89 771.98
54 579.52
89 684.62
3 221.00
71 516.44
50 299.72
65 839.32
45 812.97
98 303.16
60 473.23
85 486.46
60 926.38
16 179.09
52 666.45
84 566.92
10 573.61
83 575.28
63 350.51
83 509.57
18 975.38
64 915.24
47 749.56
85 538.73
84 918.16
41 766.19
92 828.89
68 390.21
69 599.31
91 374.90
76 746.46
27 392.06
76 789.26
41 603.09
12 668.38
44 348.04
45 676.41
99 729.26
77 981.85
47 785.68
93 890.95
78 369.18
50 331.17
1 458.07
54 166.70
44 218.36
28 167.24
14 591.91
5 609.83
34 200.33
1 425.78
30 245.03
90 268.43
77 675.58
84 993.71
97 389.38
82 497.79
7 318.82
90 711.26
33 871.83
69 519.84
92 892.06
67 818.20
89 783.33
94 451.72
37 799.70
13 916.36
12 751.98
31 713.88
20 738.39
52 370.33
47 447.88
15 492.69
40 112.60
27 507.33
64 668.81
23 890.75
4 246.02
17 154.26
70 262.10
56 476.46
77 466.63
32 934.44
97 238.90
94 667.46
90 653.70
92 788.43
25 408.98
63 284.51
52 784.08
99 684.57
27 872.03
91 753.01
82 542.01
84 502.71
32 537.38
68 995.95
26 766.37
89 158.07
27 502.67
98 423.26
4 592.86
40 959.81
84 966.64
24 668.08
62 292.88
64 574.04
76 183.24
39 712.21
62 944.91
8 560.76
80 394.00
44 857.62
95 812.27
66 548.91
37 215.02
55 580.34
62 144.39
84 323.67
92 613.35
48 615.64
89 391.47
39 411.78
26 666.95
87 780.33
70 801.37
98 702.23
6 575.50
31 957.08
64 392.32
25 925.15
31 388.49
55 290.53
64 253.30
30 234.96
32 129.90
75 275.30
97 562.50
74 417.59
23 731.63
5 461.32
50 876.95
53 143.27
44 777.84
40 717.06
79 334.23
11 883.33
61 426.44
39 860.21
6 781.98
23 935.18
19 649.40
2 267.48
41 112.05
54 325.59
85 996.53
54 653.40
45 720.21
7 986.84
42 967.90
84 762.51
4 563.60
65 768.82
12 185.39
17 431.14
94 763.93
38 327.42
69 323.77
54 509.53
43 173.45
19 522.21
85 480.51
47 182.81
1 858.22
41 562.32
38 201.55
83 940.18
47 658.74
69 595.81
23 394.09
65 929.32
32 981.93
40 395.31
56 779.24
53 376.07
80 186.28
19 630.38
81 934.64
54 530.12
41 639.16
69 406.03
59 337.27
41 170.05
95 485.85
36 444.05
99 253.16
14 447.58
21 174.00
57 183.62
70 507.05
37 755.81
77 409.78
29 903.12
55 124.37
12 274.77
15 209.31
54 800.67
62 371.53
59 402.33
54 583.63
35 295.84
85 559.03
85 190.49
3 136.65
49 986.11
88 533.34
42 970.13
2 201.87
80 869.30
24 251.83
91 226.32
87 281.65
48 743.93
17 535.71
34 207.82
77 245.38
19 895.50
63 706.13
22 356.88
49 437.87
48 395.61
12 241.71
53 248.75
63 747.57
94 865.75
3 479.39
49 668.81
33 228.31
54 553.62
67 967.45
48 722.99
94 221.07
48 778.42
19 383.65
87 886.29
43 455.35
72 245.65
98 479.66
76 769.98
85 714.78
65 165.13
86 856.62
8 502.14
7 803.29
31 367.58
83 891.61
94 499.88
86 215.63
47 202.58
53 348.29
46 540.07
70 400.02
31 352.83
55 600.01
1 874.09
57 383.12
77 624.19
15 794.41
41 654.57
12 645.69
57 463.91
64 482.84
36 536.85
74 867.32
36 382.02
34 502.11
11 858.88
4 343.67
90 340.41
45 866.99
79 732.26
41 802.37
11 285.79
34 515.20
78 303.80
61 631.88
20 841.95
77 908.45
29 943.66
48 870.78
54 289.88
52 438.37
6 753.61
29 167.46
34 489.39
48 306.51
59 361.83
85 927.71
10 811.00
19 151.37
94 431.56
70 413.09
78 389.77
24 401.79
90 507.69
99 419.20
95 340.66
76 712.56
79 279.29
23 204.95
38 183.16
81 287.19
2 331.76
14 780.52
4 171.55
86 981.99
68 882.56
6 881.50
11 106.70
33 273.29
38 781.71
23 103.37
88 574.66
47 488.92
13 617.25
79 507.09
73 725.73
3 850.01
74 260.74
39 935.59
53 812.98
46 102.62
45 814.29
38 812.75
2 240.85
5 712.91
35 838.06
100 567.48
1 203.13
91 866.98
48 469.02
95 422.57
76 341.20
22 829.83
34 204.44
22 952.22
93 707.64
4 107.08
42 119.53
54 186.56
16 600.91
31 625.57
77 707.59
39 586.21
85 141.38
27 508.10
79 724.50
62 847.61
26 282.17
94 527.87
16 824.46
43 750.32
25 560.76
75 185.40
84 706.93
86 941.88
89 191.82
89 848.67
85 959.20
64 689.43
34 441.10
15 332.28
20 768.20
67 277.67
3 564.17
59 446.71
50 285.52
4 960.77
14 780.27
30 377.02
45 946.77
30 262.66
84 714.77
91 507.32
26 943.68
48 934.18
78 899.65
46 580.71
92 763.40
91 947.72
55 728.19
37 944.62
41 167.37
47 168.51
94 744.66
59 902.19
62 864.87
14 331.02
81 172.51
85 642.50
52 257.79
45 320.95
43 739.41
27 280.37
85 617.89
27 354.23
36 676.59
81 386.79
65 449.47
67 667.45
46 437.47
54 306.63
72 873.80
22 317.55
41 305.27
14 616.49
81 709.31
85 866.24
93 770.19
72 461.85
57 305.62
16 504.27
45 840.33
69 164.16
57 244.08
100 574.23
40 817.00
74 542.75
38 238.76
65 281.36
96 482.96
11 656.95
32 646.94
11 136.96
46 118.18
88 951.56
31 532.56
63 114.32
90 480.04
33 882.06
47 112.63
95 434.99
45 164.92
95 919.74
53 397.23
13 535.34
37 899.07
29 118.37
70 132.88
87 634.18
74 336.41
9 215.46
6 771.49
10 989.44
99 558.57
47 840.51
38 715.84
76 132.47
9 212.61
63 156.91
69 627.69
96 630.77
68 341.97
96 112.12
12 142.83
85 575.37
72 843.86
3 663.38
53 219.44
4 966.09
69 357.54
25 538.78
25 323.37
58 400.25
70 191.31
57 338.04
32 477.27
26 270.35
39 776.12
30 976.57
50 736.60
55 175.00
15 208.67
17 893.36
46 705.61
74 869.67
36 858.39
63 857.42
45 655.81
36 794.46
26 679.23
88 676.21
99 839.37
93 320.70
45 323.09
91 834.70
40 314.13
100 938.21
3 136.34
14 615.80
5 699.55
63 229.02
36 469.66
59 402.37
45 118.62
34 943.32
69 201.88
46 362.32
37 344.49
81 331.38
7 175.36
92 210.60
67 149.87
11 661.69
63 614.85
41 544.96
34 185.57
69 450.76
36 834.78
19 448.17
46 782.32
77 632.51
49 475.53
75 916.94
76 729.18
24 199.96
39 423.09
3 152.15
91 694.37
39 502.76
8 873.82
33 591.91
25 235.32
78 399.75
51 152.88
50 902.88
42 878.63
10 761.34
81 567.43
66 974.99
39 279.74
12 963.39
45 292.14
98 248.85
67 817.75
26 654.10
99 210.57
56 286.56
9 579.53
94 295.22
30 472.79
100 484.02
64 773.22
59 422.25
74 935.96
87 781.22
59 387.46
65 183.17
57 348.38
87 149.18
79 273.74
70 115.61
77 268.21
28 708.71
66 655.74
8 125.41
1 887.20
90 293.67
75 456.71
78 226.52
45 120.22
82 518.06
26 770.20
71 924.22
22 764.29
85 646.22
10 263.71
87 303.86
37 869.70
75 973.95
56 666.56
18 523.40
46 342.04
22 760.17
81 914.21
66 169.27
50 983.16
26 614.57
83 396.73
22 562.77
9 938.79
13 449.44
100 333.72
36 753.68
99 637.17
36 856.91
81 301.21
38 974.16
53 944.58
52 263.91
63 159.12
37 398.76
64 205.08
58 147.09
62 245.97
30 758.23
86 298.71
59 349.25
33 125.57
66 526.44
82 351.93
3 456.09
25 378.67
44 522.15
19 528.57
66 284.41
47 330.05
15 568.03
31 109.09
38 840.85
57 475.23
82 904.09
17 800.55
37 822.29
98 141.56
90 568.07
86 567.16
26 728.45
37 520.47
57 195.51
48 102.39
29 146.37
22 218.04
76 537.28
71 486.53
33 340.34
6 102.82
22 973.78
82 703.88
6 535.91
52 996.25
95 176.73
50 785.95
39 821.29
85 655.15
70 704.94
7 841.19
73 196.34
45 768.30
95 524.69
17 436.23
15 867.99
25 232.74
67 505.13
14 295.27
99 552.95
12 552.02
35 959.32
81 276.46
31 965.13
52 596.49
69 873.53
14 206.09
14 755.56
2 318.93
85 596.49
77 741.57
83 424.87
67 626.12
81 669.05
88 318.43
7 886.55
96 326.40
81 239.04
17 929.04
86 891.30
78 485.70
27 470.24
26 850.50
76 369.71
48 700.32
75 852.08
25 647.50
99 603.60
39 606.50
99 567.61
81 688.48
22 178.33
70 112.66
69 305.20
35 103.20
25 652.76
25 573.39
70 559.64
28 351.55
11 786.99
13 232.57
98 393.59
87 678.83
94 302.92
38 631.97
17 643.46
29 298.09
87 837.02
6 943.75
89 464.81
6 340.80
41 753.38
30 859.42
18 432.84
100 176.62
63 885.54
51 607.12
80 105.45
38 460.62
33 253.54
8 294.56
43 355.38
12 686.54
13 503.26
37 762.24
71 145.66
59 603.42
32 894.76
72 450.24
67 996.07
99 326.51
61 251.60
81 759.13
30 670.32
43 750.37
87 529.43
91 940.23
75 469.45
92 340.83
54 919.39
10 651.68
19 393.49
89 849.62
15 656.45
99 325.86
83 495.20
63 473.96
85 366.18
68 995.04
75 851.06
5 820.83
6 646.77
3 258.24
66 281.04
69 566.37
58 160.66
87 314.13
62 631.85
64 212.50
75 536.06
78 983.96
40 634.30
26 812.46
39 557.06
59 809.65
63 265.83
95 947.11
39 764.09
31 731.11
21 974.57
57 512.96
21 818.64
74 461.05
85 188.77
78 948.22
27 920.60
68 288.17
76 133.43
95 700.91
22 308.26
46 506.71
71 265.79
32 681.78
49 307.84
27 585.97
65 387.84
1 585.60
94 294.59
22 542.91
97 208.74
70 385.21
76 119.50
75 460.47
4 683.62
95 419.03
13 120.20
51 182.94
63 376.73
39 385.71
81 136.92
16 670.77
99 752.15
92 170.82
63 585.05
93 816.25
9 121.62
94 830.26
99 568.34
9 966.07
80 820.04
34 859.10
42 652.80
69 308.33
30 218.50
48 130.12
22 879.38
1 669.53
11 792.61
51 905.95
39 275.96
27 916.69
67 201.27
76 336.81
76 950.99
9 194.69
87 979.86
7 142.81
49 659.15
52 277.48
16 731.18
45 785.11
54 526.49
17 528.49
41 817.37
47 158.87
36 692.05
71 177.44
1 982.25
51 540.60
33 549.56
16 432.40
68 388.51
22 138.39
69 739.52
70 352.46
49 134.39
20 144.61
41 690.59
21 433.25
85 139.43
35 196.56
13 254.21
19 189.99
96 645.38
28 216.00
85 945.97
35 115.17
51 123.73
81 145.92
16 806.01
8 288.24
24 244.40
6 212.23
43 951.00
60 588.04
98 479.07
56 974.40
74 602.43
60 367.90
5 890.06
21 635.57
9 324.30
91 815.76
55 940.97
52 990.66
95 102.29
49 447.50
58 966.04
51 189.24
91 393.44
60 813.40
25 301.83
96 244.25
47 489.97
52 488.78
31 386.28
67 546.55
1 846.81
21 336.52
86 195.00
23 722.70
13 909.50
11 692.93
11 338.54
57 934.08
37 416.51
84 627.87
33 589.78
37 366.25
48 589.68
66 732.36
93 296.37
99 267.21
73 322.28
38 806.92
79 925.16
15 867.04
26 422.30
1 362.70
57 493.72
14 117.51
37 221.88
52 168.77
57 938.34
66 765.08
61 461.84
23 931.86
100 888.66
80 443.56
47 217.42
2 719.24
94 488.10
68 304.04
28 265.66
16 542.94
38 661.94
78 644.73
94 106.42
33 899.09
76 104.87
97 787.93
88 164.31
80 601.76
39 861.01
36 891.82
1 855.85
46 693.63
1 788.94
30 644.99
28 223.81
29 850.57
21 135.48
27 566.19
80 850.54
51 724.50
64 369.84
18 329.03
49 336.81
27 386.78
47 724.46
74 569.36
4 924.69
86 753.96
80 276.64
83 228.24
95 631.88
20 331.24
47 292.22
29 468.94
40 750.63
59 536.45
59 255.70
21 680.14
35 669.28
94 477.76
30 408.14
85 236.84
97 285.99
8 965.61
98 314.08
26 686.06
79 891.80
34 785.07
52 326.64
13 617.73
53 168.26
76 763.50
88 128.78
94 889.05
6 503.59
67 180.28
79 746.52
39 375.21
65 582.95
97 485.73
45 368.57
73 904.75
23 948.28
22 554.55
39 455.79
53 141.62
70 101.19
92 617.68
33 793.69
44 399.14
62 849.69
53 510.20
33 475.23
70 952.82
85 703.70
4 389.07
66 928.59
3 120.37
42 804.04
28 681.04
60 528.92
15 357.87
53 617.14
14 479.99
12 143.42
5 675.20
89 663.82
14 651.68
88 238.48
68 304.53
24 444.40
44 215.20
22 587.48
55 553.39
15 202.36
98 827.20
6 102.62
47 108.40
18 876.58
83 995.52
72 166.50
16 739.75
30 422.04
18 271.76
90 591.80
93 931.53
37 750.31
97 999.01
75 306.12
24 573.21
42 942.21
28 461.33
91 151.40
56 642.76
51 573.99
54 312.06
60 669.48
12 215.34
27 303.32
32 971.03
41 266.09
90 633.38
46 980.66
3 483.99
75 714.95
45 497.35
93 637.88
15 412.56
15 429.80
59 499.58
88 322.67
6 424.02
94 180.41
90 708.96
79 855.66
48 649.37
31 509.83
78 926.06
49 147.12
29 964.94
14 238.22
94 848.54
48 661.27
68 713.07
6 619.22
98 407.41
37 669.70
66 694.93
98 498.03
39 935.15
69 273.80
68 336.63
67 766.62
24 873.16
12 557.71
13 366.73
33 653.40
93 713.36
85 557.18
33 849.48
24 345.84
63 438.97
44 882.46
4 173.16
90 128.61
55 694.07
36 424.23
83 560.11
80 824.61
75 575.11
25 109.90
12 701.47
45 435.56
66 107.92
99 892.24
31 613.89
54 316.12
27 484.86
22 650.50
72 844.54
11 245.21
83 758.30
43 609.46
88 728.66
49 541.25
73 112.94
15 361.50
76 542.52
67 115.66
89 807.83
30 794.81
79 387.31
62 933.14
83 536.45
70 482.47
15 925.18
75 599.42
64 885.84
80 495.48
28 888.63
80 646.97
58 912.98
35 972.71
13 452.09
25 809.71
4 230.52
10 941.98
59 968.19
60 992.57
51 210.02
90 861.01
26 528.69
67 726.99
60 326.37
75 512.23
98 666.62
75 816.76
7 663.72
85 565.84
27 591.68
93 570.92
94 269.50
97 819.63
56 899.27
1 620.78
5 961.68
2 704.82
75 585.58
46 460.02
41 478.49
7 446.68
42 540.04
86 894.71
72 841.89
45 414.26
6 309.45
60 773.41
46 286.93
45 108.95
57 645.69
25 594.85
1 277.57
45 732.51
14 599.74
34 614.21
18 336.12
24 119.44
19 651.57
7 390.61
95 826.67
60 646.79
55 390.11
70 358.41
18 165.46
79 952.10
24 160.57
44 789.19
65 574.78
11 785.16
56 530.65
51 241.06
58 480.82
80 746.12
24 459.29
93 843.34
67 199.80
5 172.66
24 834.85
61 158.11
69 752.32
36 894.68
41 716.39
56 184.84
49 604.00
8 368.76
17 163.81
12 775.31
53 421.96
40 745.11
43 140.38
47 659.90
24 293.77
97 272.72
66 721.80
62 631.56
80 129.95
33 870.03
26 358.13
8 881.51
16 711.63
89 895.49
24 816.41
23 189.65
2 826.31
2 724.09
86 586.38
53 859.50
8 607.86
31 803.05
22 301.30
79 644.78
15 460.57
98 793.35
8 248.07
31 561.01
64 543.62
52 254.89
23 558.43
87 252.54
49 681.70
40 219.30
52 260.03
46 266.17
50 161.66
69 170.17
73 682.16
47 194.43
22 418.87
33 150.46
54 998.35
89 582.63
83 297.29
18 431.45
81 367.88
28 251.13
51 362.43
47 488.71
2 695.02
86 850.88
52 975.87
30 857.64
24 944.07
56 901.03
78 511.44
18 578.68
53 487.51
97 435.27
52 631.35
67 268.29
23 583.98
74 398.97
55 290.82
61 520.94
74 327.90
7 423.40
11 912.57
64 318.38
84 651.22
29 389.53
47 950.05
81 392.09
31 621.77
91 222.66
45 504.47
46 258.03
19 170.82
64 899.60
29 236.84
11 739.72
89 984.84
42 888.29
78 920.74
79 433.64
24 839.95
22 844.14
67 645.71
85 246.46
31 433.99
39 542.71
54 928.51
60 639.34
64 919.37
73 506.22
98 878.58
77 192.51
90 528.31
65 410.61
92 442.46
14 607.57
95 815.94
44 421.26
96 182.05
98 912.93
69 567.06
15 573.41
93 809.23
57 113.83
13 519.40
91 941.22
40 810.40
31 603.11
67 510.52
14 537.25
46 150.36
1 624.48
10 981.83
12 564.58
6 539.58
76 855.75
10 444.63
58 358.48
16 148.30
75 520.16
58 587.68
90 172.42
99 103.57
67 261.80
93 664.86
91 290.83
68 992.72
65 487.32
30 668.93
63 435.58
38 189.78
64 174.73
7 707.98
35 758.91
79 466.28
75 675.79
98 545.60
73 386.10
81 232.49
6 334.90
63 216.88
67 187.94
38 738.12
84 366.16
64 794.65
58 898.78
81 134.77
35 900.18
48 921.39
55 152.04
23 679.57
46 296.53
2 857.25
34 509.12
81 916.11
63 606.76
26 883.18
34 566.38
29 109.78
94 393.71
56 189.58
100 194.73
83 435.20
2 880.68
15 544.32
13 647.30
39 335.11
40 935.39
68 881.11
74 251.21
38 599.37
91 655.65
39 961.49
73 662.67
41 990.63
8 148.22
86 113.27
14 719.20
39 147.20
28 365.75
42 544.52
8 851.88
58 834.21
89 577.19
4 847.66
55 571.89
45 166.06
40 627.40
18 776.41
78 411.76
30 621.88
85 771.32
97 279.06
8 955.02
20 367.95
3 912.10
68 551.78
25 938.36
28 788.52
40 504.28
70 281.66
23 573.03
26 487.69
13 693.89
87 458.29
92 691.84
94 421.63
71 205.86
61 779.58
32 475.44
65 356.52
12 163.73
37 711.11
13 762.72
72 378.04
89 850.06
79 780.84
86 841.11
11 314.68
56 862.39
9 656.08
35 152.10
34 368.13
85 734.85
12 793.30
71 472.23
54 743.01
27 611.57
54 162.58
12 726.15
27 628.04
51 274.12
44 281.72
5 398.34
16 452.78
69 619.93
96 616.35
70 389.66
90 903.70
75 522.64
47 469.06
11 492.60
85 450.09
50 138.18
71 102.18
29 736.71
90 857.73
10 582.58
75 643.60
72 854.96
27 336.52
3 336.62
23 642.64
49 974.05
97 992.70
42 327.03
15 426.65
81 513.09
10 923.42
90 747.47
82 677.91
56 461.00
70 336.80
27 350.74
47 687.97
40 577.83
2 726.35
8 678.05
50 821.88
23 469.00
9 690.58
95 945.69
13 215.39
49 930.75
16 694.38
24 787.82
1 648.81
49 979.30
26 903.87
36 500.98
86 847.83
11 427.07
90 635.25
50 539.06
87 399.95
83 468.56
10 703.20
98 257.06
47 802.61
33 439.58
66 153.04
94 221.77
78 705.81
79 490.51
81 226.02
98 308.22
25 447.86
77 132.97
100 472.84
82 774.63
62 673.31
3 906.40
96 837.35
24 241.79
55 741.02
1 130.35
36 763.08
35 260.27
99 299.81
20 615.90
93 625.88
65 605.49
85 100.71
67 281.05
83 453.10
83 577.63
21 813.26
68 603.66
13 312.80
83 368.93
38 776.13
75 886.10
9 427.41
51 400.86
86 874.14
79 473.75
61 205.45
30 160.87
10 188.02
15 112.98
76 138.81
27 167.18
4 667.53
53 857.45
16 457.70
14 583.05
53 647.18
97 731.35
51 294.56
83 148.07
55 185.24
59 227.40
52 435.03
84 442.72
57 891.68
31 780.75
60 341.72
25 933.10
51 758.41
5 665.84
43 977.24
7 458.98
2 770.96
47 753.93
13 589.78
89 895.76
23 878.19
53 906.66
18 934.39
21 557.19
56 567.54
28 294.90
52 976.26
93 933.15
1 961.76
79 243.67
21 685.40
27 574.19
75 934.01
21 250.05
28 344.78
35 258.64
64 758.64
65 318.36
39 901.70
19 163.76
33 789.18
92 103.73
28 675.93
30 435.36
69 237.37
69 499.96
35 231.71
83 947.72
69 358.16
66 756.70
68 624.14
84 837.96
61 270.53
33 819.66
18 790.76
51 667.03
84 159.75
27 919.67
66 712.61
89 870.01
89 238.19
66 191.46
60 878.42
27 470.08
19 893.24
91 299.59
73 752.32
28 394.93
89 334.56
26 477.58
24 359.13
58 368.73
57 402.68
6 343.68
16 788.41
63 406.26
77 834.80
65 233.49
12 579.09
12 110.73
39 220.13
51 579.96
18 452.06
96 579.16
42 968.98
78 255.44
40 376.49
67 129.90
35 178.35
28 659.39
93 840.67
91 519.44
9 711.83
90 202.79
84 848.85
1 828.67
73 600.81
17 821.54
62 594.34
31 778.55
50 948.40
79 371.93
18 722.86
83 945.87
5 812.08
50 873.91
56 620.55
65 371.73
12 148.65
91 801.73
29 470.52
20 160.81
79 986.84
10 487.37
27 216.91
42 967.97
26 486.81
31 698.82
46 852.06
19 479.40
77 207.48
75 438.51
86 803.18
14 589.86
74 782.94
98 875.78
37 284.38
30 487.15
76 254.43
87 513.58
43 881.20
89 311.76
26 354.21
16 735.05
22 821.34
42 580.85
66 610.00
28 890.57
4 888.76
54 352.29
33 535.39
100 474.91
25 704.16
84 118.78
68 238.75
80 911.63
17 353.25
57 111.59
70 788.73
41 901.17
71 436.87
37 896.13
48 584.84
29 766.93
31 244.07
74 764.03
67 994.76
79 829.36
61 945.72
75 485.64
34 226.25
81 441.61
63 835.75
96 278.25
81 871.85
85 704.83
83 266.39
80 192.68
76 987.97
91 970.88
62 699.26
35 877.07
44 251.76
1 524.90
68 609.61
93 261.53
38 909.66
43 488.87
48 123.30
64 269.88
31 373.73
94 121.39
29 304.66
76 811.85
37 438.37
88 747.66
87 808.31
55 689.80
64 813.06
69 989.15
25 405.77
68 855.60
26 697.70
81 626.73
14 330.28
15 604.19
55 344.05
22 157.10
58 148.03
93 610.43
37 570.13
68 760.52
63 675.25
75 883.36
18 832.85
70 179.57
73 561.96
73 116.82
17 215.04
97 564.11
21 736.71
58 111.49
41 164.40
68 484.20
14 841.79
99 145.37
46 493.86
10 464.75
21 359.27
18 359.63
12 487.77
49 564.69
70 625.07
3 678.90
77 314.54
47 340.48
34 409.52
7 572.60
82 709.65
56 343.94
39 662.94
33 629.17
63 651.92
75 739.92
29 442.44
23 419.84
93 571.38
77 511.34
76 652.27
21 155.23
78 318.26
72 716.49
38 348.97
63 937.10
4 758.75
51 863.06
43 341.45
28 521.02
24 790.70
56 171.37
100 365.80
46 525.06
12 740.16
50 941.38
82 431.31
46 919.79
87 560.21
44 839.37
57 928.82
33 843.67
64 221.67
10 544.22
80 298.26
11 567.07
42 666.24
49 582.12
28 804.02
42 375.66
51 173.59
14 330.67
61 211.72
46 535.72
55 613.50
41 190.00
7 486.50
39 843.31
8 696.03
58 808.46
51 365.73
64 801.01
44 633.24
34 546.50
6 844.74
12 847.43
25 620.25
5 727.71
21 517.10
62 846.11
60 585.37
18 259.64
49 714.38
81 896.74
84 199.94
67 204.14
92 289.20
66 294.12
64 894.88
35 764.82
76 159.57
18 378.36
53 424.95
6 934.21
85 288.81
39 860.42
72 954.73
66 619.47
48 367.03
85 646.80
4 219.93
12 401.33
54 294.79
4 534.47
59 568.00
45 687.64
10 820.11
5 698.67
81 132.10
39 676.18
63 763.46
38 798.95
38 725.39
22 244.09
13 255.58
90 838.09
40 894.15
97 922.86
79 243.68
14 526.44
79 290.67
49 627.79
52 725.10
85 948.26
39 246.46
81 727.24
86 330.07
45 573.62
42 892.10
67 647.38
36 751.07
81 144.34
59 234.39
47 204.54
47 270.46
2 953.65
85 289.88
47 929.79
71 379.91
82 155.31
91 166.04
18 240.37
33 921.10
93 778.71
93 329.73
78 728.91
79 358.31
20 731.48
76 904.50
94 964.40
54 911.12
62 462.35
2 191.91
73 856.04
50 251.60
6 327.70
45 410.11
66 297.69
2 597.33
84 925.65
76 924.90
76 544.57
8 671.47
52 296.73
1 833.49
95 677.53
73 964.86
19 977.68
52 147.52
65 848.11
97 973.67
8 575.70
50 647.88
5 141.79
70 190.10
57 673.00
45 104.55
34 182.78
52 995.21
94 173.16
91 367.90
62 609.05
3 732.35
22 870.68
6 267.29
73 579.38
76 289.09
84 760.69
79 528.70
6 835.73
37 184.48
59 455.19
41 749.39
80 973.16
8 893.77
56 767.69
30 134.58
3 934.51
67 715.10
82 916.73
78 791.61
97 966.65
55 493.34
71 305.63
40 354.14
100 591.00
46 228.99
15 647.71
50 942.65
83 130.32
74 241.49
33 561.06
50 434.25
86 224.72
74 310.35
67 964.29
48 332.46
100 408.19
66 420.81
89 150.33
59 390.75
40 882.26
87 516.20
80 486.37
19 267.20
85 147.90
94 887.27
44 867.14
91 304.57
78 123.80
61 870.95
65 838.06
66 525.79
60 340.94
41 580.43
59 830.23
53 199.75
91 302.37
72 658.78
32 376.09
10 165.21
66 360.31
5 388.76
48 958.00
59 249.41
69 403.49
87 258.27
15 363.44
68 587.12
32 572.87
24 266.84
17 989.54
78 374.80
8 190.62
19 959.76
81 493.45
70 766.22
57 452.11
49 511.46
11 869.26
22 922.58
61 737.98
30 665.33
26 161.95
81 520.07
76 612.07
44 309.47
22 199.04
45 793.90
36 998.03
97 514.99
38 302.45
38 222.93
40 456.48
79 864.44
53 137.25
41 174.95
71 227.41
30 307.19
80 442.35
90 273.28
90 949.92
47 655.85
46 854.63
86 320.58
91 109.92
91 464.55
91 444.26
11 203.09
11 733.58
78 252.64
12 504.73
51 820.91
94 867.49
79 611.21
73 119.17
81 115.70
59 958.04
75 256.80
94 544.19
30 775.83
63 274.79
15 496.04
38 150.55
77 543.12
57 889.19
14 856.66
79 642.91
49 835.85
35 514.67
82 868.38
20 759.46
73 633.27
100 363.93
97 833.29
93 504.99
58 428.12
71 189.14
81 802.91
78 700.27
25 200.19
19 245.37
81 479.25
90 664.20
18 402.14
95 366.14
98 553.80
67 164.05
89 529.56
15 962.66
36 756.93
52 312.28
85 381.56
80 102.17
60 733.53
69 709.69
77 116.17
11 347.84
49 316.24
28 965.14
26 386.00
31 349.02
90 821.60
51 720.86
84 263.54
91 412.97
69 848.02
33 490.41
63 465.10
74 687.35
35 916.63
3 509.74
62 856.61
67 280.39
62 364.74
4 944.21
28 716.24
92 145.33
52 276.06
94 568.24
66 210.68
53 580.46
54 514.57
60 726.31
2 425.92
49 760.53
56 280.84
3 705.11
59 322.13
92 871.27
76 862.93
59 252.91
81 350.72
9 696.07
47 254.97
27 740.46
12 233.94
29 430.39
84 699.64
13 346.99
63 534.75
21 936.24
91 215.50
21 234.71
78 713.74
46 432.84
53 415.66
6 842.81
27 446.40
73 901.29
4 328.86
57 330.79
62 614.86
40 735.31
72 365.00
99 630.23
78 388.47
37 597.69
22 650.88
93 290.88
19 576.67
92 512.55
54 225.56
87 969.28
97 545.31
50 510.40
15 146.92
47 398.53
77 739.49
52 247.72
42 377.26
93 836.47
74 897.64
22 139.19
24 480.59
41 781.26
7 117.07
5 955.81
27 392.38
4 650.59
25 812.81
95 792.65
68 836.56
94 189.34
17 573.91
19 933.07
65 628.05
57 675.44
1 984.72
28 677.55
32 992.17
87 647.35
36 777.82
7 908.13
63 907.03
67 957.36
23 509.27
34 871.70
85 105.82
78 730.69
77 719.28
87 852.62
79 288.73
72 475.96
19 481.93
29 815.22
19 233.16
26 788.34
24 936.52
22 676.29
69 444.21
76 792.30
76 380.44
26 727.15
21 677.51
43 245.31
23 798.76
44 925.17
25 259.57
95 744.15
40 716.70
59 956.65
75 301.41
31 387.62
36 445.39
57 422.89
7 978.99
49 885.45
64 438.69
7 350.09
63 602.47
1 324.49
6 342.79
10 297.70
64 432.24
83 946.96
90 659.42
59 580.74
50 449.47
66 987.22
7 804.29
75 513.92
79 231.74
90 531.68
91 900.03
39 249.75
20 533.31
50 602.17
83 754.49
97 681.86
65 116.70
7 450.68
39 462.52
2 207.06
86 724.75
38 944.05
72 792.77
22 705.68
3 271.16
44 210.17
26 519.49
36 842.24
100 588.13
15 463.21
41 948.44
16 455.86
76 153.81
69 276.04
98 791.76
29 213.85
22 926.14
47 338.73
47 470.54
46 747.96
66 154.38
12 716.23
56 135.78
60 827.53
73 461.78
24 269.87
93 929.36
32 831.13
55 293.64
24 358.59
60 741.09
7 825.26
7 996.90
34 644.91
91 585.50
76 603.65
91 660.96
1 746.53
41 545.56
88 378.72
6 478.25
38 645.19
5 886.01
44 215.54
32 511.93
71 609.00
89 613.84
43 950.07
21 306.05
37 951.19
69 554.77
85 933.20
9 560.44
14 746.60
60 901.39
89 124.49
33 420.87
89 155.45
88 526.48
51 847.18
46 451.01
6 658.01
35 681.74
59 557.01
10 798.71
1 398.00
82 247.59
23 665.87
87 263.16
28 221.51
70 266.04
59 959.50
11 285.01
30 987.88
9 743.04
25 278.60
40 869.00
69 320.11
68 933.67
41 928.02
92 980.07
68 990.22
98 339.61
12 125.72
56 890.88
9 857.09
9 475.90
91 759.12
31 192.68
40 662.06
96 441.17
62 144.61
93 865.55
5 946.72
30 457.32
58 252.89
2 493.33
93 599.25
98 404.14
6 856.99
74 169.35
3 738.50
35 904.18
29 423.81
32 857.32
76 222.35
94 990.64
36 674.47
75 507.22
45 147.52
20 830.83
10 641.68
15 211.53
18 300.28
38 503.91
68 730.01
77 158.79
22 699.73
45 701.64
67 140.03
61 216.66
28 775.89
76 271.29
44 514.42
55 256.32
24 410.34
97 846.56
89 490.81
55 470.06
59 176.36
14 315.68
62 627.69
2 452.52
74 441.79
7 807.86
85 899.65
32 158.16
54 622.64
6 437.33
11 281.97
62 522.22
7 918.03
71 949.89
86 918.20
87 355.74
15 974.15
88 138.83
43 624.19
93 239.42
54 351.01
29 973.46
47 428.90
37 604.48
95 238.71
24 878.74
81 964.74
14 939.12
49 391.82
18 815.98
81 330.60
53 523.51
70 244.86
94 746.75
31 384.25
33 702.96
60 524.22
85 426.65
92 756.42
77 856.78
98 995.58
4 563.45
75 792.74
58 512.43
99 494.06
14 814.83
57 913.61
74 617.60
41 452.74
11 171.23
59 207.67
35 110.22
14 190.24
81 241.54
83 751.73
79 658.36
66 727.57
19 588.98
43 661.58
31 335.76
63 879.53
81 310.36
76 930.75
23 221.01
33 116.63
10 215.27
4 274.21
86 163.36
10 124.66
60 648.27
31 157.89
47 107.40
17 966.15
69 239.27
63 568.70
60 942.71
25 363.09
41 965.64
40 325.07
59 843.75
53 513.62
17 814.70
38 230.31
43 787.25
88 483.54
7 404.52
2 985.40
47 104.89
20 723.17
54 573.60
92 206.52
85 251.49
44 770.67
95 975.01
64 744.77
52 784.03
1 290.37
97 331.77
44 753.14
25 255.65
15 878.02
79 797.22
10 758.47
47 929.30
6 509.51
87 755.27
50 886.51
21 405.92
14 891.28
99 426.07
67 865.77
52 505.91
97 460.28
39 549.34
3 187.11
56 550.01
7 255.39
72 893.82
85 458.43
10 890.73
18 770.60
9 568.09
30 274.84
60 906.40
49 135.83
85 788.51
53 708.31
88 252.50
79 463.96
5 743.23
73 302.72
79 239.32
20 656.85
95 760.54
13 291.58
70 764.06
70 998.40
26 810.00
74 356.12
33 773.19
93 739.62
77 888.44
10 578.60
55 783.91
95 910.86
82 359.36
33 138.06
14 589.34
13 335.74
5 784.63
10 585.04
55 235.30
67 149.71
62 511.22
97 463.15
83 559.93
26 443.20
94 920.51
40 779.77
88 976.79
46 536.79
40 537.16
100 907.32
27 628.59
16 707.63
39 664.84
48 940.65
82 853.34
73 135.94
10 910.73
42 111.77
96 344.56
52 372.88
81 771.32
88 770.93
32 139.27
56 641.61
66 138.40
84 170.64
26 128.43
61 771.83
80 218.49
74 139.78
46 613.64
31 205.73
90 720.15
56 918.03
62 201.27
92 254.36
93 458.80
62 396.07
44 875.89
58 589.65
1 192.40
77 737.78
48 727.12
22 680.21
65 869.42
66 123.34
32 468.68
90 243.85
40 849.18
3 638.83
16 994.03
2 434.81
57 836.26
65 677.47
33 406.58
66 377.27
99 204.11
29 499.00
19 658.00
77 413.29
81 297.15
57 489.24
4 636.26
99 228.61
8 286.31
4 218.65
14 107.17
13 868.35
43 378.13
38 467.60
41 830.35
72 527.91
42 964.24
3 583.01
93 239.29
67 120.51
65 634.23
10 470.34
87 556.92
25 747.38
7 106.84
85 880.02
37 704.64
38 598.24
26 448.88
24 558.12
80 116.95
48 926.21
99 847.55
16 973.89
66 232.42
49 296.11
93 176.35
21 447.61
44 830.33
42 383.46
22 696.44
88 372.47
62 121.24
19 411.66
34 706.08
44 772.16
39 349.40
14 277.57
83 636.99
34 951.64
96 898.69
29 807.78
25 285.08
37 304.17
86 443.89
64 973.49
22 370.98
76 472.23
92 140.37
5 444.40
68 200.23
98 252.72
71 254.98
97 920.58
70 614.07
34 917.94
56 869.94
52 405.49
56 174.80
94 852.70
28 324.90
27 222.22
46 230.60
21 676.64
75 719.23
14 550.32
22 498.35
76 791.97
95 983.44
92 205.27
72 372.44
57 933.83
10 588.89
30 420.67
63 353.55
57 132.81
70 126.48
33 474.67
38 924.72
69 876.76
92 841.11
45 716.61
52 528.71
43 522.93
69 227.14
20 736.80
98 892.32
93 153.11
75 343.06
9 447.10
63 510.66
57 155.92
74 511.62
27 881.06
23 784.40
22 610.27
41 367.37
30 542.62
66 976.75
34 683.69
45 973.89
97 516.03
75 177.61
98 300.78
92 257.00
84 966.37
46 965.53
63 521.68
73 109.09
33 177.87
44 565.44
31 306.42
85 167.26
81 715.73
48 376.26
46 978.12
31 437.71
37 377.60
18 228.06
86 216.20
54 973.59
97 540.39
84 191.57
95 405.88
10 345.56
57 872.74
57 344.75
1 999.34
10 579.12
75 644.13
89 227.15
47 705.25
62 437.78
45 354.66
97 524.86
85 706.18
13 564.42
32 403.86
100 782.87
44 665.91
69 541.25
30 432.74
75 247.30
16 896.44
94 773.62
6 370.26
38 234.02
50 980.74
15 871.41
24 619.28
60 604.95
33 862.86
4 344.20
18 612.75
11 271.19
6 333.17
62 863.80
68 338.79
18 389.63
17 393.18
4 521.92
58 441.13
69 483.67
86 104.42
67 708.08
54 868.93
50 453.64
8 921.50
8 527.41
34 642.89
72 481.21
86 784.60
18 429.43
94 800.95
86 836.00
57 156.25
76 231.98
92 428.79
17 121.06
83 815.50
2 740.95
71 109.00
60 777.57
82 436.88
68 801.01
42 110.61
93 151.71
26 334.76
65 563.77
14 802.85
5 549.56
96 748.74
52 884.69
4 455.43
54 968.17
21 893.23
58 747.07
88 241.93
6 414.16
31 498.73
35 186.15
71 958.17
31 211.00
57 275.35
98 921.74
99 962.67
60 250.37
58 727.57
28 402.39
30 707.31
50 170.00
7 750.68
35 630.53
85 254.14
83 555.71
70 608.59
86 870.41
84 181.70
86 804.91
91 780.89
95 791.69
64 909.03
51 290.92
55 735.97
50 556.68
2 207.06
44 904.34
34 978.57
58 648.07
99 241.25
7 922.53
5 799.95
49 284.57
88 696.92
71 603.86
22 133.30
48 242.38
23 966.85
19 644.62
80 171.85
38 198.34
41 866.24
45 161.32
75 933.68
50 902.53
31 681.44
41 669.30
34 383.19
53 609.18
79 440.09
3 662.45
42 646.62
81 120.02
11 291.59
72 543.31
16 990.24
91 906.67
45 701.21
12 861.28
83 325.79
51 663.07
3 521.95
76 240.71
47 292.52
5 811.61
63 521.73
36 266.90
25 348.97
35 827.20
89 988.67
29 729.67
85 540.10
47 148.40
100 234.29
86 996.13
81 337.59
100 453.77
67 267.44
86 887.74
61 106.08
38 238.28
60 589.49
100 154.61
3 410.70
71 116.25
30 659.48
43 477.83
38 938.86
100 193.21
67 470.71
73 747.77
94 986.97
41 200.30
64 286.63
96 653.58
16 596.71
9 259.61
84 205.28
47 483.22
6 172.83
84 879.73
28 279.27
70 590.73
82 651.25
47 641.37
18 256.60
35 445.11
53 205.04
24 422.57
7 801.05
7 821.20
13 471.75
55 412.07
34 292.95
82 737.34
86 835.56
64 954.29
38 227.64
78 996.76
80 821.94
95 919.23
26 202.21
92 832.52
78 612.59
79 293.05
39 298.36
94 562.12
64 158.13
23 381.34
8 400.19
60 490.57
37 384.27
100 199.10
71 825.45
76 147.05
77 671.79
79 325.64
97 916.26
37 341.70
14 902.07
37 733.61
26 584.91
25 972.24
68 486.36
56 809.28
5 813.68
49 618.11
54 280.93
74 203.11
65 927.76
10 413.87
65 516.10
79 548.52
38 247.48
71 249.47
35 458.67
62 494.33
50 596.93
51 683.86
36 923.50
69 704.39
35 740.13
79 583.36
11 503.32
73 978.39
22 749.87
44 168.88
5 845.17
52 403.27
47 251.43
34 671.55
30 274.40
31 408.16
78 475.88
41 159.68
64 752.77
36 796.23
20 152.98
18 888.97
33 519.02
31 670.96
11 934.92
26 221.29
37 459.69
47 791.40
3 640.35
54 552.72
34 466.12
1 104.36
99 639.14
17 540.02
29 217.00
57 452.74
18 377.19
8 888.72
24 358.90
5 597.11
36 576.09
17 985.78
60 791.97
19 472.88
11 781.81
65 406.14
77 921.43
86 224.18
13 636.53
40 667.19
93 708.20
72 808.08
27 205.13
67 340.70
76 896.89
5 897.39
58 727.56
9 691.67
79 215.85
16 549.27
79 244.87
88 705.08
50 340.90
76 761.21
94 143.08
20 844.44
53 920.38
96 813.90
78 105.23
9 143.79
86 186.16
93 736.96
65 485.65
24 516.93
49 594.40
76 929.51
14 895.38
30 394.18
45 371.16
76 426.72
21 797.80
93 179.58
39 427.47
58 881.08
22 430.19
79 813.69
97 593.56
100 476.56
29 322.49
74 127.80
75 101.84
35 994.23
61 616.40
29 383.74
14 907.05
77 931.98
96 103.10
90 248.63
70 694.36
26 815.18
11 502.90
50 958.39
94 259.47
76 215.71
9 832.27
69 856.92
60 224.81
37 634.82
28 810.39
41 945.41
32 234.02
69 549.92
73 405.01
74 412.28
80 196.52
49 787.07
9 275.50
71 207.60
31 281.91
21 692.27
35 209.53
75 585.43
63 952.29
54 110.44
97 581.80
78 385.65
48 564.40
85 789.50
69 795.18
65 756.02
38 870.60
72 206.66
44 687.09
47 618.78
98 559.13
38 763.39
14 855.00
66 117.88
32 426.20
85 132.07
26 140.30
60 718.10
100 286.27
41 434.27
62 760.71
40 832.18
23 860.27
63 389.85
53 179.90
60 720.62
49 976.05
94 502.80
8 177.53
25 363.39
42 572.65
97 538.36
24 254.64
26 585.09
74 247.17
39 563.94
22 689.92
88 244.62
88 858.89
21 185.98
82 347.84
98 407.76
18 510.53
65 366.50
95 908.14
39 157.23
31 848.89
49 574.98
65 256.31
66 133.32
61 685.65
78 413.26
83 897.44
81 200.12
72 644.46
26 454.25
90 418.89
16 896.60
43 628.24
50 836.88
92 656.66
89 984.24
2 145.26
56 107.42
13 922.26
95 484.89
83 598.38
6 291.83
11 777.02
49 573.81
36 199.64
12 436.66
16 216.30
24 838.89
17 164.58
26 394.60
43 875.28
82 556.30
98 430.90
11 339.85
10 631.04
7 795.80
34 245.53
85 443.79
55 771.11
84 874.51
14 990.44
63 181.01
37 185.70
5 890.30
19 530.74
28 707.33
76 915.35
6 565.34
30 807.36
18 957.98
32 367.46
97 388.75
63 135.48
10 464.40
16 544.38
81 852.06
21 996.72
48 907.56
40 406.87
83 360.05
96 505.04
63 215.09
18 119.71
57 790.59
73 351.11
9 250.87
58 725.78
47 624.16
13 269.25
42 705.05
75 974.97
100 676.70
45 122.31
30 382.28
68 481.60
99 701.32
35 309.26
45 806.41
19 408.24
28 644.09
9 287.48
63 950.11
68 190.45
11 495.35
79 454.36
54 752.90
75 114.08
84 916.82
6 910.60
6 303.69
11 319.15
78 357.23
69 263.97
28 819.02
73 511.41
46 922.10
61 583.56
53 492.65
94 520.66
88 469.42
75 268.80
65 448.55
63 502.26
95 726.96
62 658.42
62 915.19
98 661.66
53 900.64
90 593.22
14 999.11
36 108.78
52 735.10
17 454.91
13 521.46
67 872.50
91 125.93
74 453.56
12 625.09
10 157.29
36 987.73
9 744.52
83 871.65
70 914.93
78 219.00
22 217.08
91 957.18
45 689.70
40 969.60
91 713.47
60 806.90
62 740.44
6 688.00
70 672.74
83 860.61
94 670.47
83 951.41
26 680.97
90 110.07
59 629.97
21 234.13
17 386.25
6 914.33
87 761.09
84 705.94
22 253.67
78 192.61
21 960.18
21 302.18
71 342.46
46 235.66
14 168.79
70 506.00
34 364.27
9 211.90
20 991.23
97 804.03
16 754.25
75 608.63
70 758.81
48 857.58
98 733.21
74 968.11
58 591.48
44 759.06
8 417.08
83 296.08
1 917.46
86 541.19
7 999.83
38 554.17
1 786.05
33 143.01
29 668.39
27 588.83
34 375.27
18 197.71
58 180.94
23 209.82
18 230.48
89 325.33
44 116.36
7 233.65
74 103.80
39 175.87
92 844.15
36 922.06
31 659.96
94 226.26
17 723.53
30 434.56
54 680.74
87 818.10
12 584.18
38 876.17
52 965.41
83 499.12
67 195.44
21 990.94
22 372.68
16 320.97
54 328.93
55 567.61
3 906.63
29 653.59
22 994.47
41 475.34
69 292.58
12 264.87
75 281.87
67 613.11
85 293.19
66 252.02
27 685.67
5 581.57
71 103.86
100 527.18
48 699.32
30 304.45
87 910.24
92 422.30
29 360.95
20 111.42
6 883.41
63 184.96
80 444.01
55 256.51
10 860.76
94 808.86
47 655.75
6 786.87
24 227.30
49 272.89
7 732.14
40 844.86
85 598.22
86 732.31
95 649.44
87 637.37
82 411.46
76 831.60
69 741.35
39 801.45
57 320.49
87 131.81
43 916.08
96 920.16
88 183.97
83 919.74
76 406.58
53 350.40
88 591.07
69 430.74
10 940.37
28 786.23
32 481.86
82 604.49
36 116.20
45 697.18
82 969.96
85 596.98
91 611.64
5 776.43
82 274.32
64 443.37
49 172.31
52 523.80
96 551.92
42 382.87
58 990.30
34 173.69
79 112.40
53 215.94
66 845.95
64 601.41
89 442.67
5 365.26
36 861.18
3 345.86
52 800.66
65 406.33
38 524.82
65 642.30
25 150.09
56 300.63
17 992.67
59 693.60
96 916.08
32 653.10
49 741.13
89 422.87
46 944.51
27 696.45
30 792.17
100 332.87
21 859.93
57 890.09
49 978.76
94 328.59
43 171.82
53 808.33
59 803.60
84 105.34
81 534.57
6 146.12
95 272.70
43 994.76
89 390.80
64 917.22
60 884.71
60 130.90
58 506.02
100 759.97
37 564.69
20 836.29
18 515.01
64 875.85
99 824.14
91 930.70
64 984.11
68 486.09
80 985.53
94 864.09
47 151.61
99 279.91
50 253.19
84 837.72
30 526.87
77 508.42
98 957.78
52 106.04
5 114.42
45 809.53
34 612.73
47 326.78
96 121.79
37 735.71
92 728.64
32 448.90
8 126.41
31 688.61
34 903.60
56 994.34
11 860.63
92 860.85
100 466.16
95 559.57
90 256.62
14 948.11
84 376.38
4 405.40
98 583.62
16 997.92
16 793.15
30 327.41
21 111.86
30 784.77
84 215.91
18 621.44
38 274.82
88 884.91
31 801.96
33 701.23
60 955.08
42 474.71
8 807.17
21 150.47
17 637.04
50 681.37
28 521.59
10 610.34
38 362.95
12 937.88
39 881.04
84 244.74
76 752.57
4 719.87
70 925.22
70 291.14
70 506.73
71 103.88
75 402.97
89 276.13
51 153.91
68 415.57
2 676.14
84 695.39
56 446.46
35 789.22
45 912.25
9 146.08
73 537.51
78 457.03
13 728.29
21 908.15
93 802.95
17 280.75
10 206.78
97 784.04
65 859.76
4 423.33
15 646.89
86 651.32
42 545.49
45 953.98
52 325.95
59 406.64
80 786.28
100 498.42
1 527.95
33 140.32
45 381.77
58 593.87
8 780.66
75 181.79
16 550.72
31 562.60
42 359.68
96 787.13
94 777.44
63 628.23
12 599.46
42 371.78
76 476.17
34 894.46
18 505.87
61 820.17
90 898.36
80 502.40
17 150.94
13 170.11
70 536.35
8 135.85
100 170.98
30 838.54
8 449.75
38 577.90
85 425.42
78 146.32
60 998.32
98 781.26
49 664.71
28 935.48
20 337.11
75 491.99
48 846.08
26 598.33
45 872.60
37 896.22
7 656.14
26 164.05
98 357.48
52 852.10
71 263.80
26 525.89
57 280.70
98 919.77
37 934.63
48 512.77
85 738.73
21 919.18
87 807.88
12 958.95
54 565.64
70 604.25
65 991.63
71 396.46
29 523.55
81 794.33
96 541.60
3 279.56
2 349.41
30 579.34
39 778.42
77 102.33
64 856.04
54 292.65
40 186.09
21 364.34
51 387.62
12 356.86
20 665.89
36 496.46
72 408.02
2 881.66
42 152.22
78 223.47
17 171.95
83 807.25
48 805.09
51 590.07
60 578.07
1 613.98
82 750.97
78 155.20
84 390.59
92 761.33
39 929.10
94 266.37
23 390.35
88 503.37
94 503.81
100 535.53
51 683.40
19 684.54
91 672.71
67 350.25
37 803.46
61 956.43
49 537.56
42 579.19
62 734.91
56 344.06
43 163.71
6 544.11
89 260.07
87 527.19
79 824.85
59 345.53
11 126.30
59 660.79
58 272.25
72 886.39
80 611.88
47 487.90
30 455.33
77 223.38
49 907.71
94 160.10
81 487.77
23 447.85
38 601.24
94 493.49
31 851.01
4 642.01
40 757.67
40 476.55
2 370.33
92 943.35
79 594.22
35 433.07
27 800.34
4 706.03
16 712.29
85 278.58
56 382.26
48 493.10
34 131.14
67 758.61
20 427.56
32 519.19
69 180.39
76 376.88
41 615.33
83 718.17
100 492.54
9 281.16
53 169.55
56 526.43
29 303.31
60 906.52
73 408.98
18 847.83
99 371.02
60 217.24
61 322.77
51 996.34
34 220.04
89 910.14
13 965.99
83 363.78
41 710.13
31 709.48
42 979.70
72 346.81
16 697.86
11 433.73
46 929.87
97 381.19
88 375.55
97 142.57
33 713.75
41 628.47
71 431.36
19 309.33
16 274.39
32 149.98
83 200.35
4 827.63
59 607.69
83 211.27
72 716.09
18 634.47
5 344.54
90 813.88
54 261.14
76 320.30
21 286.36
1 364.50
8 584.26
64 208.59
49 457.13
4 511.03
99 374.14
3 843.97
43 399.04
41 896.28
90 148.34
56 297.74
56 265.94
41 327.61
90 407.84
99 578.06
44 856.51
65 749.14
88 277.81
83 452.64
33 329.92
46 858.66
54 575.61
56 644.37
87 719.90
60 831.32
38 392.74
42 188.57
54 384.60
28 713.16
91 129.38
38 871.56
5 371.51
84 489.37
9 442.47
17 497.46
43 441.48
38 615.04
57 884.80
86 249.28
38 292.68
72 612.49
29 601.09
22 192.75
2 889.81
93 532.83
46 746.17
58 289.92
97 832.61
56 361.21
56 550.00
89 171.68
86 555.13
76 620.56
75 112.68
96 565.36
31 354.77
16 863.94
65 332.30
77 636.55
50 634.42
63 915.89
46 886.13
42 246.69
35 423.27
79 333.82
90 215.76
58 563.06
18 512.97
12 966.84
77 853.07
42 261.39
26 298.54
63 422.82
70 761.88
20 184.21
40 200.38
49 889.21
69 727.44
49 298.43
61 719.66
69 149.87
99 769.63
77 545.23
50 300.67
80 836.27
2 358.54
5 749.81
26 852.71
62 361.76
86 933.83
94 695.77
60 777.38
31 650.55
14 145.83
66 649.39
16 302.91
83 714.55
89 941.08
75 786.19
59 283.25
50 148.23
79 829.17
3 435.18
1 929.07
41 332.98
20 856.33
56 683.55
58 368.72
10 616.24
3 923.23
87 535.30
31 553.75
81 880.62
40 511.30
32 895.23
48 924.41
6 586.84
24 264.50
82 389.35
8 709.17
36 247.59
18 760.73
68 653.91
85 702.68
9 520.12
53 768.85
73 369.99
82 724.26
100 338.71
28 945.72
91 160.07
100 658.94
50 484.70
75 239.09
12 655.74
87 467.16
58 182.19
24 329.17
68 874.39
41 471.29
39 935.95
25 115.42
32 668.73
34 293.39
67 567.91
75 877.73
54 326.49
93 108.13
69 715.04
72 550.58
55 526.13
6 653.59
3 223.67
82 419.10
42 463.11
2 749.52
56 326.78
35 322.25
24 628.35
38 615.80
64 250.91
14 385.77
5 251.08
82 649.33
6 223.16
16 427.58
95 664.49
38 757.41
41 755.72
100 368.68
39 712.85
43 920.91
77 354.42
55 895.71
39 708.05
97 805.00
88 212.51
38 832.55
21 133.59
71 744.57
30 242.23
61 999.77
7 545.11
4 405.08
60 708.93
87 866.20
59 145.38
35 841.83
63 965.42
12 272.08
94 732.40
62 609.10
40 223.45
20 935.82
64 194.69
2 976.61
85 693.19
100 900.09
64 301.96
77 932.44
5 802.60
72 976.95
10 948.60
48 885.45
80 788.82
26 111.28
74 673.30
31 353.25
57 778.50
89 886.54
26 336.20
32 231.49
39 986.47
84 926.14
5 194.84
70 329.88
61 298.18
72 753.35
95 221.49
25 376.43
68 258.38
98 588.20
91 314.28
77 599.16
85 518.05
44 994.64
41 904.22
18 955.38
100 378.27
65 120.55
57 949.54
16 511.21
33 959.52
95 486.27
50 492.64
90 929.78
2 162.08
65 188.02
75 516.60
42 674.36
3 150.58
66 221.80
91 558.66
17 380.77
37 410.11
1 702.04
65 440.34
55 555.90
81 591.18
46 483.48
42 343.13
79 930.25
40 944.84
34 179.60
91 536.84
77 152.78
38 507.72
15 307.19
14 413.92
70 478.87
85 500.47
1 419.93
54 242.61
55 106.89
47 241.83
94 304.18
97 597.96
20 294.75
51 838.49
12 556.49
96 607.06
90 816.02
45 639.04
91 521.37
97 100.65
95 479.27
9 469.09
78 883.35
10 496.99
97 182.18
71 347.14
46 181.63
60 470.79
56 240.19
46 975.38
93 537.11
22 441.01
77 356.03
49 637.51
40 176.42
58 730.72
96 866.99
38 308.55
1 223.35
87 504.33
65 418.65
76 389.43
46 603.99
77 999.44
6 470.88
35 693.10
84 565.77
70 188.91
83 727.44
3 591.00
81 308.66
20 388.20
63 827.33
21 656.29
61 138.95
72 939.82
42 493.41
99 319.12
98 334.80
73 360.01
89 209.36
58 272.79
50 955.51
4 147.87
73 313.06
28 193.61
11 287.23
62 680.80
92 353.78
47 146.39
89 421.54
44 400.81
63 685.40
14 685.08
13 330.44
74 965.22
84 993.00
14 203.17
1 644.86
9 800.77
66 526.89
66 661.09
30 681.62
87 660.84
22 406.70
82 756.91
61 578.59
72 493.89
93 250.04
84 427.22
63 847.77
82 845.08
11 533.96
78 154.31
5 591.10
17 286.09
36 907.63
24 518.00
30 290.06
3 407.26
98 254.93
18 606.22
21 194.66
86 458.75
4 357.10
76 509.07
79 810.65
10 156.90
37 380.05
66 402.48
9 329.90
48 976.45
77 834.54
43 232.03
16 649.24
20 251.26
77 338.11
29 811.11
52 423.57
49 397.47
16 773.23
64 187.44
15 533.51
51 942.36
20 982.82
16 342.11
4 641.80
76 186.48
16 976.50
96 773.27
59 496.60
15 832.95
43 922.62
98 830.59
31 745.36
35 495.84
55 433.84
61 581.28
57 662.36
59 993.12
93 833.75
39 376.98
91 918.35
33 821.19
93 347.85
87 816.14
39 939.49
54 624.02
20 550.84
88 978.35
15 594.13
91 617.05
38 222.08
39 758.91
40 195.18
88 532.61
37 440.96
83 184.17
79 543.48
11 120.19
90 661.11
39 926.15
18 456.83
24 181.65
9 298.10
10 277.30
40 687.21
38 394.15
41 913.54
3 251.38
95 849.35
4 442.68
59 220.39
47 454.62
52 634.36
69 205.17
61 895.89
94 130.39
18 635.17
26 631.44
74 978.23
28 842.89
95 382.60
76 714.19
50 880.10
94 863.69
16 133.23
100 102.72
62 103.08
62 365.30
66 633.56
40 780.62
2 475.07
3 824.69
79 827.41
92 460.75
27 604.38
86 405.86
19 641.54
77 417.27
99 185.74
74 375.45
40 425.63
90 721.76
35 401.45
62 585.28
8 450.94
89 113.06
57 429.11
27 147.27
11 686.62
20 904.65
34 956.23
71 611.56
73 950.89
28 368.79
41 105.87
66 399.79
11 155.02
53 701.60
7 744.45
40 668.33
66 735.15
79 397.25
28 777.59
23 462.94
50 711.11
93 961.49
4 341.77
57 327.85
58 705.85
44 601.87
37 962.54
84 534.62
49 100.63
45 507.98
57 786.07
35 932.87
83 503.67
21 901.84
11 967.71
26 386.90
14 844.39
47 181.59
44 418.91
73 862.97
13 850.53
49 810.23
80 327.84
62 532.76
41 781.62
90 756.39
86 542.55
24 157.94
93 646.63
39 302.39
60 106.11
4 700.29
71 426.16
82 644.85
64 466.28
4 245.59
79 844.06
91 724.56
65 821.54
43 579.11
26 653.75
88 656.21
48 269.27
38 170.80
78 547.87
28 849.65
2 696.04
6 767.08
76 573.49
39 429.88
46 787.60
27 195.63
96 370.60
70 197.52
35 816.22
5 907.61
16 733.62
72 443.96
15 229.97
29 232.54
22 936.77
23 220.18
6 588.10
21 619.86
78 889.78
44 883.19
63 894.78
12 202.31
48 619.88
67 951.24
44 963.90
77 341.64
86 439.99
41 917.60
8 716.67
17 731.20
44 299.39
12 905.94
2 385.69
53 929.39
36 309.61
1 424.92
97 190.97
97 728.27
16 895.23
3 323.38
34 611.41
26 253.28
82 700.00
5 375.68
71 562.73
19 416.54
70 251.20
22 708.12
72 330.27
16 514.46
58 569.99
15 638.78
71 594.00
39 220.84
51 192.33
85 101.40
71 318.03
26 402.85
5 762.88
28 220.23
93 229.87
15 589.68
44 885.85
46 124.76
60 351.35
36 986.38
68 943.61
34 937.76
23 824.18
95 812.56
92 257.74
23 924.65
11 346.00
63 724.91
61 346.80
42 803.28
76 906.95
17 480.32
7 344.81
50 191.88
73 803.05
70 318.29
97 204.36
60 712.30
66 206.81
83 998.49
51 631.67
46 857.70
2 935.00
19 991.18
78 240.09
97 812.65
5 252.70
89 311.14
6 524.36
61 305.53
2 617.22
76 145.03
21 597.63
54 596.00
37 465.43
26 907.18
20 586.44
71 367.30
86 862.06
10 953.32
77 814.90
97 512.73
58 360.28
81 666.18
25 290.99
24 766.42
76 501.84
36 341.86
88 146.52
92 291.77
61 230.99
2 325.81
76 487.78
52 411.61
95 364.53
21 209.31
14 609.33
79 429.11
14 391.06
50 364.48
93 866.61
62 864.22
13 409.72
20 853.00
24 673.58
56 908.95
22 671.15
25 642.10
95 378.64
8 167.79
34 994.59
21 364.49
62 915.27
21 514.08
69 669.85
15 773.85
91 504.18
48 619.21
73 576.93
69 517.84
4 421.28
60 245.65
97 657.70
50 791.68
29 296.89
65 393.21
12 216.74
61 495.01
31 248.32
13 835.62
42 956.36
97 348.42
98 292.19
72 865.53
1 496.35
87 725.98
27 385.12
62 584.75
91 684.37
39 817.72
18 363.25
14 112.17
87 170.95
24 884.15
33 711.54
49 838.77
83 977.79
62 522.16
3 170.70
31 964.33
1 148.62
67 435.43
19 691.64
72 321.04
77 377.34
37 562.34
32 524.28
42 363.55
52 154.29
14 400.95
65 589.11
5 904.99
89 102.00
2 907.34
40 666.58
44 795.12
84 646.98
69 847.62
46 376.63
42 549.53
59 449.34
19 137.04
99 846.11
77 643.63
53 369.00
58 611.89
48 656.15
18 422.05
12 907.02
27 457.96
15 677.26
90 104.79
5 165.81
62 674.32
60 459.35
9 640.41
10 610.42
96 524.88
84 999.02
81 100.11
28 281.22
89 383.80
55 841.06
64 114.44
33 811.72
73 118.95
10 415.47
68 492.53
83 463.13
83 309.12
9 890.40
24 190.14
1 886.26
35 630.69
20 484.05
28 813.22
98 286.49
92 624.77
48 851.04
77 720.41
43 805.67
21 198.95
70 956.62
44 901.60
13 168.93
42 625.88
5 566.73
29 875.44
80 228.85
17 565.09
35 357.92
86 468.36
80 995.30
89 770.01
44 434.57
10 297.70
57 462.08
40 308.65
41 296.71
13 216.40
99 711.43
48 259.40
44 117.18
20 375.78
7 331.35
9 917.67
8 765.74
65 587.34
89 144.20
37 455.86
14 132.40
18 887.30
38 103.22
64 387.00
38 403.67
30 868.38
74 788.71
9 739.36
62 368.73
36 539.74
14 151.43
50 383.42
2 526.08
89 553.78
28 940.58
56 126.80
40 658.91
96 281.47
30 359.91
51 606.24
66 456.08
14 961.22
26 544.11
40 361.27
43 796.10
37 697.92
98 910.36
71 442.69
8 980.66
71 575.48
24 548.45
27 856.19
17 225.92
10 556.96
59 937.15
95 537.01
4 431.78
100 186.56
64 822.58
100 737.72
85 675.47
94 705.99
13 112.62
79 208.03
52 592.78
50 616.64
53 374.76
52 863.14
84 446.61
50 561.26
80 625.97
38 609.14
64 223.30
80 152.46
9 203.26
97 409.35
40 570.99
73 780.01
66 746.81
30 100.34
71 500.23
99 361.77
33 612.97
35 677.84
18 620.50
47 481.73
92 160.87
30 740.80
14 360.24
36 986.63
65 938.29
71 964.17
28 680.45
36 236.43
81 288.15
45 469.68
4 946.37
24 720.73
46 309.36
4 433.42
51 765.87
42 573.61
30 587.04
21 947.40
75 839.10
67 209.40
33 101.69
67 316.99
19 549.29
7 734.03
38 751.30
88 935.23
38 289.45
74 135.19
15 394.37
64 762.08
87 161.54
60 700.47
42 958.32
43 467.28
65 587.65
17 993.49
32 881.37
76 730.35
16 437.38
33 997.13
33 168.56
94 198.99
58 591.20
51 673.29
62 813.73
16 914.27
13 514.77
29 240.86
50 684.54
99 554.68
81 264.59
84 682.50
32 474.24
19 437.28
6 829.76
73 742.40
34 270.29
4 748.88
13 377.99
46 797.75
99 904.93
43 882.67
40 187.78
64 127.68
64 824.03
75 551.36
99 458.62
74 423.43
57 437.68
52 648.26
22 941.74
98 613.74
15 883.64
33 313.29
81 722.08
59 416.72
51 791.54
87 866.04
74 403.75
94 207.49
33 454.72
69 867.91
54 638.38
1 678.43
74 909.50
8 536.11
75 429.47
24 783.41
50 360.99
1 378.33
38 609.46
88 149.61
59 451.66
89 218.14
32 929.58
67 121.25
59 660.35
14 345.25
80 627.38
81 629.10
43 857.48
89 165.13
39 728.40
18 520.08
27 196.57
7 568.89
32 743.74
73 117.39
89 359.95
35 849.31
28 517.13
4 369.52
35 427.92
7 916.02
56 490.90
42 402.63
4 188.41
70 962.43
10 322.37
44 414.87
6 469.11
41 931.62
31 694.07
88 696.08
4 190.08
3 414.08
70 288.68
56 473.36
70 355.16
91 570.30
7 140.26
29 639.09
74 663.40
70 951.23
70 985.53
32 246.53
30 495.41
65 574.77
59 613.90
50 798.56
15 993.29
53 956.88
15 726.25
71 244.41
56 546.73
85 182.86
1 404.70
45 928.28
46 607.82
85 626.10
53 846.07
71 755.48
28 270.15
4 438.18
83 220.67
64 406.40
77 493.76
28 508.76
71 876.21
60 603.15
7 373.55
90 587.96
43 721.97
87 592.47
24 433.82
76 747.87
13 684.74
70 987.22
72 773.52
6 278.98
45 658.44
5 496.54
34 741.35
79 290.45
79 982.37
20 125.35
2 839.05
45 145.28
65 260.91
80 522.51
96 930.32
57 508.63
34 647.29
86 131.31
84 421.74
11 822.20
23 589.38
80 348.15
64 876.91
19 504.74
79 338.65
73 671.05
58 376.38
33 487.63
78 981.99
2 409.95
49 862.99
88 205.79
18 657.20
21 688.45
15 132.96
59 302.15
89 711.74
21 770.69
38 572.99
51 905.32
35 858.30
95 788.91
51 435.12
86 241.54
46 611.91
8 894.73
32 995.61
94 784.20
38 814.98
9 921.34
90 162.22
91 501.94
1 452.51
99 392.59
46 403.45
75 213.72
93 121.05
93 467.61
98 237.05
99 621.10
56 637.40
67 419.66
69 286.09
76 987.60
81 740.26
12 764.49
73 348.85
49 880.89
5 771.92
58 571.22
83 789.90
87 799.44
30 698.26
23 594.30
86 472.36
62 994.96
82 546.63
10 812.96
28 616.70
34 704.97
49 367.66
87 218.07
98 393.68
22 252.27
84 386.47
28 349.28
15 597.55
31 673.19
74 794.80
92 382.91
74 160.57
81 147.12
25 398.94
89 253.83
88 807.96
80 818.82
81 409.39
65 152.92
44 316.07
24 200.18
36 505.06
36 235.06
32 629.27
9 293.39
25 484.81
42 616.58
60 125.30
22 886.34
26 304.39
58 886.84
12 220.50
59 179.61
21 603.83
94 233.44
61 983.51
80 672.63
34 569.08
6 843.35
49 755.60
46 559.37
53 518.22
37 483.44
81 586.19
69 912.06
68 165.40
67 237.97
27 859.45
68 276.27
18 612.41
14 435.97
14 401.92
16 258.38
25 484.44
51 517.74
56 416.71
34 835.78
34 112.16
15 384.01
99 373.13
76 192.33
31 543.48
2 670.14
54 397.42
60 981.09
29 198.83
96 181.23
43 185.31
51 732.06
69 904.89
36 418.68
70 142.75
86 290.28
53 554.37
88 457.98
36 857.37
88 221.25
29 281.00
77 800.04
23 576.63
6 234.71
6 208.27
25 541.77
40 202.15
26 693.66
28 964.92
14 361.85
48 264.16
89 794.93
44 678.14
17 368.00
16 272.33
38 288.05
70 714.73
4 298.84
77 743.71
26 712.91
58 369.91
71 191.86
52 327.80
34 946.24
14 553.92
75 263.59
98 582.21
35 577.62
7 193.08
80 889.49
60 891.13
8 120.25
77 915.90
56 850.21
64 806.74
35 124.49
36 366.94
72 827.13
53 242.62
87 909.97
95 427.20
60 740.22
22 694.26
56 156.26
31 249.09
43 967.38
62 383.11
86 853.31
81 993.24
90 140.65
77 506.94
62 606.14
1 538.73
59 426.98
57 534.78
34 544.48
95 960.60
70 938.63
14 797.01
16 723.76
90 156.85
24 688.28
92 658.71
66 666.11
36 260.14
39 552.92
9 352.06
35 896.31
9 268.30
21 293.72
92 910.83
31 601.87
42 921.76
65 419.84
9 184.35
40 878.11
30 759.22
71 770.15
8 378.33
52 587.40
94 958.90
87 285.98
44 731.29
3 862.56
58 841.48
39 738.27
43 451.10
16 983.22
70 340.35
27 109.93
53 982.93
83 697.16
5 344.60
88 742.59
76 230.53
38 691.88
92 992.34
29 194.84
79 494.08
13 925.52
11 926.05
90 946.94
91 402.40
44 453.04
96 189.99
89 272.09
86 606.53
68 886.53
31 676.26
87 520.49
66 172.59
71 161.21
95 878.02
18 182.67
25 435.68
20 587.47
86 912.07
10 311.16
93 842.18
17 335.92
63 223.61
32 654.10
82 125.94
46 232.71
95 895.22
34 718.22
25 704.85
64 887.52
69 677.16
83 650.57
24 258.04
39 257.67
58 182.92
81 782.25
61 266.93
97 534.27
81 646.01
24 506.96
63 379.35
27 206.43
17 943.63
50 583.80
62 587.59
91 578.12
99 384.25
76 809.76
23 323.24
19 106.27
19 803.47
59 671.57
50 969.76
40 198.35
4 620.26
64 469.84
75 814.89
41 636.22
26 322.53
82 798.63
55 837.35
47 206.90
26 782.80
20 932.01
39 400.37
57 557.60
32 382.33
11 529.82
9 242.80
35 666.87
45 676.87
75 245.83
83 801.08
87 812.82
1 817.16
64 158.43
69 162.32
82 982.89
44 170.49
64 457.57
58 888.57
61 228.92
15 212.02
74 953.98
8 123.14
23 706.82
24 524.15
7 213.08
34 419.44
73 293.01
47 650.26
16 618.20
19 926.88
78 612.65
33 935.56
92 843.33
31 406.92
51 626.94
53 132.97
30 746.23
34 619.55
94 240.80
99 491.00
86 470.22
14 268.40
14 440.35
60 576.38
72 180.13
50 134.17
14 182.73
74 488.69
58 745.17
4 317.70
78 202.03
79 378.41
30 149.49
43 104.10
100 858.09
29 185.53
18 213.45
42 591.43
91 234.25
12 894.72
30 490.12
64 175.78
86 699.28
95 713.86
49 410.86
23 263.36
19 341.67
65 502.79
85 927.26
94 558.95
68 221.94
76 916.23
89 770.26
55 303.51
50 673.62
96 557.68
98 899.82
94 630.51
32 574.40
97 746.62
82 516.33
86 663.57
25 775.92
51 876.33
2 723.01
72 253.64
28 823.26
43 947.22
27 287.07
22 154.25
29 743.76
25 209.40
5 562.64
63 142.33
39 821.62
14 495.53
36 666.71
77 201.79
21 357.35
21 713.66
51 249.66
84 877.25
34 135.88
84 252.37
35 264.42
31 261.60
99 562.26
30 279.24
97 913.52
52 719.60
1 455.81
54 779.73
62 729.80
18 631.56
84 293.32
1 353.00
35 277.31
55 890.70
75 494.07
35 402.32
85 841.64
18 274.42
38 581.66
11 983.89
64 913.08
43 334.71
99 247.27
65 430.91
93 612.74
9 588.16
19 819.60
42 282.77
59 100.62
58 808.31
81 140.12
92 853.44
95 325.89
27 662.63
77 681.60
100 458.45
11 430.59
98 318.11
76 118.29
63 394.36
82 138.47
63 117.60
29 262.71
16 612.72
2 898.51
17 871.17
53 816.45
51 396.05
12 377.22
88 914.52
37 707.16
29 873.64
33 887.79
74 445.72
68 434.57
28 299.32
89 487.04
70 387.68
99 643.30
98 562.69
91 268.15
40 227.31
12 606.61
72 706.68
35 554.43
12 225.47
28 797.89
58 667.80
83 440.28
6 203.48
20 307.81
100 763.12
13 305.97
78 733.65
35 856.67
12 212.82
57 746.18
56 818.11
88 479.42
89 391.39
82 155.52
4 175.18
11 859.44
84 778.77
12 706.89
97 741.14
70 230.08
89 792.46
35 170.75
77 435.60
89 450.32
44 111.80
28 683.82
98 563.12
26 639.74
21 561.67
82 297.46
27 968.28
70 917.53
22 557.10
5 827.18
68 120.18
48 958.50
55 388.46
40 644.24
33 777.48
92 447.76
17 213.64
42 806.92
10 787.56
68 225.18
52 469.14
12 377.53
74 561.16
57 692.45
2 117.20
13 742.37
79 466.56
84 262.61
90 268.88
36 502.99
88 388.73
52 421.38
13 784.60
23 590.11
23 283.75
95 274.13
57 467.07
3 767.09
91 691.82
39 882.89
8 821.08
53 407.18
22 891.43
19 247.55
49 676.50
16 832.79
33 936.78
18 804.97
5 753.43
77 884.83
100 545.59
18 121.37
30 912.65
29 641.02
54 445.87
20 843.64
97 865.86
69 380.19
52 986.86
57 307.86
21 291.68
45 914.81
53 255.81
64 463.91
96 766.17
74 608.87
59 829.22
78 730.64
12 550.54
1 380.22
76 188.35
18 656.10
39 614.69
4 869.17
16 383.58
48 822.39
7 548.56
36 620.75
98 782.81
41 818.36
99 738.34
70 515.30
48 960.28
64 427.21
9 165.48
74 403.20
10 941.65
48 383.81
74 493.52
83 232.36
28 135.17
27 458.66
66 599.79
54 568.53
1 521.16
40 913.57
53 964.00
62 697.70
49 766.13
50 307.70
68 969.05
100 875.38
36 502.03
100 696.86
51 241.08
55 932.48
62 822.74
69 469.22
39 371.10
42 156.44
77 370.24
98 194.11
1 154.07
89 243.01
72 340.76
67 146.45
20 807.77
60 264.06
54 807.71
79 521.11
84 537.02
2 147.04
14 195.04
85 292.81
41 824.05
3 315.57
78 368.29
93 469.50
81 593.19
58 387.01
65 514.47
88 224.21
7 387.13
97 161.21
54 803.23
88 619.95
84 492.37
40 311.37
75 664.73
94 916.38
19 898.22
25 291.90
40 207.76
39 502.07
66 605.51
81 163.22
51 290.28
69 589.11
28 187.92
76 674.06
44 569.91
96 820.91
93 735.24
77 300.14
54 487.84
5 250.36
13 658.32
38 740.21
40 276.64
37 269.94
69 645.68
54 921.74
48 870.73
94 734.17
96 474.71
96 789.99
29 947.92
32 653.44
80 600.10
32 556.05
93 407.37
55 534.21
72 406.97
76 228.95
17 885.63
93 427.73
28 550.66
66 510.98
34 240.78
83 521.63
25 784.82
33 641.39
70 657.40
65 337.90
98 151.85
6 277.35
49 849.24
8 936.16
98 664.92
16 203.36
75 552.33
99 135.07
6 605.89
66 190.23
82 893.32
37 108.74
18 535.77
23 898.00
8 231.52
26 170.38
40 330.77
46 211.65
51 648.81
93 528.89
86 255.25
14 710.57
79 721.11
92 631.85
48 658.90
87 287.69
12 530.76
40 329.61
7 133.43
38 314.56
22 877.23
55 651.15
24 929.84
67 627.96
36 601.55
97 537.94
49 886.66
57 607.19
34 294.43
61 712.34
73 569.70
24 154.20
84 141.94
77 775.70
73 105.99
6 562.31
34 504.73
7 772.61
24 115.83
31 916.65
89 329.10
82 708.48
21 586.57
47 252.50
45 980.59
85 391.55
68 846.10
60 349.41
61 145.00
5 184.01
39 498.09
41 881.98
25 252.22
35 518.31
88 304.65
79 751.71
2 645.40
65 970.00
47 546.78
44 447.86
92 982.33
70 489.68
16 509.19
72 801.96
15 816.56
76 352.00
38 572.36
97 580.75
84 557.27
57 691.15
21 495.55
57 246.24
38 253.08
7 529.82
70 636.94
79 352.67
66 773.26
100 469.78
48 472.11
7 385.95
39 621.67
56 962.15
11 190.87
11 715.89
1 969.14
5 341.22
47 774.57
53 834.12
52 385.98
21 955.16
94 333.22
92 219.27
79 859.55
18 302.10
82 720.11
4 348.82
98 745.52
97 571.72
6 963.98
18 272.61
99 404.13
90 331.31
70 570.20
19 111.63
32 209.46
71 288.77
24 770.65
89 460.45
80 719.33
60 172.95
4 859.84
42 600.94
31 119.19
92 372.53
81 611.86
27 384.06
51 339.51
78 401.26
21 111.05
47 494.06
12 702.13
72 325.17
57 928.27
15 438.07
73 524.75
42 840.93
12 148.32
69 639.27
81 584.45
28 785.08
77 593.42
72 615.25
57 179.04
55 802.52
58 752.82
36 996.96
3 571.27
48 350.05
63 744.96
16 945.65
3 354.83
49 434.89
34 161.35
93 195.84
19 808.15
60 490.99
100 945.85
75 384.21
53 187.74
91 495.38
7 949.65
10 868.20
86 979.18
85 300.75
90 445.62
48 805.73
39 652.02
37 111.07
32 769.36
77 408.91
2 161.05
25 462.97
52 150.82
86 449.23
42 590.37
56 698.00
75 152.93
98 180.55
75 780.63
79 443.11
42 586.27
41 582.53
75 520.01
73 318.87
46 572.42
13 412.13
6 389.19
61 906.62
30 476.89
100 135.50
10 392.32
6 122.99
66 690.75
22 374.05
44 737.02
59 543.44
48 824.78
21 860.07
89 867.45
57 577.45
98 345.38
45 823.03
12 464.64
71 357.70
23 372.71
9 581.52
84 623.73
69 687.47
84 135.17
63 967.44
91 147.74
57 139.36
79 626.69
26 173.61
30 964.41
34 972.94
50 230.52
21 249.52
3 930.33
85 836.33
93 917.43
73 618.86
44 782.24
29 543.00
37 490.05
78 269.60
6 275.50
94 794.37
37 987.78
84 839.34
91 861.36
95 830.93
74 542.84
33 187.12
12 316.54
90 198.19
64 506.22
63 653.27
93 825.99
14 433.56
79 859.37
19 709.35
27 649.70
79 675.27
7 889.86
56 844.64
46 418.90
29 412.14
55 170.85
6 944.06
93 175.93
81 733.58
20 146.28
17 558.19
48 782.09
79 295.89
34 361.50
18 381.83
62 621.35
45 183.01
63 768.02
25 164.24
79 319.32
77 804.02
28 325.84
50 503.03
1 655.44
98 854.75
85 483.05
81 455.01
18 213.49
39 549.22
18 294.41
8 346.31
37 747.14
67 799.43
40 632.59
6 871.51
82 992.78
34 590.13
13 997.73
33 447.63
27 784.91
56 411.00
21 973.92
30 879.96
33 100.29
1 181.55
57 405.80
16 276.05
90 137.44
78 313.71
94 522.41
99 333.06
81 206.01
67 727.15
54 187.12
3 182.27
67 179.55
96 288.10
58 516.94
4 277.59
97 807.73
4 906.53
79 992.54
80 608.32
72 163.37
42 266.33
36 433.03
54 781.36
36 394.70
82 720.03
32 688.44
79 687.01
95 272.42
64 921.90
53 533.13
99 886.83
27 917.78
44 877.23
81 677.90
43 240.71
89 270.79
98 832.67
57 372.02
92 447.18
3 456.78
39 410.38
56 671.55
45 794.51
96 356.04
52 268.02
19 505.60
24 832.96
21 584.40
73 321.80
75 909.02
51 453.00
96 833.46
40 286.91
9 402.59
37 936.35
7 164.10
12 309.47
51 992.57
75 134.11
83 245.80
22 724.08
43 428.29
17 805.12
15 716.11
96 776.46
94 658.73
39 722.61
16 562.92
69 322.18
16 994.59
54 201.18
22 304.08
65 973.05
32 338.49
90 645.92
47 680.83
94 912.17
99 483.28
63 974.77
36 232.59
73 785.90
11 944.99
99 570.49
42 438.47
65 727.19
13 502.50
88 610.24
11 772.35
9 253.63
11 711.55
39 438.01
48 655.69
81 145.42
51 807.30
41 138.62
7 308.32
77 126.89
40 286.15
72 738.33
8 723.43
19 463.98
31 494.45
65 410.09
66 910.67
86 404.56
37 880.50
85 350.42
27 718.74
8 852.62
68 928.95
24 318.36
89 873.42
5 831.25
8 466.44
35 833.43
38 568.21
95 639.07
51 871.80
59 470.49
23 354.91
44 606.79
19 578.83
33 736.91
84 184.37
89 299.12
2 178.18
42 948.11
94 410.29
46 993.11
90 464.59
13 364.53
73 867.36
93 910.50
61 506.28
53 627.99
25 454.63
26 228.37
10 254.35
48 283.19
48 133.86
43 530.16
41 308.83
63 610.95
6 620.60
44 729.37
58 905.80
13 535.73
19 816.54
21 984.33
18 644.05
78 408.10
58 210.00
9 949.71
69 385.32
95 483.12
72 883.61
73 538.80
68 555.47
39 954.84
5 204.57
22 502.34
57 223.04
40 157.28
40 148.72
82 432.66
31 125.81
95 642.98
10 883.71
59 652.25
58 848.16
39 947.73
48 247.62
81 343.40
89 336.79
78 794.46
14 820.09
70 813.94
97 908.02
41 872.86
32 928.16
35 694.84
39 728.74
67 728.54
68 164.17
99 524.42
87 622.28
27 945.89
8 655.82
41 356.29
71 600.46
35 518.94
29 779.22
30 496.37
26 838.12
70 997.01
45 158.52
85 888.49
45 752.42
8 513.34
64 664.63
81 774.37
7 522.27
42 520.77
40 318.01
79 387.14
80 227.48
75 664.11
88 740.42
39 253.62
99 965.65
55 836.52
68 165.93
15 383.75
48 351.32
2 272.25
25 479.16
46 671.05
91 915.94
4 105.45
29 883.84
18 449.99
43 630.96
69 454.95
57 848.94
99 795.74
82 684.55
51 640.57
94 765.43
36 997.68
66 690.42
13 151.03
44 673.48
5 766.05
43 873.50
18 735.14
51 838.02
44 784.02
24 719.23
25 935.07
84 200.50
61 787.80
14 372.54
67 303.18
74 455.39
38 293.74
81 334.18
100 863.11
59 494.81
3 561.71
94 272.53
70 549.39
20 739.06
64 934.23
96 234.75
1 334.47
33 323.22
57 207.35
91 235.12
45 499.51
28 920.93
41 766.17
45 963.94
32 379.52
41 681.43
15 711.70
90 127.63
11 643.62
5 836.45
24 649.96
64 540.41
8 219.29
4 373.66
45 648.78
89 908.42
51 292.41
25 549.70
44 407.48
41 712.34
26 436.88
70 144.44
21 162.68
31 362.01
41 687.72
49 712.78
61 184.87
92 385.38
57 445.42
51 446.76
62 805.13
42 100.42
15 659.27
19 955.57
96 838.83
93 160.28
23 109.00
68 438.61
95 231.99
66 707.48
68 160.75
83 402.92
63 392.92
61 458.63
11 112.14
29 298.61
100 190.50
88 237.49
53 750.67
98 628.29
13 886.84
2 902.95
29 956.04
58 426.95
81 519.68
68 779.30
34 976.52
91 280.07
72 615.79
96 265.14
18 758.62
79 502.88
28 802.18
70 996.39
88 835.88
45 479.34
36 962.61
91 230.22
16 589.20
84 230.98
97 547.09
24 105.96
90 586.41
48 649.53
52 637.13
94 192.50
80 906.03
15 310.56
75 146.29
100 843.45
24 854.11
78 723.93
58 306.22
92 625.01
37 637.78
23 516.27
28 337.98
70 612.69
46 973.91
92 829.81
14 405.34
60 337.68
22 977.10
5 862.12
53 771.65
71 584.43
73 274.77
64 248.37
15 959.16
54 813.68
43 899.82
87 769.08
76 317.17
16 537.35
35 814.90
24 593.36
66 174.51
40 875.95
58 215.37
76 670.04
38 410.66
3 480.66
23 138.28
22 974.71
54 620.69
99 307.38
9 817.79
80 687.60
92 842.05
94 948.27
35 416.92
59 775.31
20 172.68
96 646.50
31 788.70
16 525.88
30 126.42
65 473.98
56 704.24
72 737.77
34 246.08
36 542.69
53 244.78
29 268.61
39 224.65
32 299.30
65 560.02
50 312.17
9 532.11
4 241.04
43 728.38
62 551.01
59 107.04
43 345.56
2 973.95
37 257.06
17 663.43
99 914.24
32 962.04
15 546.96
31 503.90
36 506.97
44 436.18
54 455.69
36 888.92
8 520.55
22 585.45
50 992.83
42 332.86
29 122.69
98 533.29
75 343.66
88 346.93
65 342.98
71 995.23
40 359.45
52 678.21
96 873.09
45 746.31
35 501.92
10 584.54
69 178.95
4 897.37
44 378.83
34 582.17
86 195.53
44 375.45
88 349.51
8 940.33
12 940.59
40 338.68
69 463.09
15 565.43
61 893.92
90 640.19
89 197.81
26 129.57
38 937.32
85 618.27
83 902.47
73 760.79
92 669.42
60 628.41
28 860.43
93 447.45
35 780.36
85 260.29
20 898.20
83 360.16
9 716.56
91 394.36
28 541.13
13 970.45
71 487.13
91 789.69
50 460.75
9 760.34
52 218.75
28 349.51
48 499.59
46 819.74
46 219.54
47 295.66
77 691.16
57 366.76
1 558.77
99 176.54
55 867.79
67 346.36
69 593.01
71 425.52
37 857.05
30 542.41
34 583.83
6 249.37
7 310.13
2 996.22
67 928.86
85 384.12
14 980.99
69 201.16
35 647.25
5 743.53
91 356.80
81 761.65
1 238.68
70 294.91
38 241.91
15 569.37
64 882.11
57 875.81
2 341.66
59 135.11
5 203.83
23 658.58
97 355.40
76 833.98
65 786.92
100 177.77
12 891.57
55 922.38
8 723.49
89 676.06
13 906.07
97 370.59
58 760.02
96 186.46
58 985.16
32 779.24
69 499.03
7 122.18
21 518.73
68 193.11
95 888.58
77 160.00
95 704.73
54 975.26
85 901.17
10 146.05
34 215.47
63 968.69
30 177.33
28 189.26
65 665.82
59 970.83
6 666.98
86 284.74
6 646.73
78 840.17
61 839.41
37 871.95
21 809.28
26 405.72
73 495.24
78 904.14
22 421.04
83 238.01
79 608.75
36 974.22
82 409.38
10 941.97
91 717.90
73 740.36
12 494.71
36 403.22
32 617.42
94 541.25
25 145.00
7 529.26
29 395.33
3 475.86
28 270.13
42 625.36
76 552.49
97 944.65
65 487.21
55 488.33
55 854.60
38 312.79
33 240.74
58 162.09
86 387.53
34 246.94
61 406.20
90 100.48
46 897.82
81 241.04
81 392.03
50 903.12
3 618.89
60 557.45
46 163.85
14 210.21
63 738.94
85 865.49
56 922.12
90 945.75
9 242.02
89 662.50
36 115.45
9 492.14
79 754.57
13 809.66
38 746.58
24 217.40
1 968.59
66 161.66
94 657.22
85 576.43
23 503.79
62 655.33
42 505.00
98 190.77
4 943.79
24 303.35
96 966.46
12 761.99
21 637.85
52 515.50
54 695.03
92 903.61
32 119.00
28 644.48
4 324.99
10 413.53
83 834.79
6 206.45
63 268.39
61 666.03
35 870.22
45 500.05
78 431.85
89 369.11
5 465.82
52 986.63
94 106.07
38 362.74
57 727.55
49 405.60
22 890.41
94 326.79
50 986.68
43 555.12
1 494.90
50 240.41
49 146.27
80 389.16
27 977.70
32 529.99
4 532.02
43 544.62
61 227.24
34 602.59
86 914.32
30 115.91
62 588.22
37 764.58
18 212.50
75 786.96
36 872.92
65 814.38
95 410.20
53 222.19
36 814.01
64 314.83
66 476.63
60 744.42
83 661.55
15 692.18
90 163.60
25 683.57
71 573.55
22 521.74
93 415.55
60 208.54
52 620.72
69 348.15
60 114.55
12 983.22
92 356.68
77 733.28
35 154.70
30 804.75
81 409.65
91 465.96
88 346.41
70 154.04
70 195.09
10 582.65
79 816.86
32 807.68
73 301.15
67 918.36
75 229.39
95 977.68
12 940.65
42 838.62
70 391.58
97 108.77
82 804.47
1 214.42
31 523.27
86 613.52
55 158.30
39 506.27
40 616.73
25 983.04
29 921.48
60 901.14
76 381.71
55 164.76
43 146.44
52 932.70
76 808.93
74 483.63
80 983.45
97 830.57
28 897.66
66 289.90
60 997.88
31 758.43
84 371.44
85 944.32
4 806.97
63 112.07
3 245.34
12 635.53
36 649.40
74 183.88
31 857.18
17 470.72
3 111.96
50 113.23
1 733.31
91 245.92
38 358.45
89 828.66
11 817.28
94 709.05
24 927.29
38 336.28
70 615.00
3 988.94
69 506.65
58 996.05
47 665.26
93 486.06
82 186.69
19 270.67
50 349.14
99 878.07
82 132.74
63 217.48
93 152.78
96 900.49
72 664.96
56 750.62
72 733.63
93 318.60
15 924.97
37 986.61
78 703.68
87 354.89
60 857.40
52 897.60
52 786.16
37 945.93
25 877.24
13 196.56
52 143.62
34 971.56
42 984.43
21 536.59
75 786.80
3 105.51
97 124.51
22 487.41
95 270.27
52 220.80
46 403.38
3 109.12
51 672.27
10 714.64
88 875.75
16 349.06
60 283.53
20 186.29
85 815.58
85 240.43
20 617.23
75 538.53
76 586.37
44 891.07
6 746.59
7 614.45
15 437.81
18 399.12
65 372.11
64 880.28
80 241.37
77 574.42
93 357.89
84 684.01
29 288.15
68 783.52
60 437.61
92 150.95
32 564.56
65 285.94
26 227.70
64 200.39
42 853.28
56 516.58
57 662.51
90 290.29
83 756.84
61 360.49
66 323.02
20 333.06
94 280.15
53 594.83
83 102.12
56 467.65
96 381.54
92 500.34
78 444.78
5 885.71
87 892.50
90 268.18
16 514.62
44 659.42
15 989.19
3 207.18
99 263.95
77 294.96
67 787.61
92 819.78
23 348.21
84 747.65
67 262.45
61 255.62
44 565.17
79 783.55
23 407.65
90 846.44
4 117.66
97 788.13
47 907.15
79 106.31
9 372.97
66 106.95
15 889.32
90 457.53
48 630.39
38 924.63
7 233.38
14 524.90
54 669.85
29 199.90
100 187.13
17 872.43
81 678.97
69 623.46
91 654.18
61 290.68
30 552.65
79 871.20
27 644.66
19 679.75
2 620.79
90 405.32
54 743.65
33 827.63
12 881.66
74 582.69
81 553.00
3 508.57
8 632.95
28 300.33
1 773.84
51 566.41
50 298.59
76 449.62
50 975.42
77 458.89
69 157.50
34 664.66
17 113.48
79 442.28
39 714.35
39 679.90
84 459.12
61 451.57
19 158.42
48 272.18
84 290.59
68 198.68
32 370.35
38 624.45
92 195.16
44 863.50
77 590.75
86 565.37
82 407.14
34 861.71
49 777.02
21 121.44
21 189.92
4 588.90
28 302.66
75 432.29
59 912.68
34 104.58
40 281.69
13 639.43
91 432.25
5 733.20
10 459.92
70 916.08
22 781.12
40 521.65
94 320.98
48 422.13
76 511.27
39 952.79
100 208.11
91 874.98
49 298.10
91 147.50
90 585.23
9 158.92
46 871.48
1 751.69
22 698.21
79 525.83
29 539.71
18 641.46
67 123.75
73 732.77
8 607.62
44 689.38
88 909.46
2 974.20
63 896.18
70 797.83
15 838.50
50 290.15
98 138.18
20 794.50
66 457.58
73 428.42
3 180.88
76 327.11
95 740.22
74 184.02
64 788.52
14 378.79
17 449.14
24 320.78
19 832.38
33 115.63
5 116.66
35 942.69
12 801.91
23 714.42
66 354.37
11 904.25
86 330.98
50 121.48
65 293.75
50 864.78
22 683.08
82 127.46
83 898.54
9 210.53
5 481.20
30 641.09
31 847.13
54 144.02
92 884.37
8 609.63
62 214.29
45 516.39
5 416.36
87 754.37
10 979.62
22 404.85
49 956.87
33 648.36
75 971.15
35 752.44
4 943.53
43 758.69
94 537.96
13 886.32
70 912.78
12 215.74
62 460.95
26 626.07
37 117.45
3 175.44
56 960.64
41 928.21
27 708.12
73 629.77
45 836.51
23 921.92
94 783.67
67 804.64
33 563.70
16 163.04
99 760.65
98 178.88
74 244.76
54 617.18
37 108.72
63 717.62
62 724.53
6 341.66
33 853.81
73 927.12
94 329.05
21 363.55
72 506.94
31 783.38
75 429.77
3 608.70
79 897.64
54 781.15
55 342.80
54 920.46
68 999.75
50 760.60
87 860.84
80 629.28
97 655.79
2 210.44
45 405.07
63 610.11
85 817.60
89 441.35
95 649.90
7 124.88
77 104.83
28 983.75
92 391.99
35 555.03
64 515.29
52 703.26
77 678.50
31 233.61
38 897.43
84 443.59
57 520.04
17 870.22
78 251.99
82 744.51
67 686.95
50 160.14
36 408.40
4 973.28
15 110.15
31 844.53
56 167.87
34 231.71
28 954.70
90 291.19
30 754.04
84 662.81
18 773.65
22 458.68
32 216.54
52 182.91
79 168.46
56 940.15
68 341.87
57 818.42
97 159.16
59 650.11
81 795.08
36 227.93
88 239.54
60 533.58
35 463.70
81 401.23
62 842.54
47 586.24
30 197.22
67 469.50
95 586.57
100 673.10
76 162.40
78 310.58
72 502.69
82 164.34
61 514.64
81 111.72
8 908.06
48 877.72
14 524.15
32 758.07
8 471.80
77 882.91
47 904.90
11 532.72
84 145.02
64 802.83
2 835.68
12 933.09
3 435.47
47 349.03
19 699.19
48 206.92
81 515.19
88 180.27
20 187.36
24 936.24
55 610.85
81 395.28
21 634.37
9 209.29
80 969.51
17 251.85
73 355.20
63 348.18
49 878.29
25 534.59
97 715.96
98 883.24
92 317.75
49 534.84
58 859.38
58 289.83
18 812.97
60 212.60
67 335.13
58 555.27
52 843.06
10 162.89
20 465.35
24 884.69
83 217.16
18 745.76
11 949.97
97 668.91
25 531.09
18 854.30
47 490.11
93 961.60
60 648.92
29 545.15
94 734.98
48 899.93
67 588.02
26 478.03
63 304.95
20 227.16
17 269.35
62 949.89
5 154.24
51 611.23
20 964.68
78 368.09
96 634.76
97 776.78
23 944.92
16 580.81
76 706.22
95 217.55
74 925.68
31 404.38
2 442.60
83 558.70
91 244.58
29 990.70
30 676.15
81 824.50
76 137.67
32 550.51
96 221.80
23 748.36
100 731.43
88 375.54
71 186.10
22 931.06
18 553.52
88 205.01
73 664.09
41 856.20
24 760.08
31 491.06
40 817.61
71 630.17
45 250.84
59 218.84
63 290.72
92 422.21
92 993.28
68 707.67
54 185.86
5 654.07
10 809.49
54 970.60
70 373.82
55 360.48
81 852.36
42 283.42
45 994.00
30 392.19
98 802.25
100 359.07
5 826.75
24 212.99
5 917.88
2 494.10
13 737.41
1 417.35
16 234.56
99 992.99
11 959.91
8 615.01
57 492.38
9 477.51
90 975.03
82 290.26
65 430.80
25 528.44
55 507.40
12 694.72
59 273.64
65 210.72
14 772.37
35 651.90
68 892.31
12 348.93
65 673.42
9 977.74
27 481.12
34 741.35
41 376.43
81 390.27
20 957.48
76 291.69
97 496.56
81 882.12
63 273.50
10 568.28
24 912.83
28 639.16
7 518.87
13 848.61
76 627.78
32 997.96
68 630.53
54 944.82
94 345.09
94 162.06
46 235.86
38 503.34
48 411.14
33 112.77
88 817.01
2 657.78
59 638.52
61 822.61
55 344.73
61 116.22
77 705.48
66 501.62
7 848.79
87 950.09
7 986.80
42 321.22
36 100.78
31 514.63
11 609.54
35 420.85
100 940.61
24 790.37
74 511.48
38 805.75
37 587.69
57 398.94
83 723.01
34 615.32
85 269.38
92 296.75
20 909.17
10 649.06
68 962.46
1 316.64
89 797.10
94 230.33
1 287.92
75 276.98
41 243.98
72 477.90
15 690.88
55 106.26
79 300.88
53 335.77
93 962.47
85 369.26
32 333.68
55 583.60
60 511.80
86 847.04
43 677.68
37 591.00
91 276.69
2 109.02
24 729.49
6 938.12
12 100.35
88 814.78
71 236.64
31 990.23
56 117.54
93 826.71
65 812.84
54 247.03
15 858.95
27 756.29
79 530.15
9 382.77
3 350.95
73 900.06
3 336.62
96 305.28
70 120.94
85 243.57
18 724.28
11 506.42
79 450.78
94 803.94
2 900.50
100 102.13
17 917.80
30 225.80
83 788.08
7 270.25
56 198.26
12 988.70
89 882.78
91 636.86
42 562.77
93 546.24
12 974.39
22 598.17
44 834.04
64 691.38
14 806.32
41 777.12
35 783.23
10 159.40
81 117.01
16 453.73
8 515.60
20 898.42
87 113.41
77 349.04
73 436.84
34 634.38
42 563.97
77 369.50
91 402.74
29 573.96
17 215.93
29 295.20
87 559.45
1 956.58
69 180.92
98 958.78
11 413.76
98 486.55
61 213.91
9 614.12
99 510.36
48 634.13
10 965.58
75 611.84
18 272.00
78 312.06
87 790.24
83 128.72
98 172.84
40 696.92
91 331.94
30 448.31
42 411.10
30 677.58
44 503.17
20 294.15
35 170.49
97 972.12
55 557.02
63 678.07
10 443.91
32 969.11
74 345.76
22 660.73
18 471.03
15 623.57
67 267.68
96 600.26
48 465.59
100 302.56
16 503.66
83 505.81
40 401.69
92 307.82
62 205.28
8 292.97
74 198.20
70 477.09
2 836.68
12 755.54
58 394.58
74 673.02
72 210.23
34 536.47
45 934.31
8 534.53
84 887.92
2 198.35
53 423.54
47 532.79
49 419.92
71 649.64
19 734.77
49 511.60
50 733.19
14 367.22
25 750.62
6 445.80
8 466.32
35 788.14
69 280.94
41 573.09
66 103.29
11 628.81
78 534.69
27 652.52
15 598.93
24 300.72
97 428.59
41 342.88
1 974.37
68 351.59
14 595.89
97 354.26
33 297.67
80 348.58
7 112.94
48 613.15
3 566.13
43 462.95
64 177.77
43 833.78
44 423.25
87 609.68
12 391.67
38 365.85
1 593.77
80 801.26
45 258.51
44 692.53
41 869.55
32 646.07
93 340.42
52 936.92
84 586.87
71 197.20
98 645.01
58 763.42
39 991.66
7 191.29
47 329.02
92 316.08
35 881.72
47 847.48
66 346.67
16 634.46
74 989.34
98 993.07
66 633.46
74 948.43
57 663.30
96 179.14
90 681.71
23 861.18
81 841.95
9 173.21
25 655.69
97 217.21
17 471.03
46 512.58
16 900.45
26 475.55
35 817.95
21 665.42
67 723.65
30 533.40
26 533.95
42 906.66
51 610.29
54 467.00
31 465.65
8 201.84
53 682.10
37 513.86
51 102.34
84 731.49
2 134.70
9 483.41
84 650.58
61 428.45
54 341.15
1 500.65
32 939.56
10 293.59
53 809.01
53 797.54
48 801.52
91 122.60
78 860.97
22 567.07
20 111.69
100 390.83
19 671.45
64 648.57
50 549.67
54 978.98
73 423.22
30 883.36
32 942.57
74 934.09
100 774.14
83 545.90
33 997.76
50 351.86
37 852.69
88 163.64
47 138.24
65 334.25
25 654.48
62 673.51
15 764.56
18 712.50
87 480.73
38 504.54
49 757.68
78 913.12
27 476.28
63 700.19
31 450.76
32 915.90
82 301.45
52 398.87
58 735.24
68 407.27
37 573.59
73 222.59
15 477.01
80 264.86
95 861.19
92 510.11
24 124.83
32 650.61
29 154.37
28 528.18
5 688.87
12 330.06
13 289.70
80 239.52
18 244.47
27 808.57
64 785.60
27 371.25
6 948.44
80 392.29
9 199.51
53 784.51
26 873.18
18 210.95
63 845.83
95 946.65
78 635.63
47 706.51
45 858.15
4 469.75
69 473.24
40 990.68
7 362.38
82 282.92
20 894.54
43 638.75
73 209.78
10 649.07
52 429.95
69 565.87
42 347.43
7 787.38
36 276.63
6 410.96
10 311.91
4 359.81
2 969.82
19 709.16
36 552.72
89 624.49
90 341.58
76 247.60
69 487.50
43 186.47
83 709.39
28 979.03
84 758.17
46 747.95
29 444.74
11 183.40
21 227.99
60 857.55
27 399.29
92 865.46
64 840.67
97 464.65
76 856.49
16 329.28
58 722.21
16 308.13
28 850.13
67 911.03
49 921.22
57 392.79
13 137.67
4 954.89
29 238.03
27 821.45
4 389.86
4 766.04
32 357.69
96 474.22
33 579.65
13 440.15
19 839.95
7 669.87
24 269.43
21 887.47
30 969.77
46 574.30
33 657.62
40 515.66
98 902.71
97 632.56
77 164.13
82 420.77
60 906.29
32 719.18
69 952.09
29 594.23
54 939.96
58 702.93
22 500.55
66 892.56
51 403.89
39 636.08
15 703.51
51 824.87
51 545.36
58 472.20
100 322.91
7 625.08
46 464.81
92 602.90
68 940.10
24 785.27
23 294.82
89 682.22
88 633.17
63 407.58
68 626.70
20 724.87
61 588.21
21 107.27
2 881.41
18 624.34
48 160.72
43 587.63
14 337.98
30 194.10
47 460.93
92 853.17
10 329.95
49 670.05
83 719.76
8 114.71
1 669.65
67 507.44
10 741.58
1 769.88
52 112.79
66 531.14
68 262.29
27 504.29
5 729.16
17 711.81
61 954.60
52 204.41
16 561.76
94 616.89
8 907.35
16 972.42
38 798.06
7 854.07
98 772.41
89 458.34
55 419.57
10 435.80
84 195.96
59 552.82
38 822.99
93 837.17
23 809.57
88 378.63
100 142.86
18 456.31
62 146.01
96 377.63
77 166.70
48 545.38
77 128.47
38 712.46
16 789.33
16 425.87
60 435.16
20 706.27
35 203.91
35 886.52
77 606.40
62 176.92
80 113.04
9 266.35
92 299.08
78 685.42
22 736.08
50 934.60
45 948.43
93 401.31
23 470.21
23 243.34
42 392.81
87 665.56
10 181.80
88 218.12
18 793.96
56 768.67
34 189.99
60 980.87
44 521.90
94 877.57
99 749.46
52 435.16
89 805.02
11 405.12
81 534.81
46 950.78
67 390.28
91 573.88
15 563.47
90 743.39
50 423.65
25 100.14
97 277.45
24 310.46
82 650.41
18 150.31
44 347.89
33 427.92
18 315.34
1 973.60
23 372.93
91 647.09
55 314.29
57 847.56
78 249.20
87 609.76
66 767.06
64 606.72
11 506.37
56 989.47
90 183.18
85 756.43
79 670.96
19 750.56
44 390.17
3 981.63
86 236.28
74 692.02
24 422.14
3 357.61
51 748.42
58 489.02
6 189.92
74 213.77
54 495.42
98 370.00
83 902.68
22 930.18
30 186.34
58 812.21
16 430.56
88 787.73
46 138.08
32 744.32
76 459.35
49 645.58
43 623.46
65 633.69
34 680.61
66 280.68
5 990.87
22 878.55
61 929.23
58 619.98
11 106.25
54 580.18
68 898.54
9 918.05
100 824.36
3 542.92
50 809.98
3 231.39
10 473.72
61 659.26
10 346.19
57 257.33
70 847.42
45 438.93
48 842.36
57 415.74
26 287.05
78 665.97
68 549.13
20 519.64
36 237.57
27 255.24
8 933.43
94 905.09
1 432.64
4 433.62
72 742.28
56 927.59
50 265.70
47 798.27
4 714.83
95 411.48
48 608.94
37 496.95
1 698.94
30 263.57
28 947.98
19 417.23
44 797.95
85 597.54
62 847.32
20 566.80
89 520.15
89 751.49
93 868.43
27 152.71
52 691.49
23 490.13
83 876.12
35 422.25
18 453.58
23 492.23
63 628.08
51 873.25
75 493.34
39 849.84
77 828.17
54 616.35
64 163.78
24 290.08
29 450.17
9 610.62
61 355.99
54 500.57
10 227.61
26 449.36
32 646.47
71 348.73
73 631.54
75 454.78
17 285.49
81 591.49
4 308.05
96 236.64
38 618.97
63 249.54
26 557.71
72 300.16
21 399.89
4 214.34
79 722.21
58 944.50
7 623.66
63 104.61
43 364.91
57 460.30
32 691.51
28 831.26
34 767.59
80 798.84
100 744.08
81 120.22
20 754.23
2 329.70
1 879.96
75 798.20
8 569.40
1 869.08
59 645.58
12 688.72
62 902.09
67 101.14
93 598.54
46 516.95
54 625.52
5 971.07
78 659.98
64 734.67
48 568.82
18 815.22
11 583.88
61 689.20
99 544.20
3 225.18
12 141.20
50 529.34
72 123.14
45 428.78
47 112.73
3 313.35
2 399.42
36 486.67
33 149.05
36 886.33
67 314.92
65 636.93
12 950.91
53 412.82
30 754.62
88 910.33
2 971.84
51 588.48
56 692.07
26 916.59
25 740.73
51 987.97
95 608.25
66 320.83
13 348.61
38 523.66
97 336.25
13 503.88
81 486.09
21 813.32
79 494.96
21 456.11
39 762.48
65 552.27
71 863.63
63 675.23
10 865.21
24 753.60
75 413.10
85 849.27
50 591.13
62 832.43
77 972.19
42 980.97
30 497.90
29 533.62
100 108.21
63 710.06
19 144.94
38 198.71
37 913.59
26 370.57
28 325.76
47 981.31
89 608.62
28 269.58
85 641.45
73 698.62
83 450.93
39 347.98
3 917.70
52 415.38
90 150.89
9 654.51
35 917.44
23 141.45
51 491.46
11 379.56
30 566.71
77 894.01
15 444.41
46 192.24
2 553.35
55 173.50
76 725.02
23 296.68
33 896.16
52 512.92
98 152.98
67 163.31
66 897.50
49 750.47
29 234.22
66 123.95
16 179.04
97 276.91
5 672.42
60 644.36
69 253.01
59 525.98
43 659.68
87 697.70
33 172.16
49 400.56
38 833.97
69 541.42
69 956.10
97 547.02
33 915.80
73 564.87
61 313.37
85 444.66
41 925.89
67 144.51
28 427.77
7 403.64
55 443.89
47 572.77
90 319.13
57 243.01
45 715.76
38 689.35
65 398.49
65 670.76
95 339.49
59 732.71
2 783.50
75 984.94
61 138.27
75 632.61
21 230.85
7 196.19
54 204.03
62 144.33
23 623.36
78 542.90
46 554.42
39 186.10
34 570.77
63 441.88
98 247.80
22 242.65
74 146.80
62 525.33
67 317.53
50 366.91
74 512.76
84 968.92
71 919.72
92 256.90
62 944.71
1 328.39
92 794.28
77 507.28
20 282.48
65 271.47
80 456.47
46 932.27
48 600.58
31 361.81
13 484.12
22 489.78
89 547.09
14 809.36
45 888.65
93 104.94
62 333.05
92 687.29
80 427.15
56 944.15
97 542.36
62 202.42
27 795.41
1 593.14
60 761.76
95 829.59
63 505.38
94 270.62
71 284.87
38 385.32
18 129.28
30 702.68
30 662.24
63 858.63
21 938.95
30 892.52
14 119.71
58 889.37
78 357.47
53 481.66
38 834.06
54 231.02
13 968.15
42 846.25
40 740.75
33 669.72
12 421.55
35 134.57
89 666.98
6 503.74
33 267.34
60 685.73
82 815.85
49 173.91
76 159.44
24 466.26
99 462.87
83 411.85
98 708.20
26 447.43
32 877.32
6 616.20
15 499.80
61 544.96
67 330.52
66 315.18
71 717.48
18 874.27
78 930.30
74 740.90
83 688.73
99 355.17
93 157.99
96 422.31
45 619.33
45 404.65
58 941.47
77 301.74
11 465.25
80 907.02
42 667.24
77 924.34
56 757.44
71 806.60
86 312.74
89 380.34
93 788.47
37 281.18
16 199.68
75 719.12
37 890.34
37 136.02
90 864.02
22 360.34
21 904.06
53 411.33
3 871.60
43 282.90
92 951.50
11 737.01
46 250.86
72 270.29
27 657.25
14 888.05
52 997.79
74 744.23
47 416.39
50 365.91
39 975.09
19 677.76
96 612.64
53 466.10
90 578.11
100 289.77
41 922.81
30 130.81
74 643.28
19 886.62
42 676.08
48 706.54
75 375.97
39 596.96
46 572.80
66 804.67
98 496.33
72 658.74
55 737.24
52 611.20
2 503.77
98 266.82
86 790.78
89 531.39
94 746.69
21 525.51
20 875.18
32 534.11
94 977.66
48 173.15
89 657.40
26 190.00
80 652.17
50 179.16
3 812.06
16 683.56
33 507.70
84 870.39
73 450.88
9 350.40
29 629.74
50 700.30
57 695.80
45 222.39
26 435.09
95 933.62
76 553.81
58 627.36
44 859.61
68 350.56
91 460.40
28 163.86
21 806.76
93 792.39
26 681.06
91 390.19
86 848.31
76 644.50
16 251.04
48 559.58
14 770.71
5 772.17
78 943.09
68 176.75
49 557.28
10 659.75
39 945.31
46 773.70
14 238.48
25 565.35
42 312.37
92 808.34
97 227.90
87 595.29
88 859.27
88 290.80
32 127.70
70 885.42
92 299.86
76 745.27
55 232.98
16 187.16
30 149.99
21 312.04
65 149.85
18 123.04
68 669.89
7 571.74
21 534.97
56 114.57
13 823.31
36 846.21
14 897.10
36 643.59
17 769.09
100 450.18
76 260.25
48 963.27
19 911.77
61 555.86
37 769.92
43 639.13
4 325.97
22 343.62
32 405.05
66 979.49
92 592.36
90 252.18
41 977.34
46 878.24
93 481.87
10 281.11
4 895.61
25 193.42
37 265.58
99 318.30
64 851.57
77 323.35
7 568.93
33 652.26
6 766.37
53 990.08
24 232.56
69 493.79
60 309.00
64 663.06
40 373.17
34 146.56
18 530.65
31 125.77
44 952.37
80 929.54
19 898.91
16 268.60
7 641.46
28 909.82
51 786.70
20 687.51
56 861.95
67 510.35
57 348.88
27 944.43
66 280.19
67 664.59
99 713.08
17 489.74
62 902.03
23 723.28
98 230.83
80 707.29
17 246.06
81 270.71
47 616.19
66 901.54
100 866.38
24 149.74
68 198.42
22 221.39
32 361.96
16 874.55
16 501.72
77 611.81
47 736.29
16 299.41
65 863.19
67 263.42
58 870.04
17 772.77
34 612.02
12 782.93
78 659.09
35 306.52
73 281.72
98 637.44
2 689.98
63 640.15
31 449.93
41 929.03
67 348.29
85 546.99
80 976.58
92 290.84
16 439.16
50 630.57
53 320.43
31 986.66
46 689.57
3 342.52
16 572.63
70 623.64
6 433.55
2 270.04
68 338.34
17 938.67
29 823.35
64 799.48
7 194.11
42 437.22
72 593.29
24 562.28
84 466.40
10 188.20
52 806.28
47 254.39
89 428.21
27 575.28
55 727.51
17 172.68
45 407.40
97 895.33
29 284.95
70 423.74
17 939.51
76 170.75
51 930.60
87 540.00
48 513.82
20 293.35
17 702.64
35 673.98
19 265.36
89 554.51
31 517.64
58 289.40
81 225.07
77 530.33
85 791.41
91 519.93
63 822.82
51 868.11
47 185.56
57 706.57
36 680.65
62 456.18
14 234.68
56 264.94
33 149.45
97 806.06
54 548.21
36 689.31
25 796.95
37 523.53
64 822.00
22 394.18
11 831.27
30 475.16
93 742.25
49 541.69
73 769.13
38 629.34
41 880.24
18 866.70
94 561.30
68 660.15
78 364.49
82 833.02
14 243.90
37 266.55
17 765.25
85 630.99
31 549.84
36 774.17
77 880.97
58 141.59
27 669.57
81 426.93
86 616.03
100 867.62
93 989.27
79 323.25
10 293.51
49 729.39
44 979.52
49 349.97
89 669.50
17 505.26
52 640.84
69 318.05
94 393.83
100 159.80
92 262.16
10 211.82
63 665.86
51 865.49
100 848.88
87 409.05
18 385.62
17 578.87
9 694.16
48 377.12
8 341.23
24 345.77
21 550.01
18 366.43
14 352.84
76 740.68
33 449.37
36 417.55
14 659.84
32 613.74
93 803.21
33 713.23
12 133.33
85 949.73
95 119.49
13 128.41
14 991.19
77 740.79
95 497.33
29 326.51
53 831.98
74 713.71
100 519.56
35 513.45
47 381.22
90 982.49
36 875.19
68 895.50
35 429.92
57 157.92
28 662.24
73 723.97
87 930.34
18 207.04
98 205.09
57 639.77
28 215.87
40 927.64
48 542.04
89 635.92
71 465.62
62 353.64
2 688.36
65 452.88
1 989.28
73 712.62
32 291.94
47 286.43
14 864.70
62 525.38
70 304.44
74 446.96
32 651.53
31 306.02
53 632.11
93 950.79
72 843.84
60 984.95
14 751.39
13 923.82
51 458.36
24 709.54
57 559.36
32 299.25
60 685.83
13 491.41
96 428.48
76 725.78
20 306.50
15 377.87
72 157.85
70 394.57
25 715.30
69 326.70
26 520.29
25 663.47
93 472.21
23 867.10
18 206.23
35 798.35
62 583.59
82 458.07
95 760.15
54 232.21
29 373.07
82 990.88
24 643.65
8 293.71
17 527.87
82 796.33
65 166.46
79 799.18
12 148.57
20 267.26
32 398.46
72 596.54
96 964.58
4 252.18
83 645.98
27 628.41
8 723.82
87 207.86
56 547.16
45 619.00
36 770.61
41 555.17
13 889.19
93 239.97
23 567.10
75 503.34
56 414.42
41 909.36
34 997.30
93 276.56
7 918.14
27 225.07
48 174.79
14 147.68
17 374.48
76 364.58
19 489.11
10 717.78
13 443.13
42 402.75
47 670.77
10 223.48
78 730.47
3 777.25
85 282.42
47 706.19
35 138.03
73 202.88
92 399.91
44 198.59
84 521.43
89 835.04
57 900.52
56 663.59
40 345.49
68 423.01
4 812.78
50 512.25
31 632.27
69 199.99
93 864.61
15 702.44
59 499.32
5 530.41
74 662.69
74 518.00
9 317.17
11 413.17
95 421.72
13 877.47
35 422.04
43 927.43
14 137.14
78 697.41
46 755.17
62 246.55
80 455.14
18 147.89
14 692.62
51 964.56
36 144.09
90 675.03
40 862.04
84 663.16
76 483.25
57 163.76
37 553.04
34 199.93
82 741.84
64 751.29
40 102.86
87 778.66
98 922.72
7 981.30
62 204.37
57 726.85
56 947.97
82 394.25
4 161.86
56 982.57
84 962.06
3 716.32
94 212.00
15 461.73
38 650.51
53 626.77
58 974.31
90 806.38
46 166.47
66 905.96
15 964.80
52 477.67
93 220.33
52 898.09
50 506.62
69 842.65
17 579.07
92 439.91
49 114.89
80 186.00
98 856.76
21 906.30
39 449.79
4 370.25
50 541.96
13 464.63
98 239.33
71 155.99
87 231.93
100 458.79
46 809.17
100 257.59
19 683.58
100 765.19
39 196.49
35 875.06
66 965.50
39 714.53
98 938.21
37 852.56
1 739.75
19 337.37
75 779.61
25 151.42
67 907.55
27 991.83
72 606.04
68 935.90
95 350.27
44 886.09
88 927.44
97 803.76
54 463.22
63 311.62
60 771.51
92 290.52
13 463.68
8 995.53
34 968.78
39 374.55
80 663.71
75 393.47
57 283.85
21 547.48
89 322.34
29 123.79
70 640.12
14 799.97
15 963.30
76 121.04
3 512.76
44 712.42
59 961.81
15 805.80
85 643.17
18 944.38
28 759.39
62 635.76
9 169.09
42 978.25
14 857.80
8 122.04
90 621.62
12 782.47
10 157.83
61 419.04
33 862.01
96 665.79
2 340.81
77 919.06
90 867.82
52 999.92
91 109.91
19 793.37
80 416.11
21 973.82
40 619.42
97 342.74
66 141.66
15 800.95
49 679.91
92 413.93
55 579.80
90 190.66
73 119.99
35 606.72
60 771.48
41 153.36
13 783.13
90 866.39
55 479.17
29 599.27
69 828.72
93 574.87
38 858.96
78 210.40
36 983.95
7 759.36
34 160.06
61 240.82
32 120.95
17 491.58
67 355.92
55 783.92
6 844.81
92 622.18
46 662.90
23 784.09
93 868.54
17 596.26
15 719.70
21 676.50
27 650.36
25 679.68
27 790.47
36 353.57
37 395.43
32 507.51
25 127.04
12 404.46
65 284.59
85 137.68
6 587.92
7 385.90
91 382.71
32 962.61
8 985.26
37 366.95
43 946.78
52 311.35
5 459.15
3 142.68
25 110.33
63 451.46
22 381.85
79 987.30
28 451.81
57 915.33
76 524.70
96 562.55
16 561.50
25 980.07
80 814.68
16 301.00
78 473.85
84 174.84
38 337.72
32 962.23
41 495.84
21 305.12
57 130.81
84 855.90
62 114.27
4 270.37
32 620.49
86 558.38
25 702.49
79 585.38
91 499.34
15 433.15
88 884.34
66 411.30
15 936.85
55 328.11
22 953.34
89 276.53
33 847.96
40 856.13
61 794.45
18 951.07
46 803.86
10 965.97
89 993.08
15 732.17
1 248.57
83 764.95
43 922.34
25 728.07
81 319.65
39 545.71
9 742.85
1 112.40
87 275.64
7 264.38
48 135.85
80 338.20
5 925.21
59 703.70
57 660.06
23 681.98
71 133.32
71 672.72
55 207.20
78 895.31
81 338.03
75 529.27
64 277.20
11 638.71
61 869.76
33 854.18
90 700.86
81 946.78
22 134.53
3 365.44
25 172.16
7 453.31
33 973.76
79 776.47
21 367.62
22 734.99
8 112.86
41 856.02
95 397.66
1 159.88
39 659.04
27 765.88
85 579.75
10 131.02
51 846.97
82 892.59
53 741.24
42 403.94
58 909.70
64 339.57
62 889.66
46 218.80
4 120.61
89 375.66
41 737.10
29 734.74
26 871.67
35 569.98
62 863.35
25 327.77
13 517.95
56 324.53
23 585.60
62 112.64
42 614.63
89 456.42
61 269.17
80 266.63
93 165.23
53 781.15
8 974.32
48 860.88
31 124.16
26 393.53
73 164.74
15 455.02
29 662.35
41 716.05
72 765.21
55 565.35
84 965.06
59 176.55
67 635.49
97 779.21
84 949.46
30 167.26
34 971.37
19 439.45
36 943.18
38 282.68
10 198.52
58 837.75
57 752.75
46 282.20
8 499.15
84 500.41
19 644.33
25 582.19
79 747.83
43 580.56
53 446.88
17 440.01
64 346.26
59 917.58
70 797.81
60 814.65
18 748.63
4 573.65
81 590.17
71 136.52
5 519.19
68 768.65
77 608.12
67 718.84
3 937.42
29 250.52
30 708.93
11 112.07
29 308.06
47 337.12
14 127.60
47 468.45
84 206.08
34 133.58
16 998.23
95 726.16
46 947.77
63 311.65
15 450.54
35 101.78
64 118.47
93 687.91
73 328.94
55 369.53
50 686.24
52 258.79
71 490.23
61 714.02
81 209.24
19 641.57
96 576.41
11 645.98
33 817.92
52 270.25
51 376.88
20 917.14
98 447.79
97 665.36
65 473.85
83 735.28
47 624.53
84 199.07
6 732.63
99 719.57
88 474.92
18 195.32
77 502.26
68 750.87
59 791.99
5 869.95
11 888.23
60 432.39
85 144.47
36 820.07
99 437.29
25 987.11
64 493.56
71 821.70
14 362.98
97 918.42
70 331.97
79 941.90
75 739.93
20 308.44
24 736.61
72 728.06
55 874.90
9 575.91
52 683.66
84 582.40
56 500.79
60 928.93
15 804.08
76 797.85
78 574.55
15 792.64
74 961.83
57 482.34
93 710.74
22 569.92
60 240.43
75 380.44
95 540.91
76 767.27
58 163.57
64 540.03
23 380.21
19 371.81
93 701.51
99 917.41
28 911.55
73 547.67
14 181.69
59 737.67
73 158.22
4 276.35
18 529.87
77 227.61
63 938.88
25 623.42
19 222.80
32 809.61
60 119.83
7 539.23
20 483.68
84 127.83
59 926.65
84 843.39
19 762.72
53 821.62
92 706.07
65 907.03
9 920.06
66 318.87
37 680.27
43 275.06
75 561.59
1 935.35
15 259.98
42 674.00
45 551.31
8 958.37
91 151.37
91 571.82
3 122.99
98 647.34
11 315.88
69 949.78
41 133.78
20 580.10
58 812.20
92 881.48
93 729.43
43 306.58
12 561.62
70 262.92
1 155.03
85 911.03
72 567.15
81 667.11
11 823.50
83 516.42
21 770.14
62 318.98
45 751.91
22 649.12
94 357.08
26 124.72
80 132.35
22 656.47
59 667.38
70 263.13
13 161.10
42 489.81
23 381.39
43 667.08
23 299.27
97 429.40
66 917.75
43 509.66
57 449.68
24 821.27
28 616.99
87 170.44
21 664.61
30 399.93
77 931.64
1 567.32
85 846.79
45 668.96
98 619.41
54 149.49
54 797.37
46 184.92
30 695.43
13 844.63
50 750.82
4 508.13
32 536.14
75 486.06
50 685.85
49 412.92
56 278.23
55 287.15
10 998.66
48 411.69
86 992.80
90 748.51
62 607.61
9 105.65
15 385.35
57 622.22
84 949.11
21 989.67
10 948.37
71 711.83
63 784.75
65 573.07
16 880.68
52 245.23
19 232.36
32 918.87
93 215.96
30 274.99
7 181.42
75 709.01
73 334.94
39 236.00
83 638.78
44 948.22
46 879.06
92 390.48
21 493.16
88 620.88
36 836.95
82 605.57
52 477.95
29 904.01
98 767.82
44 213.94
75 507.85
22 234.02
73 237.63
86 363.39
39 563.57
1 636.18
63 228.15
76 627.33
9 617.57
87 503.09
60 209.79
26 159.26
10 590.54
73 387.18
16 844.14
75 394.91
42 256.06
69 994.51
38 203.32
51 954.85
30 485.89
39 453.73
25 655.85
89 818.00
49 579.14
73 100.38
46 209.57
14 320.74
14 705.39
14 418.97
65 605.67
58 440.33
2 441.78
52 796.54
75 601.08
65 707.01
3 304.71
18 593.60
24 278.71
45 299.15
87 591.35
12 149.51
67 651.97
49 980.68
35 807.62
27 992.45
42 141.03
94 422.65
42 106.53
100 239.06
3 770.20
33 491.82
27 205.59
7 273.28
56 365.61
61 625.37
83 959.66
50 853.15
73 859.35
76 337.21
97 256.10
20 369.41
12 291.41
26 172.47
20 156.27
74 339.64
86 525.99
30 655.09
72 340.10
69 544.65
59 978.35
30 932.09
2 423.59
97 522.57
47 628.68
67 575.45
13 654.53
86 263.63
74 378.95
10 638.52
88 215.00
7 384.17
60 738.49
83 920.60
8 610.17
49 809.51
5 675.86
100 855.98
33 492.86
23 640.72
17 933.29
86 784.83
71 785.23
54 165.67
93 202.96
44 640.29
78 274.76
65 235.30
68 175.96
87 677.49
6 481.17
60 689.08
35 935.97
36 741.89
53 390.53
98 502.44
1 443.79
9 418.12
2 499.45
8 881.12
82 986.28
62 219.12
6 669.04
10 834.96
22 717.61
36 953.39
54 164.38
98 135.23
6 728.53
82 269.60
4 654.41
99 251.79
75 903.49
93 990.49
73 593.54
58 528.35
92 943.59
87 792.61
96 655.14
24 593.50
73 450.46
50 220.30
16 865.66
39 474.42
63 741.95
27 380.03
23 394.40
34 913.87
69 165.38
81 645.47
20 928.91
44 164.17
73 285.05
11 385.38
85 965.05
21 646.63
80 631.63
50 973.39
80 558.62
19 964.40
38 675.06
40 705.41
66 834.26
50 123.97
16 388.08
79 519.98
16 743.00
83 396.04
51 806.29
91 936.29
13 715.89
6 126.76
20 503.27
1 498.36
60 327.22
89 398.93
46 327.84
100 450.88
21 477.49
31 969.09
67 199.97
28 299.48
3 142.81
58 809.50
81 931.55
42 876.73
81 920.99
66 175.56
64 804.21
18 248.73
60 198.02
3 700.16
50 751.50
64 861.37
41 826.00
75 652.52
75 954.10
3 771.45
26 551.81
52 567.44
86 556.16
46 913.92
80 702.65
37 986.65
99 388.55
5 381.40
19 163.24
38 458.73
6 381.71
31 596.28
50 203.79
67 206.95
97 866.50
85 653.58
22 398.87
46 437.02
97 139.16
65 388.73
64 528.68
34 996.89
50 617.68
95 763.99
65 663.44
89 559.49
96 180.86
88 387.45
54 894.84
97 324.02
15 995.96
61 713.36
17 714.85
52 992.27
57 406.65
60 201.95
54 376.60
16 522.09
48 417.24
65 439.31
76 666.81
21 648.14
34 375.78
3 336.78
2 963.58
68 496.37
55 391.79
10 186.59
48 821.64
24 476.05
96 459.41
26 865.53
8 763.83
55 703.30
19 436.07
18 554.25
78 456.83
71 238.14
32 720.95
44 361.71
3 474.71
5 490.36
74 846.26
46 562.62
45 675.38
18 408.40
1 480.45
17 622.88
64 703.00
20 771.52
71 486.18
68 975.03
57 183.76
95 425.72
44 208.35
46 322.81
58 711.83
3 886.77
49 430.81
99 219.11
83 899.64
100 540.94
3 481.97
100 728.40
39 560.50
88 706.12
56 628.55
54 615.10
21 805.75
62 509.32
19 659.81
51 511.25
8 635.53
47 208.09
82 675.96
11 390.86
100 734.18
43 409.57
17 349.13
100 329.36
90 298.95
73 719.57
91 245.85
83 251.63
65 470.06
81 721.45
71 474.38
91 177.78
76 907.54
78 810.37
79 898.19
36 390.95
7 145.66
31 413.98
47 187.23
72 904.25
99 295.09
33 980.32
87 892.83
31 851.72
30 906.90
42 266.77
69 526.98
47 490.25
81 461.05
9 885.27
86 593.54
92 483.36
69 181.72
94 833.42
4 335.99
53 848.71
87 865.09
88 965.27
71 126.34
48 423.13
27 966.73
99 222.62
61 615.97
52 712.23
60 566.24
68 906.74
41 530.73
58 541.45
20 943.34
85 868.99
83 396.58
19 111.81
38 301.78
69 451.74
16 158.74
71 574.63
4 458.16
14 964.97
67 466.55
5 730.49
29 977.99
47 681.49
1 704.38
18 626.69
26 686.23
22 377.25
34 846.57
69 822.59
96 554.99
64 512.45
94 235.76
81 232.59
61 852.36
100 577.33
38 453.87
48 639.88
8 245.69
58 231.31
15 703.38
42 696.64
22 693.39
42 598.35
41 304.48
55 283.48
11 437.22
57 883.54
96 869.63
89 315.86
76 346.54
17 510.15
1 265.38
35 150.16
8 365.88
83 433.42
13 105.03
84 301.55
10 844.64
37 882.03
42 629.71
39 706.24
43 368.72
61 498.80
39 891.16
16 807.90
31 506.54
83 604.15
72 452.92
44 262.27
6 499.16
6 565.72
87 765.50
21 757.45
79 556.66
42 164.08
84 883.00
64 146.92
59 433.61
28 653.00
79 639.78
74 960.53
15 794.79
92 421.31
94 179.15
18 341.31
61 400.91
78 742.84
92 709.38
42 814.50
32 155.13
48 953.71
87 885.79
94 684.21
81 171.93
4 333.59
63 606.59
16 380.27
15 783.71
56 180.96
64 141.22
78 954.73
75 818.13
93 418.56
27 104.65
84 623.88
1 341.70
60 510.02
43 715.33
97 420.67
1 452.11
32 995.27
23 686.27
33 917.51
57 166.59
77 386.25
93 446.55
14 441.37
4 960.11
13 263.50
75 652.45
54 885.88
26 666.12
19 235.31
63 628.17
17 594.24
87 106.03
89 872.92
58 748.07
36 689.97
31 330.70
24 747.48
62 422.43
15 844.36
68 489.12
8 812.72
30 938.02
24 831.96
58 370.34
16 626.45
89 280.30
12 320.81
96 655.49
65 586.38
19 470.49
57 649.82
52 727.78
92 197.93
77 162.76
10 826.36
23 947.27
29 861.35
70 966.95
39 288.97
50 258.37
57 889.91
91 441.45
85 894.78
16 345.22
95 934.67
6 708.34
11 740.73
57 558.78
31 244.22
94 628.24
85 462.54
86 875.57
67 766.90
11 833.30
91 199.63
19 299.82
99 803.77
6 899.73
38 704.70
14 483.48
65 962.02
58 717.26
82 288.59
98 384.36
85 320.92
61 532.42
53 853.21
98 752.90
14 764.45
65 806.59
59 845.69
75 299.93
10 678.49
9 557.38
97 855.37
67 438.62
52 243.15
45 627.01
99 214.48
17 341.44
39 267.53
8 306.44
86 473.61
41 536.86
32 197.65
80 458.74
79 454.52
33 574.74
10 526.69
53 849.34
86 591.53
74 894.90
28 709.26
34 553.89
75 590.06
53 161.89
48 842.37
44 487.69
21 175.52
74 867.17
65 701.88
74 444.16
88 686.06
84 934.57
94 423.20
35 252.87
50 566.50
19 588.46
69 628.13
29 461.78
51 623.87
33 135.73
10 798.52
1 850.54
78 445.11
81 169.58
37 384.63
69 859.67
81 794.25
22 342.33
7 720.06
45 904.51
57 940.63
35 461.26
72 435.09
30 440.31
72 966.29
98 131.48
99 929.70
48 964.57
24 680.49
30 524.31
49 863.21
57 879.15
70 336.90
93 701.24
33 695.61
97 568.37
61 524.87
3 808.77
27 156.72
51 401.28
54 657.72
76 709.84
36 340.10
9 508.36
23 221.95
47 820.50
21 432.36
85 309.65
9 771.13
59 772.40
15 916.86
70 687.85
11 611.37
33 124.88
99 252.14
73 231.83
45 333.41
96 757.09
80 895.02
2 283.28
83 732.46
44 502.58
18 660.02
39 518.45
27 641.81
63 770.23
70 315.90
72 404.04
58 993.25
39 919.65
51 983.53
34 968.31
42 454.64
45 501.08
70 578.92
58 197.85
78 366.79
84 240.12
64 548.47
68 747.41
38 598.50
76 712.54
45 464.38
89 248.07
90 442.24
56 102.31
18 144.52
27 548.91
23 525.06
24 971.89
47 905.54
64 424.68
50 292.53
34 884.24
81 520.75
22 903.90
92 589.74
42 680.92
13 186.02
26 459.22
91 466.73
88 631.51
32 216.89
43 960.76
57 175.72
25 911.34
41 637.47
8 880.33
73 300.99
82 114.51
88 878.70
76 684.16
98 367.04
66 817.18
99 993.98
62 350.90
98 362.07
52 497.87
99 408.35
68 168.98
64 944.13
72 777.91
55 239.58
13 800.08
82 684.72
51 505.70
97 881.91
56 393.21
59 486.72
90 330.40
43 548.46
11 188.07
53 208.05
90 745.27
35 287.85
52 917.96
79 157.87
37 892.31
32 629.61
42 836.76
86 890.15
20 906.75
85 699.70
74 495.91
94 185.96
57 831.08
50 396.11
77 353.29
26 189.73
74 601.89
10 606.93
73 984.21
41 549.61
86 241.66
30 363.50
99 825.02
88 803.76
10 573.72
37 431.12
55 148.78
51 213.45
79 771.78
12 842.50
94 143.41
43 434.84
44 884.83
67 844.01
78 741.67
87 814.44
97 419.62
78 402.40
91 678.90
88 328.19
9 107.42
38 557.81
88 501.99
92 165.54
39 956.94
43 829.70
95 210.55
93 321.06
40 783.50
33 251.31
88 731.65
82 554.36
27 121.72
100 271.37
65 325.69
37 262.47
54 583.47
87 898.88
37 719.04
10 781.42
53 742.53
77 626.40
26 818.82
24 424.83
40 653.19
28 186.48
40 841.51
21 540.81
55 504.94
61 370.00
65 924.36
14 272.76
77 330.92
19 276.56
24 481.41
93 508.21
21 312.57
13 152.41
69 562.55
95 115.00
40 743.38
48 740.07
33 440.41
24 694.76
77 667.93
33 522.68
41 118.43
67 786.79
46 738.83
83 585.77
46 992.65
49 482.86
90 499.05
77 554.64
12 208.75
98 526.51
83 669.07
52 897.30
44 739.13
31 510.91
48 131.56
89 953.65
61 261.36
100 783.57
8 866.09
97 982.93
50 963.88
10 366.52
5 739.35
30 881.67
38 603.61
54 274.28
97 235.21
34 234.24
62 719.06
25 912.56
88 432.98
27 712.99
51 309.27
42 206.80
70 649.73
20 493.59
83 642.18
80 949.52
33 109.34
77 300.35
99 452.60
30 418.97
14 624.70
88 818.11
45 980.67
24 543.34
99 909.45
72 297.19
35 242.54
61 653.26
27 847.24
73 622.94
57 137.75
26 593.43
21 370.80
45 870.46
79 567.22
85 760.39
25 365.44
87 740.19
15 395.13
59 303.63
73 270.61
53 391.14
68 354.68
81 369.53
94 453.44
41 830.30
24 209.39
81 886.12
60 658.19
16 607.59
81 308.11
43 831.88
80 138.23
59 472.37
7 161.77
16 203.50
30 199.58
69 823.53
88 478.45
88 828.55
86 554.62
31 175.86
25 290.05
21 160.71
48 247.78
43 212.85
20 944.85
62 567.30
54 346.48
71 550.18
68 762.54
84 562.71
40 803.70
44 980.02
14 627.66
82 713.44
55 423.51
53 873.28
32 836.15
3 828.43
87 291.42
70 944.85
19 484.28
98 810.08
89 415.22
86 600.34
40 746.60
69 976.45
82 376.29
3 665.66
92 701.94
56 178.95
91 289.87
87 662.53
49 950.69
54 948.91
6 677.02
36 898.39
85 947.35
26 988.64
61 190.32
44 447.61
15 282.54
97 286.36
67 356.81
64 817.79
1 204.87
9 689.32
63 579.50
80 457.04
22 810.46
93 994.05
76 297.23
53 135.23
4 235.63
32 540.30
93 493.61
21 642.79
97 728.89
94 241.81
64 207.72
18 744.96
36 367.90
40 265.25
45 187.41
100 636.00
74 295.27
88 792.72
1 611.97
61 207.25
24 719.80
13 103.40
85 356.00
31 202.24
71 640.81
36 359.59
13 667.03
43 718.29
18 185.47
7 287.26
85 412.26
14 497.09
61 105.58
7 548.85
41 688.86
41 848.50
29 718.43
33 379.97
78 922.50
65 348.99
89 388.93
78 596.20
89 168.83
23 916.67
93 253.15
79 655.90
33 287.67
1 859.00
74 187.48
5 285.01
63 718.49
96 775.72
75 245.72
53 493.64
20 795.74
72 450.77
6 620.21
84 253.09
19 150.96
18 390.50
5 555.39
99 615.49
37 561.93
92 174.91
76 553.46
39 395.42
42 737.09
47 912.95
97 329.35
2 278.81
62 297.30
53 347.56
83 545.31
8 763.77
25 632.86
58 542.67
84 823.64
10 199.83
91 350.56
88 267.99
70 631.52
77 241.64
37 755.85
95 988.83
31 593.69
1 941.39
88 267.28
19 819.37
13 668.47
97 378.52
21 475.86
17 113.84
61 572.27
35 747.46
12 542.16
100 606.09
74 944.31
99 506.62
62 567.85
11 436.14
21 786.56
67 498.15
17 693.34
3 849.14
18 936.87
6 392.22
7 569.73
7 421.73
85 461.69
2 755.12
7 404.96
71 777.02
100 193.96
5 445.80
94 585.24
21 484.98
27 772.20
9 606.58
55 511.66
88 237.40
22 907.52
66 956.57
81 581.06
100 523.55
10 656.40
46 437.83
90 919.06
40 704.64
58 758.97
10 376.67
79 429.41
34 725.35
60 282.85
29 234.13
19 246.16
55 377.52
78 871.34
63 742.27
20 895.39
25 634.48
28 905.25
99 939.41
20 213.31
55 879.87
50 859.07
25 894.28
84 347.63
46 959.69
79 636.26
35 467.42
4 540.82
58 695.83
46 665.23
38 686.45
86 326.66
26 810.79
88 651.87
32 951.34
41 504.14
71 231.94
51 853.51
92 518.07
36 353.71
25 369.83
83 955.63
53 592.12
17 671.19
31 698.10
91 853.90
53 469.80
83 212.89
14 825.07
87 404.95
52 246.42
24 101.44
14 686.11
31 799.28
1 877.83
40 732.43
11 784.23
73 476.56
7 152.06
51 767.28
11 277.65
23 301.84
52 347.27
41 853.22
9 883.35
22 462.45
48 164.69
12 879.81
12 949.05
18 716.52
57 883.20
13 262.59
24 231.67
42 983.04
70 409.38
54 963.90
71 236.70
19 430.90
67 156.17
55 508.30
82 686.78
82 602.42
87 678.17
38 193.53
75 698.13
44 593.35
13 199.06
93 383.23
62 941.85
87 844.20
25 672.74
32 849.78
66 982.98
21 899.86
51 930.08
18 290.17
66 383.11
91 428.33
67 952.52
52 494.71
82 157.70
57 594.36
66 894.65
70 173.85
9 872.62
3 440.74
7 279.11
36 397.66
48 239.44
82 183.00
47 891.17
31 401.15
57 711.33
14 965.78
15 109.84
57 286.55
62 956.60
57 263.64
32 672.86
83 816.41
96 435.14
95 162.92
16 758.51
95 333.03
74 312.61
25 551.44
48 583.76
91 977.63
99 992.14
90 860.90
48 233.42
23 823.70
17 204.93
33 161.82
87 669.57
89 611.71
60 303.60
95 288.75
68 891.96
23 522.79
33 866.61
51 144.90
86 526.58
53 394.74
100 208.65
76 580.09
48 272.56
41 212.68
35 603.86
3 485.10
14 436.78
1 958.43
58 216.59
92 166.28
33 557.40
25 455.82
70 346.34
17 906.10
62 860.58
12 246.29
21 250.04
47 434.42
5 664.00
99 849.72
67 686.81
18 208.34
24 883.86
20 805.35
40 227.18
72 399.18
88 221.86
19 819.50
47 303.86
82 205.01
52 964.51
23 855.20
78 636.98
48 715.59
39 505.34
83 944.56
21 209.71
31 462.97
64 842.97
19 719.77
66 339.54
39 775.14
37 950.25
6 118.46
4 145.90
83 252.92
13 151.48
29 733.86
12 897.63
40 847.80
16 676.99
3 402.88
80 612.87
92 378.10
61 504.37
32 471.02
3 248.15
47 660.09
49 173.31
75 242.97
1 761.87
43 570.30
3 370.99
45 196.52
27 812.64
13 913.00
92 953.14
72 335.00
40 663.75
21 352.74
86 986.19
68 492.75
99 173.89
96 619.14
3 810.04
90 535.41
38 624.64
41 978.46
29 588.09
21 520.82
96 266.57
32 161.18
53 641.02
2 836.34
57 689.07
90 106.12
87 300.08
48 197.77
66 276.90
88 477.98
41 214.01
82 886.52
49 976.01
80 694.77
98 490.42
89 622.42
12 387.75
22 280.35
93 656.43
53 894.99
96 216.44
94 372.23
35 913.16
45 318.29
85 662.19
37 171.18
50 276.37
39 624.23
74 740.46
57 486.80
68 167.43
97 154.86
65 611.73
82 765.63
17 536.51
59 421.89
77 989.96
23 898.20
16 851.82
100 823.95
23 678.69
49 924.77
49 986.33
40 385.09
59 866.74
38 667.72
29 232.56
50 673.94
47 295.78
83 685.70
72 550.60
17 371.99
5 931.15
64 973.44
43 665.65
20 724.64
52 565.94
5 152.22
31 368.62
92 595.71
63 542.29
32 973.73
78 975.26
29 951.74
30 577.98
85 153.99
38 482.25
25 751.05
50 594.25
90 895.15
38 905.68
43 156.38
28 146.44
40 827.39
87 919.37
98 535.54
1 367.05
52 694.37
46 313.87
21 752.58
71 438.46
75 163.31
96 289.89
59 477.72
81 435.85
37 974.91
80 429.75
30 449.35
3 413.58
13 527.17
1 277.05
3 659.70
19 769.80
8 292.08
93 256.34
76 103.31
75 116.61
60 496.94
20 543.41
1 798.50
67 415.94
40 279.61
100 970.90
58 109.77
27 433.34
66 193.68
5 993.36
42 142.57
9 331.95
15 226.03
15 372.71
23 819.85
12 392.54
26 597.07
38 918.92
82 490.16
51 345.14
14 354.37
16 384.73
92 858.19
53 454.63
86 660.93
95 913.38
21 745.63
90 903.48
35 150.01
57 526.01
27 311.77
95 422.65
98 637.12
87 537.70
91 484.77
74 846.21
60 769.12
83 467.56
80 943.28
96 280.92
94 730.81
86 987.81
21 500.48
76 993.75
76 500.75
63 566.80
51 681.55
89 823.40
88 149.59
9 262.91
4 458.84
12 227.62
17 962.30
91 931.57
57 466.79
94 405.83
18 863.57
28 134.47
68 402.71
35 639.63
58 140.41
47 992.59
21 743.84
25 485.55
75 704.04
4 493.97
97 965.00
64 269.97
6 404.57
100 659.86
21 670.00
89 228.81
64 967.44
32 306.43
53 909.81
57 266.97
89 319.37
55 115.66
43 936.72
1 798.12
8 956.55
86 228.18
1 562.99
33 731.52
19 799.90
59 260.91
40 202.01
48 907.84
28 572.66
55 252.83
71 918.16
65 393.97
75 745.12
80 826.18
9 518.56
68 696.39
74 547.96
52 128.37
50 761.72
44 126.16
93 529.05
40 885.73
38 857.37
34 101.84
7 811.08
80 849.99
12 148.67
11 732.58
43 986.70
32 631.32
73 958.65
73 443.69
86 761.79
73 142.20
20 240.86
6 333.83
31 367.57
7 787.11
92 268.08
79 801.22
69 766.49
97 126.51
10 416.14
36 298.89
73 604.84
72 507.07
19 663.62
31 580.98
52 810.82
81 171.00
61 525.99
83 721.68
17 244.18
64 895.89
70 890.98
26 549.89
44 747.44
49 711.41
40 803.09
41 428.24
88 377.63
54 407.27
41 670.88
24 892.19
89 684.15
66 303.58
91 428.78
86 321.74
73 570.56
94 736.99
61 699.76
36 411.09
52 756.44
7 140.78
56 538.69
21 702.46
61 420.97
49 284.35
8 128.71
51 992.37
57 112.95
85 424.07
82 644.69
18 463.84
23 289.02
55 853.35
96 689.33
46 549.25
46 907.03
53 955.13
32 978.78
64 234.82
51 700.41
24 161.86
23 887.54
48 977.22
55 856.30
52 444.56
2 358.22
54 691.09
4 137.11
55 147.03
1 349.86
93 924.99
53 673.01
20 702.67
76 199.24
78 287.64
55 317.36
44 913.86
66 282.89
34 743.73
17 132.10
3 614.31
54 784.89
64 440.84
16 584.99
55 497.49
99 154.44
19 406.29
96 953.58
54 737.22
97 554.08
99 214.55
78 466.82
44 753.39
45 485.17
48 237.12
87 618.93
33 721.47
98 382.81
77 759.42
64 620.19
67 580.36
62 615.27
85 102.02
60 965.53
93 750.63
12 790.96
75 641.58
40 532.95
40 126.12
39 299.31
91 225.57
7 941.54
41 324.53
62 720.89
38 970.29
71 991.88
80 421.01
20 348.46
72 239.38
80 990.76
42 411.94
89 370.37
12 501.49
66 326.23
62 961.49
46 108.18
75 404.41
82 151.33
82 348.12
98 833.69
16 679.91
82 964.95
72 848.37
100 936.28
62 677.06
51 960.51
76 707.03
98 398.63
58 186.10
29 855.04
48 401.04
78 605.99
41 771.48
61 943.51
86 543.24
4 653.06
95 397.74
27 701.60
75 737.47
20 355.46
1 413.29
17 459.48
28 300.59
89 879.61
97 116.54
59 891.87
100 528.21
18 234.07
91 776.59
16 358.85
37 406.60
13 855.34
12 420.03
33 300.06
68 599.81
72 752.00
29 417.26
59 566.71
37 531.56
67 566.50
32 175.14
43 548.71
3 747.52
54 513.67
46 923.11
1 147.01
7 712.98
71 204.61
34 930.96
24 742.31
95 151.37
71 723.73
5 407.60
4 365.60
25 314.59
11 281.44
82 869.85
95 169.84
31 596.74
5 617.59
63 718.45
30 997.20
18 451.64
42 704.09
62 558.22
77 245.14
31 846.62
26 771.58
18 789.62
57 402.38
47 531.52
80 205.37
24 915.50
58 334.14
88 322.83
98 373.07
83 239.27
67 835.41
41 456.77
53 758.86
59 140.64
61 649.87
31 120.82
53 486.50
86 170.64
30 125.30
82 169.31
98 519.03
33 127.45
26 357.90
15 671.43
75 594.73
10 216.07
29 672.92
85 931.27
3 332.85
48 972.98
68 757.64
80 994.27
25 238.16
96 659.62
45 853.50
16 280.79
39 618.24
8 539.85
93 882.32
24 670.15
43 175.20
58 550.50
70 143.10
82 630.28
75 235.46
59 364.45
4 998.70
2 301.61
82 588.80
52 350.94
74 180.44
88 302.02
59 431.54
9 824.10
5 723.82
84 220.38
9 361.74
58 915.84
42 750.70
10 501.39
58 751.23
3 496.80
76 259.11
31 346.13
83 475.51
44 658.91
77 142.34
38 979.53
48 731.93
82 789.97
97 578.81
70 590.29
6 471.03
69 921.56
56 416.84
95 283.64
100 745.98
5 240.89
54 486.31
53 587.81
30 130.17
28 795.87
61 818.99
88 225.75
18 420.74
24 120.90
37 742.14
88 106.47
17 451.44
29 204.81
65 750.21
68 495.49
37 401.44
34 224.01
73 823.87
91 738.29
39 389.97
81 536.70
79 618.31
98 206.92
54 233.62
57 540.47
62 954.80
96 198.87
94 637.70
40 255.58
61 152.85
16 610.62
85 773.06
92 583.76
56 285.40
1 597.05
41 159.58
29 734.15
24 982.79
25 508.84
73 693.13
44 382.73
70 371.08
12 519.11
34 883.52
59 956.53
38 212.92
60 133.99
44 114.13
45 520.79
40 522.41
25 332.02
68 556.50
23 740.35
30 989.42
27 363.59
18 249.94
91 866.09
39 641.90
64 112.51
48 758.76
48 245.52
95 632.14
14 656.37
87 683.11
88 361.21
55 648.82
19 281.64
72 660.52
60 887.50
31 746.35
19 839.00
53 261.70
9 345.19
52 228.39
92 685.11
63 637.38
77 598.92
59 121.83
82 876.19
68 398.59
49 484.07
10 838.67
90 944.05
95 617.76
69 908.24
1 785.59
67 548.64
42 673.92
20 135.39
61 885.12
69 571.42
80 222.76
85 695.64
86 767.69
42 883.40
10 227.47
99 321.79
57 680.56
77 757.14
33 882.67
97 223.62
17 442.10
50 693.75
97 218.32
68 697.69
59 718.51
46 522.67
45 594.73
39 292.80
81 403.86
43 740.03
52 526.79
31 431.91
12 503.96
85 189.20
27 779.97
77 753.51
21 494.97
35 650.79
98 112.74
64 523.07
74 113.15
30 590.60
2 422.59
41 411.13
29 822.81
75 184.75
94 299.41
42 849.76
29 993.88
65 317.81
70 334.85
88 763.66
65 443.43
36 602.02
40 372.47
96 603.92
6 586.15
54 778.61
4 107.79
21 643.22
33 408.45
19 615.00
61 283.31
11 196.20
37 499.73
9 570.84
75 478.33
43 109.43
5 304.25
68 514.35
57 257.08
100 345.55
70 323.71
84 500.96
12 477.07
33 990.62
74 818.21
22 657.14
69 999.50
4 159.94
69 521.59
3 802.00
29 810.32
36 424.41
92 324.32
25 287.40
53 288.74
25 131.90
86 980.88
26 532.01
17 328.69
99 343.42
55 296.96
22 567.17
57 263.48
84 810.97
68 549.52
59 917.03
92 547.43
100 625.00
75 167.62
9 584.59
12 615.87
86 500.89
45 440.06
56 171.55
49 152.06
66 943.54
57 394.19
40 400.73
61 731.44
14 694.13
35 569.92
84 668.06
78 414.95
41 170.57
53 650.13
82 730.44
28 963.03
57 851.89
75 553.45
7 976.50
35 480.98
42 442.12
29 705.81
33 736.62
5 305.29
35 302.34
81 125.28
91 937.83
36 519.49
88 748.82
63 484.23
55 547.31
19 232.45
49 715.03
21 279.40
32 683.19
37 929.38
83 875.57
88 634.85
33 970.65
41 436.75
22 351.19
89 533.84
53 114.51
69 694.13
54 916.45
49 465.27
82 513.27
98 336.85
91 275.53
32 801.22
10 693.98
96 476.35
18 843.48
3 190.06
26 986.58
69 315.85
76 655.14
1 621.75
39 599.87
74 501.28
43 896.96
4 580.78
20 634.40
96 659.40
45 484.63
54 326.58
28 802.86
34 630.73
63 421.08
56 288.41
90 615.47
64 597.92
98 743.79
6 382.00
80 461.44
100 995.79
34 131.24
75 180.63
5 394.52
58 298.23
2 961.47
64 932.37
3 354.98
54 745.64
36 287.26
86 388.86
85 316.24
13 352.38
52 433.83
34 672.23
19 305.68
56 626.24
86 424.73
49 583.67
45 796.59
22 143.67
29 742.42
13 569.40
89 199.24
77 765.05
11 433.13
38 296.74
8 524.37
7 233.22
64 378.95
73 664.48
92 804.71
8 220.67
87 953.87
83 171.81
56 619.33
96 135.97
27 847.33
7 473.53
85 668.52
1 625.23
19 733.23
94 619.83
81 591.37
28 502.68
54 620.15
12 769.47
41 840.02
16 439.21
41 885.19
35 237.69
29 468.90
5 521.99
37 287.04
47 664.47
18 311.72
43 912.19
41 208.23
71 496.95
72 962.69
52 517.63
19 352.60
61 766.40
75 939.28
39 735.25
37 945.71
83 306.37
68 538.92
46 117.60
24 529.40
100 870.01
16 120.92
97 675.76
19 514.43
41 543.71
30 802.05
92 114.50
95 879.24
1 915.30
78 133.13
21 908.46
78 531.96
3 927.87
58 930.83
55 773.54
36 843.66
31 171.91
95 466.40
59 731.38
20 233.62
52 978.58
85 494.21
18 313.07
59 298.85
36 561.87
41 906.79
94 510.11
71 344.45
100 805.24
54 663.91
67 391.41
58 398.88
57 129.86
20 876.33
10 962.76
71 419.97
23 246.29
30 833.66
99 518.04
79 241.40
79 440.21
45 683.56
12 178.07
96 151.27
27 837.77
69 138.53
34 445.11
24 515.42
99 252.93
52 764.75
47 801.99
9 997.70
63 852.22
22 222.51
71 598.85
23 814.30
43 842.56
74 236.91
52 501.81
85 882.80
85 609.84
28 186.08
98 326.03
59 700.46
6 900.08
86 701.48
63 441.76
88 422.33
3 696.47
27 509.19
80 800.54
8 785.18
76 817.49
55 773.57
53 476.33
27 392.19
26 600.92
72 244.50
100 451.75
83 674.50
39 154.43
29 440.59
41 948.43
5 469.71
95 432.54
67 539.96
83 116.60
9 668.77
86 531.00
3 830.50
20 720.04
67 570.11
42 992.90
5 650.87
94 357.04
65 100.40
57 486.65
62 991.19
14 323.51
92 799.48
64 984.13
82 496.13
98 207.06
88 845.34
73 465.30
53 258.71
71 295.01
17 831.70
96 840.29
97 481.20
21 867.08
83 331.74
50 750.09
54 676.99
83 182.59
76 936.19
71 169.77
1 945.34
77 720.32
1 755.42
34 849.71
28 254.42
21 247.34
11 310.85
78 875.21
30 871.93
54 669.57
89 621.54
82 454.73
16 740.33
52 859.83
87 650.11
62 486.77
43 337.02
16 722.82
67 792.51
97 695.21
44 115.77
24 608.14
59 714.50
37 518.18
21 862.73
62 150.39
80 418.64
26 278.97
63 211.44
54 443.60
87 153.68
83 705.88
86 454.42
41 873.09
27 912.62
4 368.99
85 858.51
89 925.52
33 357.35
35 611.85
18 772.91
84 791.97
25 834.81
9 820.99
18 222.89
44 342.53
27 425.46
88 260.83
57 370.51
70 433.87
64 684.00
28 986.78
57 395.88
24 823.29
87 914.61
27 678.44
6 353.38
77 645.17
23 265.25
35 650.23
99 714.18
46 151.88
26 239.96
92 595.99
67 100.70
41 110.79
60 855.54
11 724.15
53 839.10
54 418.04
36 785.67
31 666.35
40 605.42
30 753.76
67 583.01
63 778.15
12 734.11
36 623.48
59 482.56
14 149.19
7 425.87
70 557.58
64 619.02
14 618.37
72 801.16
11 876.22
80 790.28
46 128.41
44 380.67
95 243.65
96 282.82
52 286.11
44 891.25
34 511.40
48 505.12
88 882.83
9 514.83
47 291.41
36 677.42
43 297.24
78 292.76
15 718.47
50 922.84
58 317.28
93 808.61
20 654.64
51 817.59
26 161.42
92 142.09
48 549.56
54 571.91
94 543.22
17 245.12
30 596.91
87 435.73
29 656.86
6 301.99
13 109.96
34 779.52
49 234.85
12 321.78
1 153.50
80 156.17
53 881.99
52 992.34
4 597.10
43 664.40
10 257.04
52 814.56
99 894.01
86 390.12
37 183.38
53 582.64
51 435.14
62 349.74
19 696.28
33 662.50
60 881.89
75 995.16
66 832.38
100 814.03
88 951.26
24 878.62
37 181.93
71 223.36
26 760.13
90 338.07
26 319.78
75 145.25
14 786.10
100 204.50
80 574.28
7 482.09
21 739.48
60 336.62
34 244.60
26 579.35
47 704.79
27 689.04
43 662.23
49 327.50
48 413.90
81 484.36
62 568.02
56 293.97
19 964.27
95 781.93
92 123.46
35 846.52
52 366.77
45 522.17
44 555.34
65 983.06
80 414.49
23 206.80
76 722.10
92 233.79
83 856.44
7 918.18
69 518.53
32 515.04
51 164.36
56 952.26
6 127.14
55 349.40
37 983.49
93 562.73
62 370.67
74 616.27
35 336.94
79 993.45
98 318.15
88 749.25
69 443.85
43 620.42
59 538.89
16 168.79
71 683.88
55 531.51
69 373.42
78 822.84
38 583.76
73 319.06
87 444.14
45 783.00
5 339.97
42 819.70
89 567.67
82 746.43
99 979.90
4 326.20
78 739.00
70 705.36
64 676.44
11 486.39
65 491.93
49 187.36
13 959.74
48 194.17
16 103.22
74 773.05
9 563.59
22 952.15
82 234.00
79 778.07
45 103.41
64 258.60
19 617.53
67 283.62
15 509.76
59 951.98
49 129.56
97 126.54
81 930.49
7 182.13
58 401.11
30 430.93
15 350.20
59 998.55
75 862.78
43 384.46
81 964.98
25 998.33
62 582.64
12 634.02
97 155.93
50 998.55
23 306.25
97 933.69
97 710.06
71 151.66
88 658.71
98 265.61
39 729.23
45 576.46
46 461.43
29 403.89
58 495.69
17 990.55
49 119.97
67 649.88
88 216.78
53 534.20
52 491.24
9 181.97
48 133.82
84 330.19
92 894.01
84 736.88
16 988.66
24 107.81
35 915.77
9 447.71
16 167.96
28 798.62
41 552.47
62 828.58
28 194.79
8 439.95
20 369.89
88 479.03
23 263.47
6 670.68
39 539.57
88 635.03
19 571.68
16 393.95
67 703.00
5 853.25
12 501.76
21 382.46
72 500.25
58 254.03
86 578.71
97 247.82
95 281.32
48 170.53
28 529.89
96 512.50
27 576.72
61 834.48
53 924.42
46 858.95
55 365.46
76 640.09
6 377.62
79 552.90
96 495.40
25 454.32
89 798.16
22 668.84
49 863.87
48 350.78
12 785.84
96 744.38
63 764.41
7 254.91
1 671.03
49 608.00
76 746.82
39 195.13
85 785.82
10 661.52
77 993.91
52 107.04
97 219.97
78 682.20
84 605.36
23 238.93
91 867.04
60 615.52
64 385.74
33 937.05
31 556.40
83 830.10
83 697.19
13 925.74
16 444.05
46 765.53
58 594.84
83 815.85
3 784.70
48 344.98
27 547.54
59 553.23
68 680.16
39 746.53
16 379.13
47 278.15
66 837.16
25 742.12
67 344.80
4 878.58
97 983.66
4 829.48
48 792.30
71 485.23
83 484.41
48 758.36
38 122.81
43 981.07
63 511.32
70 782.89
83 225.41
40 607.01
86 618.02
11 600.55
23 166.01
69 548.77
89 445.77
98 650.54
48 975.66
16 246.82
66 931.94
15 851.75
44 920.03
19 915.13
70 623.96
86 194.79
23 669.12
55 442.31
30 575.81
7 684.95
75 492.05
47 775.88
8 345.94
28 866.92
83 495.24
68 187.30
1 640.20
49 759.12
41 475.49
18 986.71
48 138.48
64 115.26
79 311.80
96 851.91
86 693.56
29 609.78
66 109.23
38 258.42
71 495.80
15 991.02
27 284.72
38 388.11
14 825.12
24 437.79
58 415.60
33 123.93
1 651.96
25 979.79
19 409.81
19 441.23
27 209.52
51 762.93
28 341.28
40 391.26
5 894.04
24 664.11
20 451.41
28 490.32
80 993.60
67 668.73
14 584.48
47 430.55
98 203.01
53 463.81
86 139.08
60 498.75
81 167.90
83 382.87
9 638.18
13 303.71
2 299.28
13 856.33
85 303.01
97 180.14
66 902.75
57 297.60
31 472.15
22 694.42
23 691.37
17 321.94
74 506.24
23 502.47
50 363.89
97 525.34
41 834.58
93 672.46
94 325.97
86 708.90
36 385.65
41 986.15
84 333.98
86 424.36
97 121.52
94 396.26
40 386.22
47 830.07
100 953.92
51 227.71
65 181.97
98 515.59
53 343.62
52 366.01
1 636.01
3 617.93
39 940.97
72 799.16
19 260.79
84 983.05
56 659.72
10 725.32
39 535.00
16 702.45
61 142.95
12 837.70
34 656.04
77 835.00
74 324.44
34 694.57
45 498.61
23 152.85
78 244.73
14 922.29
99 375.85
98 719.57
26 286.08
22 956.97
32 468.65
98 579.80
88 657.12
24 494.96
46 753.15
71 480.10
46 246.46
90 653.17
10 939.53
72 326.98
94 881.97
66 762.61
33 351.52
2 606.20
44 763.63
71 254.20
22 187.23
70 373.79
87 917.88
83 143.98
54 277.74
78 722.41
49 269.67
35 463.03
45 482.35
23 381.35
2 351.89
23 102.03
30 782.64
78 269.40
63 586.37
18 634.01
88 617.56
83 676.09
39 413.02
7 388.45
53 960.48
25 195.69
40 105.53
40 798.91
62 191.04
52 230.36
42 177.00
34 819.57
8 489.00
84 748.81
42 941.31
29 882.78
19 781.72
12 160.18
18 665.81
82 163.05
12 636.92
79 473.22
72 911.29
94 967.27
79 765.56
23 243.26
12 935.62
50 908.84
32 716.10
30 960.82
80 453.93
37 922.61
81 144.67
3 159.24
40 516.84
49 598.08
69 325.80
17 360.13
27 432.69
20 557.38
100 738.75
95 498.31
86 670.61
31 727.26
35 882.67
97 195.08
58 683.74
7 490.11
53 627.22
70 683.30
48 539.19
5 941.22
7 554.07
7 409.80
64 145.88
63 171.24
6 751.08
34 202.35
32 173.68
95 126.79
38 111.95
20 312.23
96 346.82
76 701.29
56 774.42
73 722.66
37 304.46
86 771.80
80 931.27
65 196.46
19 792.64
82 694.33
22 533.54
78 498.08
1 202.05
85 502.12
60 771.32
94 496.18
90 955.95
12 708.20
91 540.90
30 890.64
88 813.65
40 387.65
26 401.16
47 110.07
67 151.36
88 670.83
2 548.53
46 128.35
38 981.22
98 431.29
49 392.13
30 802.81
31 696.09
28 445.30
34 754.59
72 823.26
75 997.09
32 829.87
31 744.70
25 740.38
40 153.33
93 407.49
67 481.62
40 266.79
1 662.19
17 321.90
43 478.47
59 474.73
39 182.51
88 382.72
80 495.38
49 864.58
13 146.23
69 728.32
53 818.11
59 745.87
12 972.27
6 944.25
88 710.26
13 264.96
31 738.05
56 383.74
94 231.15
27 618.59
30 850.52
99 497.23
80 383.52
96 449.03
49 324.18
75 589.88
36 214.58
77 759.83
71 903.20
86 408.72
13 206.30
96 917.64
100 928.70
49 971.04
8 479.65
24 140.71
43 488.54
34 679.13
28 540.69
65 513.65
34 787.26
57 212.57
26 526.46
77 466.14
33 868.37
23 709.05
59 442.21
34 107.13
69 102.53
3 926.43
85 890.92
14 445.27
94 772.14
83 533.67
2 597.02
79 769.43
8 464.65
37 215.70
52 771.84
38 371.83
97 226.11
44 588.87
27 820.41
15 517.84
95 270.93
90 159.81
38 331.52
6 448.29
34 386.41
92 162.34
38 176.29
17 453.48
22 546.87
51 109.39
69 658.22
15 486.50
84 850.53
39 690.82
12 426.69
60 656.21
34 589.46
73 200.53
4 807.67
87 157.07
10 358.15
53 287.43
89 807.91
39 807.98
12 857.45
37 725.28
45 291.10
23 894.69
29 300.24
72 975.21
24 860.75
24 344.85
3 963.02
28 218.75
66 748.79
83 236.68
66 216.51
77 901.21
66 336.97
56 626.27
77 380.68
39 603.63
58 918.78
82 917.36
92 326.90
45 366.59
45 367.93
70 166.53
9 117.96
100 223.33
37 999.00
70 983.82
38 960.58
33 963.17
35 403.00
38 599.49
50 167.46
12 300.50
58 769.64
75 403.82
4 328.58
17 610.51
29 382.29
79 184.31
68 689.42
7 692.09
32 393.98
89 936.28
56 106.55
72 274.68
32 338.72
75 397.32
35 527.33
34 959.98
35 849.06
43 775.44
70 578.17
97 461.21
28 651.69
8 988.33
1 972.03
50 668.66
89 337.45
24 464.93
22 516.71
64 671.11
69 582.12
15 669.83
19 184.06
6 653.88
1 659.26
78 491.60
81 291.50
1 920.03
14 994.74
77 970.04
27 720.53
9 501.23
8 613.00
96 866.29
62 849.71
63 751.36
96 157.30
10 945.21
52 534.65
31 810.80
35 683.35
78 279.33
75 657.12
80 923.80
15 413.91
60 718.19
5 449.25
53 273.28
43 599.77
96 718.35
6 414.24
23 345.95
78 951.85
74 352.57
34 648.61
42 718.85
29 609.41
40 411.89
75 161.91
29 475.84
41 144.21
95 279.99
24 531.62
96 961.21
99 777.75
50 103.83
15 604.86
14 346.70
37 279.48
95 382.16
49 256.55
17 263.23
56 665.62
48 366.60
97 793.14
64 833.74
58 635.41
72 395.11
92 352.36
49 182.57
86 279.27
45 110.23
55 550.65
98 757.34
53 687.14
19 628.55
81 285.04
59 508.91
81 773.78
50 594.66
28 149.63
97 772.29
97 524.98
73 178.60
95 798.76
63 526.21
14 593.14
35 740.59
39 952.16
84 269.37
46 311.66
98 711.76
75 674.10
15 366.46
100 995.17
39 173.68
81 879.70
85 837.92
51 962.82
80 368.36
7 897.62
38 159.35
64 837.08
97 329.16
78 868.42
89 945.35
85 264.58
18 839.11
88 439.85
98 738.49
47 536.81
69 861.50
92 651.84
93 618.71
87 687.57
80 819.15
90 413.98
12 392.92
37 612.32
11 292.78
3 723.25
2 235.07
87 922.10
97 136.33
90 368.94
81 647.63
1 810.38
18 981.54
11 719.89
9 357.11
45 606.61
5 560.83
38 945.51
75 321.51
66 908.97
85 250.38
51 954.96
13 709.92
29 153.44
16 774.10
29 264.74
64 444.75
88 866.13
59 492.42
63 458.64
87 509.39
28 967.16
67 149.10
14 368.83
84 923.60
81 905.08
56 705.82
42 276.40
11 649.18
13 650.42
6 315.53
57 870.99
46 761.73
50 401.50
3 863.12
97 414.20
62 892.21
75 843.71
81 513.11
11 575.13
67 134.41
73 901.97
26 231.13
47 663.47
73 789.37
43 490.48
96 437.62
79 108.46
3 382.41
85 648.98
19 372.28
64 840.78
97 623.62
56 833.46
59 942.00
55 155.68
22 164.81
16 794.62
23 394.34
81 284.07
47 303.49
83 792.61
29 753.34
18 402.25
9 917.61
84 891.72
25 505.05
2 860.91
43 443.38
99 388.18
24 810.11
70 611.53
70 456.91
32 527.41
70 881.61
97 544.80
45 934.25
33 745.18
48 876.38
59 707.50
37 546.31
51 695.92
93 645.02
82 144.46
2 440.36
38 292.22
38 186.43
89 385.23
4 229.57
80 221.32
41 765.15
64 934.81
50 513.54
3 107.91
19 401.24
67 797.81
42 268.74
96 268.04
62 414.82
43 959.26
66 460.37
8 802.59
4 185.22
35 907.36
46 700.97
3 402.56
27 977.99
81 692.96
59 157.24
47 323.91
78 557.83
40 343.19
57 748.70
72 578.80
36 798.98
5 376.19
10 712.52
10 417.75
89 645.73
66 995.24
23 686.67
36 278.17
63 277.01
3 896.70
53 844.20
89 768.25
63 189.27
44 948.03
78 637.59
77 670.92
33 492.56
72 289.17
78 940.81
61 356.70
15 806.65
41 306.49
33 701.80
73 872.33
99 707.03
24 309.59
40 934.55
65 684.68
58 439.12
36 614.31
84 645.19
50 202.38
54 952.04
37 338.73
38 864.75
54 103.94
49 130.16
4 541.20
11 353.71
10 394.58
21 109.08
72 365.05
55 968.56
64 430.00
45 292.13
89 604.57
17 265.57
35 351.13
46 142.39
53 732.98
37 699.18
68 980.46
3 791.69
7 918.86
69 847.57
44 569.01
87 747.45
87 938.71
52 670.43
40 497.63
93 256.92
40 948.01
30 774.42
28 540.71
13 848.03
70 588.88
100 173.20
67 101.27
76 758.10
6 929.78
38 840.00
64 475.45
95 428.50
17 506.11
57 233.41
15 754.11
25 292.73
6 564.74
41 825.48
6 782.17
25 731.63
69 494.48
62 912.92
50 380.82
59 114.98
46 760.46
22 116.60
88 122.38
52 980.10
20 372.20
45 771.70
42 513.37
98 654.48
68 872.70
99 889.89
64 499.34
88 261.29
64 257.69
66 915.17
35 934.41
29 327.96
14 574.51
12 581.58
19 529.23
95 365.67
25 419.45
90 773.90
37 148.39
92 627.92
23 197.61
55 501.07
95 961.68
16 842.11
57 531.99
71 607.86
99 607.14
78 842.96
35 671.46
18 743.71
30 899.61
37 982.88
8 283.27
31 698.74
34 446.62
55 859.11
32 226.31
99 366.81
41 663.67
44 594.09
4 443.90
36 735.10
30 221.76
89 764.73
48 442.26
27 579.80
73 563.91
22 359.17
13 172.45
66 735.61
82 494.07
5 399.46
49 647.84
80 758.07
71 797.81
64 670.37
49 623.99
87 349.75
10 583.62
50 176.23
77 267.94
50 295.82
7 471.47
79 442.23
38 960.73
68 766.66
9 738.16
64 947.58
37 531.30
9 931.69
38 678.60
1 830.84
1 301.08
17 405.06
15 322.51
64 252.82
15 275.01
62 865.69
59 557.14
33 120.14
57 961.26
94 280.85
79 353.12
12 481.67
54 516.16
54 875.92
80 667.44
85 155.57
95 608.45
23 572.03
30 323.55
48 990.82
8 640.54
64 188.54
58 853.28
94 339.85
52 233.98
51 871.59
85 988.74
86 990.28
37 745.16
100 857.28
47 306.01
72 832.12
59 401.66
52 186.80
14 635.38
100 970.87
44 361.69
86 630.46
19 258.74
24 214.89
35 384.41
77 231.30
1 924.48
12 655.23
46 833.86
17 526.13
18 405.11
22 834.70
98 930.76
51 276.75
3 606.86
58 997.61
95 853.15
33 540.75
6 162.33
80 646.87
97 973.24
74 624.78
33 833.24
73 718.34
24 203.22
24 864.88
8 169.79
18 608.52
44 449.40
59 183.30
61 132.62
51 722.43
48 352.35
97 552.16
62 553.99
27 429.57
82 273.16
54 945.75
67 431.41
88 888.09
47 652.25
19 982.06
70 610.24
42 824.25
97 119.75
70 736.68
86 389.19
25 649.55
90 329.15
17 452.46
11 204.56
16 186.57
5 656.51
86 890.34
57 904.08
91 217.97
14 750.70
2 586.72
60 550.60
65 319.00
98 144.40
31 756.99
8 421.92
84 676.37
62 229.46
41 915.34
61 493.82
95 530.56
40 960.98
44 878.25
69 466.73
56 635.16
60 388.80
75 128.21
32 400.03
17 720.64
97 274.09
53 165.58
11 506.68
69 102.60
83 793.91
34 556.08
25 687.01
11 385.42
27 450.91
68 895.37
39 147.84
30 705.51
7 242.88
69 102.80
1 975.24
33 815.19
80 430.99
13 693.28
48 906.42
93 994.49
17 516.65
89 791.73
86 413.98
87 345.31
57 200.54
77 440.01
35 119.30
28 356.33
26 678.42
76 237.18
47 887.13
82 720.57
86 441.62
28 540.68
54 925.31
7 696.22
45 507.30
26 840.40
43 754.92
3 251.57
14 143.18
12 778.91
70 974.71
99 565.91
91 419.58
23 204.78
67 634.95
23 853.12
7 804.16
21 652.16
41 343.71
62 623.11
54 408.29
89 134.06
19 586.07
92 786.21
27 656.04
96 201.04
71 638.74
16 809.71
85 276.02
67 311.69
57 994.74
28 811.29
15 956.98
49 449.69
9 486.72
69 461.88
78 563.70
96 343.00
70 401.53
55 542.54
58 824.97
61 531.59
65 870.89
9 356.19
7 594.11
88 563.81
68 627.13
42 421.49
64 303.67
37 230.39
25 764.93
24 546.55
49 319.85
84 369.41
75 369.39
28 100.57
50 609.60
82 843.44
21 791.45
2 259.23
18 485.10
9 496.44
37 550.61
82 582.52
36 317.16
23 531.67
2 819.46
52 955.87
28 761.57
93 748.85
89 816.45
27 901.12
88 110.75
87 138.80
25 417.50
18 906.41
68 337.85
44 920.26
75 866.05
54 361.68
87 759.26
32 947.65
69 213.42
90 140.93
77 862.46
27 208.17
98 345.02
90 575.02
80 564.21
82 490.90
58 917.21
96 449.59
5 722.51
93 239.14
31 141.83
54 535.47
6 377.93
18 591.84
28 403.38
52 447.52
86 633.91
99 915.88
94 200.22
57 449.80
59 898.19
54 207.96
91 302.55
89 597.88
98 871.61
5 370.20
16 450.58
74 207.58
22 193.69
69 534.86
11 313.82
62 607.06
39 288.46
41 174.56
95 222.77
26 259.59
40 166.52
66 463.90
13 782.96
28 127.84
32 833.13
87 521.88
22 484.26
34 834.56
87 752.32
83 796.17
2 778.13
58 225.42
4 406.58
43 673.11
75 567.78
16 321.12
92 482.25
49 357.74
65 523.77
93 433.34
4 425.21
44 136.73
16 664.70
12 878.11
50 895.93
84 503.29
45 808.66
61 469.96
43 561.75
81 957.82
2 846.72
67 497.84
18 967.59
71 909.37
15 733.74
60 934.56
11 406.83
85 547.17
48 689.36
80 475.63
93 495.55
9 573.22
72 990.98
18 602.03
96 674.81
5 213.02
40 917.10
64 658.26
79 213.70
49 569.58
15 716.21
35 544.67
83 711.08
99 326.46
54 449.99
36 553.21
85 355.71
32 103.30
85 902.83
41 735.19
12 702.67
3 265.07
47 899.33
100 239.60
3 735.27
62 545.66
89 192.21
94 782.84
21 502.90
93 856.69
89 790.08
79 500.52
52 207.32
76 126.03
33 435.27
36 640.89
99 937.15
71 291.73
71 127.01
32 133.55
49 946.48
48 396.22
28 976.22
44 515.15
73 215.42
11 728.02
60 214.22
49 419.73
42 532.79
43 864.14
80 651.21
17 836.74
82 172.23
22 258.81
99 835.81
54 604.16
53 224.17
24 495.50
62 272.23
89 737.49
37 342.35
99 262.27
67 344.49
52 790.21
76 982.55
65 636.45
5 922.45
14 435.14
34 266.12
3 315.17
16 648.53
61 366.56
26 560.93
95 763.28
45 942.49
91 402.22
62 814.04
76 507.33
1 764.82
84 424.34
16 493.74
42 545.78
82 662.98
15 411.68
23 456.77
59 141.14
47 680.43
66 298.89
11 296.65
6 183.71
5 841.11
81 237.44
99 766.43
45 936.28
64 914.44
75 956.89
95 725.12
47 158.78
58 775.69
26 681.61
79 187.55
54 925.87
79 415.36
89 510.24
28 774.49
83 884.85
62 472.21
22 302.54
44 791.86
32 954.36
100 611.76
26 602.90
32 679.96
54 450.07
98 763.09
79 513.41
44 375.78
63 192.62
36 466.28
76 234.06
76 133.76
36 262.07
69 712.98
31 674.02
84 194.31
97 944.13
93 591.03
86 792.00
34 378.37
1 669.95
14 256.23
60 304.93
90 836.55
65 445.92
17 505.24
19 818.40
94 686.78
54 571.90
80 641.59
97 362.21
8 230.55
60 422.42
85 593.50
78 317.74
25 633.75
79 567.51
3 802.50
22 117.18
31 549.85
42 816.74
57 532.82
85 396.68
76 829.51
54 309.43
52 102.01
23 196.93
27 304.39
65 467.69
100 566.06
30 250.49
94 791.40
66 867.94
31 120.85
76 624.38
47 520.78
74 595.28
91 470.88
20 375.97
75 339.57
86 700.22
31 831.49
60 222.84
100 255.89
14 518.31
68 625.50
55 836.46
66 290.66
56 885.31
89 698.08
47 173.07
13 945.44
87 321.31
23 469.10
65 298.61
41 696.77
66 860.37
51 772.16
88 304.14
8 150.94
66 863.72
52 995.77
40 203.63
39 114.05
16 329.73
81 389.51
50 906.09
33 838.37
2 616.13
85 616.08
100 427.97
54 431.96
26 481.29
60 883.03
62 562.89
44 342.08
72 169.41
87 296.10
80 855.01
22 612.75
90 350.68
38 686.31
5 403.99
78 109.45
67 102.74
20 758.03
68 855.61
75 324.72
56 449.31
28 276.97
75 811.52
62 541.04
48 890.04
66 995.27
35 771.79
80 224.14
43 457.49
84 432.31
5 577.98
9 415.30
8 618.70
93 510.86
90 767.74
45 479.80
95 313.91
79 871.92
63 782.87
9 798.53
59 327.16
38 645.52
30 502.33
56 159.27
77 728.09
74 398.06
31 752.27
89 746.79
11 968.33
43 802.96
27 188.35
20 963.89
25 709.52
71 198.58
54 488.21
4 267.42
34 130.92
54 183.58
71 525.69
20 959.59
5 559.15
26 370.14
22 854.49
69 464.47
72 730.16
83 944.82
63 232.80
75 642.81
77 799.28
71 803.33
86 853.44
31 613.98
70 939.97
90 364.20
75 755.60
85 966.23
10 922.26
60 752.03
15 465.71
17 751.37
85 364.47
27 847.74
24 862.09
73 495.69
49 547.93
61 350.81
94 775.21
82 363.67
47 211.97
37 826.04
97 845.54
6 130.16
86 503.70
86 685.79
34 265.91
86 984.03
99 497.31
92 168.29
97 210.08
73 307.58
33 174.76
99 832.26
89 169.29
63 497.42
87 172.74
95 867.14
20 908.25
83 111.22
87 821.40
5 676.01
44 438.30
63 804.81
11 634.49
94 947.02
44 272.03
8 482.39
73 262.57
3 154.65
8 804.14
94 495.40
28 900.24
76 346.38
19 530.71
1 890.27
58 557.33
62 721.08
88 281.81
50 228.74
18 201.08
98 819.62
27 493.55
7 477.76
76 320.57
22 754.18
32 232.11
91 214.32
7 855.67
92 634.08
22 770.51
8 325.20
85 545.14
96 855.03
43 710.12
74 227.39
30 817.86
45 604.25
40 738.39
17 698.32
41 728.07
44 379.13
69 415.59
17 524.74
99 498.56
32 388.38
11 999.34
87 504.08
22 754.42
77 336.93
19 587.93
64 326.67
83 571.50
62 954.75
56 137.75
70 935.45
94 456.64
22 150.82
7 309.12
37 787.31
14 592.21
23 689.46
72 578.08
48 734.10
100 616.53
38 839.66
72 349.11
66 323.94
17 665.99
58 322.25
74 269.53
63 821.39
31 978.69
35 607.79
7 551.11
95 680.59
96 438.28
69 746.06
100 998.68
49 698.78
19 522.50
37 634.66
19 167.82
89 216.37
76 921.23
61 947.04
31 877.51
31 264.67
15 316.97
87 886.29
63 710.64
89 568.33
85 754.94
56 555.13
62 630.10
69 768.39
64 584.89
1 352.52
70 585.30
37 821.96
8 134.67
30 432.95
41 790.20
72 451.49
35 232.98
41 332.40
74 220.31
70 282.70
51 960.98
5 841.26
23 686.39
76 308.04
35 399.54
84 448.38
52 286.79
30 313.84
98 932.28
50 174.05
98 822.20
20 560.18
25 201.16
10 986.12
100 362.50
4 111.00
93 371.95
46 671.11
12 720.25
49 640.24
71 143.69
87 796.22
21 707.52
83 138.61
88 484.60
38 938.59
8 862.36
84 532.01
24 398.73
81 199.85
23 521.10
33 292.40
42 981.76
78 909.33
91 691.30
94 337.49
31 253.79
38 992.28
22 578.71
15 727.19
34 194.08
95 818.19
50 675.23
36 734.03
73 377.45
45 372.10
13 204.54
19 708.80
40 138.16
100 534.97
42 974.47
67 340.59
46 319.27
20 709.48
60 780.39
85 852.08
26 889.49
92 432.94
37 697.80
41 761.98
87 797.15
52 555.60
89 188.39
78 186.35
46 305.67
7 531.16
10 135.45
78 608.24
70 376.73
69 481.44
92 239.07
21 582.08
10 170.50
54 305.31
25 950.09
37 671.21
76 120.71
45 530.96
62 747.99
28 513.02
66 919.86
31 208.01
56 509.14
43 538.42
94 652.32
88 502.01
97 951.66
48 566.49
5 108.96
29 965.90
86 450.04
81 155.11
39 172.48
88 207.81
84 405.05
23 464.19
5 530.00
28 526.94
48 110.60
21 815.06
71 437.34
97 378.90
68 459.71
50 959.46
80 260.73
40 940.99
11 509.34
60 935.29
25 392.32
77 394.91
23 862.30
55 940.89
72 171.82
10 302.78
50 762.70
74 808.39
60 773.13
19 773.27
5 359.68
68 667.32
18 768.94
86 109.41
20 250.26
54 569.68
6 520.65
26 949.89
52 123.98
97 631.53
25 295.83
46 458.12
100 676.75
40 538.37
20 276.72
51 374.37
63 600.92
17 212.82
97 786.04
23 785.94
73 658.30
37 283.42
70 183.80
1 689.73
22 562.52
90 757.09
40 895.54
14 630.18
87 824.95
100 472.27
74 682.76
67 140.94
51 955.82
7 350.42
6 392.89
38 283.83
76 134.64
92 497.88
73 180.07
12 266.22
7 151.67
50 237.56
62 978.79
56 569.33
57 815.65
67 200.03
43 287.08
83 715.95
26 861.38
21 784.04
56 565.34
9 680.08
11 256.53
62 326.10
84 685.95
75 792.74
42 744.66
11 296.59
22 115.30
24 216.21
24 918.78
69 769.85
44 518.01
46 592.14
24 890.54
2 251.76
77 403.79
33 913.95
72 543.06
39 745.04
16 686.15
61 502.97
4 869.39
88 157.14
27 943.68
91 555.22
9 473.64
18 594.66
96 733.47
75 105.71
53 903.96
60 230.13
100 197.37
24 755.38
71 948.76
91 239.66
82 872.33
47 873.74
70 641.72
49 773.36
19 152.22
100 504.60
15 274.56
81 878.37
51 633.57
29 943.71
69 704.89
44 648.35
83 418.99
51 711.29
95 835.19
58 183.17
70 502.00
49 515.06
94 116.47
67 691.67
2 563.65
17 611.88
87 979.84
99 397.28
27 168.27
21 567.55
79 497.76
39 247.13
26 549.09
54 727.44
69 418.75
13 519.14
62 762.30
66 953.68
37 155.99
31 229.59
53 849.68
62 191.67
51 131.88
66 995.09
38 357.64
49 582.84
22 201.00
65 998.55
26 394.92
21 834.57
9 141.90
62 959.42
57 312.05
35 256.95
65 500.85
19 568.62
41 716.96
51 529.21
50 637.24
76 487.95
35 573.13
72 259.79
36 846.82
95 705.59
8 839.00
60 472.76
25 125.41
9 556.34
82 318.70
36 254.99
63 667.13
73 683.72
69 369.02
51 884.27
73 658.50
6 784.43
58 443.04
40 272.49
74 889.96
88 444.45
85 293.82
79 533.25
47 995.10
14 612.86
48 412.16
86 282.34
47 694.74
1 442.18
45 138.57
15 684.26
56 110.96
6 323.06
77 940.03
5 953.92
15 591.72
73 169.96
43 873.06
66 367.36
42 614.19
23 279.86
60 957.31
98 406.64
61 820.13
77 355.49
72 890.84
70 351.26
33 154.88
9 101.89
19 249.25
86 870.38
78 358.72
70 479.31
53 430.55
60 565.18
61 442.87
51 823.64
80 719.54
8 751.50
7 932.87
56 875.62
81 799.54
62 440.69
48 995.00
14 277.72
95 772.40
11 102.90
24 689.26
20 976.09
30 321.99
42 744.01
58 373.82
22 491.21
94 859.93
57 454.93
33 445.01
6 786.69
56 254.08
72 791.87
57 910.28
81 533.83
59 876.04
88 441.05
45 902.12
1 576.65
55 131.62
63 328.55
14 104.89
92 956.80
99 743.06
29 847.65
51 116.37
8 501.26
23 528.57
93 333.01
51 838.71
34 464.22
45 102.18
9 223.69
70 232.66
47 576.40
60 961.51
21 666.49
40 605.48
93 728.24
46 308.37
9 932.36
67 417.00
4 406.39
27 882.88
28 564.51
46 256.01
73 165.69
20 492.39
87 147.68
51 648.27
13 730.36
81 274.97
73 733.79
18 186.68
83 381.98
16 192.16
93 439.64
2 197.65
82 999.73
35 828.18
59 509.16
25 693.77
86 806.59
20 899.48
27 363.15
41 295.44
47 683.64
89 639.39
16 175.15
12 974.50
52 436.67
41 892.15
81 893.34
86 947.91
15 381.39
85 773.78
99 477.05
1 362.22
69 390.70
72 529.65
65 617.27
27 126.77
92 745.66
78 836.30
40 177.22
17 900.03
72 602.45
7 716.46
15 520.05
11 985.21
60 150.72
75 146.98
31 216.56
90 234.11
17 141.16
73 567.67
98 525.86
51 852.44
5 430.39
8 487.42
29 439.32
100 602.06
69 865.74
18 844.06
50 148.30
86 898.13
9 265.92
14 499.74
31 935.15
1 920.36
14 854.53
41 160.12
33 527.88
24 664.69
68 566.40
19 908.58
5 385.68
31 300.94
39 324.33
96 781.41
78 686.93
97 657.10
91 132.21
68 973.50
12 135.64
47 298.82
16 248.15
53 697.66
38 211.43
26 124.50
52 959.87
9 907.54
80 486.12
46 914.73
66 889.14
52 724.01
66 441.05
22 182.77
31 731.92
2 702.15
84 429.49
82 980.94
55 732.31
41 162.88
34 786.13
63 193.66
59 733.84
91 886.31
56 358.04
42 453.52
55 545.44
37 935.45
26 240.80
83 667.71
53 320.22
47 250.42
74 249.87
10 143.14
93 750.46
91 296.71
37 141.84
85 669.50
7 366.07
94 599.91
54 675.44
49 267.70
86 390.21
62 894.32
87 578.23
30 910.41
24 262.86
59 865.36
69 646.32
44 678.05
18 395.48
34 932.96
22 809.44
38 358.47
16 326.89
64 514.09
11 107.78
13 835.31
38 853.33
48 611.16
76 509.68
58 438.36
59 726.53
58 589.61
40 987.64
6 204.67
93 688.59
69 764.89
86 259.90
94 882.05
33 572.42
23 176.80
21 905.48
62 571.38
75 845.96
64 393.01
34 585.85
9 853.05
41 895.99
81 571.95
43 661.77
59 363.16
70 245.11
6 661.42
14 601.02
17 915.74
52 307.32
17 464.20
31 515.66
67 962.84
99 200.08
10 221.06
76 514.83
21 347.37
51 731.82
58 320.43
8 910.56
57 672.20
85 281.26
44 392.35
13 889.11
47 616.61
70 768.98
88 360.23
54 529.67
62 352.11
68 855.56
71 230.98
47 691.14
97 408.17
22 948.25
65 301.39
73 118.41
11 977.10
83 593.62
58 569.48
36 327.43
31 100.79
56 295.64
86 837.76
32 593.74
61 240.89
78 372.15
51 768.31
99 696.08
60 782.42
63 665.70
52 870.93
62 390.05
73 338.93
21 247.67
32 314.43
58 104.24
4 996.30
58 518.92
17 178.51
87 606.84
27 903.07
7 151.88
16 449.11
52 458.06
96 996.29
96 916.03
64 993.78
20 139.01
15 686.99
9 661.40
23 776.43
27 651.72
75 671.72
63 714.86
37 163.58
82 340.11
48 215.36
36 511.27
79 483.64
30 254.97
20 765.45
9 659.96
61 950.31
31 402.17
86 824.09
82 154.50
90 445.05
29 643.37
12 757.80
49 847.54
58 922.59
81 492.51
49 457.26
52 800.07
19 430.68
71 552.03
28 799.62
98 534.98
18 650.04
60 370.91
18 168.83
80 787.22
10 363.01
96 420.03
32 335.24
20 440.92
68 688.15
32 989.92
19 451.26
10 634.03
70 765.20
55 603.64
39 844.43
60 992.76
74 814.89
42 645.24
45 377.75
46 618.18
78 246.60
57 692.47
30 889.87
33 715.32
94 946.44
49 291.76
59 312.88
70 802.40
25 497.76
52 159.47
18 548.03
34 227.80
75 472.82
59 247.25
11 785.27
90 898.63
20 830.20
60 327.22
82 241.91
66 901.90
4 547.19
39 877.19
32 129.97
73 297.76
79 285.98
42 689.30
23 934.07
6 219.93
2 968.44
22 914.65
63 129.98
47 904.44
65 128.87
47 800.29
67 189.76
45 644.72
36 387.94
61 862.29
19 152.62
86 737.43
27 423.41
13 121.08
70 482.41
35 590.68
11 903.26
97 824.46
75 266.29
35 158.81
97 350.79
70 654.26
30 773.81
96 133.29
87 853.21
52 206.64
21 539.06
10 847.82
41 812.60
21 215.02
54 431.88
66 346.28
8 994.73
57 516.76
56 973.98
52 246.40
60 337.03
68 190.84
97 467.03
78 679.98
32 887.46
13 764.39
61 191.13
78 931.25
29 339.26
70 362.75
11 510.25
69 778.19
100 525.82
12 452.09
95 288.67
10 279.83
58 360.35
25 573.53
15 611.46
63 886.87
65 881.59
33 194.04
83 254.89
8 666.63
30 688.76
21 489.64
26 938.12
9 484.80
10 522.40
48 481.40
35 415.72
25 298.18
22 820.01
32 744.93
23 183.88
93 233.11
85 880.40
76 432.32
60 509.17
93 514.42
54 643.93
95 469.35
68 526.10
98 942.78
33 706.02
54 457.79
78 963.80
15 619.91
31 892.21
62 806.12
13 817.15
27 284.72
88 995.29
60 643.69
83 449.73
93 513.01
3 142.50
68 158.98
4 738.95
72 251.70
92 164.56
40 964.74
1 273.29
98 774.21
15 770.58
71 175.07
38 273.63
14 561.47
52 740.44
21 590.93
21 946.59
49 628.16
95 809.81
57 585.69
65 912.01
2 175.02
74 626.69
50 447.74
57 577.46
81 947.03
30 627.87
59 543.84
63 174.93
42 670.91
25 830.80
61 864.05
11 205.32
66 330.38
63 429.86
92 860.74
97 589.42
19 800.17
61 555.36
18 132.78
76 947.23
87 779.06
28 762.61
3 116.35
15 510.89
31 701.07
77 306.91
84 516.86
41 822.61
92 913.96
61 776.60
57 867.20
62 699.00
64 866.93
96 738.01
56 631.28
31 663.38
89 561.41
75 615.96
23 573.36
44 564.75
28 871.58
45 241.32
27 121.28
56 374.61
21 885.51
11 332.20
19 686.09
87 336.46
68 107.92
48 342.00
14 981.95
91 503.33
91 394.27
73 482.27
24 397.02
68 588.71
5 396.39
60 507.44
54 881.14
83 593.80
86 679.59
63 256.00
82 556.86
22 208.26
63 297.81
43 267.98
21 393.43
43 865.39
84 300.75
41 652.47
57 839.64
45 626.21
63 676.99
73 694.39
25 410.54
42 957.13
39 163.58
92 986.73
1 178.81
98 471.98
26 810.11
100 982.87
35 971.87
73 725.71
39 412.70
89 211.92
84 154.24
30 656.93
63 408.70
94 353.70
11 375.37
46 826.82
78 956.33
5 272.16
86 323.22
81 949.11
68 964.37
38 994.82
78 881.64
37 161.60
95 863.01
14 666.98
93 371.42
3 551.73
100 882.12
84 462.35
6 293.37
19 202.87
84 774.70
90 395.59
48 295.23
67 553.68
10 272.03
76 227.00
62 616.93
2 335.41
8 823.05
51 293.52
19 292.58
95 230.63
47 986.08
57 526.99
86 680.67
41 108.94
46 367.47
53 779.66
26 126.27
31 574.33
49 780.33
98 102.81
90 448.04
72 117.46
42 474.68
4 820.38
9 266.63
3 884.58
34 386.91
88 561.37
93 367.84
76 378.70
15 108.09
45 289.92
8 412.47
95 735.76
19 378.25
42 470.97
62 869.19
56 743.44
98 633.72
71 309.00
100 572.18
23 834.86
16 439.28
22 949.17
24 422.82
9 236.05
42 437.93
80 392.22
2 738.55
91 418.41
96 421.92
41 563.15
13 962.77
56 113.60
98 966.50
4 754.70
22 477.12
71 412.97
54 220.51
76 959.31
74 552.91
2 549.13
17 336.20
31 993.07
50 491.51
56 798.43
27 418.16
86 343.10
52 107.05
46 547.38
60 703.81
64 288.00
70 924.31
81 421.93
76 389.50
7 763.65
24 621.46
59 384.84
1 399.17
69 388.67
51 827.16
9 772.97
22 454.12
29 859.53
55 764.71
15 935.43
73 400.43
74 689.99
71 854.10
1 683.67
54 734.75
34 200.80
40 392.34
81 674.75
54 412.88
82 549.45
83 909.90
80 560.10
77 786.03
22 804.70
54 355.60
88 374.22
49 347.11
36 195.58
47 336.65
22 202.36
12 388.71
70 725.01
89 807.36
91 471.68
14 836.54
41 796.10
75 880.41
18 892.45
57 462.90
51 218.26
43 914.35
5 889.62
28 960.02
87 385.70
85 390.44
43 681.70
59 777.34
58 592.09
100 768.37
31 524.49
96 872.18
30 189.65
38 938.07
24 786.62
28 545.36
4 972.69
43 527.82
16 125.14
87 977.18
88 386.25
10 560.50
48 127.66
63 231.88
46 345.39
92 304.81
79 397.07
72 978.13
7 794.84
70 582.87
23 473.95
66 366.41
100 580.86
48 659.30
31 217.30
66 336.67
60 438.54
99 688.17
29 553.42
100 856.26
20 913.73
61 401.89
90 111.96
95 103.27
91 245.83
54 444.76
2 578.35
17 772.11
7 936.69
35 265.88
69 297.72
79 318.19
64 833.40
47 367.18
73 736.21
2 176.72
14 946.29
27 781.18
70 538.78
69 246.25
83 268.41
95 919.57
93 397.35
44 983.40
62 436.66
34 762.96
13 898.24
16 436.93
73 133.96
75 576.90
60 857.60
91 806.91
50 449.71
66 491.30
98 380.68
19 851.32
2 963.05
17 774.91
68 807.82
82 208.56
24 199.56
42 403.23
57 886.73
39 948.13
99 306.55
49 465.14
80 146.20
17 451.15
51 521.87
13 773.47
6 134.36
65 365.82
82 172.39
55 164.42
64 264.33
96 500.92
53 239.16
18 157.76
65 229.27
36 604.04
16 583.34
6 481.17
1 849.59
11 654.04
76 386.42
46 944.68
55 952.21
1 239.38
16 639.97
44 194.84
64 121.13
44 920.23
9 103.66
81 413.11
36 187.41
42 198.39
19 299.35
41 905.01
58 191.14
93 159.55
36 924.68
60 162.08
81 193.30
19 759.01
86 141.88
35 396.45
98 431.87
77 253.14
59 441.22
93 158.61
6 958.58
16 818.65
47 323.58
23 403.07
11 480.36
26 456.74
68 755.51
76 380.94
24 179.87
58 218.53
15 385.04
69 737.52
82 332.30
35 202.39
17 980.67
34 825.17
38 424.98
67 716.73
98 649.79
37 914.53
80 410.01
36 427.91
67 588.69
15 565.22
3 124.24
82 280.02
64 528.94
11 995.20
82 873.22
70 547.16
17 205.18
13 706.49
20 388.28
1 694.67
86 713.22
56 587.44
50 544.61
89 508.36
71 750.67
57 448.28
49 800.93
58 217.74
87 216.99
91 252.62
64 246.36
24 794.50
41 460.92
75 911.52
86 902.91
17 710.24
16 861.80
68 933.29
1 156.77
68 486.78
32 100.62
19 167.90
8 486.47
84 350.97
72 782.66
75 479.67
91 886.60
25 971.93
84 695.68
96 847.85
79 947.34
39 555.83
28 241.43
49 223.70
66 576.50
14 184.28
35 887.31
34 644.10
65 633.96
87 530.20
86 445.83
65 592.43
27 597.05
62 405.66
70 568.36
60 766.03
67 801.12
18 262.94
18 936.68
59 186.56
37 705.77
74 797.22
74 357.77
53 198.50
24 447.63
34 406.65
9 451.81
93 558.18
61 548.66
31 464.64
61 643.50
62 616.10
21 810.27
14 223.04
91 767.03
52 361.73
97 618.15
71 834.21
23 285.58
34 445.95
76 100.01
94 711.25
2 216.92
91 959.31
23 996.72
10 103.31
11 914.24
97 508.70
44 150.14
34 841.80
24 759.14
75 996.42
85 792.62
85 952.46
71 524.45
95 404.22
17 242.63
82 708.84
20 504.98
65 144.21
18 220.18
64 536.71
36 837.60
55 302.44
17 123.13
78 960.61
90 973.30
21 833.45
73 572.91
78 340.38
8 222.95
97 857.28
46 487.19
61 356.93
29 548.76
34 974.58
53 842.99
78 352.92
98 154.75
88 743.39
88 893.69
97 145.58
81 602.42
75 799.46
48 233.20
82 931.24
39 951.74
68 250.06
5 229.34
48 529.76
71 504.24
49 469.42
61 427.57
39 598.60
49 184.52
10 498.11
63 262.12
81 457.64
13 632.72
86 205.30
51 430.70
39 891.72
82 851.61
70 451.79
27 691.60
40 236.46
95 953.35
98 656.04
57 730.87
54 912.67
67 320.48
73 235.69
12 435.02
96 414.91
37 948.17
51 602.15
71 122.71
4 253.54
58 844.86
59 126.01
74 534.53
72 241.97
17 750.53
51 253.42
95 173.45
28 826.39
85 300.30
97 308.06
86 569.33
89 471.99
38 823.67
25 692.54
63 476.82
7 298.86
95 354.24
37 105.22
7 788.42
67 392.65
34 642.70
2 660.88
72 787.04
14 881.44
77 740.99
11 169.26
4 428.22
22 814.94
33 467.58
22 162.08
19 866.64
39 736.10
74 726.21
44 716.93
86 715.17
21 626.72
85 273.85
63 751.05
82 277.98
63 619.08
66 747.67
19 664.68
53 110.22
14 258.01
50 643.80
78 979.46
79 390.67
74 788.76
34 193.68
48 569.64
75 755.95
89 280.29
45 679.41
24 428.97
1 862.24
88 360.14
52 668.32
9 495.51
19 992.50
36 411.53
66 470.96
3 741.80
9 554.12
100 720.11
49 322.41
26 854.74
80 227.94
67 513.09
25 944.98
5 686.04
13 833.99
39 749.27
7 170.00
48 841.72
83 470.10
79 871.52
99 436.24
92 693.57
89 594.57
12 112.42
49 460.27
75 253.42
56 294.88
11 956.94
35 549.74
33 303.12
52 345.19
94 397.53
51 375.43
66 736.73
79 352.15
84 607.73
81 540.63
61 244.85
27 461.53
58 812.62
43 537.28
69 918.57
71 564.90
91 320.85
50 646.26
14 284.93
71 221.81
13 965.37
6 991.51
6 869.49
42 795.57
35 947.67
85 556.10
40 940.72
31 675.93
4 649.37
10 881.05
24 136.26
45 992.00
65 962.37
28 529.82
83 645.88
41 461.45
18 523.92
54 449.54
74 805.58
89 938.99
4 519.23
27 281.66
66 916.81
53 688.14
87 244.21
64 658.90
38 101.67
91 855.83
64 365.73
22 208.80
35 103.20
44 634.35
41 124.44
50 607.31
25 257.86
94 311.57
82 505.40
52 321.75
56 455.40
37 505.07
11 708.39
50 224.92
76 328.26
9 396.79
1 327.13
26 572.08
79 185.48
91 175.45
90 433.55
56 450.33
95 430.31
4 727.14
38 102.49
93 179.65
4 901.95
34 292.35
84 377.51
32 436.96
7 567.50
58 388.71
34 570.52
98 150.05
72 637.94
92 752.35
42 487.89
92 884.56
57 663.67
82 701.10
29 926.11
26 335.75
38 784.65
100 414.05
21 220.32
48 517.26
11 662.58
60 721.93
99 793.06
33 638.08
25 545.91
85 595.92
26 727.58
55 427.87
77 104.24
46 768.42
62 412.07
5 357.93
73 500.36
88 704.99
38 137.23
87 526.59
86 387.96
89 288.89
81 544.24
68 309.14
81 281.55
30 367.37
49 905.18
70 204.00
52 602.40
50 863.70
7 368.73
25 526.51
91 334.05
96 694.93
1 853.90
54 118.35
7 310.82
51 226.50
50 394.11
91 350.90
3 603.34
79 635.26
47 434.13
70 808.79
92 780.65
25 414.67
6 481.41
52 328.20
60 701.62
53 231.04
65 843.19
24 158.46
61 394.29
51 833.83
69 586.03
79 472.92
13 714.42
56 437.90
24 284.72
36 407.53
87 688.28
54 587.78
18 553.81
13 744.92
49 190.98
44 992.50
41 591.41
9 694.59
98 927.33
36 781.93
27 887.67
51 213.56
18 991.71
61 974.29
95 340.42
76 457.42
17 256.41
53 813.47
82 300.76
23 979.34
22 902.57
36 795.46
32 259.31
96 124.25
63 680.76
95 863.27
2 264.70
67 260.40
85 784.85
15 512.21
56 565.68
6 201.91
41 802.88
74 863.92
97 894.33
3 279.41
56 860.13
87 244.44
62 185.16
20 344.77
47 340.42
47 787.01
17 272.16
67 196.30
42 913.84
99 244.32
49 404.66
50 327.53
50 570.89
85 688.43
20 819.08
61 224.04
20 267.50
17 605.05
23 386.85
77 321.87
45 975.61
4 130.55
58 493.20
61 538.26
70 263.32
57 422.57
36 444.78
11 536.54
59 390.64
79 767.99
37 955.82
57 238.37
75 462.44
75 406.85
25 991.12
20 464.47
44 189.98
80 917.33
98 494.16
37 286.66
1 351.76
31 179.50
32 168.15
25 326.07
2 820.65
92 525.02
61 565.04
98 442.56
31 268.84
99 531.07
74 643.98
54 466.95
67 545.45
74 487.55
21 366.49
47 817.80
51 901.90
65 948.12
48 308.66
87 694.53
67 733.42
27 305.79
54 816.58
33 531.54
39 101.58
47 308.09
46 668.03
5 590.42
34 535.65
75 402.10
10 811.05
41 768.66
40 382.45
45 114.67
54 447.96
41 262.75
49 718.36
96 757.38
11 238.66
78 625.09
71 750.86
99 596.59
27 249.42
31 940.93
68 889.31
52 573.56
51 319.74
11 975.62
52 415.57
96 654.60
90 797.32
25 132.61
2 882.13
11 203.15
36 884.82
95 392.15
57 800.51
55 723.84
74 226.06
47 236.90
65 698.01
77 907.80
24 409.26
11 589.58
56 291.18
98 468.18
34 863.26
56 346.46
17 746.00
96 187.93
27 321.41
56 878.07
37 565.48
34 722.68
18 772.37
42 953.57
70 411.27
43 290.12
62 444.88
59 841.07
12 767.21
59 206.55
24 600.85
34 925.94
42 853.48
80 385.92
83 569.04
66 886.92
54 308.55
14 240.72
37 605.81
4 848.98
4 529.15
49 189.86
5 947.43
77 990.20
98 993.06
26 416.99
29 440.26
33 467.80
82 954.44
68 654.48
12 112.11
52 177.06
48 826.02
88 543.17
42 897.75
26 159.25
89 718.05
11 841.22
64 767.81
70 577.30
38 682.70
79 620.53
98 606.72
61 979.30
23 529.35
36 842.35
49 672.54
75 873.83
56 382.73
18 900.82
40 158.26
1 365.94
98 937.40
100 212.03
6 129.96
42 651.38
67 873.08
36 590.13
51 765.27
93 743.26
46 167.89
37 789.33
11 317.11
7 958.64
28 121.25
8 841.27
36 900.55
48 207.81
66 988.92
47 688.28
62 685.94
69 781.22
94 765.04
13 677.22
39 312.27
6 264.47
14 670.82
35 451.47
80 472.25
2 768.73
4 555.31
5 922.68
34 310.51
85 870.00
43 667.54
3 346.24
9 624.72
94 830.86
85 473.24
77 464.63
58 922.55
91 960.46
57 987.00
100 148.06
63 502.52
100 337.32
25 824.76
20 981.72
49 449.33
40 402.69
50 780.71
70 861.73
21 407.00
28 245.78
12 309.28
69 969.89
55 564.97
72 613.51
45 964.96
83 950.43
94 825.03
62 495.84
92 580.88
53 733.47
84 449.47
53 552.32
76 537.78
90 175.22
91 911.46
8 184.91
100 809.22
43 865.92
36 896.39
40 177.75
69 172.12
71 912.74
62 536.70
41 107.09
61 924.20
22 430.14
47 604.41
17 640.73
18 807.29
86 232.04
1 322.94
39 561.38
84 880.80
23 641.71
100 225.12
28 885.84
21 492.89
54 181.05
10 179.29
87 387.04
42 934.33
73 796.71
78 236.96
38 830.00
66 194.18
81 345.67
30 284.11
49 393.59
33 790.19
89 976.16
15 560.04
50 611.35
65 762.29
59 469.73
42 719.89
100 646.10
25 442.22
54 754.26
29 731.27
96 694.78
7 639.44
73 308.88
80 121.62
53 615.77
89 962.93
93 910.27
1 291.74
1 777.67
62 948.56
66 844.55
63 734.00
10 665.55
12 961.29
48 979.07
35 303.81
32 603.78
82 547.82
35 647.90
42 488.18
11 304.82
21 814.69
100 805.27
50 650.93
60 524.93
13 707.14
20 810.87
13 684.65
68 515.19
62 622.66
15 920.95
26 732.02
3 654.79
93 925.60
73 281.39
69 704.85
93 670.30
66 907.52
83 957.33
63 992.78
62 473.80
58 238.03
86 381.95
99 884.91
27 898.49
48 313.67
16 431.53
4 584.55
83 398.37
74 336.91
22 688.98
89 439.40
98 690.12
31 176.16
17 350.88
38 524.68
91 667.17
99 829.97
12 103.40
37 292.76
84 255.37
1 276.13
15 387.37
72 371.01
21 316.68
60 165.97
2 111.07
70 702.08
30 712.64
48 699.25
66 748.51
7 271.64
68 660.65
61 975.14
15 513.57
69 721.40
84 778.00
86 741.39
35 473.31
35 199.58
84 885.27
31 364.79
94 258.09
31 327.19
69 309.62
42 720.06
78 525.74
87 858.31
43 416.84
58 375.24
81 244.32
75 591.70
55 473.11
2 495.50
73 528.69
9 645.25
7 434.90
18 307.50
25 515.40
76 350.33
37 346.00
67 644.61
65 661.14
79 908.49
40 390.33
7 761.10
33 442.10
42 119.58
31 226.42
20 875.50
8 528.78
46 554.30
40 109.45
16 642.45
90 946.64
76 424.11
12 635.45
14 931.11
40 734.08
93 415.57
71 491.49
37 281.86
48 751.91
22 226.06
95 481.51
78 937.17
93 383.24
11 240.07
36 845.00
44 886.43
99 220.08
87 739.18
15 513.64
76 453.19
40 715.10
36 733.51
92 753.69
42 393.85
20 787.74
96 628.33
76 923.00
93 114.81
59 222.38
76 513.00
19 717.72
62 404.26
7 324.91
57 151.20
14 228.24
68 646.99
96 419.51
26 723.39
71 777.99
32 538.07
14 416.33
6 711.09
91 660.98
11 128.70
69 688.76
21 208.63
39 307.37
13 353.94
63 236.83
75 633.58
71 202.70
93 364.33
49 145.76
98 323.47
27 318.67
30 562.08
25 721.54
77 772.64
52 733.63
14 192.47
2 859.05
89 616.03
85 712.91
17 849.27
92 242.54
12 673.96
46 241.88
72 829.98
69 167.72
79 476.52
21 523.99
67 830.62
93 901.48
82 920.67
27 525.94
92 169.87
44 847.95
87 464.06
34 426.42
52 694.49
19 458.03
44 195.22
92 313.78
15 655.03
42 193.14
93 504.33
1 385.35
60 430.24
58 345.70
14 295.30
36 439.35
82 687.78
24 900.54
47 145.23
69 480.83
69 797.45
51 117.45
86 226.47
31 490.71
19 746.20
79 797.34
38 171.34
79 992.06
14 108.26
21 663.09
5 999.51
76 602.72
68 403.00
14 579.75
93 271.65
5 948.02
14 103.18
88 376.83
28 832.47
18 956.94
19 744.52
91 324.01
33 715.47
72 512.43
53 739.89
1 367.08
29 736.49
73 561.92
95 846.42
60 859.83
66 308.92
6 905.40
59 924.16
10 527.92
91 952.79
52 648.62
57 685.67
25 842.83
86 961.29
40 308.64
14 571.81
88 826.10
87 934.00
97 466.41
17 100.63
30 836.47
39 466.44
11 699.16
52 227.64
75 586.78
91 816.92
33 283.97
97 462.80
72 828.54
76 822.65
91 702.06
4 224.44
26 402.06
5 178.23
68 722.59
92 799.26
30 617.12
27 224.70
14 915.02
66 986.24
75 397.32
67 282.08
54 959.85
11 717.66
75 599.76
10 601.56
35 913.49
80 113.16
88 753.20
45 793.16
77 235.68
93 219.58
23 679.99
24 983.26
28 495.64
9 543.77
77 742.06
67 917.51
4 256.30
90 428.58
31 672.86
6 469.18
1 665.69
60 966.26
57 467.79
7 396.29
11 277.73
27 594.02
40 782.93
50 956.80
83 938.07
47 565.61
73 656.62
55 270.76
96 279.13
45 929.33
64 564.11
70 860.00
90 516.28
36 440.70
12 588.24
77 407.51
7 363.84
64 490.48
11 540.68
86 447.61
36 756.02
56 436.92
24 197.60
90 625.17
59 709.49
52 245.48
9 920.14
68 647.90
54 169.92
55 776.81
24 847.71
56 899.57
56 384.04
93 104.14
29 193.83
3 217.13
73 371.28
89 893.22
6 568.21
26 930.10
10 146.62
18 422.07
28 447.66
58 656.01
50 992.97
74 189.73
1 372.69
62 455.82
92 639.77
80 305.90
13 590.99
63 610.63
40 563.58
74 967.46
91 567.66
22 654.06
44 837.78
91 593.60
35 906.17
20 673.93
36 138.74
12 954.56
76 882.79
75 316.73
45 265.54
69 314.13
66 363.08
60 610.98
86 531.97
25 637.83
79 161.56
45 496.78
54 273.94
10 960.04
95 915.13
71 163.93
61 451.32
84 805.23
68 738.99
62 284.19
66 665.53
53 272.30
43 661.20
26 276.45
23 151.95
22 812.62
34 496.01
75 408.47
24 597.71
57 307.76
18 590.23
100 606.27
11 578.22
16 950.40
7 802.71
47 751.47
4 212.91
100 631.96
38 357.95
42 424.74
57 803.46
51 413.43
76 825.52
24 462.66
73 400.37
33 650.13
72 142.40
31 541.72
5 267.27
41 646.43
76 719.81
18 678.15
86 344.87
45 529.65
23 222.78
51 215.12
65 648.23
73 281.63
18 360.02
29 849.68
24 444.11
70 827.93
67 112.62
19 773.90
57 413.72
98 211.40
66 356.64
13 738.54
21 724.12
39 975.18
51 158.86
22 836.46
71 282.14
2 669.07
91 855.22
97 897.46
61 839.61
85 205.48
15 269.51
98 672.85
74 173.16
74 310.26
86 916.79
79 500.79
26 247.39
15 626.82
97 540.03
5 676.53
25 970.50
1 637.16
69 745.98
33 713.54
51 950.57
10 965.51
80 829.53
62 521.21
21 857.27
87 664.40
26 807.58
87 174.94
22 719.84
66 507.26
2 766.34
91 556.54
16 425.23
59 671.50
74 710.66
54 729.55
78 895.57
26 997.27
91 729.23
71 243.58
18 766.24
76 317.43
18 626.78
69 467.17
32 631.84
39 513.74
51 858.58
81 839.17
35 554.34
88 876.96
93 689.12
31 253.59
52 665.82
68 708.13
28 371.06
74 336.53
72 764.85
59 920.89
37 183.84
1 848.22
84 586.44
82 557.86
65 793.30
21 810.71
14 923.62
83 954.59
100 733.43
77 822.58
96 471.08
86 291.00
46 958.79
94 331.72
13 203.88
88 330.22
45 199.28
57 334.35
23 405.26
1 478.35
62 963.61
44 585.33
15 673.38
25 179.03
98 163.47
45 595.60
4 269.83
79 585.06
8 150.37
97 188.47
39 654.91
78 210.51
36 719.63
78 930.34
81 934.88
4 749.05
70 882.87
87 157.75
10 960.95
6 974.18
30 526.70
70 290.99
78 793.97
31 129.07
74 100.10
17 874.12
84 642.19
91 726.44
70 258.03
12 502.91
89 821.90
76 941.40
46 883.09
7 182.08
84 778.33
63 810.94
7 114.57
81 624.81
47 730.58
60 645.15
64 502.43
57 299.68
64 224.46
49 710.48
21 521.29
88 621.25
12 344.34
74 601.47
42 621.04
98 231.61
5 447.66
98 850.65
63 958.04
48 988.48
90 340.73
89 737.15
83 508.45
89 480.26
40 557.25
50 277.86
19 722.99
43 973.59
78 984.82
25 809.72
88 361.31
77 533.44
45 289.37
22 159.67
44 160.27
18 654.68
21 143.53
23 705.50
84 317.18
78 270.79
95 485.96
53 972.33
30 613.11
41 825.17
13 996.89
71 663.81
57 208.63
44 268.68
100 677.68
45 443.14
38 601.24
17 315.26
93 959.70
52 824.05
69 268.87
85 314.16
67 354.15
52 942.95
50 888.86
16 987.10
85 275.12
55 217.85
10 131.28
16 675.08
56 605.22
84 293.32
9 947.48
95 820.01
3 820.24
46 765.79
44 145.45
11 960.04
71 284.81
46 359.41
68 230.89
14 183.92
65 314.13
23 573.53
7 755.89
15 207.59
57 478.44
32 905.47
24 667.85
74 943.67
78 858.66
51 863.54
4 699.03
32 866.51
65 470.05
100 818.11
67 774.07
14 245.98
68 329.53
24 591.47
17 714.23
76 825.41
20 848.75
27 763.00
57 705.82
44 714.94
71 374.89
31 225.40
86 458.53
97 955.57
65 705.01
75 217.76
7 105.10
39 729.54
83 288.86
64 668.37
89 120.92
43 814.41
37 341.25
85 208.49
94 417.67
25 304.00
14 985.05
74 833.08
90 893.78
29 170.69
23 271.04
44 425.39
68 790.23
79 126.19
59 436.05
60 665.58
19 394.49
89 929.25
79 780.70
15 987.96
68 685.45
90 145.07
82 777.58
8 712.35
71 144.17
55 660.18
2 564.86
87 413.83
53 676.90
21 158.72
22 380.93
73 812.11
79 503.26
30 520.95
41 924.89
44 893.07
73 779.90
21 635.08
36 890.94
9 931.13
1 138.11
88 470.29
53 368.67
29 439.29
22 114.40
24 325.75
41 784.11
41 737.24
92 857.63
87 953.18
24 741.34
3 494.53
10 421.20
55 356.53
57 222.63
18 113.65
55 343.46
1 774.25
4 100.92
93 284.49
47 114.10
55 834.68
16 935.96
61 469.11
61 474.97
63 393.19
31 397.96
52 492.27
84 722.21
75 756.57
73 524.54
6 395.00
37 284.20
54 417.35
98 525.33
4 172.47
98 351.97
99 211.14
71 222.04
48 116.65
37 720.54
38 444.48
39 870.21
34 374.68
96 332.90
42 372.16
66 488.30
67 608.83
32 640.38
100 991.70
53 974.18
40 356.69
6 326.00
41 797.32
63 488.91
21 241.30
89 946.16
23 811.01
74 309.15
82 891.15
4 734.94
31 516.58
81 973.15
25 856.55
60 208.85
89 516.89
28 607.79
33 911.38
70 169.04
17 738.33
51 857.48
84 157.03
7 593.89
18 524.57
48 901.61
20 124.59
20 832.96
28 217.48
7 344.89
5 483.57
32 341.14
90 835.92
70 291.13
100 416.10
14 655.76
32 346.67
12 541.82
78 641.82
17 826.36
98 719.00
12 270.42
57 962.83
84 461.25
89 775.04
88 585.49
67 431.02
80 788.16
100 583.64
98 798.19
95 899.27
56 669.60
12 289.92
77 129.58
43 426.52
47 714.16
80 388.45
50 781.05
61 892.60
76 983.28
65 530.58
10 687.06
34 523.54
52 461.39
37 985.01
79 324.36
66 388.36
88 671.74
9 491.94
13 949.29
88 307.93
37 200.51
11 258.05
22 668.36
34 286.08
1 115.86
61 688.06
28 707.76
38 817.13
66 659.94
96 599.61
47 670.07
68 527.08
12 542.88
21 835.75
26 241.83
87 430.19
94 426.00
76 851.66
78 825.36
78 935.05
89 836.14
71 772.45
46 492.73
47 361.26
76 182.89
65 865.13
73 178.15
27 269.34
96 625.83
65 924.60
60 294.19
58 697.39
15 851.97
11 766.62
14 643.80
80 253.26
51 424.10
95 773.98
35 608.04
13 353.09
40 144.07
61 731.43
49 473.41
49 932.80
74 480.45
37 770.69
62 676.05
53 407.38
4 606.90
80 219.76
79 169.10
65 894.01
63 222.92
81 971.82
87 560.86
91 680.11
92 903.77
25 169.82
60 257.75
69 749.66
88 802.46
54 102.89
62 483.71
74 516.54
100 992.32
1 710.75
48 516.40
64 527.80
67 593.78
13 717.67
14 718.98
1 195.75
95 282.36
37 782.39
32 344.26
9 698.37
21 453.63
50 451.90
88 431.06
85 115.35
63 262.93
97 648.88
56 542.67
87 325.62
56 352.37
92 680.26
3 656.95
23 607.59
18 383.51
25 606.71
72 992.71
8 308.03
7 593.88
55 485.34
87 840.57
18 746.17
83 522.21
82 727.71
90 929.68
90 482.72
41 199.66
65 567.73
84 635.74
78 956.29
73 171.00
35 551.50
31 476.86
88 413.53
38 256.68
57 932.75
20 438.38
73 666.82
3 209.77
55 374.93
52 273.24
92 834.96
86 846.92
93 680.87
13 812.76
29 109.67
92 555.76
55 199.87
43 359.91
91 354.32
53 503.20
40 309.17
60 139.97
68 226.47
1 619.16
7 550.15
37 284.60
11 440.55
38 809.10
64 946.73
23 215.39
85 700.61
9 392.65
1 416.89
46 614.24
100 692.35
75 822.39
94 817.02
55 860.46
23 848.39
8 531.71
73 528.94
55 993.82
21 297.60
1 196.61
97 840.52
42 687.01
76 425.55
48 668.91
32 365.97
39 155.00
32 754.17
43 172.10
12 596.32
5 393.72
27 357.78
47 950.34
94 285.21
53 166.62
86 868.52
44 488.37
86 186.91
29 891.98
3 693.66
95 948.79
49 276.82
16 402.82
70 727.14
33 830.60
53 153.59
7 515.08
69 864.13
55 939.01
86 927.32
37 997.01
93 697.89
10 702.45
80 849.69
92 931.82
25 824.56
25 155.80
79 445.78
5 229.85
83 732.40
71 404.71
37 107.92
59 608.46
18 379.80
14 161.35
8 538.70
96 725.84
65 629.46
19 202.08
90 881.02
33 172.07
8 357.91
30 995.55
63 489.60
1 357.90
52 504.71
83 324.20
7 895.02
11 740.99
47 173.89
44 508.88
72 139.24
28 909.45
11 311.37
63 954.70
92 502.88
43 654.27
54 828.99
85 582.26
8 996.71
12 203.63
10 334.01
61 197.74
56 795.30
76 622.49
8 651.22
23 460.30
47 160.17
69 394.11
76 981.39
5 691.91
15 448.83
16 449.48
71 139.49
53 817.77
77 137.44
77 387.62
62 860.03
92 911.65
19 145.43
61 150.57
90 596.04
99 386.67
98 884.13
75 163.75
18 824.56
23 447.53
59 612.99
27 822.67
52 832.85
55 618.74
31 891.62
48 942.18
75 659.21
81 465.26
23 932.17
88 333.97
34 483.47
80 944.35
58 447.35
97 617.10
3 940.84
18 862.08
71 181.40
66 606.97
51 453.05
58 617.23
92 259.47
39 215.71
86 580.48
5 599.78
24 863.10
89 742.93
96 489.81
21 144.39
45 115.77
93 785.44
82 601.46
77 378.54
15 392.98
60 153.45
6 365.66
15 431.73
86 389.18
74 578.69
46 738.69
83 114.13
49 740.84
1 132.41
9 426.42
32 856.96
50 963.88
62 213.81
18 621.98
63 959.81
7 401.64
62 309.10
22 770.13
5 675.00
39 255.03
46 650.66
21 989.95
57 282.25
2 812.07
11 170.44
83 674.64
22 748.63
52 499.24
44 998.57
50 976.00
42 131.42
14 229.65
19 223.31
85 499.80
8 788.64
26 396.03
69 834.33
36 433.95
98 768.64
87 714.90
14 953.88
99 854.40
39 403.33
99 297.40
27 720.12
64 179.24
84 638.33
33 567.86
44 283.01
62 340.93
32 152.09
41 867.48
34 866.56
75 613.87
48 397.47
69 203.41
84 648.31
34 784.89
57 513.65
11 298.77
90 143.39
85 147.05
54 207.30
18 391.94
72 268.72
89 696.93
51 598.53
69 613.41
73 529.95
74 613.57
39 156.34
41 893.14
68 303.07
51 873.02
98 441.02
34 108.87
20 853.01
84 976.07
17 509.23
57 952.00
18 752.65
62 534.80
15 940.48
17 470.82
41 645.03
40 961.83
56 121.92
57 115.48
69 957.53
72 412.41
49 435.86
30 581.14
29 332.16
88 797.01
32 792.58
90 831.78
10 469.66
70 425.33
28 605.91
93 240.48
84 711.35
51 730.71
72 298.50
50 322.67
52 965.84
39 124.27
14 547.66
95 201.52
76 393.28
78 913.73
9 166.52
5 399.26
69 845.69
37 992.11
52 129.89
79 462.09
24 842.48
42 832.67
7 891.61
91 409.25
26 840.38
18 464.49
95 255.21
23 412.83
82 836.07
55 813.73
9 513.31
1 543.22
69 794.79
95 169.82
13 265.65
95 842.01
79 687.83
76 495.92
79 933.01
9 591.35
18 190.30
3 901.60
49 688.28
30 591.54
80 218.48
54 994.23
85 920.13
8 753.76
2 212.42
61 339.83
36 230.17
49 942.83
31 666.96
97 489.94
50 612.91
1 844.36
34 614.55
89 601.34
81 875.59
73 901.62
56 897.95
13 458.02
17 882.16
5 386.37
60 729.41
22 434.32
23 414.21
12 703.16
84 181.95
76 978.44
19 787.21
61 597.33
85 813.43
46 363.17
59 168.71
59 792.53
6 690.88
86 416.71
9 421.57
28 568.59
3 169.69
90 677.42
75 839.64
52 737.63
89 317.97
45 678.68
79 131.97
20 539.65
86 386.19
35 915.64
99 918.28
20 252.62
91 848.86
26 678.35
30 899.10
90 683.92
51 352.74
96 252.43
69 700.70
67 842.69
15 769.04
37 568.48
98 897.69
60 495.29
39 359.03
59 588.02
12 924.15
21 932.67
80 558.26
55 920.46
96 425.56
45 556.44
87 230.21
52 441.43
29 820.52
29 489.93
31 746.61
63 836.24
1 300.71
19 786.93
30 764.48
11 431.69
58 660.23
37 384.11
45 174.02
18 446.27
79 151.06
86 585.50
34 739.41
47 357.87
76 632.26
79 950.95
31 261.84
29 621.21
39 390.96
42 908.41
74 145.03
85 516.16
43 370.90
4 529.82
17 798.29
45 725.74
49 561.81
17 646.92
97 774.19
27 329.71
100 975.13
88 422.09
26 274.01
89 956.52
100 658.90
51 183.58
16 418.49
47 595.66
95 561.86
23 548.62
49 545.88
71 496.08
54 292.35
50 581.27
71 336.31
7 791.29
48 521.19
33 615.23
9 839.06
67 528.43
30 188.91
5 387.40
21 213.55
71 218.94
54 943.85
10 283.34
70 559.13
34 665.66
19 637.05
68 145.38
86 375.49
8 165.12
87 645.65
37 736.15
7 382.21
42 883.92
30 818.18
68 408.95
67 314.02
71 228.51
22 132.21
35 434.08
76 171.92
55 361.12
44 847.57
81 631.57
79 350.32
85 407.57
97 822.62
96 478.35
82 364.92
79 156.50
64 293.25
16 813.31
58 995.68
55 213.15
71 616.84
62 875.96
74 573.59
38 346.66
1 299.29
73 478.42
67 508.15
86 206.15
87 572.65
41 943.54
68 419.94
3 362.66
25 847.67
78 488.76
31 847.08
21 423.20
61 747.90
29 425.36
5 340.28
27 513.60
27 177.51
60 742.69
33 206.74
24 706.70
37 690.21
80 543.43
60 188.58
30 844.10
80 653.94
68 189.25
69 104.01
3 456.65
79 704.50
88 390.95
52 710.10
86 411.67
66 912.19
28 988.58
18 791.74
76 600.99
77 398.49
33 227.98
69 982.93
45 803.38
43 815.68
77 922.89
83 446.07
26 471.69
33 635.11
60 442.46
29 339.90
6 181.25
51 879.30
18 297.98
100 469.31
13 830.86
61 496.91
44 916.24
50 743.43
41 928.98
76 655.00
49 408.96
97 200.75
5 933.95
91 240.17
33 702.25
78 536.01
31 370.84
92 435.82
87 117.60
57 183.25
81 748.37
99 217.03
86 832.78
94 978.70
87 911.79
5 895.77
3 439.07
65 287.28
65 549.10
11 401.14
59 566.20
34 496.19
19 189.02
30 747.81
92 175.84
73 626.77
51 665.66
46 440.15
63 506.85
98 721.71
65 368.84
13 298.39
79 226.94
73 664.42
10 513.82
12 388.17
11 549.70
30 524.60
44 499.38
90 520.65
85 970.59
26 702.95
38 875.79
56 180.04
16 863.75
29 337.01
100 347.53
18 262.81
64 125.53
9 662.04
60 964.68
24 213.56
45 824.71
77 410.51
89 960.83
32 485.73
48 267.98
45 250.98
67 824.22
83 347.76
41 281.20
96 473.18
66 805.10
50 791.59
6 959.83
80 725.11
22 860.40
97 328.85
35 410.05
43 124.61
60 880.16
81 348.18
85 152.51
59 118.76
42 869.28
56 916.18
85 544.82
77 583.76
10 649.61
10 791.26
69 438.84
60 863.05
31 950.18
44 424.97
44 365.70
91 602.34
7 593.82
74 420.52
71 769.72
71 555.38
60 906.83
96 214.82
94 634.97
61 549.51
92 870.37
27 152.07
40 471.71
16 283.53
94 451.58
39 761.89
43 220.03
54 317.91
10 579.17
59 738.16
25 206.39
24 601.95
76 965.68
95 951.72
27 948.49
64 394.22
37 937.51
1 989.99
30 597.09
40 737.17
52 536.21
20 413.27
75 129.94
61 636.74
77 980.86
45 793.39
80 240.04
63 532.94
56 473.74
15 429.15
50 532.95
44 172.38
79 534.43
10 359.96
10 726.13
78 119.79
81 257.29
74 809.68
69 325.73
86 219.30
71 386.26
54 193.45
48 312.20
29 133.78
55 636.53
63 870.90
79 105.41
70 475.78
80 686.35
56 301.45
50 620.91
91 132.52
26 861.09
94 388.98
66 316.80
2 197.35
74 983.73
67 687.02
86 343.46
21 386.28
76 339.39
52 732.15
42 795.10
59 283.78
5 511.99
82 267.30
27 236.05
75 927.55
12 601.40
11 241.85
71 511.49
85 801.24
42 423.62
96 380.17
31 933.13
88 735.52
66 175.88
30 237.57
60 701.91
42 657.31
72 643.71
16 177.00
38 129.46
16 872.87
13 933.16
2 727.77
72 917.89
94 217.22
27 351.67
55 191.56
91 440.95
20 763.00
83 168.51
58 693.37
42 632.76
90 387.70
19 144.41
5 760.40
56 419.11
6 504.91
5 621.99
95 766.70
7 724.29
42 934.79
90 165.89
52 505.05
71 147.51
45 169.72
69 101.92
25 517.24
50 916.46
1 739.30
74 543.25
86 815.71
31 528.62
37 272.72
86 807.56
9 811.37
91 123.13
62 614.55
43 102.02
23 846.92
40 838.31
76 209.89
69 648.44
75 131.48
81 944.08
12 402.34
37 226.07
58 484.17
90 554.11
99 867.04
31 522.55
89 912.74
23 672.11
93 751.24
89 913.63
9 850.11
51 812.57
10 931.64
76 132.58
71 567.58
49 103.42
74 153.25
26 394.86
29 962.46
27 925.70
14 435.93
78 381.34
41 344.47
77 896.49
24 456.21
3 801.53
68 280.54
82 958.04
35 460.67
12 138.00
18 891.53
64 714.68
46 263.78
45 140.29
38 722.63
17 352.46
49 282.79
82 297.33
61 238.84
19 759.89
16 981.65
53 499.43
85 657.84
25 269.05
96 709.10
26 455.71
49 337.05
18 558.35
51 761.62
14 684.20
84 274.02
53 888.87
88 352.38
43 263.49
28 231.26
36 369.84
20 297.34
41 163.51
51 842.59
79 561.74
93 409.00
83 654.21
22 590.76
61 404.12
66 573.33
88 283.87
62 874.68
39 174.14
8 288.29
24 950.47
70 631.46
76 885.86
64 409.15
53 834.59
92 571.50
48 960.78
33 853.40
19 599.77
75 808.47
29 591.39
66 964.48
61 449.37
26 489.20
8 857.14
53 693.05
83 830.32
69 197.33
92 195.24
26 581.36
63 523.25
85 904.28
87 518.40
46 546.82
51 132.62
42 411.94
34 317.83
43 657.82
44 716.09
4 146.71
20 772.65
45 362.94
7 448.19
44 582.96
87 483.31
76 300.30
42 659.64
30 538.90
12 846.11
14 137.74
62 232.87
94 849.97
2 387.53
3 595.81
77 663.84
68 680.24
55 698.78
92 453.47
19 767.49
30 486.92
86 876.20
68 818.70
3 309.63
16 426.84
8 109.36
35 595.96
46 601.72
65 939.15
17 203.41
43 322.62
47 889.22
71 450.95
25 207.59
58 681.10
99 890.68
82 110.41
77 357.80
10 234.14
56 250.60
54 868.19
26 500.77
78 598.17
61 813.57
7 989.20
75 567.91
89 108.27
48 121.28
10 620.11
69 814.86
18 523.00
2 675.89
47 905.56
49 249.67
77 230.39
17 654.62
87 834.69
36 535.87
9 396.90
56 310.53
3 563.15
28 646.06
41 245.23
1 199.08
86 805.87
3 864.52
96 952.20
53 379.64
3 528.97
16 769.73
25 679.42
88 205.64
1 843.08
9 758.45
38 832.09
64 135.17
88 537.08
21 843.08
53 345.35
31 521.99
60 132.74
9 610.43
35 940.11
95 472.81
41 844.81
51 747.89
86 536.47
14 605.25
59 652.32
90 126.35
47 486.38
80 229.66
94 444.21
55 272.14
49 749.46
12 323.77
31 172.25
65 562.61
18 574.49
18 118.53
39 592.62
83 868.31
25 873.87
4 372.51
30 503.72
43 371.24
24 293.66
58 214.06
67 352.00
49 257.01
77 219.53
1 477.87
62 773.59
62 924.15
33 684.54
85 810.59
99 350.79
26 718.36
59 115.31
67 591.55
43 724.77
34 843.43
38 867.63
34 971.74
67 524.19
37 122.95
51 817.94
73 586.80
93 576.81
3 621.46
42 787.76
1 170.00
52 461.10
23 503.77
73 754.41
9 487.79
8 173.45
79 913.02
98 171.14
43 975.29
15 329.63
60 193.88
53 490.73
58 856.03
99 401.21
96 276.59
57 483.38
84 660.61
75 994.01
15 252.54
7 750.08
19 707.76
38 425.94
30 167.85
29 533.32
70 194.52
63 242.73
58 909.61
82 959.08
66 573.25
69 884.75
51 134.77
84 705.39
74 672.49
44 973.15
85 887.85
41 923.97
86 343.72
36 181.94
62 317.81
56 419.06
8 304.46
70 807.50
43 154.28
5 776.91
79 604.92
87 772.29
8 897.68
44 567.44
44 596.77
31 412.59
41 524.32
13 253.73
79 863.94
44 634.59
44 179.31
57 883.16
81 507.87
81 279.19
13 494.57
70 374.54
87 479.55
18 809.15
24 838.04
88 533.28
7 351.48
76 749.83
34 385.45
33 787.55
54 806.79
23 747.46
26 437.60
53 340.30
8 861.13
91 305.74
28 268.18
45 241.83
64 307.43
60 837.83
80 861.69
60 372.17
60 479.89
42 790.82
69 267.32
84 642.00
53 906.77
51 636.46
52 421.44
52 212.17
69 945.10
67 353.68
45 817.43
50 172.31
36 222.32
49 871.09
72 681.85
40 441.82
40 700.94
25 268.18
68 997.53
94 873.86
91 796.84
59 263.16
73 366.98
90 364.32
29 332.09
61 821.00
13 386.99
26 184.70
58 499.16
36 215.59
4 319.97
38 372.59
100 379.39
69 763.12
83 411.98
56 213.05
57 616.83
85 220.51
73 887.03
79 206.13
100 426.41
14 269.50
33 444.12
85 885.72
13 999.12
95 565.89
63 107.92
54 751.44
97 528.35
94 323.95
17 688.13
92 418.19
7 551.69
55 652.99
72 642.07
34 886.83
94 404.55
2 241.44
7 968.85
9 852.82
67 770.71
98 570.48
7 869.55
66 144.09
10 269.24
68 439.02
93 965.13
69 671.35
46 468.01
3 918.32
12 208.62
69 551.70
74 961.11
45 458.08
35 800.59
79 883.76
48 229.44
12 984.72
46 385.42
87 104.07
72 235.33
81 353.72
54 893.77
13 311.91
9 360.36
51 353.40
12 566.56
32 108.30
72 323.15
20 469.06
64 240.36
30 518.49
42 676.24
39 365.98
20 415.97
32 866.66
31 112.62
46 770.07
22 627.70
98 803.01
79 171.60
62 623.62
72 705.57
59 838.65
51 219.88
69 274.76
37 103.21
40 253.07
83 740.63
24 204.14
94 910.63
30 367.86
36 422.85
23 514.70
61 441.98
73 615.93
75 410.30
52 476.32
79 997.79
87 234.50
45 687.65
72 171.77
48 425.05
25 645.89
10 660.76
67 429.49
67 265.07
6 318.43
88 631.40
26 144.76
21 126.68
74 974.65
19 373.77
18 534.14
86 574.19
89 530.18
33 110.88
23 402.70
44 653.71
1 322.40
27 711.15
21 243.70
20 937.44
4 134.36
10 679.96
55 605.03
51 156.75
24 927.70
68 123.74
53 614.26
80 131.17
37 252.25
60 765.64
89 948.12
27 200.62
10 638.17
22 318.89
10 308.39
9 239.41
12 460.13
16 466.44
64 429.76
86 968.72
14 219.98
64 196.78
50 495.37
67 104.82
96 814.42
11 805.96
100 552.08
30 444.79
32 904.10
92 449.87
91 234.86
22 257.79
13 896.83
100 261.18
76 522.51
43 190.32
88 182.89
63 958.42
55 640.50
66 556.25
66 672.75
25 845.67
91 207.55
74 466.74
50 715.73
6 169.09
74 448.72
85 114.33
67 569.56
57 253.48
23 953.82
58 980.05
49 145.33
4 690.21
11 679.76
74 282.49
54 810.98
18 620.96
52 394.79
96 922.30
77 978.51
78 743.96
59 515.96
92 967.74
45 743.62
70 894.12
43 996.46
44 549.84
71 137.81
90 361.40
13 697.04
3 859.63
96 253.64
84 385.87
71 227.83
8 256.94
67 843.46
64 928.50
3 506.48
56 175.15
22 161.25
97 635.44
46 723.55
39 755.16
89 486.35
48 947.27
31 944.07
96 284.93
16 688.41
25 920.88
2 867.33
42 461.84
30 559.91
16 481.86
64 341.00
18 795.13
54 798.95
81 780.27
10 299.56
39 635.38
87 352.88
48 313.22
55 808.90
35 371.83
76 778.77
16 996.70
5 131.09
63 394.19
16 310.70
12 532.87
53 414.72
94 117.86
17 722.33
36 138.70
82 963.45
15 958.49
86 402.98
80 947.02
59 157.82
58 828.29
75 917.68
3 593.70
33 720.77
83 740.55
65 961.79
20 960.73
13 829.74
13 770.44
17 739.83
84 117.99
90 271.73
30 408.15
86 544.96
93 224.38
23 889.97
51 800.07
18 644.66
67 818.89
59 435.30
87 645.53
75 403.77
34 103.52
13 378.93
64 973.84
30 420.40
70 289.16
79 119.91
53 454.84
94 896.84
55 382.81
24 899.28
39 638.23
56 136.06
60 745.58
93 361.71
47 281.62
25 930.89
69 172.73
89 795.50
71 791.00
68 601.01
34 866.48
35 391.47
76 213.01
91 746.25
25 771.67
44 370.19
93 957.62
53 714.38
63 938.38
28 931.39
10 988.61
39 627.20
11 947.95
87 121.61
89 455.53
98 949.40
7 600.83
82 558.29
28 648.54
70 111.60
12 782.08
36 605.14
62 955.80
60 913.42
27 260.08
64 642.91
20 856.56
19 146.72
95 248.50
84 864.81
67 310.08
4 960.01
58 412.67
6 905.66
15 505.11
59 887.05
90 168.76
82 112.62
100 177.14
14 457.50
96 356.62
12 857.60
81 720.79
21 703.16
6 331.42
40 786.46
77 377.12
51 824.63
10 980.83
89 396.41
67 144.21
6 468.90
99 138.16
69 332.51
24 586.39
100 396.98
25 186.84
42 123.92
16 577.66
69 370.93
67 789.95
43 105.69
35 528.22
90 125.01
97 281.43
44 111.08
32 532.83
36 478.99
92 135.35
50 585.05
72 949.44
39 580.73
91 771.42
98 110.17
55 588.26
60 478.13
66 630.66
5 312.49
3 812.53
53 740.73
23 641.57
67 607.16
14 484.41
44 177.54
24 381.68
32 256.73
92 171.24
4 177.19
68 896.18
18 441.36
70 263.12
59 909.15
43 342.25
98 266.58
51 190.81
10 827.21
49 559.61
49 161.75
87 927.83
99 142.24
23 298.11
32 704.40
70 237.23
97 685.98
71 704.13
49 446.70
62 826.84
60 668.78
78 199.27
49 545.29
54 711.87
67 924.17
64 433.16
65 480.03
32 109.86
34 746.69
21 439.84
44 952.10
98 974.54
58 949.77
67 511.50
41 374.04
52 905.55
49 618.89
63 538.39
30 859.75
2 247.18
50 392.60
31 494.31
83 947.14
45 179.83
27 896.65
58 143.37
84 204.98
74 668.15
1 620.95
33 685.70
35 526.50
47 993.44
68 242.66
61 595.22
15 952.85
39 170.90
96 678.35
4 436.70
72 649.75
23 616.33
22 968.03
66 315.87
25 852.13
67 282.62
15 463.64
60 189.99
20 128.04
33 167.92
51 243.17
77 987.84
48 498.74
83 586.73
100 321.49
78 400.95
19 405.56
87 220.34
1 275.35
88 877.04
32 109.40
83 814.33
42 955.21
64 732.60
61 215.17
69 451.66
32 886.01
24 584.56
75 311.79
92 461.35
38 280.90
89 685.90
30 476.55
13 217.67
61 990.36
62 730.42
26 571.57
6 320.40
91 941.50
12 337.91
71 728.24
42 626.05
85 537.59
82 307.13
62 611.79
72 938.56
76 913.98
20 204.94
97 186.15
89 867.68
23 552.11
8 638.80
81 484.85
77 166.27
39 237.83
45 396.85
46 885.83
38 219.67
62 591.33
84 572.99
96 969.65
15 438.45
7 804.13
56 828.59
96 923.59
52 993.00
2 274.10
95 714.09
35 630.03
8 567.56
95 589.00
72 966.08
99 105.12
71 855.97
5 744.64
43 525.05
32 410.76
42 844.22
28 374.67
61 670.38
95 508.05
71 766.72
20 843.99
32 481.62
44 319.19
43 653.82
12 530.53
85 181.61
14 897.88
91 157.10
28 646.60
74 245.28
87 649.08
73 613.94
3 556.87
91 241.52
11 278.40
71 752.83
48 549.12
8 232.52
84 541.53
30 799.18
57 854.50
90 913.41
39 844.53
88 954.90
85 400.46
39 372.96
52 983.17
46 624.89
23 467.78
54 872.82
58 190.03
56 499.64
26 864.28
96 749.41
94 880.99
64 695.62
2 559.76
17 356.57
29 965.05
4 867.69
90 300.62
62 698.55
25 807.70
15 325.35
95 464.44
5 578.10
39 951.02
7 373.99
59 730.61
65 916.67
85 900.55
69 433.71
82 280.05
14 343.52
43 198.79
66 380.41
60 122.56
29 120.13
43 636.40
98 604.01
97 822.86
74 440.95
95 495.72
60 273.33
36 558.59
6 425.07
42 785.21
2 366.42
9 636.87
57 842.02
66 487.95
58 345.77
1 606.63
29 812.15
28 851.42
52 825.83
47 558.69
69 869.50
26 641.52
42 641.79
30 852.13
3 946.75
79 544.03
12 140.66
75 842.99
8 710.11
62 887.84
41 407.23
92 644.73
67 621.54
66 255.19
13 567.68
3 592.26
34 153.32
94 874.80
23 241.88
54 954.48
87 395.65
45 178.82
95 191.86
10 685.26
83 593.55
61 333.11
3 219.63
67 934.58
81 692.43
38 658.65
48 167.47
67 189.80
65 142.87
47 214.74
90 900.09
88 836.49
16 351.28
37 754.18
98 277.78
60 335.99
55 495.64
60 407.57
86 304.40
53 338.10
5 475.40
49 316.38
36 252.60
51 545.54
23 844.86
33 534.06
44 335.58
41 751.21
36 486.96
57 201.27
16 128.09
28 479.06
54 868.27
81 616.50
30 158.97
13 909.68
48 995.43
23 629.52
97 706.49
48 467.16
52 374.08
70 894.82
19 428.23
88 357.18
39 151.85
15 212.78
68 565.89
1 199.52
83 334.78
85 110.69
4 936.66
25 300.89
23 798.67
97 570.06
4 449.54
58 559.23
19 171.02
33 609.17
89 795.81
30 900.29
20 254.84
7 653.77
10 991.51
19 151.66
98 902.69
96 216.58
29 781.76
33 675.34
78 173.78
54 942.84
61 699.30
79 784.66
27 752.00
89 881.43
97 987.63
3 394.21
52 799.78
7 986.50
77 526.88
82 455.72
47 663.18
76 808.09
45 769.79
33 229.19
45 237.98
29 645.60
83 713.77
29 261.81
79 329.90
45 200.40
5 458.20
45 693.16
46 962.12
19 279.29
43 909.26
63 861.51
27 448.35
14 869.96
42 586.88
58 732.37
80 958.08
79 919.68
92 474.60
86 864.56
24 245.79
99 685.29
41 545.67
2 805.30
32 577.39
37 828.10
93 779.66
41 601.31
75 575.65
89 307.87
38 674.97
93 945.92
31 631.10
74 638.36
78 495.96
21 481.06
97 640.24
28 122.71
23 132.06
55 328.81
83 950.49
98 395.59
96 255.82
89 272.18
100 268.84
10 694.17
38 231.71
27 908.65
65 378.91
68 589.83
46 572.54
54 257.41
28 894.80
59 157.55
48 976.56
74 811.14
27 127.16
31 595.21
88 170.93
47 705.81
49 891.89
66 629.15
63 629.47
25 409.61
84 933.66
10 347.73
92 542.48
21 629.71
26 943.22
50 162.79
20 888.26
7 745.56
61 549.57
43 727.74
82 667.23
18 996.42
54 853.97
39 255.50
76 296.24
77 227.30
50 651.19
82 266.66
59 246.83
12 855.03
70 619.62
11 676.37
51 531.47
96 513.27
51 423.59
35 354.07
18 828.01
70 271.79
57 201.96
7 793.98
18 717.78
9 813.90
8 360.25
73 435.52
60 452.59
68 657.02
10 993.93
37 144.59
71 586.73
75 745.61
57 840.41
13 467.97
57 380.81
18 123.90
10 173.00
7 333.13
71 718.04
42 740.45
55 495.50
96 164.48
56 941.81
34 865.26
46 731.52
85 459.74
1 836.91
28 679.15
64 406.74
22 772.63
16 148.68
71 117.40
18 630.92
65 781.01
38 322.44
58 141.62
85 113.29
40 329.58
80 609.80
16 452.27
78 224.37
28 491.72
76 790.08
94 604.76
36 779.96
73 343.35
90 728.78
38 700.24
75 346.20
70 576.52
12 655.60
52 398.50
1 767.44
100 703.80
9 586.05
28 679.91
6 787.96
8 660.32
84 423.48
86 924.95
53 247.91
13 466.67
44 282.70
31 877.21
37 284.15
93 229.13
35 464.65
20 476.38
46 797.81
50 408.45
25 960.51
44 322.03
26 179.20
56 904.26
31 111.19
65 547.64
56 625.23
75 839.20
52 573.16
63 610.79
20 899.00
72 119.99
29 566.17
76 642.07
49 229.36
53 868.17
40 477.52
12 858.67
89 513.57
34 258.23
31 111.05
20 727.39
91 917.18
1 646.67
32 646.42
11 140.33
18 576.30
4 221.77
75 151.44
32 222.32
70 844.14
5 436.77
13 247.27
11 518.07
57 319.36
53 662.91
70 245.57
31 485.09
5 235.36
92 666.52
74 486.69
76 380.62
46 152.80
1 818.21
63 900.23
55 451.92
93 969.69
32 905.59
72 350.13
13 731.34
43 586.28
66 559.11
42 247.51
42 337.69
34 298.85
62 242.91
100 267.57
38 767.67
70 920.37
94 269.82
73 166.04
16 656.21
40 741.44
13 616.11
56 845.75
9 128.09
44 821.13
54 328.14
23 549.78
20 454.68
32 254.27
21 167.99
17 873.50
70 342.15
70 597.67
80 394.42
18 749.30
39 441.53
52 339.05
53 127.12
69 624.30
94 865.24
18 417.95
5 388.76
87 966.34
64 177.03
96 766.85
80 949.38
22 771.20
76 518.04
5 911.36
13 185.51
7 343.89
34 361.28
43 616.15
70 296.50
80 755.31
47 746.00
62 220.77
68 779.59
13 466.01
6 654.33
83 781.57
92 765.28
65 810.77
68 626.11
49 169.31
86 678.93
72 996.10
76 276.72
29 581.35
48 583.20
56 388.30
70 266.28
22 178.26
65 577.92
18 420.78
51 881.79
8 467.56
38 496.32
96 556.58
78 402.94
18 457.35
75 572.15
57 484.67
60 629.95
38 249.54
96 453.13
66 342.49
51 417.42
28 969.18
58 142.28
96 347.60
29 891.08
73 654.92
77 278.21
71 503.59
91 533.63
33 489.01
57 735.59
100 552.61
51 959.43
69 155.83
79 304.43
32 734.03
32 939.93
42 897.60
47 528.85
70 713.32
16 108.78
54 673.09
78 322.38
11 936.44
85 940.64
86 911.26
27 592.97
88 254.15
7 887.07
15 303.21
83 431.12
71 444.34
60 202.16
95 260.23
45 977.37
25 569.19
100 565.52
85 690.24
85 617.12
97 494.56
77 536.36
78 705.17
60 224.07
86 111.61
83 843.53
80 670.91
84 153.55
63 419.27
39 516.70
46 463.55
59 355.60
16 267.72
43 318.71
89 193.80
7 254.05
96 265.88
1 233.12
37 112.25
34 692.45
11 950.04
34 324.56
82 313.01
55 525.43
3 813.40
31 160.23
23 501.43
98 972.62
77 225.39
56 485.02
19 805.36
54 941.22
24 561.27
42 413.26
33 113.12
56 554.36
2 569.16
35 696.51
86 106.03
97 957.65
96 320.76
30 783.53
83 692.19
40 935.33
77 940.02
36 355.11
25 366.33
37 884.90
2 249.66
50 212.73
35 162.86
39 691.76
73 545.41
25 251.55
44 888.38
1 545.85
63 612.00
91 475.99
92 163.50
73 347.70
43 832.72
7 786.34
10 802.01
44 989.91
9 405.86
11 844.95
23 981.60
74 505.47
97 433.15
29 619.26
67 287.29
53 981.35
53 738.82
97 474.21
46 745.84
21 552.12
63 119.93
24 158.15
22 962.69
17 538.08
23 701.06
44 534.54
1 297.75
64 210.70
100 398.93
12 290.07
41 370.04
2 203.08
71 830.73
53 469.81
47 320.45
61 986.33
28 882.38
46 313.01
74 888.19
4 756.98
93 900.95
45 522.50
84 340.92
38 589.53
34 264.99
5 279.80
52 770.25
83 512.16
62 639.33
62 642.90
42 394.77
36 588.42
1 338.86
20 114.90
38 542.89
92 643.85
3 883.50
59 201.20
51 650.51
92 992.19
91 243.38
5 525.98
68 292.54
18 880.39
10 545.95
1 446.45
22 221.53
10 363.27
25 183.66
58 166.25
87 440.55
19 682.24
68 255.05
83 947.83
13 151.08
72 261.56
40 619.10
37 868.22
4 425.89
32 477.80
20 930.76
44 927.07
58 801.61
78 415.23
17 567.44
11 493.01
56 910.87
15 266.26
61 119.09
1 999.31
9 550.50
29 465.00
98 263.18
22 887.16
46 143.38
91 788.55
64 243.35
84 868.74
36 998.90
47 702.61
52 205.18
44 671.90
92 549.72
100 572.50
33 329.49
63 566.12
45 198.35
54 928.86
47 735.49
96 855.75
45 488.29
21 481.58
8 738.73
35 837.11
7 332.39
3 189.24
18 183.32
8 115.05
11 179.33
64 479.97
76 941.24
26 270.80
41 334.26
74 887.23
47 498.16
22 455.53
15 534.92
45 248.30
58 395.69
97 865.62
22 923.25
77 510.84
21 162.37
19 487.45
58 788.68
74 979.30
76 843.17
25 718.32
24 700.58
1 269.29
13 636.38
68 167.02
95 599.37
25 114.75
45 260.11
2 390.90
16 338.46
27 590.85
3 173.03
65 228.72
16 841.87
34 302.14
33 232.72
57 609.97
54 823.11
80 549.88
72 743.71
44 852.18
7 308.65
73 137.73
49 676.49
17 667.63
16 775.21
64 429.85
60 374.27
17 642.11
80 316.85
5 509.19
97 286.40
70 935.13
73 704.74
25 340.98
89 818.84
35 531.85
57 853.54
77 780.61
80 517.26
3 168.73
88 965.60
6 395.95
57 941.73
92 960.72
20 681.90
40 254.14
25 396.18
2 428.43
100 477.01
59 610.43
95 253.36
1 935.35
9 443.03
88 762.45
58 259.61
37 518.39
27 842.31
70 468.40
70 837.53
12 248.48
39 111.37
19 883.94
66 889.08
85 862.61
72 868.75
52 484.49
22 467.91
90 159.76
82 386.87
81 182.62
28 927.63
25 134.90
18 555.95
40 643.61
65 914.62
7 792.02
35 236.74
49 375.24
40 813.95
73 407.71
48 158.61
30 188.75
72 871.91
37 586.82
75 257.37
92 552.10
73 893.36
70 568.26
85 159.51
17 573.60
92 701.47
87 215.23
34 880.46
70 416.95
42 593.32
9 394.35
99 902.73
96 573.93
51 203.89
65 103.29
66 357.65
4 120.69
6 556.36
54 567.18
46 713.77
98 410.25
30 818.09
37 980.89
46 606.15
66 602.49
90 885.12
79 230.07
92 188.64
69 108.94
64 329.20
59 393.47
50 976.34
89 100.27
36 867.32
17 642.11
25 515.67
6 494.46
5 403.26
45 527.95
1 290.87
21 588.73
71 331.24
72 580.91
9 405.45
53 968.43
78 358.34
25 294.80
35 981.51
48 453.93
45 219.85
77 610.52
51 333.78
23 739.70
92 692.51
99 347.16
93 682.55
43 682.73
12 924.81
57 401.86
99 547.42
98 118.74
44 181.07
67 319.20
86 394.72
4 550.87
77 906.59
63 751.29
48 561.15
94 217.17
44 456.44
84 634.42
4 822.21
96 614.66
12 605.77
20 344.95
20 389.47
54 673.99
27 153.58
93 957.11
91 304.13
38 649.91
13 443.47
24 451.53
16 462.31
22 978.84
82 838.41
58 929.47
73 157.31
33 818.47
40 429.38
37 224.95
56 381.46
52 358.53
93 978.73
48 919.42
18 476.15
48 132.04
31 958.12
26 662.96
47 859.67
31 321.31
50 514.87
89 178.20
32 641.15
59 334.94
89 708.40
27 699.03
83 885.29
34 711.41
95 749.19
68 602.60
63 966.89
65 335.98
42 931.17
49 826.04
95 660.90
71 738.54
28 416.47
100 382.07
54 332.59
98 315.49
31 699.65
10 713.51
13 280.80
11 180.99
12 463.08
86 723.96
96 158.85
37 502.02
6 369.73
45 819.52
79 694.48
12 784.49
93 898.08
27 387.63
49 165.94
41 846.18
7 113.28
28 307.82
52 381.17
11 299.57
3 839.08
91 769.28
51 755.19
48 825.39
19 283.75
57 243.69
60 305.14
72 886.68
32 571.03
17 668.62
44 259.33
12 343.73
74 397.69
21 248.44
44 690.96
51 175.65
3 971.64
74 570.68
49 223.27
8 942.60
90 219.28
83 799.80
70 325.54
10 385.92
78 750.27
98 120.05
57 613.60
98 923.49
1 590.87
13 177.53
39 352.64
96 475.39
10 761.71
1 231.83
10 241.01
8 990.50
17 396.85
64 780.50
68 513.27
58 698.40
24 225.48
30 616.61
87 959.24
39 375.62
52 683.39
69 106.13
40 575.22
5 108.77
53 408.84
91 932.92
79 171.42
9 223.78
9 619.02
86 367.90
63 163.05
68 467.07
32 623.73
96 662.27
46 350.76
9 387.46
8 786.99
45 499.75
23 687.36
14 275.68
91 265.13
75 463.68
10 757.34
84 919.51
67 891.10
66 250.56
17 984.27
28 817.42
44 391.91
17 823.26
6 168.30
85 829.48
27 468.84
79 156.29
46 774.76
39 247.84
57 866.13
61 635.71
33 598.02
22 668.30
67 901.86
32 272.05
85 185.86
16 351.65
72 447.97
86 484.64
34 870.29
58 875.84
2 530.40
55 252.08
5 773.10
40 116.72
72 483.41
67 326.96
87 306.34
46 396.42
83 481.43
6 550.70
77 394.04
52 416.11
86 355.45
6 144.47
42 994.98
6 482.95
90 324.53
52 737.70
22 326.10
36 686.92
50 220.92
2 446.50
10 802.27
27 105.65
29 168.50
100 142.83
62 197.20
74 943.30
52 705.46
75 480.56
50 693.99
21 676.53
35 282.30
4 816.84
69 339.32
65 972.65
30 702.54
8 968.38
72 686.19
93 450.63
46 903.76
20 366.50
5 289.04
8 578.53
69 873.05
53 698.61
65 985.82
87 506.41
25 415.05
74 889.97
44 490.70
6 521.76
50 443.83
91 684.28
68 229.87
92 887.70
24 817.29
38 283.66
69 529.39
28 665.58
9 862.58
62 712.73
12 549.05
21 527.54
8 117.00
88 522.56
76 400.25
25 938.25
54 999.99
25 276.74
57 617.23
54 853.44
2 309.07
20 277.96
71 146.30
6 897.56
32 356.19
62 414.44
92 465.07
27 497.53
1 580.33
86 781.89
70 866.62
13 723.22
64 621.63
77 368.50
68 776.91
36 737.14
29 897.93
33 449.61
98 621.12
43 742.57
55 257.19
65 785.53
40 275.77
82 852.32
96 647.89
51 316.51
64 492.50
72 701.00
5 150.29
74 167.63
48 928.44
65 598.19
27 577.76
39 286.51
12 272.71
65 476.18
38 139.70
51 237.72
81 419.83
25 674.47
10 673.25
7 733.24
77 618.24
3 226.62
65 283.12
80 552.48
99 362.18
48 126.06
23 159.07
95 517.23
22 550.78
87 271.73
19 374.20
76 157.66
6 264.73
56 294.05
92 251.95
62 608.61
17 313.52
1 386.01
14 925.82
39 344.71
23 435.17
13 707.02
82 352.26
17 601.12
5 559.13
21 839.05
98 646.79
76 739.07
92 568.54
54 418.36
33 447.97
75 741.73
37 863.96
13 562.33
57 233.82
90 139.86
96 380.09
94 307.95
100 643.01
5 833.96
13 474.31
97 606.62
96 343.60
79 862.87
12 817.33
66 493.40
15 558.89
29 987.44
78 363.29
88 741.51
80 978.23
36 558.01
94 222.28
38 704.99
89 893.29
49 550.88
73 344.60
37 822.50
45 251.37
91 198.27
61 227.78
95 240.62
51 274.70
83 408.80
5 582.83
99 623.38
8 694.61
15 413.42
48 515.85
33 640.42
88 223.17
84 833.97
73 952.52
22 980.54
61 550.13
24 368.54
87 219.56
72 853.31
73 309.56
73 859.11
35 907.42
91 539.72
6 816.64
87 810.66
72 462.50
41 142.51
91 300.79
5 114.34
16 880.48
69 783.06
3 385.95
100 940.95
75 920.91
86 415.28
27 229.09
25 820.98
26 175.36
85 475.60
99 454.11
43 399.38
50 852.93
33 713.62
89 283.91
22 963.33
97 749.40
32 116.11
56 199.03
72 685.96
81 683.41
73 276.89
40 261.40
65 838.03
1 240.21
8 351.53
91 332.65
88 195.57
13 164.72
64 259.42
69 205.18
66 175.52
84 117.91
79 980.15
68 840.41
94 951.19
96 141.70
96 621.81
52 459.65
96 129.75
36 517.23
5 294.89
7 579.79
16 187.04
54 855.13
13 837.24
1 137.95
41 258.56
75 415.26
67 656.56
42 622.73
27 962.66
10 976.37
66 316.02
91 361.25
21 955.78
81 187.78
71 540.16
52 607.00
62 881.03
65 700.25
50 830.65
60 313.37
60 271.16
2 722.81
23 576.65
100 378.11
55 771.63
98 617.35
79 264.86
43 731.72
34 701.15
38 586.43
78 968.67
18 249.42
54 294.38
21 231.95
92 731.82
85 295.81
4 460.31
60 131.06
14 678.99
56 783.23
88 164.03
65 694.36
9 544.16
47 806.06
78 842.30
86 105.47
42 523.44
90 351.18
100 444.38
4 444.15
66 466.90
72 194.01
23 532.70
84 197.13
25 546.00
57 627.43
50 540.48
89 222.26
3 725.01
33 673.78
82 901.60
10 302.45
55 202.06
70 143.71
38 618.98
17 776.50
68 382.60
70 628.84
40 336.98
57 230.80
85 775.24
41 453.95
80 828.28
11 758.38
12 766.42
94 862.15
25 129.53
19 992.47
24 662.24
15 191.23
55 340.12
91 964.14
59 316.10
17 835.28
68 715.34
87 100.58
2 666.90
100 383.59
71 245.52
76 475.55
31 550.49
25 444.33
60 635.01
28 109.39
80 142.53
53 193.09
25 565.14
37 669.24
9 539.42
52 930.78
17 339.47
49 563.23
93 244.78
93 222.88
17 433.89
50 771.44
47 272.82
77 150.85
40 966.43
27 541.40
14 349.96
73 982.47
86 822.23
9 109.29
41 160.25
27 739.05
78 677.95
22 561.87
67 866.26
46 768.22
83 834.66
54 845.21
72 773.61
77 366.27
57 305.63
49 734.64
59 333.53
80 140.82
35 682.68
11 933.62
76 404.15
18 186.02
70 499.83
5 916.13
19 195.46
58 109.79
64 584.28
80 430.52
2 839.30
65 790.01
32 489.41
1 484.25
83 694.89
70 211.72
94 219.30
28 135.32
50 219.12
21 498.79
40 635.66
100 609.52
84 779.65
4 516.49
42 622.91
5 258.32
49 914.63
80 100.90
54 718.27
61 655.12
31 415.20
99 270.46
48 466.85
23 518.69
90 110.79
34 222.91
83 724.76
86 801.87
39 841.36
5 745.89
11 405.38
39 272.41
21 209.34
71 586.30
19 338.20
91 954.90
70 794.34
67 769.24
24 391.76
62 757.82
87 725.80
6 530.81
45 545.10
40 250.73
35 433.83
98 916.47
10 263.91
61 305.04
8 829.06
95 380.32
10 383.37
14 503.47
20 981.74
29 803.65
3 734.01
91 700.78
3 919.09
75 945.16
18 617.89
17 377.53
61 642.99
10 988.24
29 800.72
85 490.06
75 560.22
69 588.09
18 390.60
16 175.91
23 451.43
25 772.03
38 165.99
65 497.81
94 562.99
7 776.94
99 667.34
51 322.12
43 981.35
37 485.00
41 223.71
21 427.18
44 741.98
8 846.58
44 357.78
18 678.75
57 608.10
12 385.94
55 670.29
49 455.12
85 507.69
17 162.56
69 929.79
23 738.26
60 668.97
24 775.30
50 471.83
36 737.43
59 281.08
48 219.42
11 323.44
35 657.89
54 107.68
17 731.72
94 959.40
37 954.31
89 453.87
74 599.99
37 945.17
17 643.29
33 622.01
38 331.79
47 439.72
3 235.16
62 492.94
27 889.42
9 317.03
25 547.63
76 204.89
18 600.78
21 432.31
42 993.52
31 299.03
75 347.63
45 836.17
49 827.10
92 994.00
40 449.76
91 599.21
70 671.42
33 102.68
35 142.85
55 424.14
82 501.30
31 787.12
69 126.68
15 443.86
35 238.86
4 942.48
41 689.69
81 362.81
84 855.06
41 989.98
58 342.77
88 389.41
73 723.26
97 937.04
93 980.63
44 326.90
27 558.68
81 169.78
46 314.61
9 314.14
82 548.77
86 320.92
51 736.35
93 231.65
57 731.64
88 142.04
34 101.16
93 935.63
74 167.47
68 468.11
71 532.79
12 958.76
87 946.65
13 240.31
54 497.17
77 345.00
62 113.23
45 808.08
42 443.66
26 900.86
89 432.96
15 304.84
75 438.18
35 470.29
76 391.77
47 446.48
21 772.00
53 762.51
66 283.68
82 584.99
70 754.70
24 866.86
93 171.86
34 448.24
62 555.29
90 280.54
51 501.02
46 225.71
44 637.90
24 397.04
73 841.14
85 406.42
45 612.13
84 999.10
48 954.44
88 541.03
75 461.73
48 554.31
44 757.76
47 326.15
74 330.06
87 647.43
69 255.76
14 255.10
9 951.30
96 301.11
76 270.72
85 602.29
86 786.08
38 787.07
68 584.39
10 910.31
42 653.77
1 152.49
20 613.99
35 355.35
98 251.47
19 343.71
47 329.85
43 364.98
59 740.72
16 917.86
89 758.43
53 210.03
18 929.36
72 849.92
60 342.57
53 428.61
72 530.31
82 959.45
19 522.43
84 560.63
3 276.59
18 632.97
37 731.11
96 240.61
71 107.74
9 786.91
85 456.62
71 560.56
12 720.68
73 367.51
68 993.44
4 812.55
27 655.79
6 699.76
18 700.41
54 546.30
88 415.90
76 664.50
95 965.15
94 181.30
90 945.87
83 281.46
83 917.86
14 447.23
36 716.39
12 663.50
48 843.49
76 741.16
2 309.24
66 632.24
8 929.94
80 512.31
20 761.04
23 884.80
22 621.07
74 505.39
26 730.87
4 322.25
55 850.94
10 373.10
60 255.51
77 963.15
82 560.17
8 996.50
4 510.58
65 326.29
53 556.18
38 300.65
25 532.08
86 800.18
47 199.59
64 392.35
9 201.69
97 976.84
38 717.14
1 167.64
18 453.83
94 637.21
63 904.50
51 933.70
93 972.37
38 576.97
99 206.76
12 485.86
70 573.65
44 930.71
61 613.86
44 704.07
86 289.31
79 484.34
4 944.50
78 508.69
94 912.65
12 960.01
77 476.92
8 805.19
79 138.31
61 138.42
63 740.83
56 475.64
51 283.80
73 791.74
68 954.32
79 178.77
83 629.06
8 939.40
28 915.28
35 700.87
9 212.93
24 812.36
9 648.92
85 720.78
55 392.12
75 410.07
57 846.98
93 245.30
77 383.09
83 131.94
38 488.66
78 360.77
62 209.86
45 948.30
78 486.41
3 672.70
1 984.63
31 139.97
24 632.73
79 147.24
23 120.84
69 757.64
87 390.21
69 575.59
41 371.95
93 524.41
99 816.35
72 613.00
5 334.12
56 754.68
68 893.33
69 623.45
59 858.01
35 181.75
59 735.67
72 509.03
31 984.55
97 441.61
94 171.11
52 698.69
22 800.82
63 674.31
90 725.86
56 917.94
84 841.25
87 821.74
48 843.25
84 744.50
12 567.53
53 565.65
100 643.00
91 513.45
46 999.54
70 277.87
30 729.77
25 536.92
48 621.91
15 768.49
39 821.53
49 876.04
11 889.91
53 833.47
13 518.00
23 313.12
3 725.60
47 388.18
38 589.54
50 385.93
70 172.69
31 871.90
28 544.49
69 340.65
11 136.65
13 818.69
59 861.72
90 515.82
42 226.72
74 778.28
55 381.13
44 399.52
81 359.78
46 880.95
62 660.74
7 270.10
26 765.28
48 644.90
90 968.73
98 877.87
29 766.31
66 436.70
48 949.57
80 966.52
33 467.11
89 157.14
92 741.59
64 543.75
21 191.42
8 848.18
6 606.35
18 192.74
98 642.97
48 214.65
41 547.21
75 443.90
13 566.65
90 230.06
54 850.67
81 401.71
79 646.18
25 255.36
90 773.14
13 391.24
56 759.60
70 150.73
94 479.86
98 727.56
25 729.48
28 644.38
57 453.66
23 408.99
77 687.97
82 353.34
62 868.78
90 382.32
61 836.13
61 641.11
80 955.69
24 467.79
12 155.39
86 366.34
22 345.79
10 505.19
77 359.67
58 362.38
72 178.52
25 821.48
10 643.94
37 280.31
6 401.19
59 465.54
89 563.29
50 740.25
72 982.41
55 153.17
58 680.28
10 224.44
42 929.66
14 149.63
93 714.68
39 753.57
67 326.90
49 723.33
4 690.32
47 243.01
11 925.40
14 348.89
55 909.96
83 613.55
3 515.23
84 948.64
93 696.81
84 836.19
47 958.07
31 582.79
11 483.47
40 539.02
71 426.08
40 568.33
46 458.99
68 651.86
49 339.53
76 132.26
68 202.15
1 496.44
57 972.49
98 539.92
57 748.85
71 463.29
95 565.87
94 923.43
65 852.02
14 997.82
13 596.30
9 479.83
2 973.43
21 226.92
17 667.54
38 292.72
74 218.65
40 446.40
88 507.21
14 138.60
86 894.13
25 316.70
75 217.09
74 437.19
49 449.37
64 143.01
11 728.47
55 291.25
98 991.83
87 227.14
97 435.28
58 412.96
97 231.18
64 998.74
8 270.51
57 738.81
31 792.70
82 589.23
44 333.99
74 697.04
21 332.80
100 663.76
22 269.08
27 589.75
10 590.83
38 929.08
11 639.75
63 825.45
2 726.95
85 602.85
15 773.33
39 210.62
37 713.74
85 846.50
87 297.43
59 103.30
34 112.67
29 906.32
46 326.69
34 713.99
82 983.61
59 934.00
86 875.59
99 366.49
67 934.94
8 270.15
99 589.33
72 971.45
28 828.09
93 718.86
28 104.07
58 634.85
97 971.50
17 630.38
93 582.23
30 522.73
62 630.07
87 458.70
55 825.55
78 866.70
39 196.46
35 840.62
68 955.21
92 509.30
47 902.97
19 355.61
29 918.12
31 277.34
44 476.92
51 302.94
47 369.72
86 978.53
6 208.94
30 438.66
85 312.18
36 337.38
17 970.37
39 416.88
20 945.12
35 408.41
28 380.32
89 413.77
80 421.36
80 807.03
82 206.12
27 573.89
69 670.66
71 668.21
19 512.30
59 755.59
1 651.24
90 857.80
62 843.92
79 108.84
49 111.80
22 750.70
58 976.73
39 407.45
96 387.14
15 624.06
10 872.34
29 205.08
99 755.80
47 930.06
57 684.15
79 503.04
73 637.03
45 244.78
22 945.01
76 207.71
49 564.68
70 132.06
47 633.01
13 248.69
5 172.96
3 486.33
42 539.27
47 352.58
73 318.03
28 636.30
42 377.16
20 834.65
87 447.00
55 778.11
20 622.92
33 204.35
93 668.35
6 808.89
36 194.05
69 630.27
1 248.47
61 837.04
13 670.43
38 187.14
21 874.39
6 189.42
84 844.64
2 809.21
30 102.13
73 578.43
89 679.14
72 531.75
50 391.20
53 512.39
1 980.54
21 946.23
23 254.26
79 892.20
60 871.32
38 413.58
8 587.38
83 695.50
14 894.94
79 463.63
46 932.62
25 891.56
88 814.39
20 577.36
61 626.11
70 279.50
95 125.85
25 555.64
49 179.40
26 694.69
70 946.07
40 554.33
72 863.09
29 387.33
44 250.43
85 610.95
15 353.82
60 235.73
79 886.89
95 973.68
35 782.87
52 265.52
54 431.79
83 225.78
3 525.15
58 462.01
78 776.37
35 221.13
98 327.83
73 632.81
64 103.12
13 512.01
100 394.66
11 555.15
94 309.00
56 251.29
22 554.38
63 172.08
9 807.28
23 111.93
69 190.88
44 138.40
94 588.89
93 132.96
75 134.89
55 331.18
32 179.15
52 880.03
93 623.60
93 556.54
7 934.12
47 959.07
69 501.31
98 200.51
74 985.71
58 651.14
21 166.23
71 298.55
32 893.78
16 939.07
92 694.18
28 741.19
68 979.63
55 379.51
54 393.47
96 673.62
81 272.02
72 119.25
82 387.94
90 169.59
92 726.51
14 178.75
81 141.58
87 729.32
84 761.15
65 520.37
28 442.42
45 437.63
47 169.65
36 730.22
92 618.53
62 943.15
2 193.12
69 919.75
86 940.85
42 273.54
77 822.20
70 327.76
59 635.28
12 877.76
89 655.28
77 694.64
30 809.05
24 331.76
50 179.39
35 188.03
58 609.78
7 587.15
15 285.57
69 114.19
21 412.55
68 359.61
75 733.05
99 777.43
70 264.62
50 108.31
13 822.33
95 146.38
58 434.40
50 983.23
43 506.15
94 299.00
92 611.34
26 198.68
58 896.27
17 421.47
61 222.28
60 738.78
28 599.72
37 261.93
43 908.55
8 303.52
26 939.25
75 266.07
47 508.56
43 694.15
2 508.47
57 788.60
63 914.20
37 765.47
59 646.68
15 581.29
4 803.09
88 723.33
79 112.16
15 502.41
77 677.46
41 774.77
47 998.03
9 586.45
16 550.13
4 346.21
90 830.82
100 275.67
94 586.43
43 417.95
56 547.00
17 370.67
64 477.89
63 199.96
86 492.24
4 545.31
18 643.83
93 421.39
86 254.46
55 454.75
33 320.97
81 842.62
80 517.95
27 850.60
63 256.31
87 257.85
54 846.00
100 415.78
98 804.81
33 927.56
21 820.63
50 752.71
18 864.22
19 118.87
43 450.24
86 369.76
79 952.46
39 469.62
93 186.72
26 242.47
68 599.04
70 580.42
24 925.46
13 962.33
5 946.19
32 129.86
38 541.78
14 365.83
64 224.48
11 160.27
4 236.35
46 952.33
82 110.53
59 608.72
45 996.50
46 146.41
58 464.39
87 378.11
100 214.21
24 594.81
22 826.39
94 382.31
21 604.95
8 686.09
41 861.18
3 354.52
74 913.62
83 680.43
86 756.58
25 337.94
76 468.68
4 842.72
42 256.89
53 606.69
66 904.51
97 795.35
25 591.38
13 294.73
24 490.93
40 775.36
10 730.44
97 500.75
26 703.38
58 717.79
32 238.17
86 633.27
76 684.64
18 619.83
11 121.72
12 519.35
73 828.79
72 423.35
86 149.62
63 764.58
66 973.79
53 281.15
51 377.44
78 207.92
17 418.67
74 852.22
92 126.89
73 961.19
68 157.10
94 715.86
16 193.34
79 782.44
61 338.79
80 874.43
27 853.46
72 335.06
39 464.53
5 546.44
18 113.13
46 210.64
1 376.66
34 741.07
19 694.06
23 537.53
36 493.77
96 144.23
96 467.91
4 870.04
30 262.49
42 177.01
6 226.25
94 537.86
65 729.33
26 619.64
98 653.17
4 445.24
18 422.41
40 633.45
44 914.77
67 816.11
2 822.30
20 539.75
17 584.60
75 390.59
53 172.02
17 554.82
94 173.88
6 703.23
36 235.65
25 464.33
6 109.50
4 829.52
86 893.59
18 888.30
15 615.75
15 527.07
1 232.11
3 361.02
51 172.58
63 817.62
8 527.89
14 676.27
57 823.97
8 395.54
98 274.85
20 689.88
65 566.72
100 959.52
79 809.72
57 325.63
15 390.56
34 327.91
54 469.13
87 480.52
27 902.48
42 209.85
54 119.77
34 502.71
59 836.19
43 786.90
95 890.02
74 665.31
17 164.74
16 341.44
12 120.20
82 858.74
3 504.68
46 193.15
16 793.90
82 655.40
29 217.61
95 687.92
41 237.08
25 716.07
70 598.09
76 477.86
10 241.81
45 889.54
68 590.47
78 537.18
7 598.73
61 735.23
65 568.10
97 895.01
17 543.07
59 320.04
59 665.78
53 192.46
97 648.27
89 211.10
56 219.07
54 914.48
37 102.75
67 822.78
13 116.57
12 299.64
97 137.84
32 374.17
52 251.72
90 323.51
83 559.00
46 710.60
21 353.96
89 575.79
8 766.42
18 941.65
67 211.27
90 607.54
11 990.98
98 782.26
5 357.71
19 320.87
65 445.77
80 331.97
40 784.67
86 864.37
96 973.63
93 493.99
95 394.33
92 242.16
40 731.82
32 121.83
66 674.18
68 376.86
97 592.03
31 739.14
7 981.17
36 836.54
92 391.89
88 895.72
47 247.56
58 166.32
94 471.94
96 682.31
6 835.43
99 356.98
43 509.45
80 120.90
60 865.55
39 735.62
46 540.60
26 442.64
38 620.90
75 600.21
13 295.88
66 946.04
53 356.76
27 329.14
31 805.17
1 997.51
76 424.47
59 764.02
46 271.34
25 776.98
74 343.94
62 172.79
48 572.55
16 761.08
60 621.50
39 290.51
54 167.34
61 575.16
91 695.89
96 655.42
34 108.94
13 829.68
31 457.85
1 933.27
64 207.70
64 526.87
16 390.07
79 889.31
30 979.11
25 275.57
66 212.63
34 257.25
17 932.65
18 461.98
13 948.79
87 252.59
87 616.57
27 328.59
54 765.32
39 111.36
22 435.27
87 979.72
99 800.96
40 441.59
66 109.80
30 393.21
83 340.89
34 375.12
55 347.88
78 706.65
90 696.37
93 764.71
8 315.62
45 251.52
1 827.57
46 114.22
51 277.99
61 269.08
35 425.21
1 193.48
98 246.90
34 130.18
88 563.72
30 699.54
19 641.13
59 940.39
90 872.19
49 342.62
71 529.68
81 182.92
56 646.20
11 162.03
51 142.05
91 655.91
1 951.06
55 477.99
52 961.44
20 979.59
70 469.66
22 471.69
64 681.46
36 539.81
79 702.10
76 119.73
25 320.52
81 499.11
38 142.00
60 131.77
37 618.79
24 213.13
19 773.02
12 332.20
44 702.72
9 482.12
57 328.19
98 985.04
68 829.20
59 504.11
75 161.48
61 862.87
78 794.85
65 108.48
63 911.85
51 709.17
33 921.62
46 128.76
12 563.31
5 806.52
92 374.83
73 103.01
10 473.80
44 336.73
26 414.79
44 258.80
78 731.70
26 582.80
66 128.36
73 723.06
37 547.31
75 623.89
97 700.04
1 125.94
52 988.68
70 666.48
90 442.71
22 392.14
12 281.78
82 707.58
86 676.64
79 755.04
8 647.03
91 527.75
60 813.01
56 474.67
67 685.14
49 846.19
99 602.65
94 187.53
42 342.84
56 992.08
19 520.18
26 293.59
19 197.22
98 423.29
76 162.74
13 554.52
32 397.36
87 504.28
2 494.65
60 759.87
29 480.81
85 578.67
66 383.93
26 238.47
95 841.24
44 988.78
72 722.00
56 537.34
88 327.84
87 883.04
22 120.21
74 617.40
33 128.27
25 888.81
62 237.60
66 810.06
14 214.45
13 842.55
46 636.92
98 606.76
2 693.67
44 835.03
39 606.87
80 784.12
16 832.24
3 165.18
78 756.84
14 605.71
22 401.49
30 940.61
1 896.98
36 126.17
16 270.43
15 901.39
61 589.77
8 101.40
46 137.96
100 150.70
11 838.29
18 100.85
37 365.32
60 111.46
90 707.90
30 423.85
79 810.55
1 832.84
48 736.69
9 413.57
87 422.67
18 612.89
30 809.76
65 204.91
68 557.61
92 909.84
88 786.29
88 802.34
79 597.59
68 355.51
35 962.83
99 342.82
84 173.56
28 270.17
23 838.17
70 318.20
43 846.60
96 204.87
27 157.11
12 619.76
29 143.12
15 697.00
91 804.38
76 783.40
63 498.85
17 165.15
24 485.52
75 198.42
7 563.80
83 558.96
51 624.63
52 521.59
43 200.30
31 145.52
75 511.25
14 804.58
14 836.17
85 862.17
28 929.70
90 545.91
53 212.39
49 101.28
13 590.07
16 337.15
99 852.17
68 998.27
98 490.22
90 623.98
77 395.58
76 864.92
16 330.87
19 247.10
6 780.86
2 555.68
62 741.22
66 687.96
38 687.85
94 336.85
64 156.47
100 545.86
90 538.50
72 315.24
96 194.33
5 643.16
44 164.56
15 280.54
81 862.97
90 273.76
66 293.77
60 893.86
24 326.51
45 972.26
7 525.19
28 416.79
70 766.97
71 156.10
23 853.11
25 518.06
20 478.46
92 899.22
81 678.05
18 412.65
72 262.72
30 115.80
26 404.21
20 430.55
79 114.02
96 799.17
82 874.77
96 800.59
97 994.44
26 906.69
46 132.51
82 611.16
56 168.01
59 379.63
37 100.43
67 656.03
19 986.89
10 514.57
28 999.38
46 159.22
71 499.07
98 824.38
83 841.01
70 885.91
75 973.78
44 220.53
53 296.70
56 437.04
67 369.46
80 568.45
4 106.77
87 787.92
59 407.92
63 235.25
30 606.37
99 904.17
9 533.21
59 579.25
42 835.26
96 884.27
34 522.86
91 539.86
33 538.44
93 246.53
92 310.71
28 624.21
92 885.61
50 712.25
13 983.25
49 226.61
3 761.43
23 502.53
38 485.48
36 976.87
80 260.36
27 988.19
16 101.66
29 359.50
42 969.26
35 787.44
10 180.59
92 632.33
25 814.04
74 960.43
38 908.15
56 295.45
30 475.07
2 406.58
81 757.15
62 222.36
66 333.24
14 601.76
47 558.04
3 876.44
81 351.20
18 400.13
97 990.24
84 846.93
52 447.74
7 542.10
73 175.33
72 335.99
96 670.27
50 488.46
60 381.70
42 912.69
27 610.58
83 560.36
5 434.16
31 580.77
11 556.19
73 535.54
97 444.44
38 770.78
59 391.66
60 246.09
14 845.00
9 112.09
69 970.04
13 171.13
44 611.82
47 390.75
58 836.88
18 311.85
75 664.41
94 344.60
15 839.76
59 652.25
27 771.45
56 274.52
95 801.54
8 531.51
60 692.28
67 327.39
27 498.26
2 192.26
9 243.31
92 739.42
5 590.91
77 284.42
72 684.86
9 110.47
27 510.84
97 148.12
68 983.45
16 335.64
9 895.86
58 306.90
52 992.51
63 996.76
70 338.60
38 134.64
43 877.37
43 422.79
2 509.88
7 738.77
12 972.19
76 900.76
60 901.73
37 840.57
83 174.35
64 897.16
59 504.11
50 607.15
12 292.21
27 532.47
55 357.33
63 602.77
8 793.29
75 797.42
55 742.71
18 411.99
6 253.97
6 782.06
48 940.69
46 744.65
55 182.42
58 298.68
87 284.35
88 229.32
72 824.07
96 946.74
89 321.24
15 360.11
32 342.06
62 271.09
89 799.13
62 723.53
15 322.93
35 156.17
92 844.98
51 961.93
39 290.28
65 779.13
93 484.74
59 502.35
1 289.12
81 183.75
79 854.51
14 861.53
59 511.00
39 679.77
32 104.76
34 432.39
90 889.84
10 351.97
77 155.37
72 937.76
85 988.06
96 888.72
58 880.23
8 174.28
20 420.21
85 129.95
78 639.94
33 789.74
16 111.75
18 890.76
99 258.35
26 849.87
2 935.64
74 490.22
18 741.28
66 182.89
11 437.95
25 409.57
58 440.71
17 173.63
83 831.09
26 580.22
45 570.40
56 292.51
97 201.80
87 386.83
96 428.05
70 207.54
52 548.63
74 561.24
100 846.34
34 784.23
55 454.56
21 767.58
38 612.40
53 900.52
45 337.70
17 496.60
55 701.55
4 113.27
62 211.88
53 478.30
79 628.17
51 625.69
62 877.75
76 840.77
73 836.47
1 459.68
56 251.68
14 751.08
45 317.01
80 684.09
67 299.79
68 567.89
47 658.24
7 536.24
10 160.04
8 162.17
72 943.25
71 839.71
61 465.75
8 350.06
1 351.61
24 240.40
70 679.55
53 101.45
77 108.01
52 713.92
67 215.14
89 470.69
69 660.64
25 109.00
16 137.19
75 835.38
69 224.80
6 358.79
37 265.96
35 650.41
77 967.21
56 631.19
55 152.54
59 863.85
97 549.91
81 318.70
79 702.84
55 704.05
57 108.05
51 969.98
30 580.09
29 888.34
42 192.59
98 363.42
88 251.14
34 449.02
66 220.43
58 223.13
18 263.13
100 771.70
31 508.40
99 702.91
15 469.98
5 561.30
26 669.73
79 548.38
84 671.18
75 951.59
87 708.63
38 573.62
74 422.48
60 163.05
3 871.87
65 464.80
97 436.79
63 481.06
61 565.68
31 286.64
46 986.17
45 349.75
99 312.32
26 728.27
5 678.58
57 155.51
77 266.64
89 813.78
83 838.31
15 722.62
61 529.47
52 556.71
60 570.83
49 347.61
20 302.87
23 598.12
78 703.44
36 759.46
86 928.03
65 695.81
4 657.16
9 262.12
37 388.57
45 286.73
67 114.69
66 329.47
55 956.35
24 646.74
99 657.89
81 173.48
83 578.92
17 352.15
75 406.78
78 975.33
47 683.91
21 565.22
93 269.17
95 618.12
58 544.15
49 919.03
11 450.56
48 643.27
16 690.80
73 909.47
8 180.19
89 530.68
32 651.21
46 314.70
72 129.72
27 748.98
23 817.49
6 708.95
52 680.46
4 552.86
83 578.19
32 985.43
33 535.00
95 989.45
60 320.35
11 532.81
10 969.24
68 215.04
73 450.50
28 117.59
83 968.87
53 858.74
94 530.29
95 238.36
20 938.28
46 171.94
65 304.73
29 811.74
1 993.88
33 124.23
10 112.54
66 744.51
40 550.63
56 930.50
15 692.86
84 393.98
69 358.31
95 817.16
14 912.39
61 116.91
27 281.01
63 881.36
18 242.71
61 797.73
93 692.44
56 344.09
57 746.60
4 589.46
85 333.70
4 323.59
59 119.08
58 448.27
40 556.48
77 571.06
99 268.47
88 242.11
58 614.15
51 698.70
16 963.78
24 274.23
23 445.22
61 375.17
63 528.95
78 463.28
25 109.84
86 843.22
32 516.09
68 804.30
87 693.78
61 652.22
74 148.91
31 652.90
62 620.05
43 257.01
43 954.87
23 955.76
94 451.50
32 233.17
16 855.06
19 109.18
40 843.89
53 438.52
82 176.74
90 674.82
50 514.56
70 373.95
27 442.69
75 130.77
28 193.35
57 238.20
45 410.72
28 245.41
46 428.97
58 198.95
61 228.01
9 415.31
41 393.84
54 454.96
88 198.07
67 818.47
75 805.94
33 701.61
8 590.52
96 336.72
18 455.64
99 967.87
59 678.40
81 420.61
9 149.79
78 305.07
8 383.08
48 383.19
94 407.25
51 104.47
39 985.00
33 433.85
67 764.34
42 377.44
40 881.89
5 973.80
13 464.60
77 546.38
23 499.32
20 621.83
12 167.10
37 630.14
50 483.66
11 698.74
37 989.61
41 569.36
13 919.87
90 264.57
78 833.95
44 857.35
64 828.61
36 708.73
22 129.95
48 498.67
8 584.67
22 929.56
97 336.10
13 133.43
75 104.20
38 128.26
35 371.02
91 592.79
12 109.92
33 940.96
70 192.53
49 390.65
19 699.53
23 112.09
36 891.42
87 634.07
15 655.20
91 630.70
16 284.55
90 596.90
74 875.52
53 157.82
24 851.60
6 593.65
76 905.25
56 925.39
30 359.88
41 485.91
13 612.15
20 906.87
10 915.12
58 474.68
65 241.28
23 758.26
15 703.10
15 421.92
4 670.59
46 122.39
42 285.95
51 984.55
6 823.82
51 770.70
28 260.57
29 843.78
17 930.31
61 273.24
34 611.12
100 391.16
46 544.48
93 315.20
3 301.29
10 207.42
69 276.95
44 937.78
40 593.55
95 877.42
95 823.63
44 312.54
36 573.90
59 923.02
58 989.98
82 344.18
86 578.37
29 397.51
2 888.41
61 228.16
6 383.23
3 780.18
12 996.47
2 840.11
60 525.05
2 759.26
97 190.67
60 548.59
50 779.98
55 191.84
56 626.60
89 195.18
21 445.01
79 884.69
28 802.96
10 773.64
57 332.54
31 358.65
56 617.42
88 611.40
2 778.62
4 715.35
22 832.37
21 834.22
48 425.76
45 371.35
98 186.98
51 532.13
88 136.63
33 594.28
30 372.37
27 610.51
21 627.29
6 686.12
36 875.34
52 942.50
71 647.82
71 568.40
77 114.11
23 111.03
48 907.48
41 850.97
71 282.90
47 814.63
75 880.27
10 352.47
75 979.84
8 268.91
22 139.33
70 305.74
53 256.57
69 315.41
2 449.96
27 766.70
98 951.24
23 614.77
49 823.41
63 357.78
71 145.59
7 421.15
69 390.76
38 402.95
43 919.92
52 542.97
55 918.38
50 208.35
77 697.19
87 395.80
5 735.38
24 549.69
47 602.53
92 582.06
67 381.89
55 732.87
58 618.46
21 814.13
40 796.08
79 734.41
8 766.41
74 297.62
50 390.51
62 450.15
76 148.63
18 793.68
82 977.22
62 736.73
56 472.80
5 155.46
63 709.63
44 342.59
58 853.24
14 978.25
94 497.72
4 575.81
11 167.06
33 738.07
35 521.04
20 684.41
21 957.44
12 552.05
46 380.80
2 579.69
64 639.68
97 197.69
63 547.09
44 281.01
40 824.82
83 440.52
88 163.12
20 364.32
33 625.53
77 331.32
16 161.51
39 699.71
7 186.75
57 550.70
42 879.33
49 143.41
56 854.95
40 226.60
42 916.43
1 860.94
31 559.55
12 538.11
11 152.84
20 416.73
45 909.16
15 912.60
56 603.23
67 865.20
26 761.74
29 267.46
31 995.49
67 930.05
42 359.81
92 671.24
16 582.21
80 413.93
22 223.62
79 999.28
22 123.01
73 490.25
6 532.01
33 186.61
78 879.57
66 605.91
82 725.54
64 867.25
6 447.68
59 781.25
9 594.34
2 542.16
71 146.03
86 582.57
53 297.64
57 360.58
53 614.40
31 224.40
31 922.69
26 531.66
10 851.65
29 334.37
96 435.76
96 507.32
20 299.51
17 513.93
67 378.56
15 254.22
54 540.35
7 297.73
95 306.49
69 883.50
61 459.94
78 189.37
85 333.36
43 279.48
62 390.16
27 192.42
92 931.91
52 674.50
88 622.84
23 442.36
98 818.31
57 734.89
20 400.48
53 393.41
70 123.19
97 118.66
6 627.92
18 785.28
44 358.10
45 869.29
66 911.41
76 232.86
89 889.85
76 212.96
98 733.77
10 881.93
47 819.64
42 654.75
63 559.96
91 630.21
79 333.60
53 622.33
61 132.26
82 264.77
86 879.28
35 639.84
20 276.76
9 418.44
68 198.84
70 517.39
51 312.17
98 192.18
78 280.41
13 882.98
80 422.47
19 797.62
31 376.83
60 219.29
35 462.56
90 871.99
59 905.36
16 785.03
3 329.36
93 569.76
71 924.23
94 938.89
93 346.53
3 862.15
73 223.41
95 332.31
79 728.92
95 858.13
65 625.22
34 139.02
65 205.51
79 392.70
62 853.22
64 220.23
88 281.63
55 155.92
52 791.65
77 909.39
96 308.16
52 773.28
50 180.89
40 332.28
13 652.49
58 958.12
62 657.67
63 764.79
28 119.96
89 405.97
49 564.03
14 900.27
51 483.46
33 300.73
65 373.72
36 972.98
91 659.76
5 348.72
82 679.01
27 983.98
82 504.28
85 202.38
63 635.23
82 301.07
75 468.11
96 568.85
80 419.96
25 461.59
78 723.37
35 441.96
7 282.92
47 802.08
4 938.57
54 255.38
77 234.36
98 467.30
75 493.52
49 697.01
15 216.42
94 389.10
68 417.72
71 736.82
62 719.22
27 726.23
9 526.95
81 478.24
4 905.20
28 871.99
22 206.93
16 946.51
14 683.09
90 391.65
79 255.36
45 212.26
62 812.19
91 411.84
26 296.77
24 475.40
65 295.81
44 969.21
65 465.49
97 639.40
21 346.38
43 969.21
87 903.07
32 357.16
68 902.57
42 941.04
59 994.94
78 869.68
90 191.76
34 138.38
10 402.98
41 752.59
72 577.37
76 133.85
76 662.80
62 236.65
62 215.30
4 888.62
99 207.70
15 132.06
40 432.89
22 802.63
3 668.13
1 418.26
21 408.02
24 255.66
85 868.72
41 127.33
82 676.79
45 353.41
41 167.24
95 488.26
62 174.03
33 747.00
35 314.84
34 816.28
43 903.02
94 432.22
2 423.02
95 361.12
10 566.99
40 991.96
78 334.53
73 586.96
65 891.94
62 873.82
89 311.89
7 673.34
38 537.43
75 101.39
36 845.77
68 140.65
19 477.04
61 949.86
27 113.80
18 778.18
38 691.43
14 686.41
4 943.61
32 127.64
6 474.50
45 979.63
100 921.80
58 621.89
20 913.06
13 603.84
1 237.74
94 157.75
97 587.02
33 545.34
56 542.89
25 242.96
13 959.14
67 401.84
82 721.36
21 410.86
80 666.60
31 443.14
77 732.61
15 689.51
66 731.45
21 549.38
98 308.61
42 988.09
35 589.28
34 823.36
92 221.35
90 194.25
94 154.52
18 684.88
49 631.09
40 448.19
6 300.45
100 312.20
52 398.35
38 306.11
20 432.94
95 236.76
30 344.20
28 552.43
42 513.74
78 896.58
53 163.95
75 600.72
72 263.21
34 415.83
82 197.19
2 325.12
37 568.44
76 664.05
15 752.52
91 883.92
62 553.95
79 220.48
49 380.40
2 288.99
40 391.66
60 432.95
77 830.21
63 617.83
59 460.88
74 382.66
87 134.02
58 354.50
58 589.37
29 288.22
42 869.18
78 436.51
16 895.06
15 232.98
56 771.09
32 244.17
11 190.70
58 564.32
36 163.90
42 339.27
51 512.97
59 732.22
72 714.32
88 493.00
36 376.80
12 178.65
8 356.88
81 287.47
60 451.69
34 765.39
47 513.97
99 528.21
69 981.84
91 755.53
15 263.53
84 726.35
65 685.14
54 550.38
80 569.54
94 464.65
92 201.46
36 540.25
25 810.59
55 108.10
96 723.08
69 149.15
90 491.95
30 786.27
74 819.23
53 155.75
32 734.47
42 671.68
90 363.92
71 898.29
83 434.27
64 457.45
85 141.04
30 583.62
51 702.28
36 490.48
23 129.59
34 985.30
63 349.75
17 419.25
65 723.69
1 548.76
24 287.55
91 364.31
88 976.10
49 614.91
47 394.34
22 779.75
30 746.74
43 714.10
69 156.26
20 189.68
43 447.06
34 728.85
33 686.91
4 227.17
36 965.75
33 587.35
48 203.13
89 848.49
84 544.19
44 311.91
38 926.17
30 458.56
6 480.50
32 562.33
90 684.94
28 944.07
38 749.42
1 795.24
16 804.50
68 685.43
63 514.41
74 679.59
13 658.60
34 103.75
18 876.28
22 702.16
21 847.65
13 717.88
37 698.35
7 376.55
24 695.27
41 689.56
25 447.15
37 288.48
5 119.76
77 886.46
77 318.94
74 601.17
42 110.46
45 676.24
26 921.06
12 631.75
33 696.25
58 190.17
77 877.91
72 817.90
58 793.74
11 105.23
57 190.46
8 246.18
61 259.27
83 728.40
77 679.65
10 728.78
37 730.77
93 388.38
53 433.06
8 531.17
40 287.36
16 765.52
82 168.57
26 356.74
34 829.43
56 282.30
70 172.54
19 653.33
77 549.03
90 741.75
85 581.52
62 869.75
58 286.36
70 494.14
88 949.57
66 925.95
13 409.47
39 254.70
11 269.72
62 301.62
15 482.05
53 244.07
21 110.13
35 794.69
59 409.21
88 374.50
14 543.98
15 525.27
87 499.98
44 201.39
43 284.24
50 747.83
14 269.47
91 125.87
93 797.22
77 606.03
36 509.36
41 632.19
15 166.13
14 423.31
98 924.65
70 845.06
52 963.84
50 174.24
37 433.90
58 364.52
50 680.61
22 617.26
42 841.73
93 410.71
94 158.16
14 933.93
15 935.87
11 572.21
41 700.18
94 918.73
53 576.08
22 662.22
33 744.92
22 117.65
3 630.28
95 718.29
56 935.42
89 588.21
86 461.11
87 595.58
8 545.12
27 439.51
80 404.12
17 968.48
4 484.03
4 752.92
54 286.95
67 130.57
36 618.48
99 328.85
34 984.64
58 532.30
88 527.17
95 347.88
3 465.48
57 665.51
48 145.83
55 491.70
14 370.97
89 322.50
48 902.41
98 449.09
17 292.72
36 752.18
12 261.13
100 860.85
18 718.84
98 942.46
82 232.56
6 399.01
29 883.03
15 503.56
83 193.93
1 383.42
43 926.46
85 505.34
87 585.35
94 884.59
77 897.18
15 882.17
97 305.42
33 726.38
12 473.65
49 891.65
69 859.49
83 370.54
43 181.90
98 283.74
78 111.93
40 887.45
79 892.06
68 200.71
81 514.15
18 936.37
99 610.24
87 239.55
69 946.61
14 979.19
47 476.67
65 193.98
82 904.36
1 506.91
58 612.17
34 611.61
9 539.42
70 163.21
59 434.16
97 681.19
50 213.83
18 103.95
34 921.78
36 106.98
32 948.76
4 427.20
48 784.84
62 807.75
10 192.21
83 875.29
33 791.42
68 591.85
28 186.01
80 643.14
25 703.11
23 689.59
59 966.43
18 779.65
63 498.12
16 365.83
29 392.00
97 676.79
59 549.64
79 680.13
60 381.11
8 347.11
98 170.65
47 923.84
56 559.79
24 499.98
23 321.46
88 825.93
40 215.37
56 733.46
77 934.24
27 182.10
57 692.52
87 517.52
90 435.82
2 816.59
97 679.45
51 953.98
31 806.61
52 222.36
39 560.96
16 350.81
26 313.13
42 198.70
54 474.22
75 380.65
86 909.76
41 646.57
87 106.93
82 272.46
73 569.39
34 387.11
25 220.08
55 898.27
84 666.28
23 658.02
49 378.01
5 929.47
52 409.25
55 790.17
80 375.88
17 137.88
52 396.84
39 877.60
85 629.57
99 948.38
91 815.75
53 608.53
68 718.12
56 601.03
30 480.14
89 485.36
98 803.54
12 919.39
23 376.92
87 553.29
55 842.30
83 745.13
30 209.06
65 613.29
23 670.31
18 803.67
8 653.42
96 315.91
8 340.28
5 603.15
66 182.51
64 970.85
34 489.33
82 360.50
93 858.49
16 218.75
71 956.70
36 215.87
2 887.40
78 323.07
69 108.98
19 449.15
56 444.09
46 198.08
77 592.08
23 983.00
73 502.34
38 219.23
100 152.39
61 522.38
96 899.68
49 828.33
31 652.02
3 429.34
64 972.03
93 441.67
93 203.15
79 687.50
21 361.29
12 365.09
21 547.62
13 286.49
53 234.58
81 180.48
17 761.15
99 774.42
47 651.47
84 699.81
34 301.62
22 279.50
23 631.47
11 375.89
8 467.36
10 422.81
40 234.08
71 704.89
22 353.08
12 772.24
85 711.80
11 936.70
38 805.63
56 324.39
52 919.74
7 101.35
49 266.68
3 576.00
100 334.59
10 450.67
25 796.91
100 149.10
66 893.89
89 704.82
20 129.91
19 461.84
12 602.15
51 597.81
7 262.15
33 691.97
58 973.10
62 928.01
23 921.64
21 875.45
70 326.91
40 237.49
23 534.08
68 128.66
7 811.83
41 202.56
54 825.54
46 992.29
26 456.49
13 412.18
18 643.36
22 302.50
47 864.67
22 782.84
18 477.43
88 484.23
4 496.96
9 607.45
59 138.17
85 428.05
21 936.25
72 505.18
70 591.55
29 155.61
96 929.25
96 124.59
60 842.07
44 122.67
32 259.15
12 811.90
17 410.50
71 505.79
84 673.25
26 698.51
22 972.20
16 941.66
98 682.41
100 499.45
98 974.55
8 705.55
83 529.13
90 659.59
63 818.18
95 799.04
48 260.02
73 512.52
80 390.18
44 989.07
54 403.68
93 652.55
1 791.33
96 633.30
87 747.56
61 960.91
74 874.57
16 341.64
67 511.13
4 727.40
78 627.94
16 162.30
83 689.59
44 525.95
29 848.37
2 305.73
100 985.29
38 518.80
43 240.08
80 561.05
53 353.18
62 499.54
75 743.00
63 254.85
58 692.00
55 777.44
80 969.45
14 148.35
67 760.65
35 281.22
66 477.97
99 977.43
73 832.90
30 184.74
3 117.62
70 376.39
83 300.22
67 420.26
55 427.85
73 852.59
72 201.11
72 399.76
95 950.91
96 609.50
32 515.59
51 557.69
75 392.15
99 489.33
52 759.09
65 199.49
13 436.09
100 147.86
82 337.63
49 573.13
38 746.26
59 755.33
20 351.11
1 105.04
76 277.72
36 661.00
38 138.83
30 319.76
97 918.55
95 778.40
35 650.16
11 930.26
63 740.06
79 705.77
77 987.56
69 859.16
16 266.70
84 819.79
25 102.72
62 526.46
93 762.72
75 524.36
88 768.96
35 306.58
23 180.51
43 882.76
41 248.58
56 698.56
29 808.37
61 856.75
86 677.76
99 790.62
42 486.13
55 992.59
39 158.49
97 995.64
17 824.47
33 579.24
32 673.60
86 949.35
93 815.38
7 759.11
93 715.93
26 732.96
51 311.09
29 927.36
5 676.12
6 945.58
52 440.96
48 150.34
45 437.92
48 723.22
1 368.15
43 444.65
40 131.96
78 127.09
88 295.98
92 788.77
71 588.38
64 269.27
56 770.77
80 380.52
11 732.55
64 690.89
39 119.03
65 621.43
90 253.25
8 582.21
8 255.50
77 919.29
7 541.36
26 310.22
100 570.43
41 360.25
36 760.71
15 611.59
67 243.95
40 829.49
39 298.14
32 771.51
70 963.41
90 540.63
14 713.19
40 540.63
24 155.57
68 974.15
3 468.04
45 126.28
29 264.38
42 798.32
50 104.63
92 280.18
100 175.78
14 957.12
79 884.41
48 683.05
77 953.53
79 442.42
79 175.46
10 731.45
40 727.34
26 842.50
24 755.97
7 250.82
92 729.64
49 146.43
25 461.53
82 542.66
21 568.46
66 848.66
71 602.76
47 363.99
20 379.69
84 257.56
73 762.05
70 524.71
85 325.54
42 898.99
11 105.67
50 528.04
28 275.45
1 909.85
5 547.73
21 908.14
12 931.59
99 298.79
73 120.28
77 548.78
35 674.78
10 607.20
72 452.92
85 736.15
53 532.21
77 449.11
57 118.75
24 339.61
6 388.94
96 780.71
26 455.94
57 827.71
67 555.57
94 668.91
71 833.98
68 452.94
21 758.66
99 729.88
67 197.13
64 771.76
3 530.56
17 787.79
37 322.64
44 964.19
38 366.97
31 716.60
53 877.25
48 976.00
3 938.14
86 633.00
14 811.36
33 298.83
56 505.16
50 288.59
36 305.80
65 336.94
6 502.90
6 817.18
44 652.40
98 400.27
49 211.15
81 131.63
35 621.26
26 940.84
84 122.63
17 355.25
57 319.86
33 500.76
53 321.88
66 256.16
25 101.10
55 143.09
92 320.82
69 160.41
1 122.55
57 649.05
5 439.05
74 377.93
6 770.57
62 392.73
4 205.38
37 635.95
93 618.09
34 832.03
7 638.01
51 119.25
56 848.80
87 836.80
93 312.87
71 416.29
48 520.60
24 726.59
44 739.44
9 506.83
80 337.39
71 533.57
36 511.97
95 850.38
76 290.61
69 488.56
27 724.55
63 115.71
29 166.37
23 173.29
30 307.17
60 979.51
99 770.42
31 484.89
68 820.75
16 664.76
5 938.30
81 196.12
16 393.04
42 440.94
85 133.47
67 910.05
99 199.36
9 305.17
77 581.52
92 122.84
16 519.60
50 499.94
48 569.30
15 118.94
72 603.84
92 776.87
57 919.86
85 174.00
99 700.50
3 188.08
21 774.55
47 660.41
71 575.11
8 932.12
15 557.24
88 379.34
43 353.18
56 745.37
52 382.22
67 256.57
74 632.69
13 851.85
33 703.13
87 785.39
97 966.71
34 783.45
20 744.94
85 231.32
88 970.38
94 616.12
49 362.42
8 143.74
41 473.62
68 594.96
37 860.38
57 263.84
32 235.82
87 628.13
21 554.36
47 383.67
44 838.04
27 368.77
95 185.48
78 142.18
2 561.00
50 668.12
39 356.56
73 322.51
8 625.85
15 994.98
39 371.84
100 100.92
71 287.13
97 764.00
77 685.17
84 968.52
85 433.07
9 844.81
31 150.73
89 724.49
61 599.82
27 585.65
44 364.81
11 854.02
70 328.68
93 498.26
36 379.77
61 830.82
78 422.95
51 459.68
17 168.93
79 390.92
52 828.20
37 154.37
70 197.74
97 560.03
77 586.08
4 186.78
68 818.83
64 624.96
14 404.47
10 134.92
41 729.15
96 640.46
15 185.12
4 370.34
15 815.86
64 457.93
93 338.35
68 954.93
51 741.11
45 788.62
19 714.69
53 249.84
70 263.82
12 978.87
84 693.93
60 345.22
72 814.51
3 909.45
59 465.04
12 436.37
61 644.62
18 575.52
13 884.95
7 173.91
16 800.55
43 724.03
22 307.89
51 908.83
24 306.58
26 210.85
49 116.72
17 993.00
96 765.35
51 333.77
67 511.68
21 343.32
41 147.27
91 351.67
96 352.86
90 881.09
92 956.75
8 674.41
61 428.55
5 862.88
25 323.75
4 324.34
80 494.30
29 176.60
90 347.51
45 622.81
31 599.62
22 388.92
56 894.63
61 371.76
87 933.62
50 551.24
32 987.23
41 709.15
94 915.82
90 438.04
25 590.40
94 987.50
89 683.25
41 386.24
36 360.64
43 367.35
52 238.45
14 867.79
54 870.82
81 542.03
21 724.59
92 516.91
32 191.73
14 970.94
48 668.04
27 165.16
20 761.76
22 790.75
31 267.50
78 195.21
46 364.34
61 438.12
30 803.21
5 468.94
35 741.62
91 558.70
38 164.89
52 442.50
40 368.07
41 703.65
25 807.72
7 679.51
33 978.43
5 129.87
50 501.53
68 181.88
94 622.48
3 336.61
44 694.37
20 901.11
37 380.15
85 405.68
6 919.50
4 640.85
14 584.51
58 918.89
53 327.07
15 341.87
98 222.51
14 272.18
93 355.31
39 659.16
63 914.57
77 909.32
64 926.55
42 227.16
34 975.94
5 703.35
37 217.89
15 653.13
74 253.29
93 847.78
34 550.39
99 986.23
85 979.70
48 219.24
4 865.89
59 852.93
85 918.89
97 547.11
70 735.04
84 225.81
19 383.50
87 941.07
2 718.10
8 272.75
88 513.82
8 680.85
35 764.52
11 815.58
28 499.32
1 380.78
56 492.82
23 748.57
75 913.56
62 589.02
72 639.42
24 300.86
92 963.08
27 694.89
27 823.04
31 283.21
49 783.03
82 202.53
82 718.63
4 437.07
29 992.79
44 797.44
59 876.97
91 613.56
85 603.59
71 967.75
7 136.12
86 550.44
84 232.02
86 228.08
4 220.07
62 648.54
92 533.47
1 320.34
1 240.64
12 556.74
28 406.70
13 711.99
66 784.55
83 656.38
54 878.39
93 481.88
11 281.13
86 669.33
18 805.18
92 552.44
24 218.20
92 150.37
50 849.48
79 113.19
95 203.39
13 338.58
9 225.54
70 925.73
57 394.58
15 345.18
76 704.75
84 837.62
36 686.28
67 385.69
73 299.65
51 617.55
69 157.27
21 762.25
16 419.69
41 277.11
6 903.01
82 882.82
77 511.78
25 435.27
94 263.40
6 677.40
3 316.87
61 473.16
51 173.45
34 434.67
18 104.86
99 385.63
21 537.49
34 279.24
29 630.47
18 370.28
26 536.87
35 310.43
22 763.20
50 399.59
100 359.24
10 687.71
65 816.07
86 490.96
8 573.77
30 825.35
27 222.63
93 678.33
95 165.84
44 625.09
6 506.76
65 982.31
72 893.33
23 129.42
26 222.41
68 493.78
93 341.39
49 875.37
83 745.27
65 336.43
48 239.73
13 706.98
30 115.15
90 367.43
8 736.39
45 449.95
22 790.65
58 704.12
24 927.12
5 846.01
49 799.82
58 183.02
6 325.26
48 709.95
95 405.49
59 880.01
45 195.78
29 256.95
21 384.73
14 816.77
30 436.82
41 192.32
96 943.80
12 160.81
45 354.90
40 830.17
12 706.55
4 356.56
38 256.34
63 677.10
71 600.21
5 238.91
96 849.14
58 274.28
37 592.91
69 618.00
33 261.58
53 309.49
20 652.30
22 502.90
81 223.59
40 802.54
34 915.06
70 354.39
97 193.10
93 928.01
53 136.68
83 719.12
83 707.92
78 844.28
84 819.11
23 389.19
79 769.03
43 818.31
94 723.61
19 584.27
100 860.82
70 271.99
53 793.44
4 697.18
17 189.43
94 436.35
65 813.81
48 808.48
48 477.16
6 350.92
66 750.78
54 178.17
6 919.43
93 666.63
90 371.66
38 316.53
82 621.47
37 149.42
26 150.50
60 748.43
47 422.76
29 142.16
20 246.10
55 454.26
64 835.81
99 491.75
40 451.46
16 403.64
60 365.30
70 626.10
37 222.49
93 489.03
71 297.57
40 804.81
42 122.58
8 977.48
31 113.87
2 175.28
91 550.56
40 937.84
86 665.97
49 929.52
56 140.40
58 970.26
57 235.93
36 156.73
62 871.18
9 945.87
60 103.44
67 685.38
21 294.32
19 240.79
84 191.22
14 700.48
68 749.16
12 371.96
9 294.65
59 392.38
74 743.13
21 637.08
42 666.33
29 102.90
31 436.40
2 175.89
68 766.87
99 231.84
96 962.68
98 249.86
3 249.66
61 227.26
20 322.70
80 750.46
13 298.13
8 831.24
22 885.92
51 320.43
8 816.52
75 484.41
92 695.23
53 161.06
92 922.29
84 836.85
33 968.62
40 192.91
62 577.86
12 620.59
28 922.37
71 904.12
55 250.07
26 796.04
96 690.02
88 529.25
61 332.90
16 863.96
91 220.37
39 470.21
38 845.81
71 481.88
84 798.80
16 852.67
99 512.53
99 777.33
40 736.36
92 411.89
50 755.35
86 710.08
67 408.72
94 293.98
29 809.19
79 202.26
93 302.86
89 138.20
38 424.76
51 909.51
86 425.80
67 665.29
78 552.95
83 747.66
80 101.99
39 102.07
70 644.05
6 671.78
24 584.41
60 374.17
41 556.77
44 916.28
91 365.91
85 284.29
58 365.98
33 368.33
13 761.50
40 936.10
23 299.87
35 915.23
69 230.32
24 322.56
18 429.52
44 421.81
30 534.16
62 294.13
98 468.43
17 640.92
39 111.63
8 640.99
56 663.63
69 249.87
88 579.86
47 693.93
73 348.14
44 470.54
4 769.90
60 972.20
47 887.67
94 723.30
30 676.71
55 139.02
31 664.61
80 789.24
70 734.41
54 782.64
72 445.04
85 873.08
97 612.82
47 709.10
73 460.89
63 909.53
29 973.69
64 219.73
95 562.01
2 767.41
9 404.35
47 112.47
17 416.85
71 200.17
68 383.81
9 765.43
28 995.30
11 902.65
51 135.55
43 183.51
60 661.81
88 720.98
64 722.97
48 431.52
12 165.55
13 733.77
74 944.96
2 670.13
56 217.67
87 502.28
63 834.90
92 626.17
90 821.84
26 260.65
57 852.53
51 173.53
7 942.69
40 876.97
7 161.65
77 862.10
83 690.91
41 358.27
67 436.97
58 555.16
42 750.04
14 119.85
48 936.36
26 863.21
48 115.16
15 803.44
37 511.58
63 443.97
98 859.45
88 159.96
37 273.13
16 209.00
78 788.67
64 998.75
64 764.39
74 652.68
43 525.84
30 346.64
17 652.97
50 356.94
41 609.50
52 159.08
100 455.70
34 642.09
89 886.80
3 981.81
71 875.34
37 500.99
37 422.39
30 150.38
7 262.66
74 391.31
13 481.24
19 910.55
83 626.51
17 961.93
78 985.96
88 361.57
76 695.85
90 990.16
30 566.45
77 113.70
48 300.19
52 784.58
22 535.00
53 595.06
33 972.19
40 986.10
84 730.14
56 703.68
87 327.97
9 368.87
99 385.50
66 936.82
39 774.29
45 570.29
18 401.81
69 541.19
73 870.50
76 647.18
66 443.36
37 918.43
82 697.02
26 196.13
34 310.29
30 589.60
61 429.22
57 614.11
24 896.76
29 455.63
65 974.17
66 732.09
93 346.61
65 810.98
11 773.95
40 388.97
32 556.44
48 856.64
73 410.64
41 804.63
44 815.33
1 291.66
24 162.36
44 711.06
55 602.24
88 792.44
75 720.27
48 336.54
74 326.14
65 203.11
4 223.78
48 865.20
3 923.33
48 291.83
35 908.27
71 301.23
35 191.39
100 331.96
17 407.44
27 185.83
54 443.80
20 357.73
59 186.22
50 287.17
46 877.74
92 588.00
7 235.71
87 195.70
46 357.76
77 778.80
28 616.24
84 432.37
80 302.29
65 769.88
88 954.37
94 292.70
65 351.22
15 341.07
96 985.59
5 539.29
18 614.78
43 709.11
61 287.01
52 724.43
27 418.15
68 954.92
5 843.51
67 201.27
26 514.60
72 820.49
45 462.59
30 175.09
57 287.63
3 711.85
22 429.18
98 408.59
6 534.10
77 378.80
36 571.87
23 211.44
6 151.81
96 728.38
44 790.72
15 140.62
97 159.50
47 437.13
21 513.86
27 314.58
72 574.65
68 515.05
91 553.96
8 222.13
59 936.94
79 959.59
37 950.82
56 407.60
11 533.66
6 944.54
3 934.25
62 579.84
36 299.27
16 251.66
51 581.14
48 727.48
76 470.84
54 297.94
8 401.53
66 865.53
7 698.28
57 815.79
80 485.64
94 992.64
64 252.18
14 528.78
8 354.79
42 938.69
69 454.80
21 684.84
49 195.04
18 995.03
44 297.50
47 659.49
2 702.52
50 612.82
34 170.66
98 635.83
96 202.46
89 610.43
1 658.94
43 546.12
66 301.48
2 892.29
74 674.66
13 813.37
57 685.28
16 341.79
99 574.28
49 684.60
67 819.45
72 243.63
30 882.98
74 801.13
1 878.76
52 394.32
84 913.27
76 928.60
63 300.46
75 164.34
22 752.76
80 200.38
26 751.85
38 745.93
55 718.53
23 234.28
63 147.78
45 491.29
30 875.44
78 245.83
38 490.63
92 344.30
18 229.64
81 486.96
88 754.82
10 214.08
44 856.81
56 516.17
79 739.42
62 435.46
22 173.84
72 216.63
78 944.99
70 736.33
23 739.94
24 657.58
41 488.77
58 118.11
83 951.51
95 137.75
13 609.50
77 820.86
70 827.86
19 101.56
3 738.60
19 453.13
68 473.72
37 283.44
95 473.28
23 997.31
10 748.01
46 663.77
40 150.15
40 955.27
45 736.33
85 881.02
57 761.59
13 654.65
39 836.40
57 376.34
67 376.85
52 785.80
22 670.55
20 878.44
92 866.36
41 530.01
7 743.52
11 457.70
31 637.36
37 321.83
66 184.50
24 354.11
36 843.72
83 390.50
60 945.91
48 572.62
77 483.28
93 403.83
19 307.79
6 138.21
14 367.59
53 226.54
28 490.42
97 518.76
14 963.49
32 616.60
2 841.85
8 761.60
49 568.13
27 583.53
65 449.71
38 166.70
91 855.83
37 374.80
9 425.40
54 340.65
22 147.71
23 851.18
47 635.99
79 709.20
79 200.35
18 882.79
8 532.89
59 444.73
97 713.65
88 609.36
38 325.70
30 405.43
97 838.09
33 306.94
15 631.36
17 699.29
15 584.70
33 194.33
17 338.94
90 453.23
40 575.68
75 645.73
23 599.66
43 430.69
14 126.27
75 719.77
85 983.27
78 333.01
41 275.31
8 623.70
57 539.20
54 944.81
83 479.29
54 259.30
71 763.47
48 608.08
98 144.77
60 376.41
36 807.17
9 750.49
85 187.27
28 727.47
32 858.23
56 307.92
31 199.07
27 985.91
63 926.02
90 455.43
91 627.59
63 497.56
46 821.43
97 456.22
70 942.48
63 999.87
99 497.98
95 982.25
9 479.55
66 969.45
22 324.53
29 477.36
42 817.94
69 804.63
71 387.45
76 574.91
64 463.59
7 965.62
75 700.94
22 255.97
36 363.93
69 593.60
73 468.53
19 567.56
3 545.11
87 563.98
3 285.98
46 232.19
77 430.89
73 409.57
79 842.99
29 345.02
18 675.48
64 197.45
24 757.15
29 646.91
37 897.90
48 609.65
9 840.91
86 145.18
78 383.24
16 262.52
57 504.17
64 485.69
51 252.90
6 665.51
15 572.76
50 383.31
42 605.90
57 942.02
76 218.74
36 492.81
54 109.06
70 157.53
92 871.89
4 975.82
40 127.98
18 616.87
24 776.22
50 503.53
90 578.87
65 239.61
43 710.56
100 564.51
61 453.88
38 911.07
34 824.20
79 307.03
29 498.77
24 173.97
15 661.78
54 992.74
84 596.17
89 450.07
94 805.90
48 438.39
25 334.17
67 940.77
86 963.54
48 391.35
96 332.82
96 662.97
32 823.25
29 862.96
87 965.31
40 240.45
7 222.27
44 521.11
91 617.15
61 647.86
89 496.30
92 312.47
4 335.06
31 710.42
49 225.66
71 203.39
4 563.40
14 356.75
48 221.59
56 910.33
73 678.87
91 431.18
14 290.12
8 803.72
76 177.78
41 637.32
95 138.04
69 691.82
60 909.24
85 847.51
67 400.15
27 683.27
34 197.34
28 497.34
37 389.17
27 482.42
31 503.78
82 174.60
2 526.77
85 609.07
84 682.99
30 339.59
45 176.14
33 949.09
84 291.38
62 730.59
37 213.49
100 576.68
17 971.08
57 695.97
29 267.56
55 427.68
19 158.10
61 669.33
89 993.05
21 551.95
28 107.18
75 368.05
86 591.09
43 123.29
51 994.89
80 211.57
18 600.15
8 931.13
89 162.96
10 807.13
82 221.77
27 511.76
62 460.72
94 230.34
16 271.22
89 737.85
35 301.34
21 710.07
69 954.90
80 744.12
32 654.04
25 896.49
45 914.46
80 864.13
20 867.63
100 700.26
89 522.68
12 130.78
78 993.83
15 251.92
46 597.21
7 796.20
24 924.67
32 672.24
71 529.20
46 192.81
2 331.31
32 198.63
46 469.44
22 583.13
49 898.33
69 450.34
74 180.85
48 502.39
27 141.72
83 618.81
43 445.59
4 340.29
21 459.17
63 785.05
51 708.12
95 486.58
57 999.06
7 598.12
25 915.00
9 139.63
71 210.04
41 429.57
51 185.73
79 558.86
45 844.88
37 795.92
58 533.67
29 225.90
1 893.40
85 826.28
52 597.23
52 875.31
46 990.50
52 574.77
98 434.39
32 791.79
35 159.83
33 736.54
99 136.67
40 528.84
98 247.21
53 805.62
13 683.76
20 131.79
62 994.00
83 688.51
59 527.67
23 188.60
10 563.41
84 561.71
92 286.96
61 990.38
49 341.58
32 929.59
100 800.50
31 436.03
91 389.26
43 106.47
27 317.39
92 636.82
83 679.38
52 203.69
96 575.68
60 172.84
17 478.74
65 184.22
72 156.77
27 751.51
35 806.93
44 566.64
13 806.14
15 611.91
43 431.33
97 360.27
9 762.27
70 304.15
50 581.38
46 129.40
44 699.47
70 558.55
3 284.19
4 303.95
2 297.68
48 996.85
88 585.25
92 244.26
60 782.53
78 803.95
32 834.77
9 596.80
15 234.26
100 929.62
19 562.87
43 830.24
40 240.77
14 408.28
56 248.09
57 255.16
89 445.40
99 811.33
33 708.80
32 937.14
13 258.86
89 928.85
27 768.04
76 731.28
67 335.21
59 116.09
24 922.84
97 886.12
83 542.32
75 491.86
50 136.79
4 417.39
27 623.86
86 483.33
64 309.15
4 678.99
82 113.33
60 109.50
72 679.56
94 108.08
48 167.85
7 539.58
94 227.18
63 859.75
6 171.53
67 642.29
31 633.92
30 678.28
93 601.75
67 533.27
84 326.75
46 585.03
42 586.28
13 974.53
19 365.12
45 720.27
62 250.42
73 622.93
45 783.62
99 734.94
22 542.98
31 785.40
87 345.17
73 130.69
90 260.48
37 485.76
41 168.68
86 149.68
13 652.48
89 314.52
87 419.54
99 613.77
42 382.88
36 696.43
22 637.05
35 710.24
94 585.54
67 465.42
20 595.25
81 880.81
96 132.63
73 966.98
74 323.77
36 343.49
72 846.52
83 613.86
75 463.91
40 609.59
100 292.67
49 926.96
32 667.32
58 235.35
49 510.17
83 758.75
48 555.49
20 713.61
44 416.53
75 364.23
43 346.17
75 200.47
23 546.58
10 255.30
87 360.23
41 814.66
92 434.74
16 725.95
52 205.92
42 651.23
34 304.95
93 194.38
91 690.06
49 933.80
79 485.62
12 724.13
86 316.60
2 532.55
19 260.04
21 597.11
31 224.61
69 601.14
98 443.23
66 538.42
80 480.87
20 174.54
65 900.70
9 282.66
69 684.86
71 207.81
54 519.98
7 246.24
96 217.76
49 990.69
28 929.16
43 885.35
10 426.39
58 793.05
96 432.82
21 875.58
76 483.55
79 829.41
32 575.88
53 392.95
51 745.89
8 961.83
48 456.31
87 397.88
18 254.13
94 933.64
34 916.73
45 692.19
33 610.48
82 750.49
28 978.81
4 417.65
57 926.23
58 310.55
88 241.62
71 810.28
66 346.81
16 576.21
65 101.15
47 111.16
65 607.55
57 565.94
41 726.56
77 269.91
95 104.04
21 334.11
4 578.71
72 979.34
6 478.93
84 132.06
27 695.44
46 273.46
24 652.44
13 665.80
35 569.38
58 644.96
93 818.57
22 641.16
66 891.88
88 336.23
20 465.34
42 142.51
55 769.46
22 327.55
84 130.61
11 667.29
56 730.28
56 315.95
24 417.43
20 323.57
84 699.09
41 204.30
67 983.50
69 243.81
17 313.67
100 766.02
53 856.27
100 130.07
1 578.61
18 684.54
76 509.20
39 217.26
65 812.80
26 405.16
98 894.36
83 815.59
19 816.93
32 944.61
95 799.08
18 824.17
97 757.32
16 183.58
2 363.74
87 539.85
52 209.24
74 480.76
23 877.72
15 851.24
9 481.39
77 937.44
41 349.38
95 723.56
51 366.78
73 711.51
82 971.50
36 504.33
89 398.10
7 469.63
40 320.61
15 289.34
42 795.96
94 475.30
40 749.12
21 837.48
63 548.58
52 577.12
12 140.50
76 627.53
82 403.41
90 109.34
43 925.65
81 147.65
37 428.71
46 664.00
78 439.81
25 111.10
84 751.51
85 258.89
6 327.82
31 404.63
90 746.20
63 734.23
52 639.19
58 493.78
63 866.59
25 332.01
90 973.01
63 870.91
28 294.53
99 629.42
43 385.56
90 431.85
5 953.21
4 800.04
30 935.23
34 175.71
69 129.55
65 800.39
54 293.24
62 585.48
27 904.40
27 391.99
89 132.39
27 459.86
77 409.99
48 222.13
70 386.39
66 307.98
65 383.88
2 669.25
63 893.75
13 347.35
95 149.69
11 406.13
64 913.29
22 891.97
22 862.05
31 297.36
14 530.88
100 757.67
75 843.99
55 159.44
19 493.89
72 800.81
69 263.97
55 594.45
19 642.58
45 427.67
12 492.57
23 717.31
44 863.58
23 165.00
23 179.01
52 344.45
68 926.67
15 739.56
62 195.61
2 554.86
59 390.56
30 693.80
33 272.11
96 911.41
32 928.89
94 488.18
32 471.22
24 992.58
87 703.66
14 185.16
84 681.81
80 303.82
62 516.50
100 597.51
83 352.70
39 715.56
80 791.79
81 687.18
2 549.04
29 847.13
16 325.31
98 966.71
99 979.27
65 707.44
45 467.72
51 711.35
54 434.43
64 642.46
9 908.85
83 274.80
2 508.68
77 234.58
47 548.86
66 748.41
14 362.11
20 638.02
7 266.83
16 709.09
52 146.80
32 761.94
31 780.08
85 928.49
7 691.38
88 119.09
2 395.51
71 661.13
81 972.10
12 190.21
44 491.87
69 808.66
93 503.93
39 177.08
65 547.12
90 155.00
35 696.87
1 731.26
57 437.86
97 949.98
58 480.95
80 725.73
100 124.84
88 649.42
26 504.84
1 900.65
59 234.43
38 963.80
91 970.03
47 817.14
39 306.92
84 873.62
33 262.81
80 118.77
52 612.27
11 578.70
93 753.03
66 510.97
100 754.71
44 331.70
45 994.49
86 343.30
77 839.66
37 715.12
10 853.18
72 800.38
56 495.06
69 608.05
14 875.22
73 873.62
23 585.49
67 442.89
15 883.67
5 648.43
97 494.44
56 877.55
50 107.87
19 244.90
81 207.44
42 395.30
54 413.04
18 567.73
64 358.47
72 792.28
51 419.89
65 391.73
21 178.85
29 898.51
49 213.63
39 223.74
14 480.70
69 467.78
46 989.73
97 104.64
75 221.18
78 997.88
43 302.62
66 434.02
28 548.00
15 310.63
16 971.42
64 342.33
91 456.93
18 407.36
99 786.14
49 671.02
65 977.42
63 719.49
84 719.23
74 286.10
65 391.13
59 350.58
54 473.63
34 972.92
62 653.05
30 957.05
83 481.42
80 969.80
34 408.40
37 993.62
57 967.54
51 528.77
28 253.24
59 815.61
48 953.48
100 823.02
61 857.98
88 283.22
52 192.52
26 341.18
83 190.24
5 184.64
12 532.76
42 613.51
25 675.09
45 946.34
44 419.67
96 530.71
30 480.81
26 413.43
13 799.44
17 552.13
79 813.41
86 267.83
87 270.18
35 571.10
81 873.79
72 862.44
14 134.49
4 425.37
99 234.09
81 607.63
35 573.16
90 727.76
15 703.91
23 395.58
24 716.06
61 975.46
57 535.53
60 843.20
13 388.61
99 976.52
60 283.48
79 154.10
91 363.21
49 689.22
9 149.68
97 338.31
16 811.12
93 715.90
31 202.13
25 962.20
62 165.56
30 192.53
24 989.68
34 983.96
45 546.97
3 679.03
35 459.71
80 703.97
37 813.46
60 450.15
38 717.18
66 453.11
41 886.95
41 997.38
86 485.65
12 469.46
65 772.33
96 100.03
67 197.72
51 412.78
79 351.64
44 119.58
83 422.84
63 567.80
93 318.24
45 416.74
25 124.88
2 755.91
27 343.20
20 577.89
51 363.94
87 193.59
63 691.04
55 104.15
11 397.88
56 129.87
26 331.34
87 336.85
41 439.72
47 626.22
16 962.22
74 243.46
63 440.51
80 799.17
99 955.48
46 230.48
78 543.11
62 723.51
54 873.56
11 238.42
33 778.32
97 306.14
38 812.15
87 171.49
37 255.91
1 458.43
13 913.71
53 710.40
80 293.44
57 205.97
33 926.23
12 833.14
46 118.39
57 790.62
86 805.33
12 641.96
9 506.77
54 863.57
8 980.23
44 875.91
83 374.32
42 635.47
87 955.57
82 337.57
76 542.63
10 779.43
14 460.28
78 648.62
27 469.53
38 331.24
49 759.30
81 373.51
27 366.20
8 110.53
41 778.44
72 622.03
96 562.30
25 824.23
49 840.51
93 821.74
17 106.45
38 422.45
1 570.64
55 135.34
19 955.59
29 991.65
41 930.75
29 269.53
68 996.15
93 199.05
90 269.03
55 503.55
40 412.15
19 983.32
3 529.63
59 512.07
37 820.01
82 571.90
47 347.87
7 812.08
75 963.07
90 470.19
39 663.55
70 983.26
14 946.40
81 758.56
19 417.56
38 352.78
72 625.60
95 597.71
59 591.93
78 660.14
37 613.06
27 706.75
18 755.98
67 291.29
22 761.02
11 354.20
30 146.96
90 145.37
68 436.74
39 704.13
75 720.46
51 193.72
66 586.54
52 987.15
69 975.77
100 229.23
56 756.21
22 453.67
4 933.85
47 777.87
16 415.54
12 508.73
49 662.48
49 918.95
86 580.92
6 559.76
99 894.38
57 574.69
53 613.68
18 522.20
22 275.50
35 248.12
100 206.83
10 688.38
44 564.44
81 122.77
67 976.31
15 367.60
55 513.10
56 837.31
11 449.74
98 542.42
56 525.50
83 464.72
42 329.57
67 908.91
72 906.27
21 756.32
2 855.84
73 424.24
86 515.08
35 395.10
8 813.32
11 329.55
8 984.36
58 455.27
47 548.18
45 737.09
27 896.53
76 395.15
88 983.69
12 248.12
69 263.11
22 309.81
50 283.45
54 973.22
76 754.63
65 646.89
80 783.70
73 229.18
54 147.42
22 718.76
94 605.46
57 808.48
41 411.91
21 153.79
98 216.80
29 336.56
77 151.55
36 405.15
82 304.22
55 815.18
72 896.47
98 544.45
11 339.71
2 793.42
57 576.09
26 539.72
64 762.82
85 386.89
16 826.37
98 272.42
82 400.10
31 156.04
13 557.77
72 725.64
27 344.38
21 962.84
88 176.75
55 604.18
5 190.93
77 793.67
54 919.66
50 619.66
7 518.67
11 447.21
40 890.13
77 721.12
15 130.59
36 120.23
44 730.93
71 227.52
67 848.44
97 812.38
73 231.85
71 330.32
87 105.72
66 638.96
23 657.36
99 627.30
28 366.73
11 367.33
20 521.27
2 766.60
92 206.28
82 406.44
55 861.83
43 454.51
26 811.01
100 375.32
17 369.51
44 683.81
95 456.62
14 681.25
54 115.14
29 616.39
2 232.31
71 990.14
19 362.31
32 275.36
91 391.53
21 606.42
67 268.41
66 581.33
49 106.84
56 538.64
14 323.41
65 254.06
41 728.53
2 763.47
13 729.42
76 253.58
92 288.56
40 910.85
96 705.60
38 214.26
20 601.81
82 990.45
83 866.47
82 867.62
9 844.76
92 476.63
72 405.48
70 504.36
13 602.47
59 125.53
59 926.32
84 613.13
24 803.23
43 949.74
36 324.89
5 707.69
86 716.01
4 979.65
54 426.24
33 979.12
9 316.92
15 322.95
1 757.59
15 626.85
41 161.09
67 375.81
51 583.17
89 674.20
69 309.62
63 868.44
81 256.10
24 246.18
87 781.29
88 457.42
45 140.37
14 400.97
24 715.56
50 930.32
44 123.69
100 650.62
22 624.24
56 449.42
15 857.67
75 673.84
59 790.54
44 699.95
76 533.54
49 306.10
56 949.03
82 751.71
83 698.01
57 921.24
67 339.82
47 602.28
71 792.32
11 796.32
98 374.30
57 177.63
85 727.93
67 698.67
93 988.03
1 217.42
73 447.04
24 931.30
98 214.33
3 536.89
21 534.66
78 158.95
59 886.81
98 320.35
75 602.92
21 752.93
11 127.64
76 835.78
57 869.18
49 107.48
85 896.45
14 372.39
79 850.35
66 701.54
56 924.83
87 955.66
70 876.71
28 633.75
42 177.43
97 235.56
59 105.35
31 660.26
47 510.40
100 274.31
62 788.28
51 443.22
67 939.79
91 412.46
20 145.44
31 678.31
68 135.48
98 143.81
90 683.08
16 797.67
27 487.33
68 887.98
90 625.13
46 113.66
45 114.94
47 919.07
87 735.80
55 290.55
75 656.63
87 629.84
84 740.64
22 247.53
94 339.67
55 201.99
21 947.67
58 932.44
91 871.73
58 146.96
2 147.65
31 425.77
31 173.64
92 555.51
64 728.01
48 697.36
80 468.75
3 559.54
52 925.94
15 870.07
24 308.89
88 907.62
67 265.71
77 900.49
81 788.76
70 307.11
74 776.89
88 381.60
73 111.56
32 973.15
56 479.78
12 484.00
30 505.11
74 253.54
85 978.76
58 192.74
10 737.90
3 246.55
16 646.12
61 978.60
50 247.16
59 893.64
30 339.52
85 617.19
69 329.10
80 878.68
24 477.18
48 236.43
90 422.44
62 422.57
39 914.97
63 477.30
78 993.22
90 729.73
5 702.56
75 585.84
32 719.69
84 696.13
2 841.37
95 120.97
75 937.54
94 241.22
96 465.98
9 953.05
1 840.71
64 769.70
95 682.07
65 594.86
36 459.71
51 119.09
15 695.62
33 281.87
92 189.36
51 261.28
69 866.25
30 437.09
48 362.69
34 497.62
91 947.19
19 706.01
31 618.73
58 211.82
33 465.75
88 610.50
51 830.18
64 706.52
13 167.96
66 773.14
21 217.73
58 151.53
56 479.89
57 339.12
26 611.37
64 359.99
19 941.80
62 233.31
3 162.76
90 458.13
70 581.18
67 230.94
14 272.04
70 711.78
72 520.89
67 579.52
6 637.62
34 652.24
15 135.46
79 628.57
45 165.35
5 657.05
50 589.72
77 346.47
19 795.19
91 817.63
27 925.93
53 151.14
38 700.14
82 670.16
60 889.45
75 921.56
60 188.82
13 426.81
24 568.45
58 296.09
25 914.61
64 985.16
76 725.80
52 537.34
60 432.83
83 769.00
38 220.68
80 561.21
55 794.33
33 332.15
8 289.46
49 435.27
63 543.59
91 920.19
95 697.22
68 675.60
84 265.84
26 485.12
19 768.76
83 707.13
62 823.25
84 751.89
10 205.04
48 231.60
47 527.04
70 242.44
37 426.79
67 774.11
83 608.23
69 607.94
51 171.26
16 408.83
97 719.75
86 667.95
55 247.46
82 504.91
26 109.22
68 310.69
97 294.93
23 896.52
77 619.51
75 896.11
94 485.62
98 959.44
51 234.29
67 554.59
79 640.21
70 539.30
28 904.97
14 761.41
21 328.58
56 940.33
44 904.96
28 884.84
34 116.34
68 298.54
33 309.79
73 188.76
48 993.03
21 104.42
61 908.23
19 629.76
59 855.68
16 582.43
89 794.16
36 277.16
42 209.77
46 725.14
34 865.30
47 369.13
88 694.81
30 551.00
79 234.06
36 976.02
84 776.03
83 370.72
88 570.21
84 972.95
71 440.71
80 181.62
52 796.75
88 252.28
82 983.11
79 257.53
59 282.89
62 652.50
27 969.70
71 690.24
18 435.84
43 118.30
40 685.26
34 469.28
53 782.47
1 983.82
76 866.77
41 809.66
20 345.25
25 934.08
85 835.60
84 361.43
32 406.07
43 786.69
44 580.56
13 643.35
44 688.30
82 375.24
58 258.38
53 725.49
6 648.15
14 803.63
68 509.58
38 531.15
21 953.73
41 135.73
35 606.96
53 211.56
23 495.07
49 510.38
27 485.38
18 636.46
80 948.75
1 985.55
48 394.21
3 986.19
21 899.57
7 180.65
6 643.59
15 823.44
66 409.11
65 339.00
47 646.28
44 901.17
15 522.25
7 915.07
62 688.43
47 726.66
67 114.85
37 851.71
14 939.95
64 185.74
31 427.70
95 498.21
87 364.60
58 985.78
74 817.83
98 399.54
20 268.40
87 859.72
45 386.68
95 236.65
39 638.67
5 235.57
62 380.09
34 867.63
61 454.86
86 426.65
98 102.59
11 390.54
12 613.06
60 428.29
99 551.69
3 741.76
78 109.85
20 787.96
2 955.19
16 552.76
35 750.26
71 520.62
96 711.48
89 358.69
60 398.99
15 171.84
16 572.44
77 270.20
23 130.41
43 187.47
48 508.57
47 160.86
72 632.60
12 448.30
31 255.75
36 763.07
14 367.75
74 794.34
47 818.10
20 229.81
8 970.42
80 539.55
86 355.37
43 995.04
20 833.93
59 864.56
89 177.21
82 162.01
92 277.55
97 894.96
49 962.66
14 469.82
41 733.31
62 511.60
81 432.26
86 799.21
93 965.23
49 672.66
38 851.81
56 326.17
60 939.55
5 375.45
58 321.57
29 990.40
67 187.31
43 943.11
80 164.18
35 705.37
65 524.91
44 727.76
85 576.84
40 445.88
52 185.22
29 808.28
13 278.52
82 254.11
20 972.70
81 451.25
25 407.16
24 404.65
78 300.93
89 979.65
29 430.72
35 267.27
35 195.08
11 471.55
65 104.24
70 642.94
8 131.52
16 929.38
2 885.86
36 271.62
100 821.78
17 749.94
51 578.22
19 401.01
71 524.57
1 779.29
13 184.81
4 764.14
12 943.20
2 142.42
33 309.56
2 228.79
76 327.12
72 963.39
43 222.35
99 536.99
40 272.49
1 953.82
70 885.23
31 785.76
53 944.19
61 132.06
100 112.81
90 189.72
76 779.46
44 602.82
89 365.25
26 255.99
39 615.21
69 901.70
71 947.78
36 324.42
1 149.43
81 665.23
11 882.18
59 965.93
80 528.80
53 597.41
25 213.40
97 108.71
25 257.55
73 374.86
17 689.30
10 808.54
32 703.52
60 698.61
46 889.44
92 222.80
17 351.43
4 977.53
20 492.81
90 290.91
37 885.03
87 395.04
72 777.07
37 180.76
53 833.34
83 669.61
26 510.20
10 507.71
43 800.80
10 840.72
86 637.45
21 791.23
90 268.08
59 135.26
92 927.74
66 293.38
16 798.48
30 812.35
82 522.71
18 938.89
94 141.82
74 795.54
81 752.30
46 771.39
6 746.44
95 749.36
28 772.52
10 140.39
52 536.34
91 886.89
40 140.56
25 104.91
42 283.53
50 966.44
26 762.93
47 815.89
16 710.08
98 983.98
6 687.85
11 349.70
27 856.03
85 468.85
65 200.17
37 742.34
83 961.00
21 118.88
49 724.33
50 425.38
55 570.55
90 218.41
92 507.11
56 340.01
2 385.43
91 786.91
28 120.11
29 541.22
6 412.18
5 865.77
45 964.80
81 413.86
26 782.49
51 998.52
68 616.24
86 867.19
46 537.74
37 457.32
8 859.89
42 536.33
39 959.00
24 151.66
46 277.03
87 359.16
7 597.34
81 331.44
3 110.84
20 597.22
86 283.72
42 719.41
18 286.55
72 598.06
52 545.42
81 760.30
66 946.60
67 629.97
46 137.12
44 267.28
3 909.72
63 246.39
38 979.83
68 163.28
30 811.48
43 249.75
100 712.16
83 135.93
14 909.70
39 777.31
31 139.88
57 356.52
73 374.42
32 125.76
61 757.43
63 452.15
11 189.33
36 627.46
100 566.33
60 151.95
30 382.80
58 620.47
30 636.34
15 936.53
4 131.98
11 553.20
53 914.63
17 772.10
99 796.93
16 152.19
36 509.74
25 386.15
7 315.89
65 346.94
100 875.38
11 706.75
60 226.45
82 480.53
85 286.22
3 458.51
97 995.57
50 847.55
24 956.40
12 295.74
60 353.55
89 889.98
75 993.64
42 369.65
81 470.60
88 265.65
5 297.81
47 616.09
96 675.53
66 964.38
6 255.00
53 233.46
24 786.01
34 126.36
26 839.91
16 838.08
72 156.78
51 855.78
37 947.99
58 328.48
30 727.44
87 794.65
73 988.55
5 334.39
59 670.96
53 434.30
40 357.31
3 844.18
29 557.13
53 806.40
38 337.65
43 360.38
87 301.35
56 728.44
33 475.77
65 130.90
38 166.68
35 499.13
89 471.07
81 130.41
84 582.82
8 668.71
37 485.81
40 137.41
26 674.60
17 443.59
27 941.43
68 188.55
62 857.57
35 151.91
51 664.90
14 174.95
68 100.03
69 914.88
15 633.94
39 817.57
81 865.23
4 110.81
99 906.62
98 983.77
13 258.09
57 394.10
47 475.11
100 741.01
36 425.47
26 851.63
94 798.67
81 883.40
42 222.96
21 688.65
86 262.20
51 228.76
83 518.73
95 224.93
11 543.70
65 633.12
16 313.63
65 440.75
72 368.65
43 273.74
93 775.15
92 562.99
99 949.81
20 642.28
58 549.14
60 591.95
49 807.78
29 537.88
96 361.53
33 276.13
77 181.23
97 300.63
56 820.24
37 876.26
87 796.95
93 761.51
55 918.60
56 290.48
20 313.41
25 869.38
59 373.33
63 749.42
72 134.89
42 489.16
7 966.66
67 902.28
49 529.83
77 356.58
65 323.59
55 740.73
2 818.87
40 232.06
16 691.63
66 518.15
69 340.91
64 234.88
7 290.26
13 760.71
16 245.89
52 972.70
21 682.57
37 913.09
94 968.10
96 467.42
27 727.54
85 279.63
35 813.24
66 764.94
9 914.07
56 603.15
71 406.34
26 534.63
17 870.59
9 457.40
23 364.40
22 633.62
14 625.40
83 229.41
5 807.19
73 230.43
58 708.99
55 547.39
37 641.69
42 405.75
89 261.15
51 899.88
100 460.36
1 418.75
24 583.32
15 636.11
87 211.38
95 125.05
63 501.22
37 209.04
12 219.98
15 364.17
21 264.61
26 667.27
50 810.69
95 598.11
47 595.52
61 516.63
81 481.84
37 202.60
70 390.43
8 302.68
14 403.96
84 150.35
79 596.84
73 778.33
23 566.07
7 723.48
36 911.09
41 814.65
67 320.10
61 353.06
46 196.59
33 598.70
6 512.08
60 688.26
61 956.22
60 425.09
37 635.21
46 957.16
53 246.52
14 187.02
30 385.49
97 564.78
50 599.48
99 698.01
89 984.12
30 928.01
21 219.71
54 883.19
50 914.01
45 393.30
8 680.72
40 288.20
91 894.79
67 979.40
52 859.67
79 925.54
81 187.74
42 728.55
69 855.71
66 595.49
10 873.17
32 398.52
47 757.97
39 125.69
24 938.99
55 809.33
97 885.60
4 199.53
34 811.01
65 901.71
52 353.82
26 805.16
46 319.06
42 572.41
30 146.16
80 123.45
68 556.37
71 146.55
25 203.39
68 698.30
89 236.51
3 521.40
89 409.14
77 583.26
72 659.07
50 101.22
53 373.66
19 131.25
11 468.65
99 230.67
61 758.97
70 444.77
18 169.05
56 661.51
52 393.29
6 733.86
43 612.47
68 568.55
73 989.23
10 505.18
72 565.44
68 259.79
4 130.94
5 587.61
68 948.05
87 254.37
13 355.47
21 973.06
65 629.39
5 726.49
12 453.55
51 731.84
9 505.44
28 673.64
5 439.91
78 848.95
55 243.71
80 919.49
3 105.36
4 870.03
14 475.47
3 119.86
65 610.03
32 247.59
63 906.07
49 178.62
28 245.03
56 925.78
12 397.68
23 906.13
30 817.04
84 737.30
94 750.94
46 165.13
67 945.49
96 234.84
74 371.38
28 689.60
45 462.19
13 397.64
31 522.23
34 462.49
74 293.38
44 995.80
20 552.82
18 675.85
35 116.32
64 937.49
94 495.81
57 323.84
58 187.78
21 205.93
83 751.39
27 374.68
17 706.52
66 845.39
41 775.05
46 961.75
90 136.38
78 744.53
61 754.62
53 570.01
82 753.68
65 161.27
48 400.43
18 576.15
63 476.39
12 736.65
17 755.55
30 187.86
28 509.39
9 617.22
55 292.99
79 325.44
85 763.07
22 287.41
10 801.22
69 704.81
11 999.57
62 521.59
91 426.57
50 349.53
75 680.69
78 646.87
22 688.47
59 311.70
60 129.97
41 338.02
47 509.12
62 104.24
32 222.10
28 105.13
49 716.78
88 579.64
47 344.66
10 331.54
66 831.95
2 425.80
6 583.36
10 659.85
31 117.52
95 356.78
52 950.86
2 585.18
3 294.65
22 534.87
51 452.09
29 631.10
26 764.87
99 850.25
81 136.27
86 672.50
78 728.68
62 124.28
88 291.68
49 201.81
2 384.35
44 252.67
59 749.73
94 959.44
82 470.65
41 377.84
17 891.32
33 424.04
3 357.83
55 122.20
99 369.17
64 535.04
47 927.64
96 931.68
86 592.38
50 357.22
11 148.52
60 785.79
67 491.25
75 538.57
76 148.75
7 472.83
24 910.06
39 522.77
48 416.88
33 662.29
12 628.56
70 229.08
4 755.61
77 738.92
23 782.56
89 283.63
17 438.82
15 341.45
58 232.60
71 956.14
30 854.72
37 157.28
79 713.78
36 936.00
73 382.20
18 163.86
85 423.76
70 532.71
93 114.97
72 787.48
49 602.16
87 566.11
80 111.24
10 322.19
20 719.71
72 429.76
6 952.13
87 198.38
55 341.07
47 823.85
59 778.53
90 139.08
72 150.85
73 838.35
74 601.31
59 131.82
49 814.71
29 724.60
9 214.35
88 657.12
93 585.11
6 918.03
89 368.55
31 306.71
71 567.88
47 804.49
35 699.55
44 805.07
88 353.41
65 627.23
12 602.27
4 992.43
81 578.55
42 209.30
8 674.65
18 582.90
79 506.68
96 506.10
72 297.74
25 359.73
82 671.70
59 708.79
31 841.00
40 785.69
83 572.11
82 870.83
94 670.12
45 989.02
98 709.25
62 143.45
89 442.47
36 729.35
71 562.71
43 277.95
17 613.92
97 242.31
72 982.49
76 272.80
77 919.05
19 313.36
55 437.85
2 580.31
41 184.57
36 945.31
79 986.54
47 544.96
32 306.20
24 612.36
32 435.31
94 501.87
24 704.41
16 311.60
10 748.93
49 214.39
37 471.40
29 534.98
86 977.70
6 572.00
4 108.32
34 494.12
25 414.73
73 782.29
78 886.30
47 790.20
39 892.41
68 761.45
11 473.40
26 827.92
36 990.33
60 812.21
13 372.41
3 552.81
55 569.38
47 195.76
93 449.37
98 493.85
21 231.95
33 193.44
58 784.26
37 475.55
6 438.09
30 977.54
86 192.50
39 231.20
78 607.52
73 396.40
33 184.35
28 658.71
68 386.26
97 195.08
96 363.00
29 845.26
59 599.45
38 551.91
15 809.39
90 947.78
96 771.96
41 205.36
71 762.68
14 579.82
86 543.26
13 572.40
100 691.92
56 437.83
83 434.59
74 980.90
27 388.38
96 104.69
95 940.76
83 535.29
25 378.28
6 967.48
21 341.10
21 505.73
64 670.69
92 759.50
45 237.98
40 629.10
35 707.46
60 164.64
79 960.39
38 746.76
62 515.58
29 562.49
22 269.25
31 844.68
80 596.56
21 654.44
80 186.26
42 913.28
88 128.62
21 739.40
2 421.16
32 796.18
16 723.10
3 618.64
49 853.13
49 419.43
15 390.34
53 775.75
30 586.49
92 840.62
40 922.53
84 210.91
35 900.44
99 925.57
56 174.43
11 384.12
99 291.92
20 471.87
20 553.38
76 468.32
75 838.75
54 443.91
6 890.73
39 701.53
57 763.99
35 265.03
60 870.76
32 648.92
36 473.89
21 187.70
2 979.39
2 232.99
58 705.22
89 456.92
74 801.59
78 186.16
43 119.64
66 104.07
5 128.24
21 960.63
27 563.75
88 796.02
14 544.33
63 527.32
63 292.87
7 622.29
91 441.50
97 972.48
29 605.35
28 481.11
40 430.20
27 328.05
69 619.37
42 692.55
60 971.99
10 466.80
5 637.32
77 822.94
13 377.65
8 383.29
36 121.49
48 318.11
83 478.00
10 212.10
37 922.67
43 581.39
47 825.85
35 328.92
64 519.35
89 759.23
91 182.76
38 206.06
93 444.79
74 464.23
58 309.82
4 876.06
34 792.84
14 707.82
71 438.06
22 988.03
76 715.77
88 842.49
17 750.18
86 977.41
16 101.74
28 636.61
72 480.99
25 906.81
23 428.69
24 951.31
81 378.39
30 152.92
74 448.21
62 638.12
77 541.12
23 479.83
32 535.87
86 671.90
4 479.90
5 367.39
9 985.05
19 530.13
82 134.84
21 728.43
75 945.67
50 630.33
23 694.01
55 521.87
81 575.04
88 783.92
15 372.26
68 976.18
60 897.63
62 474.17
71 297.41
12 989.63
30 208.78
96 354.40
9 558.03
52 490.52
53 359.91
16 983.35
55 622.68
77 515.01
58 709.51
42 512.52
20 448.05
45 798.53
81 122.40
64 681.12
42 218.30
30 170.85
89 613.11
1 431.11
2 563.01
3 591.55
51 548.27
41 463.57
100 212.14
14 801.94
30 835.46
34 188.87
5 575.05
33 997.41
100 846.85
8 855.54
81 983.61
97 682.16
87 484.35
75 674.68
18 391.27
69 646.89
23 653.83
89 743.64
60 259.05
32 588.68
39 496.19
28 816.80
25 978.71
58 571.09
24 580.75
67 415.15
90 470.22
29 884.26
88 602.42
15 684.96
67 939.81
54 684.44
39 397.41
75 459.29
82 159.45
59 992.69
100 381.98
74 777.76
77 950.32
23 978.61
49 880.94
27 549.14
92 921.26
43 620.05
2 843.77
1 197.36
37 209.79
42 698.62
46 572.55
38 474.25
57 757.73
59 859.89
36 834.70
96 718.47
94 628.92
60 348.37
69 528.38
57 736.87
77 635.73
51 604.84
99 402.12
34 230.17
8 598.79
41 165.43
41 250.30
55 126.87
42 374.17
60 212.33
99 587.42
45 600.62
35 575.11
11 785.26
52 370.43
6 473.94
30 762.05
7 678.58
25 111.15
70 470.20
75 797.19
91 682.43
12 955.56
3 209.65
1 473.48
24 775.77
12 572.63
51 468.70
91 291.71
81 333.24
42 423.67
71 978.77
90 163.55
39 649.26
19 591.47
3 234.82
68 456.59
57 805.49
66 852.37
67 765.38
53 290.91
87 140.77
12 396.39
79 522.46
98 888.22
74 752.95
36 694.89
76 556.57
63 981.94
42 153.07
22 532.01
73 426.54
38 600.85
44 175.92
28 185.71
54 867.09
34 240.95
6 428.53
67 291.98
30 386.47
90 638.21
60 128.18
45 997.21
19 234.67
89 398.37
40 335.65
61 191.59
3 369.12
17 449.56
85 984.22
66 227.41
49 109.17
94 725.58
23 925.52
31 256.94
82 753.59
48 948.92
59 120.38
59 214.02
30 497.17
75 917.97
93 405.57
49 346.03
42 303.15
69 374.64
18 944.97
67 400.86
67 174.74
67 444.71
67 117.68
34 171.07
29 599.01
20 387.81
66 442.32
61 408.68
56 527.82
92 118.08
85 159.27
18 265.82
46 869.74
65 918.44
7 250.72
85 839.44
71 631.19
88 932.61
78 509.16
14 934.75
100 384.19
3 968.81
74 769.43
47 749.07
26 681.00
51 133.77
53 231.91
51 948.73
3 842.84
1 413.37
34 201.15
44 282.75
83 664.48
100 716.00
96 354.37
23 325.33
47 710.44
80 362.20
65 937.23
76 532.59
27 851.85
19 530.59
92 876.22
16 643.45
66 651.91
96 845.32
92 287.85
17 536.78
90 770.95
79 100.03
60 970.56
38 424.74
76 891.43
25 518.17
92 111.48
57 870.10
17 158.59
91 783.16
2 134.59
39 854.71
100 833.03
70 169.41
28 693.87
47 685.77
46 361.02
32 613.14
11 466.83
72 927.20
82 901.88
1 875.67
78 771.58
84 112.75
97 868.70
46 705.48
27 315.90
37 432.36
30 953.37
50 792.51
64 107.03
2 572.36
79 767.34
83 718.83
75 103.71
79 621.35
53 198.53
23 637.46
21 720.33
43 879.97
87 167.64
80 676.00
59 416.44
82 820.05
73 294.30
3 521.31
41 225.58
72 602.55
48 661.41
24 392.98
15 782.98
45 746.83
39 654.21
71 349.16
61 894.26
60 408.71
7 401.59
69 935.25
62 399.99
27 620.07
47 360.75
85 971.62
92 309.51
70 295.75
59 836.63
74 163.34
84 150.71
32 820.43
9 505.93
100 741.01
56 634.06
89 844.99
59 727.31
91 620.74
57 914.57
34 461.22
6 629.73
34 834.84
94 934.56
95 235.90
60 897.31
38 175.14
36 150.70
99 141.20
46 568.77
62 244.57
84 581.59
10 412.96
99 448.60
89 848.49
56 340.15
23 122.79
98 595.21
50 842.78
26 951.16
71 904.79
8 570.06
24 983.20
60 162.41
11 111.85
24 698.21
34 587.31
37 565.00
52 398.64
7 597.43
36 846.34
99 521.94
4 215.49
2 448.03
92 119.08
80 581.50
66 852.57
23 475.17
36 744.87
89 731.24
44 909.36
94 456.49
55 234.62
84 101.72
66 829.53
78 725.36
30 247.35
34 769.07
12 908.03
85 692.38
9 532.11
71 428.34
10 816.26
70 198.09
4 578.31
91 178.63
24 860.98
15 570.78
60 930.02
65 745.38
78 721.94
25 337.72
32 191.35
96 672.21
35 903.78
57 449.88
96 164.32
74 247.72
48 305.75
82 663.11
41 287.66
48 603.46
50 188.19
29 432.36
42 228.83
60 732.35
20 688.31
67 692.18
98 399.56
49 197.40
41 270.66
35 209.48
18 292.20
31 306.60
39 611.24
66 767.30
81 192.50
56 534.74
98 230.53
22 581.23
17 313.74
25 853.07
100 490.24
84 131.19
19 210.68
85 204.37
76 904.51
55 524.59
83 229.44
53 472.87
7 423.95
67 520.10
84 169.67
63 523.54
2 240.41
20 280.08
64 697.08
95 462.30
75 433.67
25 174.26
92 973.27
10 854.58
5 121.63
60 561.31
21 949.16
57 178.67
78 752.96
80 726.29
100 487.76
82 237.81
33 122.61
77 548.62
36 240.79
31 565.35
70 607.69
41 892.26
22 571.73
3 825.72
19 564.28
84 718.12
14 760.10
51 897.14
38 248.30
40 246.77
50 281.85
98 511.75
17 937.01
22 116.26
15 721.80
20 415.51
99 571.21
72 916.72
29 762.65
13 811.90
38 680.49
25 723.25
50 628.30
73 344.09
67 931.38
35 152.17
4 387.60
98 367.35
58 807.67
32 737.12
59 867.17
28 696.12
6 483.39
16 289.69
19 390.49
100 339.92
19 989.35
99 258.57
55 702.19
84 925.89
38 866.30
5 590.46
29 774.10
98 897.65
27 850.46
52 452.34
36 272.97
55 880.65
44 344.64
54 549.72
48 743.64
80 897.27
73 132.13
57 282.41
87 605.97
48 480.23
73 979.82
4 267.03
97 729.51
59 301.64
68 204.10
62 342.11
46 494.32
42 419.65
69 945.00
57 958.88
21 703.80
86 683.34
2 120.86
4 976.76
82 102.52
15 199.02
47 130.00
77 607.91
18 308.26
57 422.04
61 118.36
46 473.34
46 532.92
75 403.85
25 280.85
90 607.66
90 400.19
21 922.27
50 714.43
22 372.22
11 342.86
21 397.48
38 845.57
4 921.23
42 265.17
59 519.78
29 241.99
38 161.70
36 822.40
13 849.69
57 788.46
95 499.52
38 415.42
27 713.26
58 468.62
52 358.04
17 868.17
100 972.89
10 169.59
38 835.02
38 438.67
8 496.19
61 886.75
45 409.32
11 406.54
47 800.74
55 463.53
40 473.86
62 584.80
87 193.72
23 934.71
61 301.33
4 843.10
85 819.64
15 450.58
70 356.58
76 337.73
47 555.69
73 828.34
67 430.24
45 952.32
7 506.63
49 541.97
40 360.09
7 991.01
36 966.91
78 751.67
64 609.52
7 314.80
89 203.72
52 788.92
87 877.15
65 792.04
76 169.05
71 397.98
7 642.42
71 226.81
27 416.90
63 689.99
36 662.54
100 842.16
96 625.99
100 482.34
61 342.58
61 217.29
44 981.11
56 468.06
29 328.48
19 893.01
41 476.50
98 680.63
66 464.47
1 122.66
64 463.25
91 181.83
92 848.61
50 890.01
55 338.10
52 923.44
1 927.32
62 248.84
46 121.97
29 390.30
20 523.77
62 877.86
51 340.82
78 399.07
54 539.02
6 863.98
66 357.73
13 148.89
33 261.74
87 649.70
15 696.43
5 694.93
15 994.13
25 802.61
32 245.70
72 851.97
78 483.14
88 145.03
72 313.61
80 411.68
91 355.57
65 355.69
89 735.31
48 448.49
34 572.09
44 972.96
18 179.73
13 546.59
2 420.21
43 322.09
23 887.06
60 749.55
79 110.66
36 837.42
48 689.14
5 497.08
50 768.89
60 383.26
93 585.83
21 348.40
60 690.56
73 345.61
66 466.11
77 416.59
26 750.39
22 534.39
87 562.42
84 878.18
41 683.67
57 458.89
18 135.35
53 618.48
41 839.32
51 534.75
41 714.65
85 447.57
50 869.35
18 665.10
32 520.76
89 370.74
21 937.87
45 758.93
1 468.90
22 395.71
96 767.18
39 845.13
62 778.46
4 864.58
42 380.59
84 909.05
91 224.57
17 542.56
21 826.33
84 614.43
12 280.96
9 750.33
90 816.23
88 200.16
69 736.70
51 890.48
85 313.19
23 567.73
15 755.75
95 755.66
98 510.30
16 867.06
89 779.36
68 757.02
28 949.38
51 399.23
8 737.09
89 342.22
96 345.18
28 149.16
89 562.50
92 949.34
68 371.69
31 958.83
70 558.06
54 563.01
84 833.38
70 271.78
34 657.78
56 678.02
58 825.05
79 378.62
76 306.70
58 989.65
70 878.39
30 343.37
94 519.95
90 932.49
28 642.98
14 975.87
68 367.20
80 582.37
6 150.35
98 843.16
50 819.07
69 221.78
16 588.04
9 822.22
11 588.37
75 621.55
11 412.37
30 109.31
49 890.96
53 246.97
25 481.57
17 876.70
32 909.71
56 684.70
19 708.10
57 273.76
52 433.56
4 738.08
69 940.49
86 517.71
14 884.09
24 452.23
4 697.99
67 665.35
5 936.52
91 321.97
93 323.60
27 669.04
68 365.51
99 952.80
51 641.04
46 387.45
52 459.72
69 225.05
32 831.88
66 840.88
62 445.64
70 125.45
81 581.35
13 473.42
17 290.94
37 881.15
70 410.20
52 415.60
14 742.12
2 298.43
71 975.73
82 711.08
96 466.00
71 581.72
89 745.72
56 143.97
100 963.32
72 918.69
82 297.87
50 238.69
66 273.12
27 648.01
9 819.81
27 603.48
36 214.33
56 202.62
74 584.40
22 245.13
34 352.76
76 243.23
15 596.22
10 452.98
67 598.76
22 126.94
62 962.43
67 271.53
42 418.19
98 216.57
41 480.31
27 841.10
8 836.24
8 883.85
2 843.24
8 360.90
22 194.97
7 834.85
11 541.62
54 587.00
21 504.13
90 354.49
95 293.25
74 781.70
91 578.18
80 145.95
56 670.19
82 773.24
49 283.78
47 699.86
2 454.54
78 438.30
68 755.51
94 898.86
92 966.57
13 784.05
36 625.40
43 945.69
65 539.80
33 352.76
57 318.37
38 768.70
66 385.87
86 499.10
76 664.00
97 829.65
96 608.10
54 887.95
100 999.79
60 303.02
45 722.95
38 939.22
4 550.09
7 646.88
63 501.72
35 298.79
11 466.20
13 323.37
92 586.33
25 725.89
74 982.85
67 502.84
47 575.02
67 438.04
83 347.42
40 349.19
13 858.77
85 229.92
45 458.23
99 179.30
33 206.56
67 147.14
21 681.04
21 819.91
80 928.96
4 786.24
6 375.13
81 972.78
8 106.96
55 732.60
18 471.10
69 627.62
83 982.20
98 540.57
44 376.84
13 812.53
90 330.70
43 483.15
69 311.67
15 237.83
44 619.72
79 429.64
68 200.40
69 628.14
29 964.22
92 624.89
14 917.48
67 189.59
49 256.69
17 871.81
98 389.85
64 509.87
46 852.76
94 921.75
53 335.04
91 784.47
10 756.42
86 404.85
67 670.69
97 529.44
74 792.53
15 352.34
51 223.93
33 163.94
35 247.79
16 977.01
28 224.68
61 436.80
18 441.93
81 651.86
10 565.47
85 669.55
58 946.15
7 899.59
38 847.21
33 273.04
72 495.66
79 645.17
77 414.49
55 712.65
16 435.25
42 305.28
91 545.72
16 223.87
86 597.45
100 211.04
89 144.45
93 780.94
42 473.36
15 495.66
34 577.58
4 381.72
76 834.18
27 376.37
27 624.23
53 768.67
7 948.51
42 473.83
88 102.42
61 131.13
74 322.91
73 911.43
94 709.06
29 299.47
92 187.18
67 691.54
5 233.84
26 447.82
76 374.07
27 984.28
12 659.35
1 450.04
63 324.36
8 550.24
40 609.88
48 827.99
16 234.75
12 480.12
52 653.07
12 391.80
12 723.45
80 258.67
26 587.90
6 789.63
28 686.61
76 137.93
2 918.03
48 793.17
33 809.56
70 513.72
61 518.49
5 498.44
90 580.80
63 585.25
85 922.72
95 953.34
76 341.60
1 211.81
55 297.22
25 880.98
28 791.77
57 320.34
4 656.35
91 972.11
2 867.30
27 937.05
86 551.33
5 545.34
96 766.62
32 436.81
32 800.91
25 920.20
13 553.14
25 476.43
72 195.62
32 689.83
21 463.12
14 216.80
72 581.33
69 691.30
79 445.14
55 157.54
89 370.68
95 930.23
99 826.51
21 548.95
14 787.28
92 296.13
51 293.52
83 916.71
12 158.34
79 604.44
44 353.10
73 700.07
17 622.36
6 606.22
74 896.62
17 144.34
12 227.76
77 409.38
48 681.62
99 271.65
32 745.33
46 865.03
32 781.29
70 132.07
9 315.83
37 578.63
92 611.95
77 259.35
97 550.87
69 143.41
5 457.78
32 435.86
44 627.70
55 965.18
23 644.32
83 267.80
63 931.02
63 195.35
83 618.14
82 100.59
76 259.54
27 906.33
19 608.10
61 695.17
97 881.40
16 788.93
7 463.59
39 116.76
33 478.41
50 343.81
66 739.85
80 211.72
19 880.08
3 761.12
21 686.46
94 258.81
11 886.02
95 759.16
82 302.64
90 901.21
22 284.86
10 620.12
81 266.83
28 801.52
69 553.69
73 697.90
54 505.59
32 853.61
56 340.97
72 201.60
39 772.31
83 223.60
52 976.25
25 346.70
64 736.25
61 525.34
81 659.64
7 841.96
70 900.53
14 581.18
74 118.71
86 911.86
95 354.95
38 978.31
46 473.55
27 762.36
51 997.85
30 566.91
48 281.43
88 347.01
69 283.60
11 626.52
78 832.61
92 951.42
45 539.92
79 706.18
30 619.52
94 477.33
12 638.37
57 165.35
95 940.42
19 645.49
62 951.91
90 864.40
100 239.73
84 511.95
71 710.78
62 233.10
89 320.68
3 183.10
41 899.33
45 981.46
35 276.29
76 273.57
74 407.87
73 762.56
55 365.36
92 170.90
27 963.03
95 826.76
38 627.58
22 268.12
12 371.99
98 497.06
69 463.09
19 428.97
30 993.54
29 395.23
1 196.79
54 429.38
70 781.67
81 744.93
32 200.40
2 385.33
42 661.69
76 430.28
27 633.27
58 646.40
17 818.31
34 326.08
43 637.82
95 779.05
4 473.80
66 505.86
40 979.68
79 698.38
4 452.36
46 148.85
55 819.99
77 358.13
25 898.37
66 277.12
63 590.35
23 578.46
46 604.37
70 215.50
82 989.77
83 452.55
68 311.78
89 421.18
100 160.61
32 850.92
48 696.57
79 541.94
5 164.77
90 717.56
93 307.87
84 555.06
32 464.81
3 636.33
45 986.59
99 243.29
97 231.79
32 420.98
7 777.52
40 767.52
25 840.16
59 185.40
84 968.35
68 117.35
52 929.33
82 282.71
96 789.66
87 713.38
58 783.02
25 491.32
2 758.96
88 266.38
16 395.66
62 217.64
8 192.14
85 164.31
81 590.46
43 650.02
79 389.41
5 190.53
10 592.84
8 636.74
68 653.76
65 641.12
52 180.39
74 216.79
84 347.88
31 893.78
80 462.12
78 579.66
51 831.00
42 629.47
58 813.77
17 361.63
86 792.54
83 441.26
42 615.25
97 134.99
96 844.99
22 589.98
66 536.66
14 792.55
63 292.96
86 998.90
88 516.18
83 508.29
13 816.58
43 810.77
24 914.66
36 209.56
70 841.90
77 441.46
86 881.52
12 329.57
54 177.48
5 674.19
62 537.59
24 226.86
38 838.63
60 233.83
99 310.04
48 477.35
11 563.10
63 883.87
63 894.96
62 508.83
1 811.36
52 180.91
1 384.66
80 494.38
45 312.74
47 576.61
51 699.26
70 247.99
26 904.21
91 734.14
25 551.48
49 776.28
84 845.69
71 889.64
62 509.97
4 465.22
26 331.63
69 246.09
67 579.78
99 838.90
24 847.10
3 811.45
91 839.55
78 269.91
58 921.70
60 419.92
32 214.48
89 250.43
47 803.73
96 559.87
93 514.18
32 577.14
73 586.16
86 675.55
37 587.10
89 680.42
8 697.50
35 915.49
60 703.59
35 591.77
74 331.25
92 597.95
43 810.21
16 527.36
6 387.24
69 200.13
50 938.93
73 247.39
46 336.83
20 716.76
51 731.63
49 524.46
50 416.97
17 920.71
23 839.06
46 678.41
32 174.62
89 373.45
81 445.27
80 881.54
90 155.26
51 110.30
62 873.59
32 217.67
44 419.33
77 517.97
84 131.27
77 546.31
64 243.51
39 735.03
61 405.94
70 856.44
63 137.26
1 685.27
28 100.36
96 710.80
21 732.55
50 865.73
7 393.24
65 453.15
94 780.65
30 835.80
100 144.53
66 979.93
69 436.14
99 141.45
72 438.26
82 416.02
90 151.85
16 981.13
8 688.33
38 190.37
26 293.23
43 215.23
89 248.69
40 523.73
21 508.00
62 548.69
77 859.01
80 866.14
54 771.11
41 950.55
97 520.78
36 864.68
80 796.99
65 789.05
30 724.82
93 349.73
7 577.61
26 650.62
63 217.50
95 844.39
14 409.42
69 304.20
69 193.66
91 277.77
38 586.49
23 405.61
33 448.42
70 776.46
17 617.93
12 191.40
73 443.66
88 500.34
82 594.04
33 595.23
3 678.72
28 234.26
73 355.59
88 570.48
92 532.94
84 670.02
7 768.70
87 258.32
38 678.85
10 273.12
94 506.68
61 259.24
60 266.26
35 369.19
62 843.52
90 499.90
25 133.23
49 128.49
63 232.20
8 208.52
45 399.58
81 300.17
6 683.20
60 610.51
45 839.17
20 200.11
29 581.10
52 607.87
26 874.43
6 224.01
47 295.48
83 426.83
73 522.29
76 487.47
80 372.22
83 515.13
36 475.39
96 691.58
65 363.95
90 617.31
63 820.42
29 988.89
68 428.44
70 577.82
88 762.52
34 289.46
86 937.67
62 517.80
65 946.21
9 400.51
54 562.28
94 655.18
32 354.57
28 599.10
19 781.32
66 636.27
68 222.44
29 678.29
18 128.70
61 659.08
95 833.80
58 944.47
25 982.75
8 468.74
74 267.17
77 756.54
67 242.44
56 290.17
4 604.27
96 159.04
84 152.66
1 474.16
81 739.63
17 770.19
60 434.63
28 389.59
70 651.51
88 865.25
73 221.66
19 821.55
35 168.86
50 519.60
66 536.39
86 574.69
75 962.34
98 130.56
88 314.56
98 402.97
10 276.30
85 453.47
91 738.31
4 342.04
15 443.74
75 181.51
89 563.67
56 767.88
72 420.35
92 792.69
43 912.78
25 431.34
75 199.36
47 754.22
36 415.74
53 680.19
36 692.98
38 876.61
23 511.95
15 364.85
64 533.96
100 640.97
26 312.34
7 660.88
27 626.75
98 582.56
48 590.17
20 247.01
98 295.75
27 135.77
85 983.42
52 449.45
26 640.70
45 994.71
49 895.41
19 412.75
65 567.04
67 296.24
65 142.18
12 543.85
70 906.79
44 609.31
59 921.06
17 103.65
62 469.44
77 876.67
61 659.09
13 184.29
1 633.90
71 397.03
74 798.16
20 303.28
3 742.46
51 730.47
27 415.26
19 382.11
20 857.24
76 508.14
66 729.12
36 434.64
74 786.79
27 502.67
14 118.40
1 134.00
71 382.42
57 559.46
62 686.42
28 232.31
3 339.99
86 783.11
46 381.87
6 785.75
9 397.86
19 497.98
45 351.85
37 727.78
87 129.39
73 703.14
66 592.64
31 744.08
48 683.98
34 341.10
4 569.46
61 654.01
38 640.74
24 796.21
100 161.70
50 648.74
65 874.06
70 963.59
71 141.80
56 926.42
5 360.79
59 999.05
35 308.90
26 990.96
70 114.87
30 888.44
11 830.44
44 449.19
41 965.49
62 829.56
78 560.14
9 945.48
58 422.94
26 612.89
23 479.35
24 162.45
2 277.74
59 255.86
100 248.36
48 591.82
16 511.46
92 602.34
59 123.54
28 988.06
48 146.88
61 927.66
84 386.45
22 777.59
96 528.29
83 311.24
43 727.85
1 150.97
93 486.74
84 432.03
16 634.18
17 749.11
14 268.98
74 609.89
60 691.81
42 753.32
93 923.81
74 162.65
99 238.65
70 686.57
97 937.15
33 103.34
90 416.40
36 879.55
63 144.79
93 507.00
18 386.49
94 945.16
2 497.02
32 505.66
62 139.95
52 868.03
26 319.26
53 689.79
35 276.72
57 768.94
3 637.46
49 283.43
97 783.70
66 964.10
36 917.43
43 432.68
41 353.29
88 490.82
87 882.73
55 773.83
77 594.71
94 578.46
65 912.97
52 753.50
51 575.38
50 688.74
8 332.80
51 605.42
74 106.51
7 148.64
30 378.65
69 708.51
99 181.35
32 601.19
91 546.69
62 166.84
18 170.25
17 317.25
23 497.88
31 403.35
19 731.51
10 393.08
6 287.84
98 962.70
10 752.04
14 887.43
99 837.39
71 140.57
64 494.06
32 522.28
80 729.05
40 929.58
100 464.35
56 400.00
6 681.78
64 639.59
61 346.89
62 974.08
41 357.43
89 123.43
56 701.95
11 262.52
87 646.18
20 785.86
28 239.69
55 424.32
7 331.46
80 269.69
86 430.25
55 600.19
96 657.83
33 604.77
33 781.89
98 859.39
42 916.51
18 161.54
3 223.26
74 792.96
29 350.58
17 662.97
54 810.61
67 271.04
73 820.92
40 500.50
42 362.08
81 926.63
64 602.99
22 903.64
92 315.47
60 676.24
4 889.61
64 482.02
60 241.81
45 829.29
99 352.84
87 736.79
65 475.05
70 856.06
93 194.27
99 345.38
58 704.00
22 664.99
26 246.84
52 117.99
50 162.07
30 999.12
72 914.66
81 868.67
49 951.39
2 676.63
57 303.72
51 688.43
22 319.68
47 679.06
61 168.92
52 217.84
99 578.36
21 903.22
71 308.89
37 890.66
67 168.34
8 942.95
32 120.68
2 379.41
46 883.32
9 797.52
62 472.43
96 854.67
51 916.40
30 476.67
30 392.75
27 466.36
61 138.92
77 225.70
29 805.98
75 899.50
62 288.32
1 814.09
70 288.62
17 583.07
52 889.32
56 977.86
9 884.13
41 142.97
63 415.27
14 357.68
4 375.27
36 559.61
48 643.07
30 391.36
13 756.27
5 795.02
40 367.52
24 133.69
48 587.68
21 453.49
33 729.16
87 613.13
81 795.01
58 888.84
3 431.09
35 432.51
38 640.21
9 287.99
66 648.19
8 944.08
28 839.07
52 200.40
58 513.40
14 388.42
99 297.87
37 301.33
21 671.34
31 990.49
58 405.15
44 109.45
12 765.05
70 996.10
62 696.68
96 393.95
34 128.40
82 616.94
44 124.96
81 299.35
12 521.42
95 371.04
50 236.53
2 449.31
90 623.97
47 411.88
15 649.48
84 591.26
85 429.55
76 153.78
4 648.29
26 239.14
78 353.89
23 378.70
53 316.31
2 421.27
34 200.33
1 481.39
39 623.23
48 507.85
82 232.22
63 596.65
23 652.90
16 441.81
72 179.46
21 717.13
29 216.45
51 742.16
47 338.73
58 414.69
50 148.97
7 635.69
55 675.32
56 229.69
21 790.60
6 636.69
97 609.60
47 951.71
53 462.96
63 856.77
9 160.69
24 534.88
73 858.90
79 148.84
48 313.34
56 393.80
56 832.32
69 545.49
100 528.28
30 831.33
26 474.32
80 465.36
67 139.08
32 824.35
61 949.06
61 433.69
15 576.01
42 457.44
52 466.52
9 790.13
99 710.27
87 146.13
63 534.96
45 307.31
13 766.65
97 775.60
37 927.64
68 845.12
46 441.16
29 352.93
95 859.92
48 172.83
72 953.72
27 454.69
21 261.74
79 650.45
59 732.56
98 264.79
58 954.25
39 357.57
71 135.60
89 855.25
12 397.84
42 750.79
96 668.88
84 236.00
55 677.36
1 323.26
7 800.05
77 551.94
100 270.57
50 615.55
4 104.33
50 381.43
44 599.66
58 527.41
7 277.57
90 181.95
28 525.04
76 537.43
64 690.37
31 738.27
50 958.91
79 462.14
46 294.31
42 605.29
77 503.16
62 785.31
74 351.37
41 230.22
58 233.13
77 122.51
52 494.61
80 283.35
30 963.73
98 399.11
78 107.24
69 400.88
15 410.34
10 495.87
69 312.54
37 143.25
30 208.51
79 878.43
9 483.15
5 469.16
33 932.92
21 506.33
56 804.99
52 277.08
82 940.92
20 339.45
40 954.20
33 256.00
1 107.55
76 914.07
9 230.91
83 847.25
61 962.90
34 511.20
7 220.56
25 290.96
11 213.53
74 450.59
74 415.70
27 997.54
51 473.87
43 116.03
25 200.23
87 980.31
86 992.90
88 865.19
52 852.76
73 758.96
39 855.63
85 880.01
79 238.48
55 640.54
35 459.81
52 567.52
11 742.34
66 153.25
65 108.60
39 573.19
16 598.50
94 340.50
23 493.33
87 396.53
35 123.93
100 514.60
32 571.25
28 844.96
72 466.73
68 931.45
92 942.42
19 322.56
96 842.50
20 403.41
1 114.86
96 358.25
18 176.32
57 831.86
62 668.58
86 511.57
40 482.45
39 512.78
49 227.20
57 296.22
21 249.05
8 199.99
44 618.82
23 879.02
17 158.90
53 568.05
37 166.21
82 282.46
81 854.01
57 493.88
42 709.55
52 890.80
73 690.45
85 611.65
60 745.60
39 415.73
96 142.94
31 731.65
2 519.38
48 757.07
94 974.12
3 714.61
66 624.01
86 914.13
47 621.30
82 152.73
24 202.21
100 409.98
97 573.32
79 554.29
92 119.14
18 150.45
30 251.40
99 431.08
51 123.11
18 577.37
46 623.68
68 857.12
37 359.55
80 945.66
80 370.12
81 862.94
25 597.32
46 663.67
78 884.29
95 158.29
5 865.90
60 295.76
87 176.78
55 366.21
40 565.09
29 359.43
94 104.81
94 463.17
27 838.32
12 702.53
92 789.00
8 901.70
34 671.63
6 941.23
60 702.63
15 641.90
21 299.31
45 274.85
84 355.53
69 250.24
20 586.14
66 420.02
44 877.80
38 909.68
98 548.65
26 632.83
57 824.99
50 772.46
73 594.88
6 747.32
82 476.42
88 357.81
84 675.48
2 346.98
60 184.69
8 435.82
95 735.47
81 549.50
22 740.74
98 118.45
34 315.07
58 501.90
52 856.55
3 241.46
6 650.88
33 230.21
61 173.02
26 919.28
59 290.80
96 358.39
40 929.51
90 319.94
5 499.97
13 966.44
92 416.74
20 401.10
41 642.06
27 609.60
57 766.59
32 637.25
97 102.48
23 314.94
89 286.56
62 807.43
8 998.24
36 155.61
6 169.09
1 165.18
84 158.47
8 586.90
72 293.34
93 131.27
21 358.41
55 343.19
60 621.02
10 680.91
91 279.97
22 730.52
77 395.54
59 669.63
3 136.65
84 181.97
47 934.80
80 447.50
14 841.14
42 244.94
58 271.03
50 145.67
75 770.99
85 886.42
96 725.68
81 756.52
99 501.56
100 982.64
11 248.17
65 796.65
60 179.42
76 432.77
10 599.10
90 668.77
43 785.79
50 965.92
27 337.22
10 401.08
97 201.32
71 501.29
45 879.98
5 364.64
90 636.70
47 539.85
20 764.95
87 133.41
99 999.29
67 636.38
1 156.43
55 304.90
58 352.28
38 807.44
5 200.32
67 999.61
35 479.53
7 523.93
31 659.55
46 458.25
87 757.85
73 774.71
3 943.10
78 672.67
45 367.89
35 764.81
77 530.68
79 768.11
1 672.92
95 304.70
62 979.06
73 985.90
29 790.46
36 910.75
86 875.46
17 853.34
10 408.78
48 662.80
52 985.92
51 778.38
34 856.57
74 399.99
62 725.79
16 293.53
28 227.54
47 932.14
58 144.59
71 501.02
31 757.80
3 295.96
12 237.26
32 504.98
48 873.39
66 238.90
84 371.62
52 894.52
25 637.71
24 137.21
65 802.95
94 275.66
65 885.13
20 873.73
95 150.48
30 446.75
91 135.17
88 567.22
48 600.90
61 333.41
41 423.16
26 356.54
58 201.01
56 577.74
39 741.84
7 628.09
83 135.64
92 130.15
60 178.86
32 180.77
7 761.32
36 941.47
47 652.11
73 917.03
33 160.71
43 836.22
74 487.51
34 628.63
74 506.28
9 608.01
55 390.40
89 955.81
45 526.36
12 364.25
23 107.35
7 832.48
87 252.21
15 368.61
45 499.90
46 168.81
37 286.00
39 902.52
68 742.07
87 665.25
33 156.55
18 173.24
25 902.45
95 462.63
95 912.86
53 964.60
90 164.87
63 558.69
74 524.01
22 299.29
79 180.25
59 652.52
87 216.16
23 474.06
36 973.06
98 663.89
61 763.95
9 171.29
5 850.18
62 433.78
57 617.20
68 196.28
82 587.37
66 338.03
66 698.61
12 102.27
32 408.40
93 817.31
76 907.83
57 923.91
41 435.63
13 841.79
40 940.66
48 964.90
15 837.83
26 170.53
68 791.88
33 701.31
86 391.64
42 778.68
8 239.42
30 639.91
36 777.67
63 511.15
20 239.45
37 691.30
74 950.82
9 290.08
59 806.46
28 756.76
85 594.27
29 350.91
12 783.05
49 965.92
49 116.39
68 296.46
80 825.44
22 972.64
46 987.22
80 306.59
12 423.40
87 536.05
80 913.29
5 721.83
29 757.75
30 737.80
61 779.23
82 264.23
93 780.24
19 704.57
59 819.29
17 242.67
63 698.18
56 856.70
89 591.32
88 773.40
15 682.74
79 140.44
27 895.02
38 430.85
35 226.41
15 261.44
17 125.99
65 470.58
62 172.88
87 444.66
73 246.83
90 171.17
48 332.27
73 740.57
36 193.61
18 792.26
52 152.74
57 296.38
53 744.96
68 153.88
38 991.80
34 126.61
73 920.54
28 783.02
49 850.58
53 123.94
63 291.48
81 320.12
35 999.51
58 398.80
55 182.33
86 195.37
40 965.07
3 642.91
71 507.33
69 315.62
35 148.47
69 217.19
15 288.18
72 255.33
95 568.40
59 895.99
91 988.97
8 133.33
78 337.20
52 209.18
43 461.80
51 411.19
1 781.68
63 480.59
73 743.46
78 440.85
90 882.19
76 984.24
54 159.59
16 427.41
73 910.00
97 665.81
88 900.10
11 403.90
5 831.58
56 320.76
30 671.32
54 229.24
75 377.62
52 216.95
81 287.84
74 563.61
42 412.34
34 341.83
33 951.91
9 631.05
19 723.66
15 615.74
84 865.01
100 574.40
56 493.34
99 988.23
35 945.85
86 281.60
39 518.49
52 750.25
51 319.53
4 502.71
8 171.81
29 947.66
66 622.70
92 475.24
79 870.75
46 172.32
18 654.61
100 775.27
69 598.20
95 204.22
68 263.95
25 287.65
27 334.84
35 287.33
32 659.45
48 673.75
41 851.20
91 614.06
37 549.41
29 428.38
43 919.74
42 368.94
87 380.54
21 490.63
17 293.17
18 820.36
4 905.75
56 224.97
98 529.25
82 762.71
86 592.58
74 426.94
41 283.45
20 119.56
4 528.69
47 355.22
17 959.76
22 127.82
51 788.55
75 200.27
92 728.22
47 978.02
31 661.02
60 938.60
90 821.52
43 197.67
79 760.42
31 463.59
72 147.59
78 208.69
74 112.93
28 819.92
28 978.71
19 782.75
51 857.31
58 305.04
91 452.21
15 122.74
75 273.40
98 666.43
98 203.25
85 657.53
79 578.58
46 802.02
20 963.51
75 771.02
4 376.32
71 389.30
14 885.95
73 238.49
78 182.89
76 684.60
99 146.84
89 115.94
50 706.27
27 742.09
89 783.68
4 762.54
61 103.95
40 925.21
59 359.14
44 453.58
95 742.09
87 455.83
65 936.60
28 339.84
14 737.98
32 529.33
44 168.48
3 876.77
10 761.88
5 166.04
22 513.11
13 106.47
56 525.03
56 844.84
53 421.24
52 663.16
94 355.03
59 365.64
21 806.76
33 903.00
79 438.31
62 586.39
8 209.06
56 570.51
55 535.14
62 528.49
17 451.86
39 346.81
93 934.82
56 402.00
23 968.89
40 714.83
56 499.88
24 292.11
78 649.14
96 869.40
76 319.99
67 898.75
5 471.21
99 361.53
54 617.65
58 199.89
54 637.65
50 707.41
90 964.12
74 519.50
11 407.11
81 169.19
89 272.76
15 444.27
9 172.86
22 134.57
49 186.41
28 492.81
66 690.10
36 835.57
35 718.13
20 853.44
8 805.96
62 887.13
35 259.06
39 990.06
11 916.95
8 241.94
95 557.18
73 497.74
42 964.44
2 486.74
53 378.12
1 324.65
36 932.78
25 644.48
56 521.86
21 223.97
18 554.48
63 542.10
42 573.72
13 896.82
95 277.77
58 888.52
14 198.48
95 359.55
64 649.12
84 381.18
65 630.65
45 514.39
7 203.37
76 358.81
16 562.95
37 106.24
15 997.32
34 877.50
91 589.27
86 999.17
54 576.45
46 449.18
21 685.94
29 100.46
65 546.66
27 276.08
27 180.31
13 620.89
87 638.72
50 150.54
34 612.93
10 396.96
97 793.29
15 237.02
100 701.75
57 980.63
4 172.09
89 406.46
75 852.60
97 443.17
47 656.72
63 623.56
30 813.06
69 464.93
61 535.95
6 530.77
1 283.65
47 963.02
49 775.86
59 907.94
53 294.62
46 657.83
98 555.09
13 419.05
42 393.68
55 675.18
16 241.87
16 117.93
20 456.86
12 939.61
61 556.47
25 922.60
80 175.27
6 195.97
75 560.55
58 827.09
4 459.70
46 115.71
70 383.59
17 272.58
92 575.13
58 774.55
52 605.29
33 177.75
78 612.35
83 857.01
7 529.19
56 896.62
29 255.03
48 738.12
12 525.10
2 810.69
93 140.71
90 532.25
82 104.49
100 400.99
1 749.55
4 270.35
98 163.69
27 567.29
80 769.01
42 180.67
7 148.26
55 847.32
69 847.37
87 373.86
20 314.98
39 750.61
44 538.17
82 684.96
97 260.14
91 248.45
5 181.59
74 780.04
49 239.20
9 560.84
30 653.61
55 330.48
49 869.16
74 815.88
95 450.76
87 612.81
88 312.73
26 371.63
42 823.67
44 373.97
58 690.74
83 866.95
6 120.50
34 851.89
26 823.59
16 518.97
94 963.50
83 281.65
55 752.85
88 431.42
70 106.16
35 828.86
89 534.56
3 825.70
40 800.59
25 423.49
96 163.84
67 744.37
34 114.24
90 588.84
99 832.69
67 368.99
61 517.41
53 494.74
79 567.15
99 106.72
30 365.11
79 650.47
96 324.67
94 417.16
53 936.74
64 619.38
91 241.57
19 573.94
17 678.46
65 562.52
94 846.64
23 976.76
65 543.31
16 114.11
37 201.98
80 762.74
50 231.42
54 812.20
18 830.75
24 802.51
53 569.63
13 649.08
1 677.41
8 390.08
3 128.78
30 980.82
93 417.88
42 817.30
2 925.44
77 436.04
23 115.95
72 494.54
20 668.73
61 740.55
85 896.00
53 418.83
94 723.70
93 127.47
58 333.49
83 594.66
97 796.63
38 848.64
100 580.67
38 581.73
47 755.70
61 420.56
44 103.72
25 686.12
43 689.29
82 900.52
50 282.01
30 719.81
35 773.09
22 121.23
6 127.20
24 289.56
77 817.23
39 585.71
61 240.11
65 985.90
52 878.74
9 587.03
79 638.76
42 263.90
51 242.93
78 889.64
9 407.88
67 588.04
22 956.53
16 906.95
61 247.31
60 918.40
80 150.57
51 538.62
17 555.68
45 770.47
100 556.19
22 189.44
39 275.79
68 144.12
21 824.55
39 910.15
79 695.13
57 880.40
36 522.97
65 932.39
65 419.77
55 893.08
49 427.48
13 129.35
15 168.40
61 765.19
1 153.78
48 327.99
79 267.20
3 516.42
55 107.96
100 317.15
16 176.03
67 278.91
39 764.17
27 709.17
49 497.16
8 809.94
33 526.84
62 294.04
34 526.99
34 748.73
4 133.00
39 984.74
72 596.94
29 133.67
51 829.54
36 577.56
77 301.85
39 284.77
26 620.51
70 631.53
50 412.28
26 989.90
79 387.47
15 279.79
25 871.71
30 387.20
39 868.19
83 928.28
27 413.33
69 558.35
10 236.41
5 302.69
49 148.88
90 256.12
75 979.39
66 186.79
56 167.94
27 288.17
3 759.83
2 912.45
81 179.07
83 115.88
24 433.69
14 126.24
99 571.65
23 835.79
51 582.53
66 991.83
41 511.78
37 380.42
22 970.87
45 731.01
51 506.94
50 620.54
54 986.30
95 883.76
70 754.91
86 693.69
37 454.30
76 634.40
43 520.41
15 222.69
39 656.52
87 134.37
75 144.67
44 253.50
63 393.02
5 792.36
58 432.42
97 508.50
13 136.22
41 508.18
5 143.88
81 569.68
15 779.74
24 335.31
64 352.58
45 824.26
46 889.54
35 918.04
89 513.55
65 428.16
78 963.54
90 361.47
51 330.50
49 678.65
3 296.15
37 218.58
63 373.17
75 246.52
88 760.02
43 175.77
69 331.11
32 933.49
68 805.17
72 753.76
33 606.33
84 626.91
21 164.41
31 296.19
25 843.64
4 515.79
66 250.03
16 372.22
60 233.29
94 270.90
49 467.53
23 800.91
84 663.04
38 155.40
23 370.34
83 684.39
12 516.35
40 548.42
61 294.18
70 357.83
42 572.05
62 480.00
37 566.23
39 896.39
43 626.00
31 308.54
25 410.21
78 344.84
3 570.39
65 208.88
41 819.57
3 491.78
87 294.66
27 639.13
98 853.14
12 700.15
23 195.81
56 114.41
77 758.69
90 119.28
18 971.29
4 561.05
67 552.74
47 472.23
43 561.81
35 232.47
2 703.15
22 560.99
33 261.89
80 991.86
69 978.79
56 223.71
79 145.64
33 148.54
58 905.28
26 482.48
92 853.57
93 216.22
67 227.39
33 484.67
21 359.64
21 662.12
6 832.32
46 945.56
60 859.14
64 316.67
27 799.16
77 847.73
46 963.68
51 962.54
37 888.67
93 662.02
34 612.04
95 195.48
47 756.45
22 583.08
76 423.18
40 267.02
51 441.86
67 488.50
11 438.19
31 755.52
94 227.98
58 891.19
21 441.41
91 944.46
38 322.88
57 788.42
2 931.21
53 546.92
2 827.45
11 295.99
26 629.67
18 712.58
55 367.67
45 933.12
48 816.77
77 334.35
43 742.22
52 478.08
38 703.91
2 393.61
41 617.82
12 919.55
90 178.87
37 174.29
2 852.21
96 649.96
67 875.81
42 741.52
13 771.94
24 441.57
91 559.72
68 347.83
16 688.82
30 763.25
76 663.91
65 999.00
63 455.39
61 416.52
23 367.26
78 430.51
48 963.72
97 928.78
48 555.52
48 394.61
30 137.18
90 609.96
75 424.30
26 661.84
41 225.27
32 716.90
77 823.82
55 962.98
32 787.39
35 337.65
39 924.86
72 203.37
29 728.71
68 185.09
4 947.98
95 970.29
3 641.28
96 450.30
95 282.32
82 641.46
45 648.36
35 508.22
27 259.06
53 825.71
13 774.59
83 988.77
71 304.51
71 885.65
44 730.07
54 701.50
74 434.60
19 721.91
15 695.61
27 617.33
84 501.95
96 977.37
94 948.54
61 989.32
54 212.09
64 367.03
48 837.27
37 344.50
97 664.28
77 343.68
24 606.91
85 406.75
13 559.93
32 792.07
99 435.62
91 595.99
24 643.90
20 386.69
39 376.20
95 775.09
18 909.44
47 672.08
51 560.35
37 161.96
21 635.46
52 695.83
64 369.29
37 548.47
91 396.66
36 765.91
83 398.01
12 477.49
94 858.64
54 475.82
6 403.96
13 660.36
20 244.44
46 990.81
27 912.07
65 147.65
34 728.05
79 767.11
65 180.01
49 811.03
66 424.90
93 632.73
97 891.75
64 691.08
95 406.03
85 207.74
21 173.97
64 682.02
41 931.11
31 168.35
14 567.37
60 372.78
6 117.99
5 393.49
1 365.82
49 231.58
38 901.53
9 978.61
98 528.83
51 493.57
100 781.29
23 267.53
70 732.97
38 674.06
63 432.40
63 157.44
62 510.62
58 380.23
55 185.83
6 868.90
40 897.12
26 891.95
5 772.99
17 669.68
91 565.38
33 321.93
99 585.28
32 928.21
48 445.23
30 663.77
79 977.45
78 441.02
63 130.04
90 875.13
75 875.17
82 534.95
38 126.68
87 607.77
72 609.10
35 855.04
5 335.70
34 719.27
8 865.58
5 488.35
26 436.72
91 143.59
84 463.13
32 471.20
61 987.47
32 583.90
25 383.86
17 630.90
55 496.13
87 343.13
83 272.30
5 858.34
92 925.38
53 722.93
12 335.56
94 811.39
59 561.34
86 684.55
96 485.38
1 712.58
46 492.80
24 637.89
54 961.87
65 498.78
61 226.66
86 475.72
95 642.64
33 738.16
53 940.13
3 770.14
85 775.96
57 459.51
76 877.59
57 244.27
79 222.23
76 162.72
42 420.42
54 607.66
34 208.74
72 281.46
23 575.31
8 783.45
52 665.12
20 222.64
49 638.88
99 163.89
17 116.06
94 862.67
82 840.53
39 591.80
12 295.49
8 134.85
21 329.60
30 860.96
94 219.25
81 106.87
51 871.44
82 808.48
18 959.62
17 628.48
18 714.13
17 828.57
96 307.08
70 704.98
98 224.21
1 202.93
85 985.38
14 115.94
75 436.95
17 180.26
91 782.94
63 626.20
67 595.30
40 668.46
96 276.09
58 313.02
60 979.29
8 234.01
62 496.04
33 506.17
63 363.65
61 643.14
30 142.37
6 851.02
7 405.98
91 490.42
79 484.39
26 647.52
24 385.25
95 431.38
22 580.59
90 561.52
26 972.61
35 837.25
61 483.07
1 804.02
61 790.15
22 588.89
3 494.77
44 822.73
34 450.52
82 230.80
46 206.35
61 946.98
25 194.64
91 899.50
87 474.32
31 546.41
93 570.92
82 496.54
11 487.06
3 540.32
64 242.01
100 967.36
40 352.53
66 181.97
25 818.36
86 627.49
86 370.79
39 852.07
79 555.11
31 430.55
16 285.17
77 164.95
80 503.19
13 863.72
100 971.67
39 510.50
83 541.36
54 164.28
64 924.10
15 936.34
42 527.59
59 395.00
23 587.62
58 923.55
40 889.29
37 166.49
48 332.88
31 183.63
34 279.03
14 153.42
4 665.09
89 553.23
46 814.03
5 579.21
27 122.44
3 952.64
9 853.72
96 995.74
36 708.18
84 143.50
76 829.31
12 781.19
5 976.68
15 939.59
50 286.93
53 571.38
24 701.80
84 598.58
64 836.40
82 218.33
34 484.33
36 195.42
1 412.12
12 280.76
27 358.46
63 859.76
27 991.91
44 791.74
84 357.64
11 428.65
44 619.07
16 650.19
60 383.10
89 681.88
78 888.23
75 618.37
77 758.94
44 121.84
60 586.83
68 535.16
16 739.47
89 989.77
98 662.48
55 502.89
42 748.51
5 250.49
95 343.53
53 694.74
34 690.84
18 574.62
93 288.25
62 711.37
3 917.14
43 788.62
76 161.84
48 139.13
53 638.97
52 304.46
73 666.67
66 179.96
31 412.50
2 266.79
73 312.74
58 589.48
75 484.51
11 882.84
77 492.21
90 412.58
65 114.19
59 272.15
49 668.47
35 296.45
28 825.35
59 622.52
3 835.37
3 491.48
47 888.24
48 962.79
28 541.68
36 450.92
20 955.93
95 955.40
86 512.68
87 236.65
15 199.34
80 109.59
91 615.76
15 161.49
22 645.47
33 825.21
65 949.30
70 540.10
73 202.88
49 343.42
35 357.53
70 567.31
59 171.56
85 412.84
32 857.78
12 641.01
50 124.54
30 929.82
50 914.23
35 847.72
48 472.83
19 451.33
28 290.71
84 705.33
12 937.40
61 474.67
74 365.49
28 334.57
4 415.52
44 631.09
98 621.18
98 154.43
24 776.68
10 995.68
45 924.07
48 318.64
18 763.04
12 601.09
36 971.64
32 130.26
64 998.21
48 554.38
45 619.26
78 159.11
26 264.51
27 261.08
97 909.28
70 752.41
23 353.02
52 730.96
1 432.66
49 668.23
50 168.30
61 695.46
31 574.59
42 597.80
32 623.29
27 261.92
57 720.92
35 696.92
93 420.60
29 932.03
52 622.55
13 365.88
80 362.86
12 684.89
45 503.95
71 736.91
90 704.11
58 984.85
26 624.73
62 183.54
99 386.12
8 550.19
30 215.20
71 989.07
6 738.77
62 572.34
46 286.32
67 981.10
44 312.74
58 457.58
43 573.59
1 291.07
55 550.73
88 369.66
81 970.01
47 923.81
50 160.69
38 344.83
83 918.99
91 140.55
68 675.36
78 750.45
38 286.87
42 816.41
80 474.01
24 403.94
64 121.57
9 828.74
55 730.57
66 931.78
11 597.03
77 107.96
30 789.91
29 877.84
33 512.28
4 764.80
2 446.71
15 444.89
54 398.06
51 456.50
37 162.83
15 329.30
28 573.36
33 740.28
78 369.52
53 540.26
40 510.07
26 624.16
84 560.72
33 736.36
84 962.73
92 481.14
28 419.64
8 545.31
4 226.22
79 284.40
96 386.05
57 432.11
77 833.36
97 721.72
21 493.11
45 390.74
26 263.02
46 361.84
41 320.92
93 929.05
40 684.30
9 826.91
89 266.97
85 850.21
19 497.67
90 230.02
18 777.61
21 557.79
43 529.83
34 863.52
53 853.89
51 728.38
4 892.66
84 987.71
87 296.44
74 914.76
37 639.69
39 639.40
2 797.26
95 237.94
11 409.28
40 806.25
27 275.15
71 976.43
7 214.68
78 823.32
58 124.20
6 773.33
80 544.61
80 236.15
89 104.16
92 186.95
17 665.53
67 849.28
30 757.30
19 753.33
29 671.20
57 607.22
7 113.80
39 872.00
39 848.36
4 654.11
38 565.71
63 972.20
32 756.46
87 451.12
91 847.04
29 497.25
54 385.06
43 242.89
3 499.24
37 964.68
47 780.39
38 377.81
77 348.83
63 991.79
96 269.77
50 417.42
9 263.63
35 940.89
7 958.37
50 399.06
69 752.35
72 627.01
84 464.94
53 100.28
18 152.83
72 736.21
70 909.69
73 107.30
82 787.88
21 105.03
52 273.92
12 143.39
23 250.35
90 165.12
87 682.42
42 443.66
78 432.23
53 388.67
75 465.67
40 807.41
63 923.14
94 205.89
48 858.13
84 848.56
95 454.85
74 303.06
9 194.68
98 794.43
65 955.63
29 593.14
67 185.16
31 650.28
93 675.02
28 603.77
50 538.40
75 337.20
21 918.89
94 364.04
85 753.17
70 825.87
50 440.61
2 159.78
69 251.06
67 834.66
93 748.66
75 221.14
53 499.95
41 670.23
79 796.82
98 241.42
41 564.72
72 600.84
14 154.35
33 765.62
87 219.98
52 744.62
79 554.43
68 830.61
80 728.14
38 263.61
9 780.61
37 356.90
17 389.84
27 745.66
87 834.26
42 134.14
74 379.49
29 355.63
20 580.01
54 196.14
23 916.88
20 967.84
2 267.60
85 973.37
46 281.19
64 124.75
83 768.19
37 637.58
10 816.21
99 881.00
24 372.20
9 495.49
91 273.05
2 219.72
58 820.44
64 679.89
69 975.28
93 680.35
54 664.99
58 674.70
55 741.36
31 581.07
80 501.97
12 770.61
37 192.81
64 227.97
13 435.39
36 863.02
40 986.76
98 678.75
83 138.88
62 683.45
58 528.39
18 400.12
89 138.76
66 189.32
11 316.10
93 955.82
68 334.98
53 888.26
48 591.04
3 657.74
33 866.72
89 498.10
87 669.25
44 745.30
69 761.62
88 555.33
70 304.13
84 269.51
39 155.34
54 785.32
77 785.38
54 592.66
25 757.36
24 240.96
59 490.64
31 164.44
63 161.89
46 433.15
87 133.97
29 386.51
76 728.50
55 928.16
98 375.92
31 365.69
38 833.23
17 578.76
99 890.63
16 972.10
49 186.88
44 605.70
36 930.20
47 860.02
68 864.63
45 466.99
89 409.01
49 382.34
90 799.65
37 114.99
100 341.01
27 886.44
12 151.95
10 429.58
86 284.52
25 630.37
89 553.53
42 596.31
64 237.70
51 785.82
33 759.42
7 539.94
59 552.47
50 430.01
12 561.73
27 897.18
78 506.13
66 581.53
3 694.49
79 734.35
62 759.75
15 502.04
64 403.08
54 119.55
67 583.23
47 142.45
44 282.02
18 925.74
41 864.07
77 603.97
18 363.75
36 523.00
65 117.17
59 320.86
32 365.81
16 147.58
59 521.71
30 430.49
5 202.76
41 884.17
43 481.42
72 424.61
57 773.79
48 178.25
4 159.97
35 639.08
49 146.79
18 616.21
18 916.93
85 992.20
66 689.69
58 108.86
54 330.45
12 635.54
44 352.79
7 735.62
80 930.44
65 887.42
76 374.52
71 812.49
71 820.29
10 925.86
86 128.32
54 104.73
95 132.92
54 828.66
49 890.33
36 645.85
98 469.33
48 987.40
45 586.32
13 305.83
38 987.11
87 270.42
97 509.10
79 112.22
33 592.58
23 826.87
86 954.63
65 961.04
77 505.34
45 188.24
39 715.24
7 174.74
32 454.48
76 245.75
2 237.96
18 354.61
74 549.47
97 355.26
93 827.78
70 103.72
48 399.85
36 116.15
65 952.36
61 793.69
11 858.14
16 645.33
37 808.64
47 234.59
86 922.11
3 558.70
98 495.37
33 602.89
92 688.20
60 435.88
41 212.77
74 750.55
22 869.22
3 960.68
14 262.44
21 360.28
94 877.90
22 594.68
59 577.44
44 489.36
86 985.33
44 624.32
76 339.95
40 287.43
61 412.89
77 834.44
57 834.34
4 743.73
10 637.80
3 862.39
33 270.79
42 262.59
19 507.91
77 411.38
6 518.93
16 219.74
70 410.14
39 735.30
21 960.56
44 978.33
96 642.85
43 690.79
5 210.58
88 931.79
60 725.94
31 885.72
89 995.13
4 324.38
59 716.85
33 265.52
3 153.90
76 755.32
88 216.65
52 182.16
9 750.71
48 592.95
83 777.09
72 942.33
91 411.42
28 984.87
54 442.98
54 143.79
47 843.68
55 318.70
53 400.41
5 601.49
69 826.54
27 355.18
30 819.89
22 896.55
96 681.70
33 846.24
86 633.95
36 661.14
57 201.25
67 491.08
9 129.29
91 765.16
46 347.12
30 350.37
88 761.92
7 633.97
1 644.78
1 448.79
4 647.69
60 796.83
77 839.28
48 641.56
54 570.68
100 315.03
87 785.51
82 994.51
57 794.59
71 581.36
81 164.94
65 304.20
33 976.05
20 895.43
85 611.46
16 723.82
46 781.32
93 687.79
80 151.80
48 859.92
67 462.50
3 514.23
93 541.73
72 115.68
19 134.35
94 670.15
11 522.53
25 611.48
76 598.66
86 237.87
64 259.82
24 746.21
71 738.32
11 673.22
50 673.34
54 127.55
17 322.75
43 377.65
8 121.14
20 744.02
69 249.10
6 704.65
69 619.63
92 851.30
30 561.50
16 425.26
78 851.61
99 892.46
92 710.00
39 683.36
94 550.80
98 147.54
7 320.60
5 541.26
70 254.48
62 530.11
57 430.88
95 983.52
73 282.15
35 521.04
5 308.39
76 489.79
38 193.45
89 412.73
41 722.84
17 715.54
80 234.80
41 241.94
56 832.36
100 756.30
72 273.12
33 511.14
44 460.81
85 798.69
65 650.32
14 130.38
88 506.66
50 282.64
78 332.74
74 443.91
95 689.70
57 852.02
17 216.32
53 916.63
69 667.92
85 676.53
69 864.95
25 558.14
15 645.14
40 278.10
53 261.43
69 754.43
60 934.14
75 560.83
78 909.84
66 914.80
78 279.18
95 679.15
14 882.95
13 954.24
22 722.21
33 937.13
82 626.23
76 455.15
49 451.19
59 458.80
7 733.06
36 737.16
28 951.13
58 386.42
92 221.30
51 299.68
17 378.21
29 298.39
55 449.04
28 181.49
99 496.60
31 427.95
14 380.23
6 253.31
83 418.19
83 215.86
68 360.75
83 388.46
80 265.68
30 197.77
1 975.57
19 762.75
42 776.59
78 929.93
81 672.27
52 548.53
9 564.95
40 528.80
52 849.24
24 188.22
68 299.46
69 790.89
4 138.80
72 275.62
54 982.71
2 807.61
2 115.38
14 592.06
15 131.65
88 523.92
10 556.53
95 720.18
99 812.01
91 508.09
67 636.56
73 837.68
76 139.34
45 118.89
82 267.69
55 617.02
70 632.11
39 762.97
80 587.28
12 691.49
63 174.57
72 629.49
14 600.46
95 288.12
51 679.66
97 731.18
77 377.22
90 765.10
13 640.56
69 400.85
14 146.62
57 538.30
30 167.07
95 125.12
6 574.10
58 418.55
41 271.82
13 728.57
86 781.29
72 586.13
33 330.48
29 471.74
47 639.95
38 513.29
21 636.78
45 818.08
77 862.03
95 434.48
88 190.91
16 300.53
86 296.48
35 356.94
19 848.85
51 568.28
46 275.06
73 621.77
31 447.46
40 649.10
45 199.69
44 160.66
90 418.23
86 419.22
100 119.78
41 109.43
84 356.38
96 774.90
83 313.02
57 423.46
84 588.55
49 477.50
74 852.73
39 771.01
15 364.20
63 672.49
9 802.54
54 185.91
5 371.32
80 408.34
67 941.20
97 691.60
97 249.08
22 231.15
76 963.07
97 939.98
41 824.84
80 695.04
13 707.94
48 295.20
44 251.65
50 744.22
52 596.88
43 806.69
50 687.91
22 257.67
25 335.70
99 419.71
11 166.97
6 962.02
4 407.20
92 109.57
76 463.17
46 379.49
95 339.59
100 653.72
77 582.86
44 973.29
44 532.68
59 380.11
50 594.87
60 134.90
89 372.89
59 158.78
84 671.86
66 186.08
4 768.79
23 809.75
29 135.19
30 484.39
9 343.33
18 834.47
92 621.03
99 203.89
13 561.78
14 708.74
76 155.65
39 700.84
69 106.34
47 810.57
28 779.60
7 236.43
4 939.98
41 351.54
44 861.25
17 529.71
4 579.44
9 463.47
86 792.99
44 379.08
45 905.20
89 104.01
79 724.15
58 221.26
41 813.68
82 870.60
19 501.02
66 405.36
23 248.23
7 604.29
21 392.44
85 122.30
23 718.34
20 858.85
8 551.32
89 242.27
56 879.57
92 879.93
50 833.24
5 563.98
78 502.99
60 169.41
76 706.19
70 664.69
64 724.74
71 305.24
19 595.47
27 268.96
88 694.23
68 150.02
4 146.69
51 341.13
46 654.74
61 990.04
98 380.87
12 521.27
32 113.46
12 531.74
68 263.73
64 704.17
57 826.81
53 464.59
76 287.03
40 207.04
32 597.74
67 536.05
26 986.08
23 949.00
64 955.56
70 601.66
20 146.44
15 663.65
11 585.14
78 342.56
31 302.11
81 416.74
24 384.16
87 163.87
25 342.11
86 261.44
91 469.51
48 493.56
34 217.82
81 535.84
99 666.40
59 330.92
67 790.68
79 751.15
34 632.89
75 994.59
61 912.68
24 425.35
21 794.48
91 244.08
13 558.43
60 145.40
74 369.97
32 654.20
52 762.32
29 412.80
60 366.74
32 712.96
45 973.56
28 894.52
5 185.60
85 607.02
17 783.32
14 440.31
71 912.75
25 738.45
77 707.34
66 212.12
49 455.67
59 957.32
29 892.86
76 566.94
91 166.62
27 115.47
25 631.40
39 495.27
54 366.11
79 582.09
72 538.87
25 184.37
22 199.75
24 888.15
99 534.46
66 358.15
32 680.32
10 986.11
22 156.81
37 214.78
83 968.45
68 972.47
22 933.22
88 919.97
29 272.34
22 998.48
76 659.05
63 453.56
62 939.85
20 900.00
81 724.45
60 938.55
72 281.80
10 119.17
46 488.28
76 932.73
83 828.50
67 842.09
29 130.80
47 161.32
44 701.43
96 203.26
2 645.32
29 450.57
9 806.31
77 684.15
80 603.81
88 317.18
32 738.88
16 235.22
43 142.74
71 637.36
75 966.71
17 614.42
7 794.35
3 746.70
34 629.92
96 160.64
95 198.18
61 480.21
76 360.88
9 724.11
29 995.31
81 757.71
51 756.55
98 318.61
12 963.35
30 235.57
58 211.23
45 480.32
93 221.08
98 179.52
70 611.02
57 851.79
59 442.20
60 815.53
5 949.76
50 532.72
21 571.57
48 576.15
73 990.92
32 727.54
71 705.67
54 236.37
39 885.77
58 152.80
75 478.54
16 891.55
92 678.44
63 429.43
20 986.22
34 749.12
65 767.67
54 457.50
47 739.14
56 352.26
24 554.72
23 142.93
48 897.56
99 497.67
28 430.35
26 707.32
60 634.36
67 416.66
44 892.10
59 752.60
15 901.32
33 762.57
50 978.54
10 783.15
28 828.60
78 486.53
83 221.07
92 347.53
82 512.29
26 193.96
30 887.59
73 979.47
48 355.84
67 247.24
14 710.11
13 256.92
17 783.07
96 210.78
1 554.43
11 182.19
88 950.50
70 470.03
57 320.73
17 299.75
33 375.82
62 860.81
48 483.87
32 233.96
35 848.83
5 589.92
27 441.15
63 862.74
49 561.26
39 494.37
31 942.73
67 573.74
64 193.57
66 895.30
25 924.99
37 616.79
67 628.31
47 886.59
97 711.32
47 213.88
21 101.40
50 806.27
78 689.24
16 443.36
58 171.03
60 189.37
5 653.29
14 371.99
1 521.54
44 573.36
7 367.82
60 279.80
98 828.13
48 873.20
47 158.62
25 440.99
57 421.76
65 504.75
98 184.89
28 128.08
75 448.79
54 439.16
52 689.50
17 653.40
1 448.16
33 262.16
8 880.10
43 764.81
72 604.90
59 933.21
11 925.23
1 862.99
15 119.39
69 241.72
59 716.84
78 569.80
76 871.79
69 343.61
32 487.97
1 286.16
47 385.26
77 995.26
62 151.06
86 650.65
91 334.93
94 106.16
97 521.67
73 287.72
46 582.95
38 933.61
38 682.68
44 351.85
93 127.70
99 824.56
91 348.67
15 888.10
77 134.62
4 490.24
77 284.93
74 913.93
22 190.78
85 657.71
30 928.66
42 455.13
53 329.51
45 995.82
25 700.40
93 332.39
70 824.10
29 365.81
5 334.35
70 132.93
20 313.07
78 634.25
59 397.40
53 473.65
92 313.83
37 521.60
98 837.10
41 570.99
13 984.65
99 544.90
71 666.33
59 127.32
13 582.42
66 779.15
74 893.61
29 649.28
38 778.70
7 834.30
74 213.94
26 583.73
91 937.20
33 220.29
60 390.57
90 215.65
44 396.15
54 278.14
12 146.66
12 412.71
18 391.06
64 477.81
46 453.24
75 420.07
55 634.33
75 529.02
32 477.91
44 326.28
49 477.28
57 227.75
84 709.43
14 335.68
79 346.27
66 964.59
32 181.07
6 611.68
98 924.83
17 247.21
72 611.41
37 405.42
64 182.72
42 230.36
6 628.66
94 398.90
15 602.23
77 437.63
96 298.73
80 263.19
70 253.45
77 642.48
91 458.59
2 653.24
68 854.69
41 416.70
15 553.52
22 638.67
24 512.31
19 355.46
2 331.65
58 938.01
72 747.59
94 202.48
81 884.85
45 646.90
79 168.66
68 187.92
82 128.71
28 272.65
67 211.18
41 775.72
73 301.69
71 674.44
44 372.33
65 111.83
9 359.24
96 829.98
76 235.00
70 656.75
37 244.75
4 454.62
78 543.88
56 294.34
3 383.95
18 774.45
94 707.42
90 774.51
39 916.73
99 788.87
40 857.81
14 183.14
59 444.72
93 621.67
44 326.72
99 549.89
10 674.66
59 457.83
17 358.97
24 496.00
87 283.80
42 984.97
8 672.53
5 278.02
100 395.49
75 688.81
38 823.77
93 275.06
71 918.19
31 424.33
73 363.24
8 604.95
63 743.10
91 809.97
83 676.08
77 673.84
36 367.44
44 464.37
32 104.34
3 443.73
89 167.28
45 159.70
88 151.70
5 943.74
79 319.32
3 478.88
76 579.85
28 669.37
58 217.76
5 645.97
50 376.34
68 249.53
42 506.97
56 682.16
60 263.33
44 121.08
49 275.63
3 415.25
73 732.61
1 686.06
50 399.00
21 255.24
37 685.73
23 558.31
85 327.36
42 334.71
57 536.40
87 403.16
13 397.62
12 430.52
36 502.00
6 656.32
40 960.82
97 444.32
43 550.03
52 445.95
34 571.52
36 259.07
63 183.91
10 222.45
66 737.38
58 110.89
80 829.27
73 426.47
69 435.99
26 235.45
74 920.26
61 179.83
33 769.73
73 938.51
22 469.05
87 109.41
68 923.84
83 268.79
80 522.75
56 997.50
53 508.85
48 759.98
14 597.08
8 803.13
80 640.26
68 189.64
17 890.02
72 317.91
98 815.98
46 205.48
91 487.44
3 880.79
27 220.94
8 471.04
9 867.99
14 603.22
64 931.67
53 635.80
74 613.77
67 584.82
78 491.14
19 550.08
43 124.19
71 882.69
9 361.85
8 121.77
72 640.28
18 990.80
56 411.79
63 917.63
2 188.18
85 788.53
96 715.73
34 873.30
59 454.49
48 336.95
86 412.69
32 176.62
66 190.36
98 898.11
30 840.71
29 207.50
79 467.71
71 734.06
55 401.68
13 312.02
42 993.12
23 785.77
62 742.87
57 270.95
89 565.94
10 256.69
66 541.68
65 391.28
77 930.96
92 845.97
31 644.92
62 298.09
54 691.57
33 396.02
58 368.23
17 385.22
38 772.63
25 845.09
87 801.39
53 366.77
45 710.40
43 194.06
74 204.81
69 643.04
76 818.71
51 534.90
81 839.97
20 330.89
98 199.84
40 491.06
18 531.37
69 552.76
33 586.28
23 369.20
70 606.03
93 313.74
18 843.13
20 614.35
48 444.53
26 492.65
13 308.37
22 823.59
71 196.58
39 831.62
76 375.43
31 365.18
90 285.96
33 174.37
88 994.64
92 547.47
65 456.01
39 833.17
41 719.38
38 850.14
17 716.31
4 590.85
51 863.00
79 135.12
50 241.00
86 238.49
56 466.12
54 271.15
12 948.21
98 466.74
62 452.39
82 736.09
33 815.01
75 507.42
47 282.92
13 595.63
54 154.45
47 956.54
24 253.80
61 699.38
77 599.80
96 815.95
98 977.95
71 316.16
63 335.77
79 792.15
12 940.27
20 413.92
60 955.06
19 965.61
7 224.36
66 245.08
16 689.63
47 258.92
1 887.57
9 168.94
44 844.54
100 827.85
9 445.52
52 774.76
84 325.32
23 528.28
35 859.59
80 790.89
82 354.24
78 752.17
80 532.86
46 431.65
57 305.07
93 795.69
14 887.17
6 222.39
19 281.38
7 298.78
62 286.75
63 942.49
68 858.38
59 312.14
33 475.22
26 248.53
47 440.76
8 666.78
52 589.40
35 109.82
40 805.90
21 596.90
14 326.87
7 364.98
53 396.03
55 439.89
97 914.08
17 664.01
78 555.86
24 305.87
85 120.97
31 837.94
13 200.68
11 337.39
97 258.96
12 175.11
10 398.78
2 950.28
83 861.34
16 783.05
53 503.40
100 532.31
97 927.37
77 354.67
89 503.58
73 644.86
16 862.44
73 374.23
25 887.17
32 904.87
23 834.82
28 331.19
43 365.43
59 937.10
15 535.67
81 830.72
8 585.38
66 697.22
91 899.87
30 866.07
39 235.30
74 400.45
87 736.01
12 665.40
33 967.01
68 599.62
11 439.30
34 403.82
42 835.91
82 436.37
45 131.26
46 763.73
46 804.95
52 364.59
86 846.44
73 844.92
61 473.33
30 339.05
13 675.35
25 745.18
68 345.78
68 527.53
24 438.04
5 629.64
52 333.92
10 667.95
16 147.48
10 887.82
6 639.25
12 662.94
85 439.30
75 844.47
61 924.64
25 486.66
46 815.61
75 436.66
67 470.01
11 956.45
89 209.24
70 779.34
70 685.01
45 613.30
96 766.89
62 749.04
14 109.50
86 209.16
42 602.67
72 769.50
58 403.62
37 736.39
87 141.28
7 870.74
84 108.10
24 370.18
25 577.12
64 564.10
98 919.92
10 467.88
12 647.56
15 246.13
53 826.63
49 399.05
9 653.78
19 908.78
57 992.28
65 387.91
98 463.76
97 896.67
44 739.70
63 276.90
16 642.17
86 474.04
66 857.18
22 126.02
19 181.23
40 982.10
14 515.82
86 341.07
92 555.12
16 933.37
29 659.16
38 248.36
15 938.40
50 634.18
16 840.81
7 193.35
52 621.28
30 423.80
15 137.39
2 492.28
29 770.34
59 686.84
82 257.84
38 261.00
54 830.30
60 397.55
71 974.62
13 725.95
68 568.69
22 406.33
82 846.26
71 879.70
6 823.91
89 195.63
44 322.40
76 693.77
17 992.67
48 906.73
5 877.96
72 265.16
86 582.77
31 412.39
51 580.80
98 490.35
41 991.58
81 584.97
21 106.84
19 592.56
54 741.57
32 529.51
43 434.10
17 528.16
17 303.37
65 775.65
24 643.46
74 448.00
93 432.30
69 464.65
22 173.02
40 197.85
35 420.25
6 162.22
51 869.63
95 910.72
28 512.63
53 213.84
56 575.88
17 255.37
4 568.67
99 439.89
20 207.09
10 803.29
45 781.48
96 990.21
9 418.15
62 846.85
27 486.51
28 639.10
91 644.70
59 604.26
84 992.55
68 422.12
81 513.91
71 996.22
13 969.39
28 143.00
9 227.05
44 664.90
78 673.63
65 386.79
77 915.48
74 442.97
53 502.34
24 868.12
71 273.91
56 585.64
1 987.62
59 393.87
41 421.96
96 967.96
76 657.11
38 313.07
97 642.15
70 601.34
8 367.24
80 949.28
17 399.91
83 592.74
19 622.50
38 955.93
67 428.45
56 772.20
94 498.05
75 590.70
90 635.03
31 760.98
60 924.61
41 657.15
65 424.27
77 867.93
84 233.08
78 272.59
100 172.51
3 183.24
29 502.50
5 588.26
92 733.48
18 446.57
42 641.58
3 406.37
3 615.68
37 535.83
78 974.11
18 214.85
55 657.15
8 232.08
26 663.20
12 551.24
76 193.90
79 169.92
80 751.16
51 548.81
41 248.65
62 843.63
62 798.06
82 943.78
33 836.36
36 793.09
2 803.55
88 198.54
2 593.68
53 166.35
45 585.77
23 826.44
92 495.12
14 230.72
11 104.76
66 881.28
53 699.36
28 363.09
96 699.78
67 907.47
51 464.80
5 216.57
70 345.85
94 613.52
20 458.92
71 348.03
26 199.05
26 543.03
24 145.16
6 387.12
47 804.92
77 235.95
92 243.28
2 186.63
97 643.73
48 340.73
8 828.09
55 674.04
56 423.71
16 280.46
40 949.68
3 450.93
88 980.69
36 429.52
6 470.40
81 753.99
20 380.13
90 420.79
64 190.16
80 129.02
100 603.57
69 748.18
48 136.53
25 547.32
10 538.48
89 662.77
69 928.26
34 460.91
60 915.60
13 163.34
25 833.69
22 948.13
10 551.86
82 961.09
55 926.95
34 853.35
6 546.13
45 971.17
38 873.40
1 440.70
100 488.62
93 809.09
75 130.41
58 114.47
52 328.32
82 417.86
66 146.53
42 987.31
56 881.86
59 875.03
3 709.99
72 752.54
66 150.62
12 728.93
60 795.58
19 489.76
49 843.94
97 811.90
72 177.53
50 293.37
1 549.28
67 707.23
97 601.27
23 172.17
63 153.74
27 701.78
97 411.49
78 523.11
64 569.64
9 732.72
12 583.29
51 170.39
31 193.98
48 108.91
10 696.91
50 189.36
82 125.13
86 733.95
82 250.44
40 435.50
73 165.48
19 942.42
30 492.97
59 583.65
76 525.45
37 368.29
71 682.87
63 531.41
47 203.74
32 198.75
80 263.65
12 419.21
93 449.22
12 451.23
6 793.94
25 239.88
26 193.71
36 259.89
24 177.04
53 356.10
82 380.02
75 929.96
73 191.86
9 185.04
91 793.92
77 490.44
23 199.11
49 638.69
79 106.10
5 914.14
78 322.56
55 410.76
49 379.51
39 634.84
53 705.42
36 232.50
62 374.21
4 407.89
95 635.51
56 460.58
15 986.87
80 889.55
43 824.02
56 214.81
72 402.18
94 491.30
98 919.01
84 905.92
96 535.67
88 480.13
76 685.11
85 692.34
43 532.61
7 948.20
60 524.89
48 431.57
53 549.93
34 137.23
28 888.17
93 951.90
23 439.23
64 749.40
78 142.78
98 303.10
15 839.57
6 631.27
50 698.45
49 503.15
1 214.00
96 675.62
14 750.17
3 592.22
45 574.54
65 395.60
14 238.75
39 872.99
98 347.79
89 257.19
10 236.99
14 183.89
8 229.39
21 761.98
38 211.34
64 583.14
2 671.27
69 339.04
74 303.05
13 733.70
81 707.60
99 680.54
10 826.78
56 508.44
96 921.67
66 572.21
60 632.82
11 951.33
86 704.05
41 650.97
52 123.97
99 185.74
70 934.26
31 764.12
11 493.01
7 690.27
64 986.06
53 539.39
51 668.39
86 219.26
86 585.38
67 255.23
79 481.85
27 481.14
84 600.66
6 226.04
4 978.28
60 760.00
39 401.45
24 170.53
38 591.25
95 925.15
43 964.96
81 348.70
54 505.64
48 692.73
90 665.20
60 862.17
4 169.02
20 274.39
99 938.24
96 171.43
60 872.02
9 103.72
35 789.52
98 271.55
74 178.25
12 770.54
68 306.71
54 261.07
74 809.12
45 132.96
21 647.81
48 802.19
70 521.36
83 767.53
70 125.74
100 530.86
40 708.84
36 737.47
20 703.57
6 283.33
26 462.98
96 146.40
45 830.02
91 591.25
20 317.99
12 497.67
6 666.32
13 202.29
84 618.88
19 805.62
95 259.85
98 602.59
7 647.62
16 104.01
76 780.84
92 517.81
44 515.16
37 686.75
99 608.30
97 772.89
39 199.57
36 748.90
20 537.57
38 624.53
49 122.56
41 321.63
57 925.52
66 166.24
28 188.26
62 902.16
58 444.71
83 457.13
62 996.93
41 568.13
84 236.36
81 446.81
49 120.34
51 279.96
22 674.43
12 262.95
48 377.94
86 376.79
26 703.26
8 171.01
8 367.36
100 166.46
76 602.15
99 668.29
3 450.80
11 750.40
50 642.59
46 893.85
54 930.33
3 724.58
74 190.21
48 616.29
34 529.55
68 196.49
59 457.99
9 258.44
48 922.69
1 726.31
76 436.35
7 748.54
42 247.69
5 168.75
75 874.25
86 954.40
85 366.99
78 990.82
54 894.38
32 696.36
23 312.33
38 424.49
33 604.18
37 166.38
84 541.01
93 643.62
44 130.49
11 753.86
95 746.28
13 427.26
98 551.04
69 593.05
80 690.22
41 450.35
94 640.56
81 428.05
48 951.39
89 714.45
30 830.36
90 637.39
90 383.32
62 849.03
64 511.52
13 156.48
23 975.37
57 909.38
60 837.38
10 966.24
52 920.61
37 464.17
31 784.32
100 371.97
61 989.20
58 496.91
79 579.67
96 446.31
41 900.69
52 307.62
41 195.47
49 519.25
99 120.46
44 716.99
67 513.77
87 352.34
35 424.14
60 705.02
19 444.20
79 598.69
21 300.87
95 396.58
11 440.36
34 462.19
55 423.03
58 365.69
70 834.68
36 621.71
39 745.95
100 640.13
98 289.59
81 853.55
29 859.50
27 884.58
48 926.45
8 328.99
36 905.45
21 994.31
65 846.73
96 495.39
43 299.74
82 441.78
26 725.19
6 366.74
34 112.28
60 728.81
45 852.74
97 625.05
39 255.83
23 262.86
86 286.27
22 273.80
51 594.82
43 259.40
30 870.54
43 408.60
19 627.62
75 111.73
52 457.12
57 503.85
70 637.06
67 240.16
1 437.30
71 913.85
15 856.82
75 301.12
38 774.11
19 866.50
63 814.78
64 295.96
93 649.64
53 156.11
46 312.45
14 375.55
31 689.04
96 524.24
36 367.18
34 506.45
55 889.46
38 708.82
98 728.86
74 950.82
4 817.18
42 972.95
53 949.86
65 706.24
57 465.58
65 597.16
23 623.45
98 865.54
44 290.69
51 193.62
97 549.92
3 439.37
77 845.10
96 448.51
33 690.88
67 509.22
96 789.58
80 851.93
8 617.57
51 670.03
32 720.32
58 692.75
1 173.61
36 533.77
28 719.12
19 789.32
14 745.42
27 480.00
46 360.35
89 231.14
76 568.50
98 366.41
56 403.17
6 176.79
14 837.23
97 464.27
30 636.39
1 454.39
92 169.32
13 796.52
24 524.85
54 805.40
32 725.64
44 780.16
15 745.47
88 524.90
19 864.15
69 971.76
27 339.48
81 807.65
2 575.70
98 169.08
16 385.33
74 861.24
21 393.65
3 647.46
97 774.88
33 562.18
78 460.71
7 474.42
96 691.05
97 979.57
63 818.53
21 692.87
20 558.68
64 307.63
44 616.60
12 363.58
5 963.52
3 358.65
29 718.32
81 403.44
75 864.79
60 624.95
8 206.05
10 908.88
84 909.67
31 440.89
87 568.32
75 986.80
15 513.74
51 713.01
27 371.03
44 901.86
84 739.95
32 210.89
41 810.53
47 481.63
73 222.68
36 408.92
35 703.88
16 207.71
95 742.63
35 678.01
29 588.47
70 430.01
12 716.17
84 146.69
100 177.11
37 439.68
28 678.65
48 888.75
84 998.87
13 384.93
21 977.23
59 303.58
8 351.65
53 598.94
73 923.54
29 694.59
63 806.58
42 458.25
70 345.97
74 181.07
64 638.46
77 425.03
26 625.98
37 755.69
1 390.75
8 119.05
2 478.75
43 826.12
33 205.74
43 899.57
46 646.99
38 959.59
43 531.21
58 977.73
98 600.91
54 415.71
45 291.12
29 887.58
35 844.76
4 348.58
91 100.29
88 508.96
23 547.77
83 446.52
21 420.86
35 372.46
22 254.91
68 155.28
28 732.81
36 897.44
29 859.19
82 620.11
63 774.14
20 454.40
30 323.38
78 572.20
94 855.36
27 957.76
80 411.85
82 982.29
11 924.28
11 161.11
53 285.63
11 708.28
54 857.23
10 470.79
45 951.17
97 348.32
47 499.51
61 152.85
19 137.28
64 337.02
12 801.91
66 832.93
77 242.64
85 232.06
58 805.82
74 295.63
26 784.45
46 295.34
37 144.68
100 219.47
48 859.28
17 960.82
80 475.38
5 236.55
76 347.78
66 948.30
20 714.06
3 930.82
71 597.38
54 349.69
50 342.47
39 104.39
86 786.19
47 559.03
47 645.14
23 560.46
19 338.55
45 873.15
6 127.93
74 373.10
73 913.43
48 388.11
81 989.35
86 980.52
49 525.90
70 809.27
28 229.38
22 542.69
28 568.77
85 865.80
18 538.78
68 186.01
69 492.33
86 158.90
95 227.11
4 418.94
30 949.12
95 347.83
81 519.66
90 360.97
25 836.68
53 633.93
25 405.56
98 802.82
63 447.30
66 996.93
93 114.64
42 347.27
24 274.81
45 948.16
97 230.51
41 672.33
76 263.54
5 248.10
89 229.40
72 518.28
6 686.23
25 442.10
44 753.86
72 313.10
78 336.59
32 663.61
75 400.14
87 107.98
51 648.31
42 724.47
29 553.90
99 936.26
51 244.77
96 717.35
98 894.21
8 674.91
22 566.57
85 369.46
26 865.78
66 226.59
69 340.29
87 621.89
74 784.23
24 665.41
70 428.13
69 137.65
22 261.11
46 771.93
66 512.20
17 804.40
83 627.04
45 895.54
97 682.15
88 788.10
55 944.75
70 961.09
23 198.50
61 106.91
89 190.82
73 829.72
72 530.34
79 129.28
71 848.30
70 634.43
60 285.58
36 540.20
18 746.83
15 406.35
28 760.76
57 723.70
11 122.03
35 285.98
7 500.15
96 224.55
95 751.80
19 563.81
23 779.23
44 683.26
12 758.52
42 369.07
16 439.28
41 421.98
28 954.50
35 995.42
21 890.79
30 191.72
54 489.80
77 579.91
55 998.45
9 412.40
95 841.22
76 210.32
75 464.34
69 422.18
85 755.36
2 172.61
60 788.16
4 494.25
20 304.41
22 125.17
55 429.49
96 612.41
10 522.92
62 841.57
2 580.63
4 101.11
77 525.47
48 843.63
57 932.41
21 241.12
24 143.33
54 309.37
92 133.47
29 911.99
67 238.59
58 318.56
83 857.96
71 807.14
38 153.27
26 871.94
93 987.24
3 524.51
27 232.46
4 294.97
14 907.39
69 633.79
65 629.39
42 568.21
74 234.79
22 801.89
56 885.34
7 691.83
89 105.82
41 195.36
72 592.86
17 812.86
84 928.83
71 616.32
91 117.99
88 324.25
7 288.36
38 124.96
53 964.00
21 201.90
60 403.51
86 315.17
20 140.59
81 255.55
7 646.62
22 946.39
44 928.83
62 456.45
46 203.90
37 710.25
53 941.55
2 468.24
59 874.48
96 688.89
69 800.79
84 868.01
39 201.82
81 654.36
44 183.59
59 231.09
69 743.66
97 153.87
41 869.46
49 926.31
27 500.31
53 613.01
76 577.92
38 838.99
87 865.68
20 961.54
16 118.87
5 834.38
21 905.17
17 967.66
45 796.40
32 754.82
18 488.56
73 532.91
98 800.97
47 738.47
47 125.60
68 514.03
64 620.23
22 609.23
5 864.93
43 642.79
58 181.49
3 868.70
54 937.85
13 408.61
55 439.47
53 123.58
13 536.67
99 311.43
31 647.74
11 681.35
98 430.33
53 110.57
13 203.09
7 194.19
81 250.03
86 986.51
64 184.77
64 511.44
59 636.32
77 321.56
70 666.86
3 804.73
84 150.01
9 674.05
14 445.25
55 325.94
64 451.39
93 969.89
34 552.42
29 741.01
97 563.30
13 423.73
71 432.30
11 700.10
17 968.28
23 943.98
10 294.61
91 708.67
94 150.87
65 401.65
16 687.21
16 201.38
99 961.28
48 166.69
99 771.64
23 179.95
1 521.73
30 735.51
96 354.53
63 315.65
57 857.21
39 547.84
86 998.62
79 284.99
95 831.38
68 254.00
87 357.87
85 344.38
93 775.82
46 875.06
42 580.53
60 798.72
1 324.66
26 107.03
14 510.41
90 586.54
94 725.39
9 341.15
21 966.08
55 759.47
46 759.37
36 992.55
47 348.78
21 378.45
85 383.14
80 702.85
32 447.42
77 825.39
13 548.59
7 964.92
4 768.14
99 205.57
9 398.50
44 578.85
53 656.82
2 903.14
64 664.67
37 426.64
68 662.72
97 524.54
19 499.97
22 826.88
65 552.17
23 308.90
14 865.28
43 917.41
22 834.98
87 103.99
95 121.87
81 980.12
85 251.11
51 747.31
89 527.33
60 530.90
20 750.22
39 391.95
87 791.56
76 749.90
18 770.36
33 632.35
57 802.67
56 486.20
95 835.71
88 418.19
5 195.74
62 235.05
1 582.12
41 358.65
64 707.97
53 380.11
100 445.87
100 377.52
77 158.51
94 149.96
40 961.49
67 488.08
74 263.75
86 982.32
46 285.18
67 348.85
95 635.42
51 252.09
32 920.38
40 121.25
75 649.65
70 643.97
97 886.21
58 831.34
81 299.15
30 109.68
69 540.83
40 696.23
68 460.25
3 639.47
16 810.31
96 476.76
17 943.29
4 816.44
6 524.47
76 624.23
86 675.45
6 187.32
77 955.82
49 658.83
72 860.79
14 873.63
30 941.28
10 678.12
13 793.84
92 628.15
43 730.55
64 386.02
60 340.50
31 182.05
75 238.02
37 306.26
38 454.37
27 358.19
71 250.60
38 862.02
25 328.55
65 297.97
91 645.87
39 458.21
62 356.71
61 954.91
55 886.93
80 738.42
68 940.56
48 706.16
50 474.61
23 207.92
22 624.45
100 827.85
11 294.96
52 234.91
29 173.07
7 365.86
46 812.91
93 377.56
3 695.15
49 950.98
68 917.47
46 690.05
33 659.36
12 668.01
43 913.06
88 154.54
90 766.51
39 737.73
9 756.64
14 999.14
30 344.31
9 709.05
72 874.16
93 511.03
16 882.08
63 317.19
82 398.93
31 320.28
44 447.81
89 563.19
19 339.28
19 530.70
53 763.79
7 796.41
1 694.04
4 960.51
40 185.51
75 315.90
72 262.47
22 681.46
42 361.52
53 320.16
58 681.01
95 585.71
77 136.66
48 621.64
36 139.27
24 210.00
41 828.04
48 870.98
18 533.21
51 761.68
58 434.72
2 162.14
76 719.37
49 658.54
76 351.52
47 415.44
39 142.88
62 946.48
82 314.35
76 367.49
33 141.91
16 905.73
7 320.36
52 291.64
56 403.65
9 986.20
36 810.60
88 132.54
24 293.57
58 638.46
35 400.70
35 781.93
79 349.33
85 298.48
85 869.11
28 984.83
54 681.14
37 674.40
55 358.08
23 147.36
15 366.38
65 368.65
8 658.22
61 232.30
43 750.07
79 657.37
80 796.96
19 597.65
96 955.05
55 724.82
60 906.99
44 308.42
81 187.25
41 851.34
70 776.57
72 504.61
73 661.08
37 209.56
89 708.11
55 911.28
15 924.62
46 522.08
90 744.18
82 189.28
46 744.54
75 639.55
100 959.84
82 628.42
35 992.61
68 656.17
48 761.42
27 406.10
98 888.62
14 981.97
82 837.48
52 825.52
69 584.29
58 696.43
54 384.27
25 885.78
67 498.14
94 826.87
67 642.18
71 566.12
29 390.12
43 573.68
86 670.08
36 994.20
49 304.83
23 352.33
51 733.83
98 465.43
52 617.10
48 571.49
3 753.13
27 268.08
33 546.75
87 938.30
59 182.20
49 133.53
23 779.55
5 883.88
97 641.90
85 977.41
83 957.08
61 760.46
87 258.34
73 411.98
57 380.45
43 257.92
29 446.41
90 659.46
7 298.13
46 894.37
56 837.64
36 420.16
91 688.23
82 368.51
10 875.60
20 547.98
72 637.50
92 589.67
4 979.73
22 684.32
35 935.85
76 105.44
32 246.71
20 135.63
86 952.67
7 554.16
34 730.21
72 748.94
6 555.08
4 754.18
43 332.21
40 175.19
23 565.06
31 768.62
25 107.59
15 350.52
53 637.97
13 260.59
100 945.23
25 912.57
31 558.68
9 698.80
48 811.90
78 817.76
39 681.93
14 828.54
1 226.28
48 436.65
96 736.16
57 728.34
84 540.97
52 234.95
37 416.46
36 262.40
6 106.83
37 809.19
85 307.91
77 490.41
27 679.97
1 859.22
24 978.60
62 424.88
43 220.49
15 582.44
15 750.33
14 159.94
79 249.63
11 890.32
60 718.29
35 692.67
78 407.91
96 954.94
8 282.76
66 102.54
43 933.35
32 295.05
18 474.25
32 273.30
75 666.35
88 405.75
96 627.07
51 306.89
6 735.86
3 754.54
22 107.99
13 469.93
45 866.64
79 151.47
77 615.16
19 575.94
16 672.66
10 662.38
54 985.76
61 637.45
77 707.51
80 831.51
54 667.54
77 413.67
17 343.52
26 439.35
87 928.45
24 132.88
47 252.39
2 748.40
74 986.71
48 969.65
45 164.98
56 455.05
24 125.39
84 167.82
57 322.68
73 866.33
55 526.03
87 772.29
94 117.14
29 306.40
66 390.96
25 828.27
73 206.68
91 572.37
81 559.50
3 565.12
28 692.06
6 213.68
91 833.90
66 253.23
6 223.87
41 299.38
85 140.36
100 201.06
22 101.32
39 218.40
49 943.22
46 608.47
91 783.59
73 584.53
13 270.06
35 351.67
30 371.16
81 591.85
82 845.20
21 439.82
68 742.11
35 855.32
78 861.35
72 809.87
19 916.39
45 871.90
80 334.11
74 516.41
49 152.33
64 676.11
71 437.64
19 858.79
86 186.72
60 189.18
32 352.91
80 569.50
7 777.58
42 224.65
23 458.99
78 906.26
73 587.64
28 470.50
12 152.92
85 569.95
99 388.75
46 267.06
42 791.10
81 790.55
42 516.19
65 708.57
96 618.05
25 509.40
51 528.43
13 106.24
94 275.89
36 990.60
92 491.91
56 674.72
95 970.05
83 387.61
32 422.56
4 940.09
76 936.04
51 743.01
22 898.33
92 682.02
72 847.02
79 693.12
11 617.85
27 271.03
88 569.81
24 159.02
90 994.50
70 461.89
56 776.52
3 265.36
78 344.85
50 723.20
62 586.64
49 937.74
25 103.17
43 762.60
75 483.29
93 742.20
30 139.70
4 167.10
50 134.05
89 690.39
93 988.00
15 662.98
30 842.30
17 880.68
7 914.04
37 235.62
68 420.63
30 864.39
22 246.77
16 983.89
52 993.11
79 927.48
7 379.24
57 557.60
72 914.76
91 370.25
23 225.15
45 457.22
47 823.78
35 246.26
76 732.85
5 895.83
16 621.97
18 893.16
43 897.94
23 274.23
86 631.83
16 630.23
29 406.05
87 186.75
9 224.72
81 581.32
29 304.95
5 545.32
9 645.58
79 450.16
71 192.43
92 552.68
49 908.67
33 392.26
42 229.74
22 934.50
26 424.39
58 819.31
45 717.14
7 147.26
95 586.19
66 975.39
100 445.80
16 379.08
67 982.78
67 274.19
56 185.44
38 590.63
35 768.93
62 796.57
6 707.31
43 475.87
97 254.43
46 493.47
43 296.86
91 560.68
59 373.97
48 344.28
76 240.16
79 136.09
78 267.95
48 835.52
84 560.07
26 419.26
73 783.54
38 150.83
72 451.48
40 656.03
55 343.94
81 222.38
80 292.23
15 312.86
90 448.61
25 715.46
61 494.56
29 790.55
42 946.89
9 679.11
91 725.40
88 282.55
35 543.21
12 135.98
47 228.04
94 132.50
62 211.77
58 700.12
4 526.15
73 129.69
46 618.89
38 492.62
58 414.82
9 789.52
100 973.08
38 772.30
15 885.99
65 482.27
100 242.50
31 407.19
71 931.72
59 257.34
13 918.59
73 449.42
78 450.18
23 356.34
65 939.09
36 262.02
74 158.98
81 398.44
87 638.79
89 367.48
58 472.59
35 110.78
44 649.81
90 714.94
25 915.28
17 594.97
86 738.29
59 514.23
93 119.32
57 269.69
90 617.83
28 233.93
8 862.81
25 651.42
47 534.92
10 989.58
57 177.63
86 474.84
42 697.00
4 771.43
97 341.03
69 188.21
7 632.88
66 856.08
4 592.14
64 931.00
4 877.78
48 320.28
92 224.56
46 520.73
40 684.07
21 327.15
10 344.91
42 973.22
77 322.35
87 364.50
28 848.04
22 259.75
52 666.13
77 583.76
54 936.65
53 757.18
5 522.70
72 661.49
33 116.91
31 881.34
35 195.37
71 673.84
56 514.60
3 675.87
22 593.67
26 431.42
72 655.18
74 805.28
20 608.99
85 754.69
25 941.98
85 580.18
96 733.13
13 118.99
52 962.05
88 433.32
27 722.91
59 485.77
56 755.96
63 283.63
44 488.33
72 279.49
40 568.14
15 604.86
63 805.94
69 985.10
25 823.99
96 521.57
58 155.58
54 174.74
61 527.66
17 415.21
51 313.98
25 986.80
42 546.72
7 631.14
82 535.45
99 516.43
76 666.68
87 257.51
3 591.11
33 884.28
99 147.70
80 778.08
13 628.86
97 537.10
59 241.45
51 811.48
73 534.25
38 338.39
70 598.68
61 696.36
8 607.53
90 797.95
9 933.29
90 215.69
57 785.82
91 221.35
85 769.64
21 774.58
65 358.76
20 717.76
13 358.10
20 691.36
6 381.68
32 288.47
51 849.39
12 856.03
77 120.81
1 252.11
52 801.16
8 185.76
23 130.03
65 720.88
75 722.59
6 811.02
38 112.39
82 672.86
2 382.75
84 212.88
93 846.05
92 104.76
31 633.39
70 406.94
40 676.31
29 869.81
36 464.19
97 995.54
86 113.69
17 789.57
70 250.66
83 271.80
46 499.28
90 405.10
2 263.73
21 445.35
26 525.18
97 845.20
43 698.95
73 794.50
33 274.97
75 561.46
68 817.22
2 971.31
50 609.97
4 769.70
30 601.22
54 508.84
94 896.08
22 121.50
18 352.36
35 295.96
8 269.75
80 524.06
12 214.44
29 898.80
6 203.28
43 471.38
22 627.47
11 379.37
70 710.24
39 337.62
66 597.70
98 879.86
11 928.22
12 375.68
20 133.87
50 508.68
53 432.53
9 501.47
43 641.75
9 105.05
14 977.92
83 665.34
4 322.53
7 371.57
39 850.12
17 863.58
3 878.79
84 623.17
12 346.97
22 350.62
88 239.77
100 735.85
58 406.25
88 419.65
57 842.15
99 199.35
84 956.85
33 681.03
9 151.85
48 137.17
55 108.00
55 310.89
80 180.90
60 290.90
90 615.81
93 637.74
27 695.28
95 284.69
8 889.23
27 423.06
54 291.33
20 491.01
61 408.83
35 438.77
47 378.48
32 224.60
91 780.55
97 936.41
55 867.24
57 871.95
90 598.78
68 446.68
21 676.90
58 363.22
89 102.22
37 107.66
48 424.18
31 916.24
32 485.17
68 825.48
98 645.77
22 740.48
8 786.17
75 304.72
33 621.54
100 173.01
58 989.64
64 515.21
31 696.48
67 464.64
96 486.85
83 603.40
82 462.55
18 285.43
51 776.50
40 573.46
92 444.08
18 407.28
62 125.57
25 357.42
29 251.39
90 693.39
84 985.16
33 147.98
41 372.13
2 608.88
82 887.55
82 615.89
12 587.76
87 269.08
70 618.41
56 356.33
65 959.92
47 187.08
22 425.08
85 713.62
42 255.82
60 385.60
6 931.21
43 882.90
26 174.98
97 349.67
49 975.04
62 928.74
24 826.76
71 325.94
56 209.47
48 781.26
20 613.91
41 947.65
41 732.29
10 286.94
24 764.92
24 839.05
60 398.61
16 365.97
37 410.81
70 708.73
4 182.27
10 785.75
98 624.89
68 857.10
91 170.31
79 911.76
3 175.99
26 320.58
88 887.31
54 768.25
23 853.93
30 823.62
12 748.55
61 923.07
87 141.10
56 920.98
31 453.55
78 786.48
35 648.17
61 943.08
78 581.28
53 855.11
63 145.41
75 157.55
27 103.30
61 267.57
81 947.78
89 454.39
57 456.45
10 859.20
65 498.39
41 707.01
5 595.57
99 990.44
32 255.58
68 615.62
75 312.67
40 655.13
99 917.20
88 319.00
44 205.60
10 582.63
89 821.89
87 485.08
14 747.81
89 399.45
38 179.00
71 892.89
87 867.44
27 235.52
4 820.33
46 768.90
97 583.76
11 651.76
100 195.66
81 414.37
87 756.99
19 821.00
79 733.17
80 149.01
76 897.18
85 369.61
7 860.75
57 195.78
87 985.36
8 869.45
98 359.47
19 707.21
72 829.46
57 735.11
95 786.53
68 455.48
48 541.11
66 297.10
31 863.57
15 229.15
61 336.60
54 916.99
77 775.19
10 201.87
96 884.99
48 828.10
17 802.31
43 639.80
38 648.64
59 720.90
100 635.72
10 147.52
42 451.78
29 661.06
3 835.05
5 453.07
84 136.63
93 453.13
6 881.80
1 798.99
3 909.12
94 802.37
61 841.26
94 597.40
41 479.60
81 358.51
87 997.96
53 886.14
19 907.53
47 309.67
70 565.59
85 994.46
40 603.65
11 149.07
79 267.54
28 632.87
90 755.41
26 841.46
5 165.67
57 368.98
6 494.39
14 495.14
13 160.38
13 332.57
71 814.05
27 135.96
30 849.78
86 324.85
22 151.03
98 378.76
12 630.47
60 624.20
11 275.39
4 448.12
32 799.96
52 214.07
26 115.73
72 453.37
28 630.48
64 349.96
82 890.80
24 673.79
64 603.32
22 902.94
91 106.34
87 731.21
82 570.98
65 169.04
37 566.27
61 189.07
65 196.56
7 123.77
100 465.51
81 220.17
89 510.97
51 405.64
5 367.96
39 342.10
69 837.82
93 412.07
87 448.33
80 763.24
55 160.79
25 938.57
8 907.87
29 816.83
37 783.31
30 224.18
98 919.95
19 912.70
15 644.26
95 436.35
39 607.20
22 475.63
12 691.97
15 859.34
41 553.81
90 793.28
9 769.93
62 574.95
66 136.23
33 535.67
50 792.28
55 274.33
13 822.88
3 598.80
66 220.17
26 608.99
70 959.98
27 794.53
40 762.19
12 314.14
94 806.35
77 867.64
1 507.04
57 220.93
72 623.65
55 415.74
32 458.26
40 182.87
2 883.82
53 224.15
10 642.98
65 277.34
84 675.43
16 882.37
21 194.77
16 795.30
12 230.00
89 681.68
74 715.64
92 682.50
97 927.22
31 991.72
98 284.36
41 570.61
29 263.62
31 734.35
13 690.14
59 953.14
37 819.97
64 183.22
48 195.57
76 692.14
19 861.18
15 449.53
21 787.45
9 641.69
14 629.39
79 958.39
58 257.23
94 467.17
19 845.96
70 958.92
1 270.65
22 724.51
31 516.90
89 246.92
79 747.75
5 482.79
85 506.61
61 447.22
85 398.67
73 553.10
23 926.19
53 684.31
40 250.26
25 296.82
69 937.37
28 132.49
8 734.76
70 193.29
78 926.03
70 842.98
41 716.19
80 557.94
77 353.12
9 707.47
67 769.51
44 826.29
63 428.68
21 936.01
49 641.41
37 758.93
25 236.61
14 113.68
3 727.79
81 513.12
45 568.37
25 497.14
48 142.74
30 613.98
22 154.33
13 237.02
41 450.17
92 570.86
75 250.84
40 705.20
88 698.77
59 830.34
22 561.60
35 812.69
70 177.92
76 392.50
21 860.73
100 883.72
88 523.28
73 371.71
74 892.38
99 791.29
13 415.50
48 110.44
47 343.51
31 675.51
39 120.23
69 703.30
19 105.93
18 618.75
11 291.24
77 114.55
28 408.84
82 833.41
24 857.78
3 942.56
100 768.50
37 140.87
42 988.27
59 262.17
40 625.30
34 452.40
45 599.86
20 343.23
72 476.49
77 240.02
90 350.03
72 531.63
57 877.37
86 221.01
93 961.55
83 913.25
99 329.67
19 239.62
86 147.46
33 202.74
42 401.47
93 794.22
10 693.65
77 982.03
36 894.15
24 331.22
3 643.21
17 795.44
79 511.90
81 248.85
7 585.43
12 229.66
78 599.50
53 558.01
14 796.08
94 449.80
7 320.99
90 850.71
71 261.79
48 547.14
67 888.19
92 735.27
17 303.68
54 461.47
10 248.54
13 657.58
1 498.81
80 386.14
14 622.40
100 872.02
71 394.99
3 388.02
79 423.37
75 726.82
77 186.97
36 505.00
8 167.10
55 960.79
55 998.01
17 562.17
20 461.74
41 718.62
35 715.92
2 960.44
93 119.94
86 571.66
12 248.23
27 216.79
5 321.46
48 826.95
19 470.19
56 503.22
9 908.73
93 119.40
95 589.99
69 989.30
91 408.98
14 886.23
84 892.84
15 863.40
98 413.40
92 211.79
82 523.40
34 224.77
8 317.86
8 818.07
24 605.78
11 640.49
87 851.46
95 998.39
64 795.48
33 289.13
14 913.84
71 999.35
45 529.06
31 685.76
85 973.00
22 728.96
86 210.45
28 216.03
56 765.64
84 277.72
48 988.81
33 406.39
75 753.25
17 817.89
94 808.94
87 552.37
99 515.75
45 988.97
73 718.50
22 383.40
34 504.48
97 689.15
97 419.55
97 705.56
84 299.58
25 226.87
98 449.91
36 449.81
33 306.92
94 670.80
43 149.60
13 776.07
15 652.89
32 592.54
65 768.51
71 596.47
63 523.86
85 372.19
71 670.46
6 188.13
100 433.23
37 919.91
39 870.30
2 251.66
12 256.64
53 412.89
32 946.53
49 318.58
64 171.53
39 518.08
80 751.90
91 128.16
71 975.02
20 645.01
47 456.95
75 555.26
40 900.06
12 749.05
97 886.04
88 642.93
19 119.30
74 361.38
48 363.20
31 319.98
2 329.53
14 201.62
88 882.02
85 604.94
68 427.36
27 898.49
51 851.03
54 998.60
19 938.84
22 723.89
38 874.62
21 522.24
5 187.91
99 333.74
1 277.75
15 929.36
52 816.65
89 511.62
54 227.96
76 815.55
8 498.98
46 837.49
25 499.45
6 711.54
44 337.16
41 358.72
14 681.43
95 590.98
82 558.57
56 985.20
59 825.84
30 876.59
81 745.88
44 894.09
37 226.51
14 606.90
15 230.91
93 480.60
77 564.60
61 371.62
44 928.80
52 293.40
32 727.77
41 272.50
80 718.95
4 713.81
60 894.66
40 192.06
30 745.58
9 756.94
72 679.18
40 408.55
21 113.13
30 217.22
47 215.20
93 981.88
63 520.00
23 695.83
11 623.37
61 467.58
25 324.93
75 932.46
62 382.57
14 439.71
89 364.42
1 103.57
61 746.12
53 465.18
59 209.08
78 849.26
76 993.27
63 375.57
79 146.27
37 917.05
99 238.72
29 762.28
19 857.26
42 501.62
40 837.42
31 514.02
74 486.97
52 632.96
13 387.57
26 752.09
68 803.52
99 871.91
36 155.73
89 887.03
33 551.22
23 414.72
77 794.65
35 954.77
59 345.41
54 938.79
37 312.96
21 613.01
12 450.59
52 445.85
8 195.42
73 841.47
9 409.42
58 997.51
100 541.46
28 442.95
52 117.71
80 127.55
42 596.39
19 993.55
83 906.96
3 873.90
54 956.09
24 879.78
96 923.49
61 225.57
31 983.82
72 684.20
38 238.37
51 205.27
67 394.38
51 692.61
37 462.70
42 838.10
38 593.54
43 841.38
99 673.22
63 385.43
88 628.15
56 979.94
52 295.43
50 892.43
3 887.31
70 476.75
59 686.81
3 216.54
27 276.61
16 473.62
52 163.85
65 247.31
17 981.43
88 304.78
61 771.16
41 794.98
94 287.51
46 656.30
79 131.85
48 662.56
54 707.99
71 850.48
1 439.22
83 292.06
41 376.47
45 207.98
34 847.52
98 752.26
5 452.86
76 360.40
44 550.86
74 841.56
17 338.86
5 563.25
36 361.80
13 838.01
22 559.36
32 139.74
60 643.99
13 573.58
31 283.78
62 977.02
78 633.67
14 894.78
99 207.60
17 219.28
85 941.22
42 409.09
81 245.08
97 306.93
37 629.02
1 512.04
80 233.36
80 530.35
84 535.10
4 836.82
33 101.83
87 287.60
29 450.51
11 868.22
65 415.73
64 504.72
47 237.89
55 838.77
7 168.32
64 510.59
40 438.45
39 625.13
87 148.87
25 825.84
85 394.01
47 489.25
74 559.01
53 653.96
69 526.14
16 734.02
73 105.46
4 332.98
8 957.10
36 869.69
3 300.62
69 236.54
3 855.51
35 351.10
69 594.67
65 193.09
81 343.49
20 191.59
7 510.03
74 560.48
81 147.28
81 378.87
89 302.00
30 355.95
12 846.70
9 264.25
53 832.06
5 712.57
62 875.18
54 781.01
84 915.28
51 182.17
63 204.21
5 112.08
63 311.12
57 968.77
71 578.81
18 909.56
48 522.82
31 413.64
68 671.49
6 582.03
83 379.50
39 767.86
47 655.44
91 290.72
97 596.84
87 667.91
52 621.29
43 609.91
78 176.25
55 557.74
23 342.58
70 833.33
85 906.86
21 259.73
49 888.62
90 708.55
94 187.94
71 412.84
38 622.45
60 532.23
54 844.96
52 222.97
6 920.83
99 979.82
52 873.34
28 433.97
36 976.46
16 155.79
71 700.83
79 806.65
66 393.70
27 390.09
29 771.94
49 170.57
84 302.73
15 364.93
30 967.67
65 169.03
39 826.78
61 704.56
68 896.48
7 160.81
86 953.30
5 487.45
11 197.44
93 162.59
21 444.96
95 294.19
63 382.96
39 156.28
38 359.73
10 795.83
29 325.70
2 540.15
79 885.25
71 666.56
8 499.44
92 772.20
88 476.06
78 474.39
94 370.59
97 999.57
37 242.64
32 607.39
29 183.84
64 618.04
21 449.06
30 473.48
13 431.11
48 735.94
22 813.08
89 840.07
86 878.07
15 738.27
64 791.90
35 241.41
50 443.41
23 625.21
49 243.69
18 149.62
30 645.30
29 733.28
79 570.25
24 455.27
66 735.16
79 608.96
72 488.47
86 269.00
53 805.80
50 922.96
77 831.49
14 483.58
27 222.39
87 100.86
28 672.65
67 747.70
91 584.86
81 622.58
84 374.64
61 593.65
9 947.68
29 900.44
13 589.30
70 799.37
8 608.55
36 573.71
81 405.36
68 520.04
57 132.67
40 401.21
64 676.10
99 793.15
45 770.05
26 187.51
55 161.08
62 504.83
83 670.14
89 528.63
78 237.74
18 422.12
62 112.47
19 978.85
25 741.24
89 681.57
8 135.69
23 306.96
53 281.58
46 384.46
18 840.30
46 393.74
21 527.13
41 720.05
17 184.05
25 259.75
9 750.58
19 696.43
30 501.24
54 908.73
74 847.91
89 331.26
100 718.69
18 851.78
57 118.96
49 858.23
37 521.73
17 248.61
47 781.16
95 901.94
7 110.33
76 425.97
18 186.30
43 596.11
80 427.01
69 659.25
2 825.96
97 799.08
7 723.45
18 837.09
39 526.11
3 589.24
4 910.61
12 862.72
97 631.20
59 142.01
2 670.85
72 716.90
59 675.29
62 693.14
45 461.20
19 171.20
94 884.78
2 545.70
93 617.30
73 957.99
77 991.35
53 728.07
92 243.81
67 510.05
16 316.14
48 766.37
5 459.49
66 626.22
8 209.72
40 699.32
25 878.25
11 419.44
14 809.43
52 690.69
38 268.00
87 823.38
37 590.49
23 978.99
42 124.98
60 870.28
20 298.14
28 661.59
42 894.37
70 322.20
16 344.21
59 421.73
75 324.52
71 879.68
47 644.00
62 433.56
91 233.38
1 304.32
74 177.55
77 460.86
99 878.88
99 816.17
50 571.69
52 657.01
96 450.34
9 644.20
91 522.08
10 422.10
62 386.43
61 260.12
61 328.36
45 734.86
19 902.53
30 514.47
83 587.69
42 300.76
74 997.79
100 221.84
10 713.33
35 190.57
50 900.62
6 726.12
25 345.37
3 481.54
68 653.29
96 693.94
100 603.75
85 870.43
5 306.12
27 979.39
56 170.95
79 878.18
90 929.50
97 231.22
93 336.26
26 309.97
52 235.25
83 694.71
81 156.52
48 214.46
60 671.58
74 896.37
16 577.52
66 711.88
42 774.21
27 623.48
83 921.73
72 929.73
41 226.47
45 377.31
33 754.55
30 370.81
73 500.90
61 519.50
34 778.11
44 928.36
90 374.25
57 352.15
45 927.30
97 570.55
89 470.20
97 110.77
3 299.13
81 188.36
7 963.05
35 571.71
56 485.93
3 408.61
1 836.10
67 707.80
58 979.14
95 433.18
41 163.79
87 404.10
67 161.50
21 794.59
65 840.70
56 988.38
13 240.14
21 516.10
77 420.40
84 211.84
25 732.95
92 364.79
12 651.75
90 857.65
23 672.26
34 669.59
19 932.40
1 883.24
41 306.36
48 686.48
62 215.82
40 830.44
66 384.40
87 638.27
47 429.64
2 707.21
31 250.17
76 661.28
46 967.22
27 256.35
50 634.65
62 504.13
4 126.20
44 972.76
35 454.98
43 597.12
27 812.62
89 162.22
89 781.08
83 928.04
40 173.54
43 894.06
7 891.87
92 987.92
89 844.76
11 699.96
13 312.11
50 668.62
46 158.72
53 207.52
26 544.44
79 311.42
33 695.95
66 617.85
65 535.97
64 733.99
42 694.95
81 279.03
71 594.04
68 449.79
36 516.12
53 266.89
67 870.40
32 683.33
35 779.42
46 703.44
16 466.33
21 627.67
96 617.57
20 754.07
98 755.44
82 496.24
2 889.33
60 349.76
55 274.24
70 590.79
57 454.37
8 862.96
84 279.54
85 888.19
27 152.17
23 756.22
52 745.77
38 599.09
57 673.38
40 830.32
9 525.32
72 367.24
12 175.28
50 565.88
68 754.12
55 669.69
28 729.57
17 995.18
97 430.53
32 687.57
63 329.52
39 943.62
27 843.36
6 692.46
97 746.15
44 383.07
54 605.45
18 443.03
5 491.72
46 643.52
100 554.27
10 353.61
64 373.72
64 370.74
4 353.03
1 407.06
99 147.98
6 965.19
48 386.83
26 869.13
12 922.37
14 235.06
69 270.89
83 515.96
13 519.90
60 813.24
22 884.90
77 628.85
28 619.62
9 354.63
92 928.45
51 623.70
99 461.50
17 388.29
78 700.25
17 479.73
95 370.25
58 914.20
100 466.00
11 419.62
49 763.14
43 327.38
59 151.38
29 127.44
12 320.10
75 713.51
79 302.79
98 125.89
90 657.21
26 593.50
78 455.58
77 468.76
10 538.08
14 503.22
40 854.68
24 428.66
47 130.18
27 393.50
13 357.24
32 873.37
19 527.04
67 140.39
43 687.93
62 513.51
4 391.00
47 312.11
94 585.60
47 318.59
23 162.56
42 835.70
3 903.35
76 150.47
7 693.27
64 718.14
56 421.91
3 553.38
94 897.57
9 187.40
100 967.72
82 706.30
11 319.33
30 393.60
73 828.10
53 655.90
13 632.09
82 738.91
53 595.60
35 847.90
83 390.25
86 370.79
63 423.27
38 133.62
43 412.89
2 872.19
76 744.88
68 121.52
47 953.29
69 109.07
6 839.16
21 889.96
19 613.61
47 959.12
99 980.59
16 878.15
69 881.63
100 137.45
38 753.87
81 108.23
62 781.91
64 352.56
36 148.62
5 306.59
18 327.73
2 100.96
10 473.02
45 989.60
65 398.51
88 670.35
99 787.96
23 303.80
77 251.00
22 388.86
57 416.35
56 888.07
25 115.69
75 786.55
17 966.62
80 265.56
70 208.48
33 890.45
10 893.17
90 989.74
90 842.69
4 766.00
51 957.74
68 810.26
95 789.43
100 344.85
50 859.72
23 929.36
62 934.04
92 129.15
17 232.97
42 672.03
42 351.80
20 506.67
17 741.01
1 482.20
20 903.41
72 653.89
42 605.46
66 519.27
70 364.72
28 625.29
37 619.23
77 849.35
49 416.30
2 853.53
48 760.72
61 629.20
49 998.12
5 738.20
13 620.45
9 141.70
14 621.02
40 619.82
94 205.64
28 737.71
90 237.44
30 341.58
38 656.80
76 428.66
77 556.07
31 747.82
8 293.12
89 134.94
81 951.77
60 468.57
94 989.29
4 448.74
95 214.08
34 645.33
32 682.09
65 182.20
24 303.97
96 441.25
52 539.29
57 558.74
43 873.97
68 306.82
85 692.07
61 646.33
82 764.56
55 564.64
37 872.79
68 532.32
100 255.11
99 833.86
53 130.41
24 754.05
39 381.84
33 780.80
57 233.47
82 805.21
72 839.37
91 643.42
19 226.07
54 675.79
72 678.56
24 291.29
68 496.43
4 499.52
35 540.78
48 418.28
75 194.42
8 630.15
55 202.40
22 305.05
14 584.02
67 952.10
47 879.39
88 233.88
10 207.50
17 412.77
31 913.81
22 968.27
83 105.29
2 251.23
12 559.40
76 485.54
34 979.34
56 541.45
86 549.29
14 481.21
3 819.54
52 446.07
24 363.14
80 630.77
14 576.63
88 109.99
13 371.93
48 646.41
6 646.19
46 231.00
68 784.14
65 585.43
36 848.21
59 767.13
76 646.39
78 359.48
95 643.86
36 652.04
60 816.67
13 953.38
97 421.20
20 520.57
98 852.26
73 397.01
61 949.43
81 609.52
61 739.21
74 503.70
52 990.31
38 333.93
57 666.00
48 414.13
28 576.83
78 239.74
18 569.28
9 619.67
96 393.02
64 623.83
49 448.71
6 468.07
2 940.29
39 582.60
97 500.44
52 474.64
54 725.26
66 635.78
31 878.42
47 668.54
14 980.17
52 777.19
26 746.90
7 385.05
93 876.60
31 614.60
80 868.42
87 551.04
59 232.48
11 515.45
84 644.29
54 352.38
59 355.65
79 828.41
62 367.96
18 452.13
76 539.35
52 643.18
86 157.94
69 417.52
6 510.65
99 938.02
89 923.14
40 220.41
4 700.36
32 548.39
5 545.34
16 141.96
7 786.45
29 494.44
36 590.47
87 904.56
79 359.06
62 391.36
27 770.59
20 442.47
93 920.29
82 125.16
76 986.18
16 779.04
21 228.92
15 894.16
91 260.62
45 115.69
48 969.19
54 474.62
26 707.68
96 244.49
22 815.03
79 930.67
95 373.51
22 658.24
63 870.26
33 461.53
6 160.69
38 740.05
98 763.90
27 253.95
49 985.75
43 449.73
36 433.36
48 354.68
90 523.38
24 598.55
99 372.89
73 577.95
97 759.64
32 973.07
89 345.82
36 572.26
97 674.03
33 809.67
64 698.64
80 472.57
92 503.27
95 841.50
98 586.37
32 836.44
80 849.89
79 396.19
75 463.13
76 254.68
96 994.45
49 673.82
88 130.53
23 915.89
95 649.65
95 930.09
58 879.48
43 444.02
93 946.22
92 642.95
13 266.40
40 249.84
17 358.04
92 522.99
77 107.82
75 622.34
59 759.37
46 632.68
29 924.49
93 264.46
55 574.65
7 153.85
1 939.15
21 136.16
80 903.79
79 408.20
61 178.79
96 839.71
48 617.00
96 435.39
28 959.35
49 375.16
68 133.10
81 338.93
99 744.29
84 584.35
54 159.75
90 568.61
24 534.95
58 968.22
87 706.00
74 755.25
11 464.27
69 142.03
95 399.32
17 632.01
69 883.44
23 518.41
90 265.53
23 345.12
76 239.48
42 542.46
41 131.55
44 494.08
90 153.44
28 894.92
60 212.19
54 661.78
39 387.74
13 533.31
81 630.94
7 899.13
25 782.04
86 139.99
11 858.26
2 812.52
95 808.42
24 923.05
76 314.34
64 852.29
2 332.43
47 293.49
62 840.69
39 534.42
24 937.82
39 414.81
6 763.78
57 640.62
80 829.86
16 806.96
59 909.81
43 251.39
36 228.97
52 863.48
56 980.85
64 374.96
87 955.34
28 162.48
87 435.25
82 376.70
31 637.84
6 471.76
90 961.13
60 101.80
61 698.07
29 105.37
95 851.36
48 717.76
47 262.43
47 558.80
34 235.35
65 382.51
79 256.79
88 905.04
12 788.70
18 428.53
10 550.71
50 974.76
10 327.63
74 899.39
67 780.50
25 765.19
12 341.44
69 783.82
14 622.20
14 322.71
11 765.16
48 672.69
30 220.55
5 470.38
53 445.86
22 766.42
13 900.71
96 130.70
5 800.51
32 800.50
76 394.36
65 198.71
50 359.36
33 159.06
51 526.99
75 650.59
65 330.45
18 261.93
7 596.28
60 721.04
84 870.61
58 485.78
99 421.17
94 691.20
51 446.73
34 568.12
90 575.83
98 708.01
3 215.78
90 146.90
78 804.35
81 149.69
57 823.80
72 231.01
19 775.26
62 790.63
24 713.72
100 843.91
49 600.33
38 328.75
68 308.16
32 215.84
91 389.64
60 245.39
69 409.59
3 733.95
4 222.84
59 111.31
12 979.25
40 638.13
2 345.67
70 569.27
66 378.39
67 221.42
18 764.68
96 651.63
57 954.64
80 130.52
39 317.64
2 502.45
64 949.38
97 479.76
88 502.87
45 525.48
14 587.28
10 619.78
27 510.26
14 127.61
56 124.64
38 548.47
51 650.00
59 542.26
23 136.03
30 831.17
59 951.45
91 919.21
23 522.51
47 154.27
6 655.87
6 764.52
78 725.51
96 554.29
2 313.75
49 697.62
96 181.87
33 903.49
81 521.45
13 223.19
20 771.87
96 605.48
80 493.08
82 756.13
81 158.03
27 846.52
19 377.60
7 561.78
44 776.37
29 483.72
51 987.05
89 530.71
12 350.71
79 522.54
85 557.87
90 646.50
21 791.54
62 283.32
40 752.86
12 124.49
53 734.57
52 999.04
23 257.39
66 698.69
96 402.02
84 703.27
24 232.91
74 193.07
76 723.14
71 989.18
88 570.72
44 771.48
9 254.60
31 380.83
61 253.63
22 808.81
67 580.55
36 532.73
41 891.57
5 874.00
64 274.43
5 214.34
55 997.57
54 347.23
5 188.59
31 904.03
6 555.16
75 250.16
5 141.71
87 718.31
93 450.62
82 927.21
90 674.49
77 461.15
81 476.96
4 260.07
46 795.35
11 717.23
58 519.39
14 546.91
85 715.10
98 171.79
90 319.27
42 654.28
21 126.20
63 485.55
61 754.76
57 476.17
24 916.24
75 785.17
11 869.40
51 428.58
16 677.15
82 347.08
79 857.38
80 312.27
41 549.36
79 952.81
64 656.64
86 680.60
90 411.21
84 274.80
32 915.13
76 738.61
73 943.94
85 999.66
67 635.89
33 137.84
12 808.13
50 304.26
30 574.45
2 891.50
7 522.20
34 368.87
24 534.15
85 882.34
29 436.10
45 692.12
97 486.06
60 990.24
46 489.74
74 528.56
27 811.32
22 558.25
6 294.46
67 643.17
93 904.24
3 393.13
91 433.72
63 189.01
26 197.97
71 131.62
38 324.92
25 293.08
36 137.32
3 880.75
15 673.68
9 918.45
76 301.40
75 373.10
38 336.34
8 158.16
30 690.84
18 392.31
50 208.61
9 391.17
48 810.37
70 591.01
41 975.43
22 229.50
14 758.27
46 381.05
74 324.01
25 972.22
29 584.73
57 817.35
68 264.23
37 978.25
92 783.41
32 312.69
25 176.71
89 769.07
64 584.54
52 589.33
53 273.08
23 774.95
72 161.60
96 451.69
39 719.22
16 318.73
31 630.97
46 469.50
42 889.27
20 107.63
36 181.56
2 249.33
100 729.35
28 126.97
10 418.56
8 448.11
52 409.15
98 393.51
84 888.64
25 146.08
88 594.67
54 300.48
80 799.15
96 102.27
79 382.29
77 288.86
64 792.67
12 990.93
48 647.17
98 780.70
39 373.57
87 434.45
44 643.79
77 157.69
98 873.78
52 130.71
6 989.59
23 761.56
22 564.03
47 281.43
96 792.14
75 351.04
27 336.99
3 683.34
61 331.43
24 862.14
77 336.38
64 668.10
28 825.46
17 678.84
79 239.41
34 100.63
6 886.21
30 685.90
41 324.10
21 793.01
80 907.38
48 399.40
57 712.13
79 527.29
86 637.09
65 994.86
68 255.98
34 332.15
80 627.48
10 788.82
59 419.14
66 722.34
37 264.15
95 486.11
32 442.70
27 693.10
99 765.14
68 992.09
34 980.88
77 861.55
60 886.68
95 974.68
15 411.34
53 301.77
70 449.50
74 265.48
3 208.83
92 891.46
82 765.66
7 456.61
88 154.21
5 175.84
27 748.54
63 275.33
74 568.06
58 887.26
90 959.42
43 776.14
13 962.12
97 794.30
11 401.33
72 196.66
19 661.89
59 695.52
16 542.18
52 554.26
9 813.32
96 367.33
27 438.10
12 772.84
13 160.29
19 922.38
65 892.41
28 919.50
14 579.57
41 412.02
35 661.74
7 550.25
98 749.74
52 349.21
45 490.41
49 115.23
40 830.84
77 792.89
41 995.65
6 177.78
95 631.52
7 945.72
62 808.68
21 611.76
82 407.99
53 962.85
31 929.11
95 105.08
6 104.81
26 854.99
10 969.69
72 768.97
60 258.33
81 896.54
89 394.52
13 858.69
92 916.34
42 237.29
80 202.42
25 498.37
100 735.82
55 501.46
55 623.37
84 474.20
97 456.47
42 226.44
45 532.12
60 781.65
96 902.59
36 708.40
51 235.47
58 750.82
58 609.19
69 483.08
32 743.57
9 325.09
51 305.92
42 433.54
38 709.27
45 278.61
63 583.38
37 678.56
84 321.48
91 790.31
67 334.51
52 206.14
53 652.57
75 830.17
9 495.40
53 108.08
98 241.56
39 797.16
95 182.72
94 585.25
25 200.12
62 449.57
45 163.86
71 914.96
21 536.90
75 989.23
69 573.93
100 368.20
61 805.64
79 539.15
80 587.00
82 441.15
11 625.79
33 475.47
95 995.88
47 224.29
97 639.67
79 690.76
83 703.23
19 107.44
61 669.16
99 287.84
90 299.42
82 495.63
46 717.06
89 985.40
87 953.10
18 224.36
2 801.48
63 859.36
7 528.03
11 866.16
2 104.96
19 495.64
99 947.59
9 817.67
3 532.55
52 229.58
32 978.59
73 595.88
16 924.50
54 122.98
49 383.17
61 282.36
78 257.59
7 161.62
71 518.60
18 520.99
62 666.38
87 941.04
7 355.25
57 164.26
12 395.97
51 252.97
30 642.27
93 424.76
17 251.09
76 553.74
64 369.90
83 685.79
41 359.51
28 394.09
81 324.19
83 698.71
100 558.32
83 435.65
90 207.00
96 540.65
78 850.11
16 750.04
87 149.34
57 681.01
21 217.53
69 972.71
80 918.76
85 411.68
81 425.03
82 275.36
94 222.10
33 325.07
80 606.96
60 784.73
20 385.51
27 527.45
82 967.28
15 560.74
77 203.21
43 681.05
11 306.62
59 409.10
3 174.30
11 776.55
50 519.27
79 856.91
96 277.24
36 279.61
71 570.47
64 939.21
57 807.47
100 519.62
10 104.32
17 461.25
21 967.47
5 294.99
26 142.70
27 763.45
69 673.19
43 924.53
34 737.27
72 927.55
38 228.38
6 482.02
83 294.43
22 359.99
35 413.70
27 141.79
1 241.45
44 557.59
85 910.75
65 964.43
98 562.08
69 917.80
15 336.45
58 477.10
44 451.75
95 833.42
84 931.35
8 944.12
53 885.78
23 540.30
35 823.82
55 247.52
61 838.78
74 935.97
2 817.46
75 792.67
33 121.29
92 439.26
64 920.25
51 172.32
29 481.84
53 228.21
76 193.80
3 727.33
43 758.79
82 440.05
95 306.84
17 979.61
44 123.75
85 640.16
17 437.06
74 529.86
11 259.40
10 626.44
82 895.48
30 815.27
52 139.29
19 987.04
48 723.69
95 206.18
64 942.13
84 873.18
17 332.38
98 171.14
16 250.03
44 857.26
38 241.97
46 163.41
86 708.23
22 432.28
56 603.88
67 512.51
63 713.03
20 804.92
12 926.43
8 208.20
60 741.48
34 445.75
4 714.33
54 207.79
70 425.42
66 500.55
84 175.61
96 153.63
6 593.72
94 712.56
13 912.94
24 680.11
33 626.23
93 160.85
28 616.14
90 240.23
85 592.21
64 161.62
48 365.65
17 334.95
32 352.99
81 126.67
52 706.50
28 316.14
63 463.52
98 896.67
56 716.91
78 147.40
34 369.25
28 642.43
74 186.62
99 392.31
29 953.73
42 774.52
56 986.86
74 806.35
42 860.62
20 301.66
78 690.38
16 796.05
78 640.42
64 859.76
73 231.29
17 156.06
65 368.52
82 727.18
83 551.50
75 543.43
22 890.35
68 424.98
11 909.78
40 922.91
63 802.37
31 879.60
5 940.16
90 806.70
59 223.62
60 827.25
35 596.40
77 809.71
84 550.92
93 933.84
61 206.07
52 498.12
56 501.46
99 256.88
77 632.20
46 421.48
9 175.09
6 760.84
81 523.29
51 243.08
23 412.92
9 598.70
72 775.91
5 288.29
18 446.81
56 823.76
44 569.18
51 565.77
94 626.61
7 953.12
100 564.11
27 731.52
38 715.71
8 192.09
23 888.62
14 666.17
60 959.55
84 647.77
48 885.78
97 911.91
75 571.00
25 919.24
84 734.99
6 836.43
28 187.35
11 890.29
88 257.59
39 413.60
40 365.47
42 194.99
51 831.68
49 533.34
84 778.04
86 378.24
55 229.08
18 530.94
18 747.71
84 719.53
23 677.03
77 834.84
45 210.56
52 983.16
37 348.75
26 179.59
26 765.32
28 431.43
78 179.88
61 549.88
97 755.82
82 600.47
74 496.18
29 313.82
44 486.30
8 333.51
27 989.83
60 544.37
12 214.89
80 679.82
15 435.37
83 459.28
53 377.27
71 640.17
32 918.68
69 545.37
73 804.56
24 144.04
98 144.02
95 342.51
76 779.22
67 887.43
41 781.15
33 129.00
54 339.73
80 692.03
26 394.76
92 925.56
4 857.10
25 983.39
78 125.09
35 707.33
9 291.39
11 647.10
30 413.91
10 919.04
40 450.55
94 498.66
92 192.24
50 939.86
65 580.41
76 585.27
56 318.96
1 393.32
94 690.62
50 538.62
80 242.10
66 611.94
78 782.79
98 198.36
82 877.26
64 717.27
94 753.66
87 132.35
48 897.28
16 840.61
2 646.63
9 860.75
13 571.21
74 730.22
74 607.53
65 647.06
2 997.85
46 721.89
56 191.83
18 331.42
16 992.56
49 783.20
39 722.04
94 118.89
25 102.88
74 474.26
21 666.17
29 533.23
51 517.16
89 311.18
48 260.60
14 566.90
38 334.84
36 555.64
29 695.14
84 876.04
47 656.75
31 842.04
91 712.54
57 176.21
59 557.32
10 357.73
31 955.44
69 931.90
19 125.87
21 536.17
3 820.65
75 598.84
25 327.95
32 393.35
16 114.06
7 662.19
76 707.96
53 727.72
23 246.83
75 799.86
54 760.62
38 899.07
69 590.76
84 630.73
9 225.36
39 112.49
15 744.41
92 632.79
95 141.47
4 212.23
8 959.21
6 992.17
42 335.53
65 825.24
74 440.79
79 349.11
9 538.39
67 472.44
72 266.26
79 857.93
7 337.39
44 488.43
92 919.61
76 185.53
98 770.31
77 893.57
67 611.36
3 215.15
27 172.12
10 104.11
68 716.16
68 130.15
20 776.07
51 201.56
39 726.42
86 811.37
16 636.03
15 457.30
88 658.71
93 498.49
4 716.19
41 458.91
45 766.40
59 497.39
56 614.60
20 524.48
8 747.96
78 642.43
21 706.68
53 513.19
42 575.72
28 198.37
22 329.14
81 388.16
88 844.71
32 719.43
88 863.41
42 384.64
69 806.33
46 176.47
39 606.31
67 804.63
53 428.57
50 988.55
37 150.63
30 860.61
97 578.76
27 647.37
21 535.13
67 128.24
93 572.82
85 261.56
88 847.67
11 862.02
16 856.59
69 124.51
3 735.71
4 296.29
37 949.68
54 186.95
94 691.89
99 738.59
45 488.40
53 967.78
90 708.78
15 466.99
74 951.13
61 335.19
21 656.56
31 113.94
14 808.66
17 893.65
74 757.46
60 165.71
56 388.53
94 894.47
57 975.64
63 122.73
23 524.44
33 106.62
52 448.31
13 882.10
11 242.06
45 247.71
63 256.82
54 457.75
78 889.99
43 806.00
5 561.62
35 180.26
10 192.72
90 993.72
94 398.95
35 158.66
21 385.04
1 794.36
67 389.99
55 699.52
91 337.19
82 965.10
86 435.08
96 526.38
11 427.68
12 218.36
5 687.13
1 321.62
49 487.71
67 809.01
51 863.82
99 579.34
83 442.74
19 597.29
24 811.72
85 874.36
73 421.74
97 194.05
28 873.56
100 229.09
82 743.02
2 759.15
23 369.86
64 672.34
30 933.73
53 161.65
49 993.47
69 857.87
64 320.60
62 796.48
75 906.27
36 343.66
65 625.48
57 124.09
8 891.61
1 848.88
4 791.43
5 773.96
96 796.16
77 138.52
17 262.79
85 693.03
86 650.16
94 932.33
42 510.04
74 838.61
68 544.01
64 480.87
47 972.42
71 154.62
42 878.15
2 774.10
67 552.90
32 741.04
7 183.10
32 959.51
18 659.66
49 308.73
1 886.39
92 324.98
14 791.35
12 574.80
69 784.72
99 515.99
6 136.88
72 135.29
29 859.48
1 682.18
78 448.98
6 686.29
13 253.85
18 258.56
37 954.77
74 985.36
77 257.63
77 763.89
96 916.84
64 473.51
83 164.09
53 426.25
1 626.48
6 466.61
37 228.29
94 381.13
43 251.69
44 428.63
75 465.30
40 388.86
99 171.83
40 373.00
80 739.32
52 524.58
91 597.66
1 695.12
36 657.64
39 516.30
63 533.44
41 406.64
35 775.95
52 454.26
44 870.51
25 955.73
60 487.36
86 148.68
8 342.12
23 887.74
13 290.33
69 937.76
3 912.21
9 222.44
31 367.69
22 320.36
12 975.23
56 302.91
8 901.19
42 164.21
34 682.13
30 345.13
4 886.98
62 771.48
21 725.41
34 103.57
45 616.36
89 204.51
11 578.99
84 152.30
39 939.95
18 788.21
72 539.28
84 573.12
58 810.26
76 539.01
31 911.10
5 970.71
32 139.51
62 407.93
7 864.05
15 722.53
30 789.98
76 584.43
31 714.90
90 710.18
15 996.66
78 680.07
97 867.04
92 765.02
70 143.79
48 515.90
73 928.50
63 786.79
55 256.74
97 938.30
86 606.85
29 828.27
65 977.68
97 288.17
33 820.99
20 516.61
88 561.60
61 443.94
17 220.84
66 348.81
17 773.35
97 610.29
19 216.71
44 100.26
99 453.82
74 622.31
95 578.50
37 688.75
12 944.34
76 684.65
74 539.32
64 820.35
94 885.47
5 476.78
88 277.06
100 938.92
19 338.31
76 414.96
50 576.21
26 772.89
41 961.68
98 428.43
1 613.36
3 450.74
8 528.05
42 250.23
18 309.15
4 186.00
39 301.76
93 425.77
82 872.14
65 211.65
64 992.45
13 778.11
57 576.89
32 908.11
33 614.92
9 544.84
82 129.52
25 317.91
23 671.35
76 954.21
91 402.43
99 307.34
51 644.73
4 756.34
4 841.23
29 222.68
27 243.47
63 817.34
32 158.01
94 548.32
22 996.12
56 660.15
1 124.88
36 971.76
71 668.23
84 631.99
24 907.02
97 686.29
96 608.51
35 719.82
91 771.86
4 210.27
77 962.78
33 298.80
40 487.04
85 567.42
91 118.97
18 315.42
78 557.68
80 540.80
29 609.94
94 921.01
74 477.45
71 203.38
40 700.40
23 598.52
64 486.02
50 433.84
47 304.96
61 984.22
58 377.64
21 116.76
60 357.30
14 254.31
53 808.89
84 148.93
98 946.77
56 447.80
72 112.24
65 329.15
40 559.26
72 647.83
75 515.57
58 900.99
39 631.25
81 375.32
65 905.49
53 300.42
16 804.86
78 905.13
88 304.99
59 233.99
71 289.92
87 474.77
45 580.94
71 947.37
59 506.33
47 354.60
43 627.76
12 387.17
20 263.91
25 116.44
48 390.47
56 964.62
48 276.14
5 737.68
35 151.98
66 619.70
2 195.50
34 789.81
100 896.21
35 189.97
79 294.36
75 138.60
8 994.42
82 108.39
27 857.44
22 335.74
92 960.65
41 764.71
21 347.53
45 409.02
63 433.39
80 636.32
5 873.96
12 212.40
5 632.25
93 960.61
89 118.10
47 105.79
34 489.33
4 477.37
45 295.12
62 862.16
33 535.93
59 459.66
96 565.99
78 381.55
43 914.91
58 569.43
98 482.70
100 427.99
80 642.26
2 141.19
25 448.72
92 362.52
32 648.74
14 851.75
57 573.94
58 769.37
19 851.81
25 551.24
23 926.88
26 735.44
42 662.89
84 347.36
61 788.96
94 958.31
40 359.38
48 239.27
73 955.81
2 367.50
27 929.84
71 127.27
9 646.25
41 333.74
32 332.04
33 788.68
44 622.71
100 805.02
19 861.44
50 154.84
53 329.34
64 102.59
17 118.25
80 681.93
34 252.44
45 657.22
34 339.99
67 290.50
96 155.13
68 907.72
45 886.20
73 140.56
67 336.25
60 296.15
77 128.36
77 479.92
68 894.40
63 969.27
67 671.40
87 150.09
45 967.06
83 132.85
1 806.80
99 636.37
64 682.40
27 260.77
56 665.90
70 278.99
24 876.11
7 644.50
29 712.51
46 901.44
55 125.51
90 935.23
86 598.17
33 134.55
19 920.34
49 636.01
22 807.44
94 417.09
58 681.57
25 165.37
32 930.89
55 181.05
2 210.35
29 888.01
83 946.06
28 574.40
65 603.79
36 735.53
59 271.54
4 225.42
33 858.09
86 232.60
83 214.70
25 884.04
21 457.88
14 540.62
59 149.80
19 214.97
33 864.36
29 229.74
95 892.76
27 917.36
85 811.35
27 921.47
86 246.95
22 610.90
55 718.40
78 883.38
4 468.23
19 908.75
34 347.95
30 744.19
11 443.50
70 446.06
9 891.18
19 702.37
87 997.13
2 533.35
64 153.78
89 122.80
5 401.00
42 900.69
80 548.99
47 281.25
18 562.61
15 898.50
79 698.23
10 956.19
50 402.55
71 505.99
31 351.52
70 695.10
22 752.47
65 549.75
72 834.62
80 350.80
72 553.01
35 416.54
30 803.04
8 515.64
20 124.84
65 319.29
56 898.12
75 377.67
23 578.97
37 615.15
5 441.91
10 748.28
43 420.47
98 554.62
98 644.51
65 601.32
90 216.74
100 920.46
56 232.78
61 918.10
17 829.59
38 808.29
98 963.17
16 734.44
72 942.40
44 714.34
90 552.15
87 769.73
33 390.62
90 964.80
65 704.66
17 493.75
54 971.18
29 335.28
30 451.98
33 976.20
9 498.15
84 497.30
100 495.68
22 917.78
12 536.84
71 494.19
79 739.95
65 514.10
45 174.53
77 497.82
42 772.76
26 999.01
76 929.65
100 978.87
13 490.43
85 529.87
86 635.58
31 908.52
56 718.36
42 922.78
100 903.00
20 503.84
55 830.09
19 127.89
4 404.66
3 938.34
81 377.75
88 166.66
65 307.99
84 921.28
40 825.67
18 411.43
84 820.62
88 946.02
68 810.88
94 536.25
73 328.95
89 466.72
29 405.63
38 816.48
100 853.25
81 118.41
53 448.73
72 331.93
46 113.96
31 818.54
36 108.60
5 564.42
51 387.98
85 369.16
99 226.53
21 742.23
37 932.93
74 189.43
91 459.72
56 447.03
34 952.60
29 663.40
72 356.40
2 140.54
25 235.94
5 478.19
37 567.76
90 390.13
9 753.54
98 487.95
1 954.30
35 588.33
48 643.83
14 499.94
59 692.82
3 444.18
86 259.63
34 417.93
56 155.35
88 655.52
25 120.55
42 879.33
23 455.97
26 247.86
12 542.38
28 592.15
51 266.93
26 110.38
99 503.12
14 795.52
6 646.84
70 289.14
79 522.09
35 274.60
32 555.95
14 493.17
36 336.07
82 109.76
24 853.08
6 846.52
7 502.86
35 572.42
60 217.79
91 692.21
6 348.85
45 176.22
83 332.79
51 728.93
5 532.57
49 463.90
27 798.97
70 191.42
77 323.37
87 519.73
37 125.90
36 322.88
48 173.48
85 851.06
27 504.01
62 646.42
34 900.15
35 214.61
66 360.51
61 261.43
86 595.48
33 610.36
13 336.76
36 243.79
56 974.73
41 209.16
72 552.26
37 628.48
67 840.74
34 635.38
81 200.68
29 306.31
27 291.18
55 437.33
26 951.15
8 566.88
74 948.99
9 227.75
34 120.83
20 719.79
41 911.89
97 962.59
11 287.65
1 654.56
97 999.66
4 696.61
86 180.98
16 969.96
61 460.83
87 282.22
34 682.56
19 203.10
53 865.74
97 984.30
68 145.13
57 509.23
35 767.34
27 945.63
68 163.99
78 132.15
19 927.23
50 335.90
15 878.78
62 611.33
45 747.05
19 321.01
50 796.58
35 194.29
68 626.57
29 755.78
64 815.36
35 898.09
53 805.48
68 617.35
94 996.57
85 873.97
37 638.62
25 416.94
25 215.64
60 537.33
48 778.39
5 583.89
81 881.69
37 177.70
97 877.32
3 831.42
29 270.52
63 223.71
62 627.59
57 395.76
94 236.84
83 741.25
4 589.72
61 162.73
54 691.48
42 605.91
94 988.37
12 586.72
96 485.58
97 856.46
6 694.29
89 307.65
21 594.30
94 514.23
76 261.94
100 221.69
40 145.28
47 878.47
59 662.51
65 229.36
90 390.40
48 788.63
2 780.59
100 643.22
84 718.10
31 274.85
21 728.85
59 984.59
10 856.84
2 114.01
46 701.03
63 196.61
61 493.58
32 321.70
78 216.41
7 323.58
43 945.15
17 498.95
66 875.19
61 244.63
35 860.05
29 538.21
41 689.12
81 876.21
65 115.28
40 314.92
5 907.66
53 723.62
75 693.90
51 467.54
26 534.86
50 537.00
8 163.36
58 188.69
14 647.93
95 514.48
68 460.27
52 703.34
68 718.90
83 758.24
46 539.61
73 857.59
57 865.99
9 628.45
97 756.07
35 645.60
50 148.54
29 678.33
75 754.57
100 232.27
18 117.30
75 642.11
66 746.95
30 571.25
90 655.66
94 516.74
41 412.48
72 467.23
70 181.60
59 459.08
37 866.88
82 899.90
54 469.62
14 780.58
25 828.53
33 832.49
70 798.32
47 148.82
96 326.90
62 437.21
89 988.68
40 444.88
20 990.87
40 989.58
53 144.07
74 613.32
80 274.92
3 101.06
59 981.99
47 370.49
58 318.53
51 508.03
53 472.88
17 366.91
52 295.14
70 672.68
48 836.20
22 429.30
100 214.10
96 920.49
82 409.81
97 927.74
80 837.54
96 734.78
91 126.72
33 330.69
1 735.87
70 592.75
68 477.87
81 744.55
70 229.51
59 670.56
24 289.06
12 655.73
92 149.41
86 274.64
76 567.70
71 934.26
58 645.52
53 884.17
62 115.36
91 114.43
99 727.47
91 905.35
41 196.45
50 998.73
78 437.40
7 845.53
11 629.49
47 302.04
79 865.12
54 696.25
26 574.35
69 264.63
71 384.70
21 201.08
46 760.86
93 153.10
73 736.16
24 952.18
62 710.94
75 735.61
31 360.42
62 168.46
35 196.62
6 670.82
60 359.97
91 793.73
33 889.13
44 467.88
42 570.82
43 226.45
6 317.04
83 882.88
5 838.28
23 578.21
7 121.24
65 843.30
41 355.95
27 306.03
1 385.55
94 309.85
57 985.44
98 703.79
84 810.97
65 673.12
64 869.95
62 889.44
67 709.27
15 499.15
33 693.86
25 125.15
70 892.40
23 100.11
19 235.02
89 106.21
20 581.99
94 870.09
60 975.17
54 452.46
42 637.90
27 843.01
3 371.05
100 472.80
61 764.30
6 586.02
83 936.99
5 399.59
97 906.33
14 737.59
28 150.79
46 558.19
89 657.05
43 452.83
47 328.77
79 335.29
43 978.50
11 133.24
57 839.22
43 825.94
98 603.24
59 942.10
27 222.00
1 548.33
60 165.70
42 809.27
14 809.66
14 971.50
14 796.69
17 226.43
33 954.07
19 359.66
58 245.11
98 989.11
78 772.49
1 877.61
76 710.80
71 508.49
9 671.03
17 223.82
57 146.14
62 438.35
81 432.49
7 558.99
25 487.48
25 700.95
64 188.27
23 232.05
96 618.71
41 376.51
75 817.24
27 620.42
59 995.29
86 677.78
95 861.27
22 903.20
20 246.53
63 278.37
5 888.97
88 377.86
21 968.66
87 682.87
27 373.97
3 223.76
53 175.00
89 955.25
45 611.36
17 743.59
79 300.91
59 381.67
94 443.35
11 182.64
61 443.64
42 343.23
46 211.39
49 439.69
5 951.59
90 800.44
5 942.89
93 161.84
95 201.17
53 217.90
43 408.89
18 654.80
88 657.51
28 304.03
38 400.75
100 957.96
71 772.86
22 500.68
4 303.97
36 712.37
43 422.84
22 268.07
51 861.16
41 978.41
74 675.61
56 186.39
14 322.12
32 386.28
98 163.95
92 178.78
88 610.65
67 100.67
9 129.36
95 997.14
58 607.95
86 291.73
8 280.68
15 472.81
37 303.84
89 973.64
54 803.12
21 204.82
77 282.58
60 807.13
92 277.54
83 924.61
92 930.69
23 579.59
95 805.33
37 578.79
17 807.02
82 214.77
15 245.26
36 701.21
40 297.69
66 187.72
67 441.85
61 918.10
51 132.52
60 557.72
97 253.16
36 788.15
98 318.56
88 218.74
57 517.38
62 334.62
70 447.33
59 352.94
97 789.07
43 342.79
18 870.11
9 776.53
39 257.08
13 176.68
67 283.97
8 644.76
48 534.48
36 496.20
60 934.35
87 975.78
59 637.54
45 255.67
41 813.94
39 650.36
48 615.47
80 979.12
68 418.79
97 331.96
17 389.45
55 603.62
55 775.87
84 320.61
50 704.87
12 337.43
50 505.73
79 867.50
11 682.49
47 608.23
51 134.16
59 523.50
35 976.66
75 807.44
59 907.56
11 262.51
99 605.60
41 498.61
37 143.30
39 140.07
33 769.33
48 754.42
49 572.43
1 262.28
44 137.45
52 591.29
77 276.65
35 781.67
21 886.20
80 578.41
25 488.06
16 349.77
92 478.19
30 328.92
77 906.54
13 563.45
66 106.65
47 900.13
38 372.36
44 640.78
61 946.46
93 603.36
34 895.05
86 170.74
96 874.51
95 269.61
21 207.11
73 517.77
35 467.25
4 202.37
57 999.77
49 321.42
66 101.64
18 442.07
66 534.58
84 252.68
63 160.29
70 243.98
40 503.69
56 518.93
19 663.96
12 980.10
38 830.34
88 899.78
89 129.88
61 385.73
36 366.31
25 277.34
85 500.61
39 562.25
92 884.35
18 761.98
57 515.20
82 105.91
98 690.19
86 654.80
50 243.23
30 914.11
20 603.16
10 338.43
34 138.31
8 405.09
17 546.99
54 934.48
35 294.55
25 966.41
43 161.03
87 468.57
84 710.76
48 214.37
92 361.73
45 233.18
6 649.95
64 583.49
8 484.71
4 707.86
35 574.79
34 977.77
32 403.10
3 514.36
5 535.00
56 865.42
78 400.33
100 401.46
31 363.98
81 848.03
34 126.22
75 879.05
44 452.99
31 398.46
45 533.67
55 883.20
70 440.68
76 652.73
37 408.27
39 140.67
73 360.54
71 240.45
62 536.08
89 777.03
17 885.09
29 971.31
50 990.87
80 681.70
24 691.27
43 996.95
72 616.66
26 162.68
4 393.28
82 734.42
69 792.40
26 635.76
59 248.44
89 543.21
91 346.56
67 968.13
79 439.13
76 985.61
46 706.58
17 339.22
6 391.25
44 851.74
99 407.92
82 520.59
62 189.58
85 977.76
96 952.48
26 354.68
77 532.02
12 611.73
61 699.98
77 976.56
19 907.85
11 810.60
69 336.31
53 128.49
86 741.54
93 436.68
87 138.38
20 670.04
36 451.54
87 465.96
21 380.98
36 728.02
15 551.47
72 856.88
32 179.61
58 236.73
98 572.88
81 846.39
95 280.82
92 761.53
73 805.87
16 486.84
95 925.82
72 545.39
33 980.82
85 308.59
26 724.73
95 256.24
23 718.19
90 363.69
100 268.61
69 434.18
20 294.60
19 890.48
33 631.34
75 918.06
61 747.48
58 309.11
97 773.16
71 924.06
66 380.66
79 206.17
19 970.38
7 478.86
85 514.10
3 194.00
4 722.26
57 454.55
59 272.77
47 688.26
80 121.51
42 110.82
7 330.22
54 158.02
61 920.80
46 990.11
86 524.79
62 726.57
29 703.78
41 179.38
51 264.76
17 971.76
47 293.22
100 637.47
37 992.72
79 426.63
73 469.00
53 608.06
88 792.19
91 118.10
68 983.53
80 334.30
53 447.69
24 893.85
30 179.04
20 857.33
92 815.74
43 946.20
70 304.57
83 511.92
96 154.18
46 112.25
69 130.43
27 990.13
90 447.74
39 894.60
83 610.16
2 893.15
9 532.97
81 151.45
86 942.86
60 353.04
15 686.30
23 220.62
49 929.29
50 163.30
99 681.46
87 753.31
30 385.59
13 234.41
68 388.67
66 915.56
100 495.42
27 318.09
93 415.84
8 600.93
96 162.11
18 380.23
88 546.57
3 393.86
43 721.59
27 421.53
14 815.09
98 231.95
51 397.23
29 315.65
56 771.68
36 389.53
80 621.32
4 658.15
22 558.17
67 364.55
4 480.07
95 715.05
68 201.40
7 776.03
46 702.75
55 637.88
51 371.13
39 801.28
29 241.95
39 470.50
43 679.05
2 391.63
56 440.49
34 729.54
45 487.27
74 621.65
31 379.05
12 123.21
26 843.54
33 312.76
84 305.26
65 219.08
7 724.71
53 666.27
86 324.99
52 677.60
7 266.16
78 141.74
26 482.44
94 141.05
23 127.19
49 479.90
5 995.42
81 789.22
54 612.31
84 111.08
88 628.14
69 621.46
86 639.56
28 337.19
82 285.82
26 793.33
31 160.84
57 377.27
35 917.96
84 624.71
17 399.80
61 155.22
76 553.20
11 430.56
7 160.38
78 357.28
81 440.56
69 412.30
65 742.79
100 602.79
56 347.48
86 757.56
28 313.20
42 111.46
34 414.94
38 573.48
82 510.58
66 853.05
28 241.28
8 235.97
4 790.32
90 128.60
89 420.52
90 797.55
77 584.28
24 602.26
12 716.70
23 599.15
1 930.95
42 638.95
43 173.88
65 796.34
9 165.14
79 913.83
85 543.74
99 306.16
33 826.91
30 125.71
47 906.18
48 593.82
97 863.12
98 352.87
44 891.52
13 212.04
82 890.17
41 472.51
22 595.38
91 475.00
94 693.42
17 977.89
79 545.00
70 792.98
41 956.41
2 737.85
23 849.96
85 719.67
20 689.80
51 207.51
98 698.73
54 704.19
98 338.09
16 871.93
71 534.29
71 487.63
48 237.18
95 351.29
96 513.80
31 197.66
88 278.49
70 878.71
21 441.03
96 207.37
91 637.15
96 720.45
89 401.78
40 350.84
92 179.60
62 202.72
63 488.84
10 155.94
18 398.53
72 652.40
86 686.30
62 163.20
62 813.03
49 390.55
27 776.26
47 613.36
94 437.56
54 415.83
2 627.63
49 348.14
61 246.73
38 326.92
44 558.65
54 932.77
62 406.66
4 117.19
36 978.50
23 303.94
96 331.64
52 449.58
99 392.26
66 247.29
42 911.03
90 948.05
100 222.14
7 624.33
74 601.67
13 443.90
98 902.83
68 991.92
15 168.38
50 615.49
32 126.45
70 623.78
92 943.08
61 196.13
52 829.52
17 127.42
11 535.13
85 535.55
23 299.46
14 833.85
27 782.65
68 974.18
71 589.99
79 308.09
43 755.69
100 413.63
18 475.49
27 662.27
34 215.01
64 814.78
52 369.75
26 937.72
100 494.47
65 168.91
24 486.61
86 554.73
24 673.03
63 930.90
13 818.71
78 217.51
90 889.37
90 246.90
62 226.28
38 219.64
7 985.71
15 125.33
32 697.70
58 426.18
18 784.62
3 377.41
33 411.93
97 422.91
68 885.00
48 514.27
85 693.27
65 173.87
1 159.26
91 784.98
16 501.14
31 678.93
17 146.65
51 149.73
80 900.05
37 756.20
42 656.83
88 191.64
64 658.70
83 277.97
14 138.32
74 672.53
92 638.12
9 312.66
12 357.82
66 571.06
46 566.93
98 851.22
75 248.33
100 782.01
37 426.29
71 513.29
67 916.66
2 274.08
29 764.39
51 451.86
50 243.09
74 382.80
3 184.11
32 443.54
63 616.73
28 776.63
69 269.86
42 674.02
52 766.26
41 276.94
15 681.56
97 538.01
64 679.32
43 180.11
20 455.87
12 462.60
70 973.60
46 490.52
55 395.64
22 695.96
40 857.91
18 739.32
16 627.10
58 754.61
43 696.79
40 444.33
42 423.76
79 364.43
76 105.39
62 952.97
74 282.82
96 888.36
90 845.28
60 854.21
83 182.54
87 623.46
26 446.72
17 100.66
38 426.49
58 579.88
21 274.29
58 352.77
15 642.57
34 769.37
2 420.72
67 391.07
82 614.88
37 171.16
6 248.90
56 992.07
90 512.78
31 398.89
98 979.66
79 644.50
69 584.71
37 535.74
80 977.26
20 413.03
59 910.87
95 450.19
90 493.88
94 973.35
18 333.28
75 683.70
81 125.75
72 643.49
29 376.19
9 223.69
99 320.18
82 811.59
44 976.83
18 315.81
79 631.90
4 240.60
64 358.44
76 570.97
81 215.06
60 550.38
78 829.96
9 237.96
3 506.34
71 174.15
38 592.51
93 526.83
51 497.99
51 719.42
99 352.48
43 195.59
25 147.40
30 191.52
98 127.38
45 968.99
4 940.23
12 400.71
7 603.60
100 312.22
2 988.13
3 793.89
51 853.34
3 282.50
93 286.98
90 708.04
19 918.73
60 704.74
80 549.55
99 180.01
83 540.18
61 544.97
48 537.83
2 248.08
14 905.04
16 327.46
85 741.38
55 631.29
73 669.85
85 340.00
47 487.47
36 114.28
67 860.21
4 945.89
63 611.33
86 798.60
98 215.05
6 182.87
44 280.33
3 604.22
10 262.67
70 737.59
42 462.56
21 181.75
76 893.78
50 835.73
68 613.64
62 711.83
66 350.48
24 295.17
46 208.32
46 722.69
20 752.95
74 134.12
40 722.37
28 788.06
73 778.76
56 176.73
19 874.32
79 700.19
11 671.06
24 183.79
78 152.86
44 299.40
27 604.79
94 848.62
51 273.90
87 267.69
3 136.93
49 165.22
47 918.96
88 930.45
82 402.35
20 270.44
70 598.28
60 675.46
99 914.07
89 233.15
58 551.24
31 409.67
19 147.16
10 892.27
86 552.47
51 461.33
98 293.49
59 307.64
28 199.50
79 638.44
25 195.29
70 278.94
83 131.97
1 108.85
34 198.80
17 555.55
83 989.30
44 658.26
65 335.86
2 564.04
74 135.65
31 286.01
63 733.05
69 716.91
83 681.65
7 977.11
26 849.65
15 553.59
93 386.70
66 756.41
79 361.87
43 116.51
71 465.74
16 742.94
100 248.65
65 115.10
61 901.19
80 730.56
26 779.76
69 463.02
42 529.75
41 710.15
44 960.07
39 181.71
35 747.72
25 687.26
95 669.74
49 138.40
28 129.78
62 356.48
68 920.02
35 934.19
23 652.45
9 829.70
1 863.17
21 838.82
23 649.83
2 991.33
80 242.27
34 495.07
28 223.06
35 344.64
76 886.76
80 622.48
81 823.81
48 147.30
95 361.61
52 586.23
23 963.12
34 512.21
49 439.28
83 702.68
29 163.86
8 624.26
71 402.60
23 822.68
7 565.80
23 896.24
51 399.38
91 591.66
39 219.04
63 900.16
20 563.46
20 670.08
51 620.78
58 301.19
66 237.47
70 375.38
61 707.64
69 114.79
19 420.19
84 217.11
78 337.65
26 721.53
57 206.26
78 553.75
91 349.46
62 417.52
19 770.91
85 788.23
34 370.77
19 729.57
60 516.46
41 238.63
2 395.83
35 479.94
70 711.90
31 621.09
9 878.51
11 656.08
21 316.21
82 217.23
37 902.71
27 244.91
12 757.62
80 697.92
26 176.36
60 380.64
42 242.10
19 603.25
54 844.29
62 631.64
19 757.66
83 594.72
1 757.85
46 609.10
1 984.63
64 524.86
53 912.10
72 631.83
96 534.75
92 694.04
14 267.59
41 751.56
64 774.72
6 647.74
24 438.40
4 490.85
82 763.92
12 883.33
21 238.20
26 680.52
43 915.34
79 312.35
17 778.79
96 481.61
67 936.69
24 434.24
68 804.56
47 606.19
45 580.41
75 320.31
80 454.67
70 471.24
87 914.04
72 289.92
81 954.02
26 732.65
58 582.98
28 715.87
87 859.61
27 684.44
71 468.26
91 607.84
62 970.37
82 398.46
45 778.40
45 431.82
93 231.86
10 763.75
22 578.40
49 529.47
78 683.79
2 780.44
45 419.61
19 327.88
87 350.21
10 348.67
35 259.86
74 270.66
83 615.36
35 828.39
26 938.72
3 518.30
10 107.33
39 577.04
9 190.82
88 121.91
60 782.62
80 199.97
56 714.66
56 916.63
100 490.96
63 320.26
24 639.04
49 317.50
28 488.02
11 245.41
2 683.65
72 392.75
83 345.73
63 284.59
24 652.96
31 520.72
28 806.57
21 448.61
1 782.14
85 998.43
62 967.99
46 114.98
95 732.69
68 163.89
73 576.83
27 458.98
35 692.15
78 724.75
85 687.92
54 354.61
51 310.19
91 213.16
42 333.06
87 856.37
37 713.98
27 685.57
83 911.84
54 167.48
57 353.35
35 558.16
5 626.18
79 193.56
14 717.95
91 488.62
54 337.02
100 180.75
66 936.22
73 447.30
57 181.14
25 749.54
97 272.52
91 923.15
49 218.27
14 637.88
83 497.17
61 662.63
85 454.68
2 116.33
27 359.14
13 721.97
56 605.05
19 844.10
71 538.75
57 742.05
13 363.97
55 207.92
82 148.66
60 166.90
99 985.66
44 639.86
34 128.20
55 541.25
5 982.64
83 449.62
75 697.89
45 528.80
14 483.35
34 268.77
7 725.94
91 888.91
39 715.24
81 232.69
50 343.85
47 398.05
22 108.91
96 912.73
22 964.28
97 560.13
36 876.88
2 125.07
71 571.87
2 227.51
30 376.87
87 526.97
11 465.09
18 753.70
75 266.25
92 725.96
6 600.94
46 888.26
39 504.09
10 809.18
36 918.52
44 762.89
2 814.86
36 114.91
16 674.63
34 221.78
48 224.46
100 183.77
40 305.70
47 269.47
79 508.57
59 128.25
20 111.22
25 989.03
87 997.34
62 807.67
54 282.77
2 217.12
22 724.82
24 972.73
37 748.14
2 231.04
86 447.25
38 847.96
10 168.15
83 922.40
4 722.31
58 383.64
6 516.59
33 779.14
94 239.67
59 313.74
13 620.63
9 773.93
40 276.03
51 938.40
40 472.85
25 325.59
44 755.41
5 122.98
13 722.18
30 241.84
16 487.98
96 532.35
33 598.19
99 831.56
82 390.87
68 874.94
14 144.48
13 332.50
27 701.57
87 518.49
41 925.14
47 289.34
69 767.59
8 988.35
25 641.45
43 516.46
93 911.04
23 320.74
13 949.99
89 287.30
28 212.68
91 534.14
9 638.62
97 917.59
80 395.78
24 647.24
35 596.97
67 497.38
65 715.56
51 118.83
32 122.65
75 144.47
6 679.18
94 667.04
2 218.18
8 462.20
30 122.55
59 658.27
64 996.78
61 916.12
10 397.67
70 765.57
11 624.26
31 913.50
4 268.40
95 358.22
18 902.38
78 612.42
34 410.31
40 181.98
12 232.21
44 772.25
36 277.44
57 664.50
52 941.69
73 804.59
29 539.20
30 413.26
96 321.11
25 708.93
31 940.36
71 156.17
26 687.81
30 603.42
5 303.42
86 380.36
57 535.82
6 339.39
24 331.16
81 444.23
41 818.65
4 855.70
71 254.75
44 995.07
81 160.03
87 431.27
84 533.36
1 671.12
6 510.71
60 703.15
85 787.48
32 691.50
90 686.69
74 143.55
86 571.28
84 711.02
88 243.23
8 247.32
52 848.25
43 429.31
95 281.57
87 707.76
12 162.05
3 462.18
88 823.62
78 443.66
16 704.76
45 677.18
6 466.74
26 159.54
41 585.59
45 116.62
63 963.66
41 275.86
60 881.31
51 124.80
70 219.50
55 868.58
42 454.03
45 595.76
50 125.13
43 965.17
89 698.82
17 597.48
74 400.28
94 174.73
80 287.23
20 157.92
73 788.84
11 923.59
5 159.32
24 928.23
35 358.68
25 156.96
78 773.25
14 441.55
96 647.81
77 226.99
61 544.44
20 746.13
21 639.79
61 916.15
5 271.63
30 463.02
98 843.75
14 606.93
1 434.87
78 748.04
20 977.63
37 297.88
93 169.98
79 506.82
12 351.26
86 374.14
81 578.24
1 648.08
66 242.93
79 916.46
8 478.84
73 905.52
95 385.63
96 358.26
100 344.98
89 888.34
6 631.10
2 184.05
96 693.62
79 544.84
13 192.48
45 864.65
61 888.42
24 148.28
89 608.61
93 845.01
89 657.69
11 898.86
46 500.55
70 238.68
76 902.02
81 250.04
56 617.62
77 330.33
86 285.46
7 833.81
43 485.68
16 723.69
85 253.54
85 771.33
96 837.95
40 562.43
45 157.71
51 740.77
73 462.26
84 162.43
82 948.20
71 140.90
96 848.15
62 971.73
91 724.64
21 314.60
65 618.03
62 559.41
92 617.19
39 602.95
90 477.44
32 591.75
22 882.87
12 337.75
22 253.22
79 406.86
9 875.98
71 604.25
51 153.66
84 638.71
43 157.62
23 930.95
88 645.81
22 383.24
26 844.62
92 812.18
93 192.54
31 168.78
23 681.32
87 725.76
57 906.00
8 566.54
31 520.98
22 158.40
84 397.82
26 645.74
32 456.94
18 529.47
74 177.26
6 432.01
24 189.94
30 128.23
67 656.12
15 214.92
38 773.70
65 206.13
1 168.22
10 375.48
22 603.22
29 697.61
57 559.90
22 573.61
7 430.67
6 698.30
64 978.08
50 582.35
68 807.58
40 528.70
19 490.36
30 328.99
47 747.44
94 668.34
8 649.87
100 737.80
59 652.72
20 134.85
61 559.96
46 284.51
29 820.74
96 737.51
23 627.68
73 759.79
30 380.12
13 902.01
46 873.92
80 300.45
52 464.25
86 292.46
97 252.94
52 199.73
26 422.11
83 170.63
36 736.67
83 492.56
22 644.71
58 898.47
43 438.57
97 331.59
87 434.90
41 554.07
2 584.54
31 195.07
88 319.95
39 186.21
94 891.06
92 812.60
2 447.32
70 607.07
41 348.70
80 554.99
57 514.33
80 971.38
55 601.15
3 706.59
43 522.88
93 708.93
35 260.53
86 514.60
89 957.41
12 838.32
16 139.39
30 383.66
90 394.72
18 706.42
48 552.64
60 425.68
68 177.55
63 310.17
56 617.65
57 645.53
25 950.18
46 861.32
81 162.48
49 326.20
81 935.76
46 616.01
94 107.39
58 440.23
28 375.83
31 786.78
21 716.93
73 296.16
56 510.54
40 212.36
72 139.40
4 531.79
96 100.78
84 554.93
1 150.40
37 109.86
60 942.49
42 778.05
77 428.52
87 436.24
59 203.10
71 409.10
33 470.06
19 437.21
17 412.03
19 609.36
32 992.06
54 106.29
26 309.84
96 389.41
25 564.74
56 709.31
47 579.05
20 395.59
59 210.02
15 554.96
9 219.02
66 422.88
21 602.95
45 949.45
77 696.40
93 785.50
75 933.53
69 186.12
19 896.48
60 995.95
68 701.31
35 457.60
67 762.06
16 413.98
87 385.10
45 861.00
83 133.89
56 336.40
55 822.78
6 392.49
57 269.74
64 845.68
35 411.72
7 737.33
80 652.21
24 307.56
33 981.92
88 255.81
1 670.17
78 920.61
36 335.96
33 948.42
54 246.85
37 691.92
38 183.99
2 978.12
87 291.46
41 966.90
82 463.40
79 113.67
18 553.14
5 749.16
68 401.86
50 528.34
33 181.92
12 196.74
10 896.86
13 434.59
41 774.53
81 201.61
67 679.35
37 916.77
40 298.11
41 890.77
21 781.33
18 646.58
78 372.11
33 868.30
35 269.09
20 621.24
86 629.52
33 913.82
84 577.23
58 491.11
98 589.36
63 353.20
84 543.20
27 817.86
33 691.14
70 518.33
5 707.51
47 514.68
96 497.17
82 777.67
81 104.80
50 440.66
33 332.00
22 339.78
70 143.97
61 733.35
14 112.20
8 904.96
87 946.49
76 983.45
32 734.25
53 499.17
4 231.48
23 319.30
4 988.21
83 507.13
26 293.90
77 639.21
6 547.47
12 724.70
71 678.24
4 950.23
50 595.48
86 398.03
68 716.81
37 824.03
60 544.69
100 731.19
86 485.52
44 959.91
25 459.63
28 369.44
73 183.00
78 189.65
64 874.57
2 915.26
76 175.57
15 176.47
72 273.43
98 890.61
60 464.94
82 907.48
36 290.52
98 857.08
9 678.88
6 332.19
5 279.25
37 600.55
89 400.36
25 961.70
62 627.06
8 485.69
78 784.60
21 834.19
5 758.27
78 428.58
72 518.34
45 770.98
13 197.68
21 431.38
29 642.82
30 901.09
62 718.52
8 267.87
10 439.32
36 359.71
78 209.97
67 958.69
97 224.89
21 208.47
88 462.99
88 193.86
53 608.98
74 128.92
6 242.67
60 267.50
24 912.33
97 856.04
68 486.71
64 634.75
100 402.94
13 735.65
87 471.18
34 167.15
92 704.00
100 759.93
71 888.53
32 578.75
28 316.42
2 251.72
93 932.88
16 468.13
70 144.03
78 304.93
95 968.59
75 597.37
61 513.18
51 964.43
1 624.73
16 233.44
28 415.85
61 393.14
20 725.46
48 534.73
2 165.02
15 223.73
49 292.94
56 587.57
65 490.66
63 685.96
58 364.96
67 275.89
47 702.02
72 918.51
24 405.24
36 300.96
92 600.02
79 502.36
12 415.90
8 752.61
24 715.01
25 902.90
32 278.65
3 755.24
44 337.62
64 271.16
47 474.29
37 556.32
14 327.69
94 934.02
27 561.05
74 410.08
23 520.96
52 249.33
80 110.16
100 731.48
75 434.25
30 232.27
5 209.53
100 635.66
18 990.71
20 262.55
29 530.76
99 910.80
39 644.75
88 538.45
4 467.34
6 782.12
89 110.69
30 994.03
62 847.39
10 436.36
28 769.86
5 397.30
64 384.25
46 588.06
82 650.42
44 223.25
27 874.54
49 952.55
17 730.40
80 586.60
6 242.61
51 719.75
71 973.04
46 515.91
84 540.50
2 503.45
79 272.06
29 852.44
42 477.07
47 628.19
97 463.94
74 680.88
73 188.85
10 642.91
35 485.55
10 687.46
92 966.08
93 191.46
62 834.22
50 727.06
22 671.44
23 719.32
10 977.87
5 917.31
63 811.38
70 228.41
44 299.51
65 459.91
22 757.43
70 896.06
78 147.37
11 277.41
94 922.64
53 613.27
43 729.73
64 445.79
26 144.22
86 839.00
90 755.86
76 799.47
67 869.06
40 838.51
84 327.11
54 429.30
35 309.37
14 936.21
14 603.90
14 583.41
17 967.39
92 156.01
59 186.81
23 772.24
44 423.27
38 392.38
16 928.05
75 140.63
16 894.31
98 857.81
73 645.03
59 934.77
71 308.65
96 510.09
21 870.35
49 794.87
73 665.01
17 171.55
5 429.15
64 376.50
96 972.47
70 328.77
86 871.27
98 537.51
93 612.82
4 213.59
82 398.26
57 131.39
23 405.30
43 724.46
38 379.90
78 292.47
57 610.72
40 529.91
9 597.47
31 107.44
32 775.99
58 367.31
15 508.76
28 332.25
46 798.29
9 546.59
88 184.76
84 464.80
97 275.02
31 619.98
6 832.16
19 675.65
15 564.17
42 798.51
68 366.15
95 486.36
31 173.53
41 739.10
51 947.53
62 207.50
52 798.38
83 194.66
61 510.91
37 964.50
82 849.69
88 800.81
59 529.66
86 234.41
19 653.68
35 875.89
70 482.80
11 287.20
58 604.59
84 649.78
6 209.02
43 321.63
41 675.16
83 221.80
3 819.53
42 599.37
71 460.88
71 158.23
53 982.11
49 565.61
27 547.49
5 456.71
29 470.51
33 180.27
45 256.10
32 874.91
29 392.96
29 433.37
33 375.66
8 837.88
67 965.11
42 779.82
89 277.72
97 614.51
51 865.07
10 439.34
21 987.20
71 412.16
3 650.68
34 600.40
87 132.60
79 984.88
13 216.92
4 282.78
24 963.01
64 467.41
6 115.56
51 701.43
9 544.14
46 683.94
37 222.90
9 925.97
59 755.49
83 733.70
31 722.63
77 763.43
74 509.19
17 714.23
99 992.50
54 225.98
60 245.29
59 124.43
66 922.89
79 119.56
45 643.44
51 245.77
33 708.26
23 280.99
72 407.99
25 295.17
3 570.39
20 602.81
64 558.84
72 784.15
29 824.53
16 132.04
25 711.17
75 785.85
12 864.10
82 699.13
44 709.13
38 566.29
25 463.87
69 405.71
98 492.99
21 138.90
25 942.73
73 517.21
36 333.14
72 916.13
60 102.67
32 134.41
86 409.69
95 498.30
17 781.95
58 896.76
45 466.48
70 795.71
59 558.35
30 713.61
63 651.62
27 532.97
74 575.46
46 996.25
100 849.94
41 649.26
69 530.80
1 516.17
86 386.46
47 402.39
57 998.58
3 743.00
73 407.47
54 935.80
47 934.41
97 517.96
45 125.79
50 888.04
18 282.69
34 190.55
86 187.26
70 795.69
2 215.44
56 104.14
88 953.67
26 446.66
7 978.87
40 255.66
17 705.68
9 561.21
14 974.27
69 971.92
71 342.53
16 409.63
23 869.08
94 916.13
84 407.08
14 605.94
42 258.79
8 414.15
100 513.41
51 354.88
30 883.51
48 486.67
72 654.38
1 177.80
39 280.75
81 258.57
81 565.24
43 534.37
58 336.81
55 908.38
81 124.06
29 206.43
73 643.28
5 361.53
56 636.85
37 465.03
80 113.94
53 696.39
68 538.22
74 430.11
77 176.10
2 299.77
50 556.65
27 523.99
43 313.71
95 327.54
43 741.31
74 145.10
12 639.47
45 862.34
94 979.03
6 961.85
36 242.91
27 753.29
44 705.26
66 127.83
73 544.69
71 334.98
55 794.26
87 198.39
96 824.78
76 310.96
72 889.51
8 425.39
46 748.89
73 723.02
42 575.64
16 803.34
74 618.84
100 998.44
79 368.95
39 890.85
80 234.93
4 632.64
4 402.53
68 568.78
20 902.38
20 378.47
66 709.17
93 678.38
64 615.50
35 602.18
53 196.06
20 123.72
47 456.12
33 406.94
57 175.54
34 490.90
42 196.14
24 738.38
89 927.33
48 907.60
16 921.91
5 915.81
10 322.23
58 951.78
88 647.25
30 260.07
91 825.73
89 128.64
36 915.10
68 622.94
22 785.73
58 184.98
36 269.44
85 562.42
21 796.00
73 667.87
71 176.40
62 241.37
31 443.93
37 362.97
90 437.13
65 249.50
33 155.17
17 111.38
37 758.89
53 517.11
21 356.03
9 814.33
38 403.52
31 443.91
74 232.02
47 953.65
39 350.93
28 622.85
34 170.99
14 426.83
67 958.33
95 879.47
78 449.67
71 747.09
19 994.30
72 667.24
19 895.99
85 733.54
79 737.13
17 403.19
28 709.26
91 322.58
71 417.16
97 481.83
40 871.84
22 535.48
45 672.32
65 710.99
55 356.61
97 325.72
9 288.35
77 204.10
83 990.44
32 354.32
25 889.61
53 856.38
41 838.26
64 604.15
55 154.47
80 823.04
68 629.29
77 258.80
54 666.26
33 536.01
66 739.48
89 319.31
49 576.30
11 392.59
83 296.53
26 263.59
91 247.92
58 277.07
20 263.41
30 252.07
3 642.72
42 711.01
10 215.28
94 650.97
17 713.59
23 795.00
80 524.96
31 770.59
53 734.52
82 134.14
5 518.11
14 611.83
30 592.54
6 524.76
41 664.14
57 970.83
26 944.28
52 717.86
16 244.69
11 365.33
100 465.00
97 932.66
56 428.59
71 762.85
5 377.77
21 364.36
56 381.47
22 461.97
98 837.18
41 623.43
84 585.49
32 185.36
34 189.24
19 972.99
33 278.73
89 970.57
95 614.17
17 613.91
83 439.10
38 494.14
81 786.13
24 301.48
54 634.74
42 181.66
42 669.74
39 819.15
52 912.53
68 745.75
55 967.72
100 182.96
8 324.82
33 321.36
41 718.31
8 277.51
40 346.38
94 635.14
19 312.00
28 764.88
73 173.19
90 794.85
78 705.44
47 451.36
89 185.03
62 405.28
68 373.34
17 253.56
19 529.52
88 745.22
63 766.56
73 941.05
56 383.64
80 632.36
89 497.54
75 522.18
94 164.06
36 322.13
41 276.72
65 940.72
40 269.03
71 536.39
52 829.09
57 224.35
1 709.53
42 222.21
17 379.25
80 370.13
45 218.43
44 115.98
12 163.86
10 706.14
35 780.99
1 577.97
73 728.37
64 992.30
66 712.86
19 234.12
72 118.67
7 412.18
22 982.59
41 821.93
46 417.11
44 734.36
39 697.00
38 242.14
37 752.47
12 995.07
89 309.12
97 976.05
98 901.39
28 857.03
49 470.93
23 238.52
32 645.55
64 114.99
17 887.54
62 243.18
27 781.67
97 801.81
89 557.36
61 326.90
93 563.20
22 698.62
12 451.74
41 439.77
37 882.26
72 475.78
54 505.38
9 449.63
100 196.97
65 856.11
3 271.26
45 908.43
37 793.09
61 787.93
100 930.14
85 495.91
8 810.08
33 630.25
19 446.61
81 663.57
25 644.53
51 422.09
41 901.31
20 110.48
20 465.36
17 594.93
50 627.59
83 196.61
26 268.31
42 604.57
72 581.79
82 461.18
39 114.99
68 195.75
72 528.48
84 433.09
7 489.63
45 762.59
61 264.59
10 235.65
11 630.49
71 536.69
56 652.51
18 973.64
42 109.05
8 274.17
88 529.90
8 865.00
91 950.42
25 327.72
29 129.87
27 564.71
21 201.22
63 445.52
23 407.64
45 226.01
80 785.29
55 423.84
20 442.42
46 898.89
3 382.65
12 850.69
65 761.96
86 165.13
48 804.50
81 493.30
42 929.81
89 884.14
69 767.90
92 713.87
26 229.10
11 341.75
86 742.24
78 748.81
53 301.40
13 136.44
84 388.15
58 408.83
71 879.05
82 979.91
14 612.89
3 597.94
95 612.03
5 891.75
22 958.92
76 430.89
94 542.86
70 486.44
14 128.72
52 819.58
64 907.13
3 482.38
86 726.52
58 986.65
56 119.70
81 367.74
19 523.49
18 315.56
69 449.53
100 152.97
46 770.25
7 233.50
3 286.03
96 202.52
25 208.47
84 349.05
86 477.43
22 863.31
29 878.31
80 984.24
2 325.05
21 599.53
93 692.61
44 563.16
13 476.87
49 258.58
75 953.80
24 680.92
5 140.50
3 467.81
21 554.63
5 685.41
21 425.96
85 951.21
4 288.90
93 624.23
93 565.73
83 892.90
2 624.52
67 238.66
82 558.39
66 344.13
75 443.58
99 182.63
3 270.82
64 608.12
8 201.96
85 544.23
39 136.18
82 402.85
17 266.35
15 623.26
89 683.60
64 436.86
88 134.59
80 399.39
70 754.20
9 698.44
61 169.67
15 222.57
48 402.30
52 485.23
45 637.89
70 672.02
60 385.74
15 142.60
41 393.45
60 467.57
98 603.96
32 183.73
46 681.00
15 213.83
6 361.53
98 159.16
85 945.59
54 437.29
6 358.21
52 726.87
24 585.61
77 717.66
70 237.43
89 616.80
50 328.53
44 594.15
28 582.98
40 439.83
69 560.30
65 137.66
45 428.00
18 266.17
79 422.65
92 153.18
61 974.34
82 936.95
61 682.18
33 288.33
31 390.35
45 931.72
50 247.26
22 994.73
1 369.15
27 954.61
55 749.59
37 197.58
71 886.90
5 432.45
1 337.46
39 720.86
47 758.94
70 936.80
11 173.55
87 828.51
16 607.01
66 470.10
25 158.83
46 815.53
63 951.70
7 378.69
8 892.06
59 886.49
11 837.68
26 492.64
85 757.43
51 673.58
89 619.80
50 837.56
34 656.62
76 501.64
24 797.10
70 708.31
13 792.12
46 975.46
61 371.59
60 854.59
64 255.77
80 951.86
45 712.54
79 747.36
33 593.65
95 961.73
42 845.25
21 940.06
94 897.59
19 789.85
30 521.69
51 415.32
66 167.16
75 728.75
57 232.16
28 264.82
88 288.21
52 508.90
99 643.61
83 611.59
25 482.61
29 542.04
73 641.70
60 227.86
56 906.51
15 483.08
71 336.48
77 921.91
9 965.84
59 137.78
74 383.38
37 481.25
21 277.68
14 248.93
72 415.50
7 368.63
43 376.91
84 882.11
94 310.61
61 461.53
5 150.69
61 491.20
98 914.87
69 663.68
56 407.47
66 128.81
31 246.07
58 647.36
76 642.13
81 768.89
34 975.51
98 295.48
38 945.02
90 736.36
36 918.72
49 418.36
74 560.99
42 227.63
30 772.03
28 245.42
37 372.35
91 607.02
49 545.63
25 924.25
9 967.79
66 928.23
80 310.72
16 790.52
2 432.98
92 852.43
91 290.69
36 750.90
15 861.63
86 840.01
45 559.15
79 884.29
97 259.59
95 567.85
31 777.18
45 341.53
86 232.39
19 661.24
84 129.60
88 183.18
42 293.43
67 840.55
43 582.40
21 947.56
11 116.98
77 336.07
7 199.51
45 737.86
41 545.93
65 839.00
23 267.64
40 871.92
25 265.35
96 425.40
24 164.16
47 477.13
9 197.60
77 141.28
88 318.60
34 765.76
16 300.85
52 862.29
42 209.47
30 916.53
72 478.91
71 828.31
50 732.79
88 625.68
4 506.27
16 435.79
93 373.60
57 452.66
69 900.43
86 202.19
18 457.28
42 552.94
14 118.54
67 400.06
39 448.60
100 255.40
93 342.76
89 223.27
19 528.54
2 676.12
44 490.05
91 676.84
71 489.26
54 169.20
87 115.00
39 893.23
37 311.17
90 603.65
27 973.81
2 163.99
60 768.39
8 992.27
34 894.64
2 954.52
64 690.47
97 340.57
97 667.45
20 483.31
64 739.09
45 799.75
93 351.29
2 270.64
20 277.87
75 815.26
4 735.77
31 989.87
7 118.93
34 777.68
85 103.94
100 753.13
83 332.89
72 680.15
35 471.15
64 544.39
11 760.09
93 372.67
21 954.36
9 441.87
97 464.68
100 423.25
73 886.20
26 497.54
44 820.10
3 703.60
81 387.64
35 818.10
22 825.53
44 213.07
38 690.36
57 518.67
83 991.80
90 701.73
82 832.67
32 482.94
11 175.07
81 782.94
70 113.99
57 182.59
55 522.09
29 903.14
39 217.27
75 867.01
39 565.93
37 766.94
53 198.60
23 396.04
42 405.62
47 411.78
10 995.46
12 236.19
64 281.81
8 601.00
2 416.67
82 393.76
90 286.82
81 869.74
64 945.04
31 809.79
6 989.10
72 856.01
69 819.59
26 204.40
52 271.32
100 307.12
40 357.33
72 809.84
59 816.69
59 653.39
1 486.74
34 430.80
7 290.74
38 277.26
80 658.02
33 269.30
5 501.15
48 755.99
6 938.39
58 332.76
36 172.18
94 617.05
9 979.42
29 302.32
73 730.76
65 869.22
60 860.27
80 851.71
19 418.49
86 103.65
64 833.41
62 127.31
43 228.64
32 755.49
10 423.82
76 659.24
56 405.60
67 626.32
72 830.59
74 453.77
51 745.09
93 187.31
67 293.18
47 310.43
93 880.84
76 286.18
46 718.42
82 994.22
73 629.83
39 664.94
6 656.14
50 779.08
67 486.12
37 843.95
50 424.19
90 834.51
84 614.47
99 622.43
81 573.51
65 392.94
85 708.47
8 366.53
29 985.44
51 312.41
42 785.20
39 203.47
43 284.15
1 668.70
86 493.07
29 679.14
35 251.14
5 356.09
76 770.09
48 811.58
71 909.83
95 307.23
40 995.19
33 995.17
45 786.92
7 159.33
28 184.59
18 265.76
84 863.39
78 657.01
27 337.42
18 931.51
39 667.25
40 323.86
42 409.59
99 580.84
16 266.60
45 572.14
37 896.23
91 544.52
84 930.46
62 760.60
27 780.94
38 896.11
100 486.32
21 184.49
99 472.21
84 881.17
93 117.90
70 564.33
80 947.30
59 530.92
28 929.02
57 465.65
31 329.51
49 677.38
100 958.84
56 968.90
30 350.48
13 589.97
44 508.77
87 288.01
79 863.13
8 791.45
90 574.15
9 899.34
25 928.70
60 880.39
23 157.33
46 356.01
95 728.76
99 888.56
31 515.08
68 547.93
70 718.04
40 520.66
21 502.54
72 535.70
83 837.48
40 818.13
87 736.51
46 168.21
66 437.06
24 976.10
3 456.77
62 265.77
85 164.27
57 726.90
41 423.25
67 206.26
27 603.90
97 548.72
5 577.41
44 371.34
99 739.95
86 570.93
88 897.23
30 858.89
8 744.46
83 921.78
76 433.61
30 635.70
99 524.75
74 133.03
69 291.55
69 101.73
65 290.12
85 685.39
39 678.38
85 886.36
17 650.93
16 105.18
79 630.63
41 915.57
94 290.64
75 743.35
33 680.11
63 929.68
49 132.94
11 825.27
24 311.45
21 354.03
30 161.43
48 436.03
67 514.61
81 976.64
39 303.03
71 546.96
19 567.01
94 392.89
19 189.90
44 232.79
49 219.00
57 499.49
35 848.68
51 871.77
47 131.83
74 851.08
19 326.45
8 469.21
16 223.52
86 159.32
97 296.73
17 515.39
95 390.51
41 191.66
65 747.26
34 750.23
94 925.79
62 941.92
24 259.71
17 768.50
1 660.44
34 469.02
54 452.08
91 583.50
18 729.67
70 524.96
20 440.11
64 370.45
100 185.43
27 183.02
79 626.28
38 224.69
59 373.89
53 795.98
2 472.34
72 683.41
44 936.18
48 685.00
65 419.13
36 933.69
16 680.75
32 727.63
12 203.26
64 621.83
90 770.25
25 927.79
55 338.77
93 776.43
9 706.74
30 364.02
55 385.76
76 840.44
13 589.61
61 827.86
59 810.39
81 344.73
97 204.40
65 520.34
61 329.97
18 234.60
42 591.28
44 820.12
2 751.54
32 754.96
7 984.32
90 294.67
97 430.44
60 847.30
77 739.26
14 581.22
69 870.31
15 357.29
70 936.46
49 820.68
24 513.23
41 258.27
21 887.13
6 809.01
100 301.46
60 367.30
3 750.47
7 955.62
22 921.14
62 264.00
46 988.43
50 754.34
88 935.31
9 487.24
35 194.83
55 222.01
81 522.13
33 191.54
70 498.67
10 898.33
29 314.37
26 299.82
36 539.70
68 179.74
17 929.21
97 376.50
84 914.88
4 656.30
19 589.42
69 205.03
23 925.26
53 740.08
46 368.65
98 635.70
43 490.76
37 705.83
15 355.84
28 493.60
92 885.97
33 377.89
70 133.46
47 350.73
61 402.21
78 314.20
44 798.59
89 962.09
39 197.55
53 585.43
94 351.44
49 795.75
11 108.77
77 921.61
78 542.89
88 376.99
47 709.45
62 347.30
24 533.73
36 657.92
78 721.45
96 155.91
6 728.37
64 967.25
65 463.03
95 653.81
63 832.89
92 130.69
19 985.22
48 292.03
91 638.21
40 928.40
62 836.65
65 378.49
61 302.52
12 309.89
51 486.81
100 186.79
19 310.56
28 766.44
15 804.26
89 734.76
93 406.19
96 858.14
61 289.44
56 364.36
17 587.01
6 642.38
17 758.53
11 735.61
87 588.59
11 394.89
98 588.72
69 384.20
42 287.66
83 741.32
66 278.59
50 522.90
18 765.58
80 869.62
55 969.04
28 662.33
12 344.98
24 453.86
97 405.77
92 385.24
60 700.22
58 235.18
82 362.02
32 760.48
80 713.00
2 329.89
13 575.07
40 458.60
10 981.89
27 771.79
13 251.69
65 285.38
76 795.41
94 187.12
19 340.03
4 398.82
37 429.65
91 451.24
85 460.09
12 398.84
37 436.17
96 367.16
5 400.46
13 889.05
18 690.33
87 108.09
98 990.66
65 420.13
74 203.53
88 995.41
55 951.48
20 535.65
76 429.98
29 310.81
18 310.37
46 991.34
49 427.90
31 652.39
69 209.55
97 924.89
56 925.05
57 833.27
7 448.86
36 720.92
30 473.56
72 824.84
79 480.24
6 504.79
4 862.96
60 476.30
42 936.43
40 553.46
16 207.28
19 728.97
48 487.65
97 462.03
78 889.02
21 172.99
45 745.29
89 985.54
82 830.40
15 641.06
82 331.30
47 186.20
46 235.86
2 539.95
73 853.92
82 455.69
70 379.84
36 313.91
88 724.25
85 936.72
83 894.89
93 916.01
12 474.66
32 756.32
66 815.75
76 559.42
6 516.25
17 583.04
40 456.04
65 812.30
53 463.65
28 880.04
81 910.83
8 978.19
97 306.31
36 736.11
44 798.65
63 815.62
68 888.48
1 352.96
62 315.83
52 908.10
44 606.00
90 771.21
40 363.26
12 139.98
74 368.31
2 391.61
60 957.65
30 723.84
6 333.02
47 683.06
4 492.68
72 649.02
19 464.49
53 602.02
99 589.86
51 705.93
34 105.53
78 470.51
54 429.15
31 120.96
33 952.39
97 759.31
48 132.31
78 468.52
6 175.31
23 158.37
76 139.13
19 434.03
73 603.40
33 363.73
68 646.58
71 915.07
29 265.35
38 171.44
38 736.67
100 300.18
44 113.30
47 531.42
78 483.29
5 191.94
25 643.86
80 499.64
69 401.38
39 703.87
69 351.64
99 390.22
80 686.30
91 153.42
57 839.04
19 486.21
27 404.90
31 352.24
11 148.68
38 371.77
63 757.13
39 174.12
10 721.84
40 749.76
3 503.52
20 362.72
2 349.39
33 885.12
35 754.69
12 280.35
4 719.31
39 405.28
45 878.92
44 145.39
12 571.06
5 273.22
25 535.62
35 876.89
14 298.69
44 772.99
47 590.78
39 415.54
63 642.19
25 407.10
35 542.42
14 600.63
67 469.82
34 675.04
31 695.25
7 100.89
54 299.01
32 525.85
82 707.08
3 404.05
15 650.59
86 625.16
35 296.16
91 245.33
87 383.17
40 183.21
96 435.16
100 228.50
40 410.74
88 105.60
28 162.00
89 157.01
24 814.12
64 726.61
58 815.38
48 477.46
73 110.99
58 758.69
70 390.94
48 968.00
97 917.13
12 524.31
43 922.07
3 625.08
92 500.26
7 691.28
92 267.95
71 679.39
78 370.82
38 377.13
85 401.42
73 292.54
70 798.90
71 363.28
91 630.15
19 967.34
69 321.32
30 978.53
69 405.75
86 179.81
78 747.92
28 916.03
35 909.79
54 962.14
84 606.70
66 122.49
88 644.48
18 472.10
77 638.52
79 223.92
34 912.98
85 902.16
82 971.42
46 380.19
7 932.75
52 440.07
100 509.01
89 849.61
11 646.64
58 370.36
66 573.10
34 795.96
16 174.09
77 265.19
19 709.77
67 903.51
50 289.97
6 703.61
68 416.71
46 959.00
81 343.91
46 694.10
21 740.66
31 646.45
62 289.45
67 561.00
22 407.41
40 573.18
99 855.44
55 315.21
39 148.54
4 800.68
66 643.69
29 286.59
82 789.29
5 746.69
82 498.14
63 291.82
18 119.19
99 501.71
63 464.88
73 393.91
17 250.88
99 610.82
80 461.27
10 852.87
25 209.10
36 832.54
54 333.85
11 304.14
66 224.01
41 342.47
90 224.04
56 593.34
70 609.13
9 292.89
16 113.17
36 253.70
24 649.34
84 280.91
56 595.60
7 211.79
87 276.81
17 303.90
16 242.79
52 414.36
45 194.10
17 937.45
69 298.17
42 489.97
69 415.40
76 437.62
82 983.44
9 680.02
18 348.44
89 208.37
6 417.81
20 384.12
90 893.57
14 184.59
91 576.62
73 372.16
2 239.98
22 303.23
24 268.97
10 761.37
61 433.57
91 818.35
35 977.34
95 478.17
23 991.11
2 720.75
75 357.47
84 949.73
11 899.11
47 247.96
25 201.02
67 367.23
37 837.29
67 236.98
57 393.43
90 230.81
73 333.87
34 781.41
68 467.01
94 686.96
69 475.30
67 637.00
50 461.80
33 872.69
5 832.96
62 445.12
37 532.61
76 253.49
12 565.91
46 552.50
37 233.42
41 157.49
5 703.89
60 414.32
1 792.14
46 698.94
87 711.69
91 962.97
14 837.21
30 609.68
27 669.54
11 702.29
79 933.78
2 863.57
87 102.31
100 365.87
6 553.22
23 555.05
58 386.95
98 620.43
20 476.76
99 951.81
47 976.86
48 556.02
15 400.01
49 649.94
2 414.48
35 220.33
70 912.93
59 650.47
95 527.65
49 430.62
82 669.09
41 237.10
48 520.32
4 808.44
17 468.38
3 566.08
22 827.29
84 591.25
20 466.05
15 593.50
74 975.50
83 657.32
44 195.74
11 855.01
14 970.92
18 359.14
19 642.18
37 425.65
19 262.96
10 910.49
26 161.09
49 848.57
52 894.79
60 862.70
50 276.59
54 426.36
60 818.07
89 204.54
17 745.38
38 593.55
99 723.24
14 866.98
47 489.89
24 227.66
18 670.95
5 729.22
89 940.53
96 849.44
29 229.98
40 862.59
73 558.43
3 965.90
49 529.08
5 293.11
13 245.75
64 463.96
88 978.07
21 277.52
27 753.48
24 150.05
15 394.73
53 583.26
39 562.59
49 532.79
44 542.13
54 184.30
57 839.63
51 400.77
17 882.77
71 115.14
3 921.44
79 498.26
99 398.24
61 716.79
63 650.57
29 161.81
11 728.16
32 656.36
14 326.73
43 167.67
68 924.71
66 659.61
60 852.39
91 854.85
50 401.59
99 571.04
31 178.57
10 907.62
62 921.83
43 984.02
7 592.32
66 112.51
12 154.67
18 668.06
65 268.55
79 858.43
49 298.03
80 405.33
95 219.96
42 711.52
62 632.20
6 493.93
56 255.48
69 336.62
54 279.45
61 944.85
81 304.48
68 321.04
77 986.48
76 457.06
67 298.80
35 979.28
50 120.83
35 237.73
54 382.36
73 889.85
14 595.57
25 942.66
22 757.32
16 733.91
45 896.61
93 314.06
33 699.87
89 427.27
37 403.54
87 909.43
31 233.68
36 412.93
2 393.19
48 924.66
62 200.81
28 461.48
10 385.64
98 114.26
45 985.18
52 592.28
7 607.79
70 175.03
24 499.38
45 710.47
31 195.66
27 489.69
34 602.11
5 118.49
34 535.17
61 478.53
61 425.48
10 181.00
97 851.31
22 580.76
39 646.15
99 783.49
70 844.14
57 360.73
77 647.64
99 688.07
96 322.84
46 504.65
65 649.16
53 762.76
8 772.91
70 459.17
15 978.28
29 134.12
86 416.89
61 171.64
25 302.75
33 745.24
6 554.40
100 940.96
27 570.72
46 545.09
75 363.28
61 345.34
90 685.10
89 692.28
62 178.40
54 656.80
73 505.62
51 216.78
80 187.78
14 747.18
93 782.40
12 321.51
1 318.47
69 704.52
58 980.04
67 975.12
63 946.31
67 780.56
15 981.71
83 122.88
32 839.34
20 242.88
2 249.31
7 637.07
48 125.10
88 396.36
78 851.42
38 466.12
11 621.44
87 863.61
25 592.80
24 476.82
46 186.31
85 849.02
97 552.11
53 684.95
42 137.08
12 313.19
94 686.54
20 463.74
7 572.23
30 768.07
29 387.20
42 291.59
73 988.75
32 887.77
25 796.32
11 929.68
29 427.21
45 817.20
28 553.81
45 953.51
86 475.29
10 941.55
77 770.23
17 646.37
58 294.28
18 482.82
46 331.13
39 913.86
100 212.08
97 796.78
4 682.48
43 645.26
90 858.56
26 880.29
8 568.68
61 825.81
1 923.67
51 216.98
43 594.28
26 439.05
96 432.79
59 448.48
96 911.82
46 224.91
67 794.56
9 474.66
24 949.86
2 632.57
84 781.74
45 796.91
65 661.45
50 603.14
30 804.10
77 812.80
42 933.87
97 488.55
33 219.09
88 597.40
12 568.71
87 100.62
78 798.96
66 733.57
43 630.24
13 200.57
65 279.54
82 542.23
76 865.25
21 951.15
35 618.36
4 461.78
91 817.16
48 815.02
64 419.36
77 187.19
67 762.68
13 835.72
20 232.80
65 607.59
53 826.58
50 507.57
60 592.05
99 913.79
24 173.74
1 897.29
30 364.58
74 824.34
13 515.87
56 297.47
31 283.38
98 113.62
6 488.91
8 616.08
8 153.77
97 577.69
19 143.75
12 621.83
18 519.10
10 855.05
59 379.81
97 532.04
17 133.50
56 648.11
91 626.15
99 657.69
80 619.15
16 299.23
82 344.73
95 361.98
72 409.63
1 789.72
22 744.59
23 324.27
96 136.76
83 871.58
65 700.93
7 762.80
5 340.40
45 789.55
53 611.70
52 921.92
52 357.81
44 383.53
17 337.10
81 838.56
26 496.62
51 596.98
63 131.48
49 409.22
52 964.91
80 234.07
16 131.98
59 517.07
83 715.79
65 656.63
17 654.69
19 206.42
51 995.78
39 997.97
30 194.76
69 841.60
9 656.75
31 350.92
75 164.10
51 389.07
72 204.85
88 574.84
55 106.76
13 553.92
18 976.82
9 571.45
4 138.10
32 637.28
95 571.89
41 227.89
41 121.36
52 212.38
38 806.00
90 881.80
16 417.71
46 759.25
25 921.29
7 505.50
92 481.90
95 993.56
11 757.59
84 517.60
42 110.83
84 788.40
3 108.64
95 773.03
95 757.81
61 160.18
86 513.36
58 951.33
26 488.25
52 865.15
20 209.61
34 520.17
55 189.76
16 484.67
44 143.47
89 744.52
38 732.25
83 800.79
96 857.02
82 112.37
70 974.21
66 755.86
20 370.97
22 484.86
29 949.98
84 271.40
27 757.87
99 771.77
89 849.44
26 754.11
94 421.47
15 127.09
21 633.54
7 782.30
41 676.20
8 925.33
53 501.63
15 791.33
32 216.57
96 537.04
90 288.55
93 388.36
86 743.11
30 508.34
44 623.28
73 413.34
98 106.27
36 896.85
44 717.79
59 277.46
27 172.71
74 880.34
80 144.56
32 121.73
46 688.94
51 338.64
13 711.35
3 239.34
32 473.57
88 476.09
28 976.42
27 499.05
15 412.23
40 909.48
61 571.99
25 266.20
76 288.80
92 101.95
93 122.01
15 676.79
33 255.63
71 996.97
93 438.04
32 357.64
43 787.70
70 543.00
48 824.54
6 586.27
21 858.57
47 839.55
57 825.27
21 125.62
43 935.49
32 537.44
85 497.39
56 954.58
24 394.94
21 664.37
47 844.80
60 783.48
7 910.86
39 556.39
91 824.68
50 619.09
98 997.75
8 691.70
99 685.26
21 896.54
84 486.69
57 785.70
30 416.29
1 548.53
53 113.20
78 872.90
78 396.38
98 874.26
18 781.45
31 316.04
85 862.29
57 517.66
57 765.98
43 814.02
13 475.73
54 644.20
14 759.97
13 555.56
8 101.34
78 207.58
68 362.21
85 182.65
81 470.93
2 768.39
25 602.79
90 145.40
88 189.08
36 739.38
53 229.53
68 995.73
6 479.16
41 129.84
78 287.20
97 103.75
87 658.47
56 550.61
88 855.43
37 904.21
19 217.13
4 532.08
25 642.20
75 408.25
34 726.77
23 284.72
78 185.78
23 427.06
95 557.81
52 201.08
98 615.45
5 459.04
75 211.51
33 956.08
60 902.48
39 490.27
96 126.62
42 458.82
88 879.32
51 326.63
32 666.46
29 330.87
1 590.78
86 167.93
1 471.08
75 212.07
89 856.71
19 165.51
96 713.79
51 433.14
60 969.20
15 528.37
4 955.02
79 597.77
85 831.83
53 229.57
58 224.07
66 997.68
33 383.33
26 504.19
32 723.99
69 861.72
12 327.04
79 915.72
63 737.07
78 726.28
28 259.24
8 257.62
17 728.44
89 558.19
84 278.38
21 377.93
34 927.74
66 783.98
64 470.81
49 972.18
17 160.38
87 378.09
26 466.29
49 285.45
80 833.24
43 161.21
70 639.17
44 834.31
51 609.93
40 861.07
70 711.43
17 883.48
7 777.72
2 181.18
31 728.52
51 480.88
73 858.64
48 640.39
16 698.51
65 704.18
93 368.36
61 475.80
92 403.88
67 305.31
46 777.49
51 160.24
26 516.97
25 158.78
26 605.80
10 282.33
81 150.57
93 433.50
38 578.67
76 979.42
1 311.58
62 384.77
1 944.40
70 533.88
24 779.50
68 807.10
4 927.66
89 644.41
65 126.02
24 686.60
56 907.34
27 629.67
44 351.20
26 404.80
81 317.20
53 747.40
12 852.10
41 572.08
25 112.55
2 836.93
66 926.90
69 421.33
38 166.18
15 297.26
76 632.65
27 566.97
78 578.03
67 950.85
25 588.46
83 190.87
53 893.16
6 259.79
21 721.87
56 137.99
86 695.66
1 262.20
32 111.33
11 452.59
20 950.31
89 714.42
21 487.39
40 531.64
8 861.82
27 342.60
39 906.09
56 300.26
89 408.05
3 772.82
42 192.22
73 676.63
54 333.15
5 260.02
65 870.16
75 894.82
80 137.28
35 246.49
22 417.05
54 908.56
61 278.13
36 613.91
23 599.55
63 991.21
87 249.40
100 240.68
1 932.16
22 414.83
74 301.91
57 207.21
97 365.78
56 446.55
12 744.73
97 610.27
43 147.41
50 848.20
54 338.50
91 476.59
48 644.50
43 256.28
95 873.12
31 369.07
97 793.59
79 913.91
94 718.37
94 612.48
29 834.86
90 298.20
76 547.84
81 616.58
91 268.65
11 628.17
83 958.10
31 693.89
42 472.68
76 974.71
67 756.46
32 119.37
21 124.48
80 841.57
30 924.26
47 478.67
16 629.10
8 564.13
35 666.06
10 433.20
91 546.82
66 810.51
26 956.23
28 544.98
2 189.96
69 105.37
35 206.59
42 314.58
35 921.30
14 225.61
99 959.14
58 284.54
33 512.71
48 855.94
78 357.94
58 740.05
58 989.53
30 890.76
40 572.86
30 534.58
21 882.82
22 522.47
8 852.80
17 435.78
53 764.34
56 742.88
66 501.71
72 110.76
21 590.30
14 207.25
33 374.34
1 300.56
68 366.92
61 417.69
84 136.85
99 204.04
92 514.76
88 549.05
56 385.57
12 353.70
2 480.40
24 959.61
78 328.61
71 479.54
89 244.67
31 742.35
78 146.06
66 414.55
36 203.70
73 183.64
47 895.27
45 462.04
100 651.91
12 377.96
69 375.12
56 903.40
61 705.72
80 286.80
45 317.62
10 424.88
83 801.56
55 111.26
85 294.72
24 723.46
47 736.14
5 425.35
6 128.98
13 393.79
15 986.25
1 118.55
5 581.12
15 570.64
9 220.75
76 192.92
97 315.44
59 944.00
35 166.69
60 595.40
71 639.70
80 992.53
84 236.05
1 865.90
52 354.84
36 260.82
44 465.96
60 559.15
69 166.09
97 382.27
69 156.76
92 488.92
13 595.02
86 165.92
8 620.95
14 461.98
25 312.79
34 577.00
3 629.90
15 987.36
43 967.86
90 236.52
100 401.52
28 808.00
81 655.37
46 213.87
71 573.73
48 680.72
50 890.10
27 429.34
19 357.15
91 900.52
59 604.74
93 334.40
69 336.79
87 997.22
19 294.34
72 629.78
5 187.38
49 270.82
9 138.89
83 196.81
18 230.52
7 352.58
49 735.57
60 635.40
13 279.30
100 924.38
71 150.89
35 305.93
71 479.43
64 884.63
38 841.69
32 560.26
27 691.82
65 500.13
11 433.60
86 829.95
25 504.92
19 481.08
57 181.74
23 368.14
61 361.61
5 260.49
74 951.27
88 504.89
56 627.68
98 606.97
10 150.31
1 813.69
70 933.58
27 950.07
16 332.24
15 970.52
76 528.99
23 454.99
8 395.27
53 510.19
90 498.91
20 426.00
55 694.67
28 467.08
60 237.63
42 440.01
23 300.01
72 932.90
22 282.89
2 304.21
9 259.17
2 485.21
57 486.06
65 452.15
67 529.73
6 582.39
55 380.59
63 146.00
89 835.07
96 809.25
47 112.16
68 366.14
70 817.75
25 835.16
87 251.81
17 206.79
98 863.96
47 424.92
38 578.48
31 749.78
81 370.02
54 670.17
97 590.26
31 208.73
73 195.59
25 531.32
85 550.10
22 942.79
53 173.21
10 295.59
28 806.18
77 942.11
39 202.62
83 222.86
1 540.61
82 412.40
52 748.22
22 240.73
25 694.57
92 693.47
16 272.62
39 517.95
80 957.97
66 386.51
84 116.67
64 532.24
21 917.82
73 917.37
75 773.66
75 138.66
59 987.02
22 204.23
96 717.84
88 616.15
32 544.69
71 243.70
28 739.87
89 718.54
34 302.47
5 278.56
98 218.67
84 245.72
9 308.62
6 101.33
72 343.21
51 270.54
78 478.04
88 925.65
37 342.02
29 687.28
6 352.65
35 349.60
86 668.24
85 641.67
76 253.78
49 322.51
38 552.90
20 296.76
10 251.94
99 640.41
30 946.23
43 493.00
13 455.78
78 718.89
14 918.46
61 440.97
58 607.93
88 720.54
79 913.02
54 583.13
2 187.34
35 963.42
95 594.22
94 513.63
20 777.68
97 287.25
41 557.48
42 511.91
19 540.10
76 996.63
40 822.67
14 170.53
39 477.71
25 456.91
38 578.46
77 931.17
80 760.25
87 623.43
45 811.03
44 465.72
74 607.33
26 590.02
84 797.80
8 789.98
4 495.76
50 579.56
75 475.97
59 435.00
13 483.03
94 366.39
65 640.43
82 257.98
32 931.74
63 785.85
54 874.65
16 238.63
63 889.47
56 280.82
59 450.54
12 943.18
40 810.30
63 148.45
86 810.22
48 892.50
53 953.58
7 232.80
27 300.93
25 669.06
48 302.53
53 346.38
57 404.05
78 965.62
13 633.92
33 753.53
73 742.69
11 810.47
57 860.46
54 972.88
11 525.61
98 406.76
31 448.56
92 616.13
97 258.30
86 407.88
38 759.62
21 595.73
48 942.92
83 438.62
19 164.51
60 615.72
3 683.47
67 226.44
92 248.92
44 696.37
88 566.84
33 230.17
93 102.60
77 189.58
43 591.75
65 989.87
18 729.06
31 157.30
60 269.24
74 765.37
25 665.42
58 333.78
71 739.94
52 428.96
15 789.40
40 743.69
82 234.88
80 209.07
34 132.67
21 367.25
100 595.68
72 117.07
62 279.24
11 234.90
68 774.16
21 850.14
54 948.35
97 189.42
80 716.28
11 407.90
96 837.35
85 851.86
28 852.56
58 206.05
97 403.69
55 529.52
20 350.91
93 272.20
31 176.96
96 642.61
38 524.39
76 549.66
14 543.16
34 246.01
86 520.48
64 771.51
57 638.10
37 465.62
7 315.62
44 681.81
91 839.64
89 207.37
59 598.31
65 432.92
65 252.03
92 527.79
79 724.85
4 426.62
31 773.07
61 712.43
75 565.90
30 793.37
17 630.98
72 802.24
67 108.60
7 149.42
29 498.29
73 362.68
46 387.97
73 871.01
69 119.23
96 150.25
68 107.43
20 116.46
83 134.22
91 239.77
53 835.49
59 824.89
81 601.60
6 561.72
6 541.67
86 495.57
17 694.82
59 248.94
33 669.01
41 896.79
33 879.77
73 410.20
38 322.78
30 620.25
50 813.68
3 287.76
24 188.61
80 945.30
73 504.72
2 765.68
83 259.62
69 893.25
89 357.63
70 214.40
20 177.02
99 850.15
72 605.84
35 770.40
26 704.02
7 232.83
66 906.80
83 560.45
65 236.74
89 359.38
66 532.19
66 470.25
32 272.58
31 931.68
26 595.22
43 130.19
36 458.31
5 557.50
56 482.59
67 980.29
85 628.72
32 629.63
1 211.96
95 304.94
26 969.43
43 478.30
50 606.77
82 845.65
98 952.69
88 267.23
1 210.06
87 514.11
92 516.72
81 418.31
92 666.90
64 629.80
61 931.02
23 333.40
85 718.31
75 552.28
37 786.76
7 645.23
96 121.79
55 822.88
2 535.73
74 926.58
19 817.26
22 849.89
10 867.90
68 368.76
47 814.44
13 454.04
53 652.02
6 747.39
81 610.22
20 737.80
78 977.97
15 488.68
1 340.33
88 198.76
20 174.31
47 489.89
18 913.84
83 973.74
62 119.44
88 189.34
92 422.45
97 167.30
21 475.76
2 623.45
64 175.46
72 472.00
86 305.67
77 334.63
30 594.80
17 505.57
18 435.81
43 623.25
86 396.21
35 602.22
69 118.27
50 161.87
61 905.34
52 843.29
56 432.12
90 199.54
95 408.92
95 433.08
24 144.14
86 911.64
30 395.06
26 398.94
74 222.15
40 284.09
88 233.51
99 775.06
48 930.97
46 215.30
67 996.95
27 681.61
97 369.47
57 760.35
18 364.71
71 333.84
26 153.45
78 379.07
80 109.47
92 614.73
65 544.18
72 989.40
29 930.28
54 179.77
97 242.96
86 957.03
46 301.08
69 709.55
59 654.03
14 434.34
13 356.70
68 559.30
67 990.62
25 764.76
72 673.90
58 310.03
85 889.82
27 929.63
27 891.63
64 999.24
42 340.36
41 674.98
73 688.77
66 107.29
55 783.40
13 874.10
43 315.83
66 563.25
37 474.67
14 429.31
23 755.47
2 715.07
50 133.99
37 828.71
49 190.42
89 199.33
81 169.91
82 696.89
88 690.87
41 560.81
11 346.90
17 145.88
71 420.80
76 134.55
64 136.72
37 685.22
23 211.39
4 233.30
16 218.91
25 194.16
30 251.54
67 895.32
53 545.77
58 196.21
42 722.95
11 230.39
41 783.36
76 402.46
84 629.04
30 281.25
2 479.85
29 720.05
11 230.67
70 108.42
98 522.07
99 645.52
86 560.66
100 544.83
64 488.61
64 353.63
38 270.78
65 758.07
5 452.75
84 804.63
13 745.59
46 658.83
50 664.65
90 838.83
79 627.55
77 673.33
3 878.53
100 341.04
3 343.34
65 516.78
88 111.31
13 687.95
95 632.72
40 145.73
23 222.66
36 253.04
89 816.95
55 348.53
62 611.34
95 674.68
60 205.53
89 690.19
31 312.37
55 980.99
7 446.71
71 172.04
38 304.97
51 952.01
38 394.25
34 106.93
75 591.45
92 135.22
51 293.70
41 318.41
71 490.88
45 854.99
100 142.81
7 454.18
44 518.17
86 306.75
100 171.65
56 111.37
38 184.95
57 480.58
51 383.08
4 531.03
37 612.42
23 407.78
97 470.22
25 279.69
100 875.99
64 464.90
53 369.23
92 242.26
87 609.54
82 162.49
37 689.20
37 201.61
98 101.34
26 140.24
88 423.75
68 234.86
64 909.47
37 479.11
17 622.77
41 635.94
50 653.32
21 433.67
42 202.37
70 823.99
70 550.13
27 692.75
88 639.78
68 358.94
79 146.27
93 318.66
23 281.64
95 827.70
7 530.82
89 780.94
74 631.70
12 351.61
44 907.93
7 290.62
48 261.19
46 809.95
52 626.31
97 907.54
9 883.44
20 188.71
13 893.20
12 832.24
42 915.35
52 722.09
51 985.23
51 235.71
96 769.37
8 210.31
78 380.98
53 896.41
14 580.36
54 191.66
93 823.55
63 516.57
4 328.95
19 924.00
35 900.24
42 346.34
18 797.06
5 963.38
45 390.66
83 779.41
54 441.59
62 924.01
83 732.61
24 458.52
77 977.76
70 247.92
13 448.01
92 459.66
76 511.04
6 656.91
65 792.37
25 606.29
24 580.00
2 856.51
68 143.08
5 481.46
46 210.50
11 778.63
68 305.22
29 893.41
21 228.52
87 634.80
54 679.16
99 795.03
67 178.14
56 939.45
83 667.05
30 673.12
20 530.90
63 386.99
87 422.51
35 950.43
21 242.07
60 605.03
57 191.20
91 366.71
68 738.83
81 233.73
27 611.05
22 406.69
73 672.43
91 904.56
39 608.82
3 121.40
93 294.63
82 522.44
46 529.31
87 920.91
84 575.23
63 436.99
21 269.90
52 722.34
25 116.20
79 415.96
58 497.59
87 765.59
88 696.71
41 904.97
48 643.80
6 926.66
37 449.50
88 417.96
98 530.75
54 241.41
7 366.25
56 395.63
99 598.26
16 457.31
11 262.75
88 916.69
12 504.24
96 716.86
45 233.23
31 783.16
28 191.46
28 709.95
7 403.94
22 286.08
23 729.08
22 775.28
86 652.07
40 123.14
84 315.10
38 812.25
7 760.26
46 545.51
9 981.51
30 614.92
3 701.06
23 267.53
44 811.30
72 552.75
76 770.95
5 639.27
17 134.03
46 167.93
12 912.60
99 415.38
58 475.83
86 681.07
29 261.20
12 655.39
9 669.13
72 609.26
77 818.19
93 622.18
75 449.02
98 861.33
9 191.05
58 690.83
79 498.22
38 245.85
41 608.93
51 929.57
75 341.66
13 256.14
5 287.66
50 562.75
5 614.80
30 154.56
10 751.50
76 704.26
9 323.43
96 145.66
59 852.29
65 473.39
36 644.77
90 633.81
25 911.93
9 313.44
85 151.27
98 699.77
56 748.60
41 161.79
33 753.71
91 256.02
3 433.53
27 375.95
42 631.04
23 939.59
93 979.17
11 180.22
7 787.94
71 169.19
90 658.17
88 295.57
77 505.71
59 914.78
52 914.54
73 419.47
45 192.90
13 909.74
28 344.00
51 215.29
53 160.50
61 877.19
34 132.87
7 582.29
100 945.13
60 348.82
8 824.74
8 763.36
88 594.52
47 490.48
83 842.34
32 217.02
98 210.57
47 542.22
80 823.38
25 234.21
63 215.07
61 774.11
71 860.35
74 864.00
47 104.36
43 617.88
50 524.23
19 269.17
93 600.97
73 152.21
40 528.89
2 560.16
53 834.11
3 311.38
18 208.30
47 329.51
38 267.45
58 379.35
95 477.12
80 456.75
47 614.56
99 164.89
5 546.26
54 507.57
79 233.31
95 200.38
57 718.35
98 375.45
79 414.03
57 694.18
17 309.27
81 109.33
66 909.93
82 480.71
93 133.72
74 985.69
23 671.26
30 208.09
64 387.45
58 660.56
48 169.69
56 815.58
87 568.23
64 601.76
100 504.75
90 774.04
16 190.44
11 569.48
30 218.10
42 922.14
10 217.63
64 405.52
85 249.32
69 734.62
58 795.55
25 224.15
29 693.31
18 462.11
44 144.71
63 805.45
38 858.62
37 807.62
2 733.46
43 977.68
60 163.13
22 647.57
28 176.01
78 923.76
54 431.47
40 506.54
38 462.32
83 746.57
17 764.51
59 742.03
38 303.20
6 659.12
19 912.61
57 513.56
32 470.71
32 753.65
84 398.64
49 407.31
97 750.65
2 896.52
100 126.07
57 553.40
35 489.24
34 168.06
37 151.36
83 515.98
81 754.39
94 474.29
74 497.84
98 565.70
34 169.41
49 942.48
57 174.01
72 181.98
48 656.97
16 683.73
76 339.70
19 230.59
86 625.63
55 795.02
99 622.23
44 452.47
23 370.72
4 900.26
36 184.30
56 206.08
74 892.91
30 749.56
52 480.52
73 687.44
93 377.25
41 846.80
1 737.62
26 290.63
74 980.40
4 916.56
21 902.19
65 476.15
17 792.42
93 504.42
12 721.52
31 711.65
33 656.79
73 388.97
56 446.33
94 877.77
88 318.93
36 512.13
58 755.57
41 468.38
25 477.50
100 586.24
44 720.05
63 554.39
93 626.36
84 572.99
8 578.09
85 695.34
68 160.91
86 841.17
14 153.98
12 324.06
5 447.57
95 652.97
43 248.34
58 147.32
9 941.04
46 260.59
13 909.11
90 161.49
91 180.66
20 474.32
9 556.03
30 106.76
12 409.29
5 303.70
97 101.24
16 436.74
81 288.44
52 441.77
54 354.88
62 906.44
66 248.74
75 757.16
33 689.02
7 152.42
22 876.55
14 729.87
99 583.64
25 896.50
95 196.67
30 601.98
100 308.05
4 839.11
75 181.07
11 741.15
21 378.88
25 264.86
11 815.05
42 326.25
2 589.92
32 483.81
12 350.19
32 574.08
31 345.08
61 404.61
33 497.00
1 761.57
78 100.68
13 700.46
14 789.28
65 302.65
44 834.90
95 674.27
86 143.12
74 598.31
41 695.34
8 632.41
36 213.51
12 104.71
68 840.04
78 691.55
30 720.10
73 571.39
100 365.93
76 659.85
82 628.45
39 558.23
61 750.52
47 265.05
64 495.97
47 124.48
81 880.54
88 805.92
56 907.02
66 641.47
45 936.76
67 263.96
21 585.20
10 946.01
66 216.68
57 705.73
74 628.76
37 402.03
73 188.71
71 349.95
68 605.54
42 391.12
36 983.26
85 972.87
47 251.09
11 552.65
19 125.24
64 688.97
6 817.98
54 299.58
10 255.73
62 813.10
60 937.08
51 546.93
93 581.48
34 511.62
29 450.04
71 935.56
51 721.84
74 237.53
57 369.67
18 194.55
33 160.81
31 855.51
47 841.08
9 697.34
29 374.44
4 233.28
74 994.36
10 593.76
9 340.42
77 718.63
58 633.45
70 164.51
64 970.28
42 132.93
14 597.82
2 827.98
62 126.51
35 191.04
56 328.09
100 943.51
98 489.39
78 277.10
78 270.00
18 747.84
90 189.11
23 295.35
60 188.17
19 850.43
33 257.04
1 655.00
96 981.43
14 810.43
33 925.65
38 948.12
95 336.54
6 802.75
79 805.14
95 474.48
49 998.75
56 127.92
30 565.32
6 272.33
39 420.64
55 210.53
56 483.50
20 152.35
73 353.05
18 267.53
66 238.70
50 972.09
3 942.60
8 251.56
56 497.19
73 992.56
63 270.44
98 943.07
64 534.14
3 573.80
71 699.49
69 316.93
5 507.46
1 622.64
6 250.08
59 139.56
44 579.61
79 474.65
70 939.84
60 437.75
5 514.69
39 268.28
77 874.61
41 350.07
60 478.94
12 319.01
99 937.28
1 499.25
61 971.75
84 235.69
89 883.66
74 239.25
95 808.39
1 610.05
61 346.93
3 145.64
59 331.08
81 641.48
58 353.53
59 851.33
43 892.74
8 899.26
48 252.32
76 688.15
34 434.64
33 799.61
13 408.13
93 486.96
76 481.81
89 416.08
49 916.12
39 139.98
88 507.61
14 177.67
35 500.22
41 434.88
24 522.06
99 536.00
23 923.11
53 128.82
34 364.96
18 264.44
20 953.12
27 788.38
43 931.34
56 149.63
62 167.44
59 165.96
6 578.20
86 274.69
22 296.29
52 154.48
96 447.21
28 559.43
65 970.64
90 799.12
84 983.55
54 193.08
86 939.34
58 864.27
94 188.77
43 658.75
48 669.99
95 442.14
68 415.12
100 501.52
43 780.20
31 651.10
79 214.62
16 195.64
97 663.13
30 747.17
28 731.30
34 401.29
34 206.62
69 463.43
15 706.92
2 518.90
74 802.41
40 926.56
49 123.33
55 754.64
37 738.55
28 494.73
21 457.79
57 293.54
50 621.58
35 799.65
47 492.08
46 115.77
95 634.25
30 197.93
69 936.99
35 179.11
27 112.17
67 967.91
42 259.08
16 562.98
60 195.85
5 873.24
43 600.61
92 418.97
29 317.27
52 425.64
98 531.80
85 361.87
50 658.50
65 339.72
70 437.56
4 675.41
29 367.69
54 149.21
12 511.65
86 796.04
87 753.00
72 633.24
31 492.16
40 504.07
82 968.21
72 787.57
11 111.65
43 261.13
39 437.21
4 278.37
81 106.21
58 751.15
42 498.79
88 977.00
14 865.27
3 255.33
72 154.16
17 816.35
30 227.71
63 742.76
87 377.85
1 587.90
38 208.81
55 673.69
73 647.56
32 232.69
93 497.29
16 576.24
10 656.68
65 579.84
3 161.09
21 241.79
74 679.91
95 669.82
89 135.72
59 102.30
89 575.90
56 127.06
92 945.59
85 779.42
80 176.34
3 297.44
36 589.21
81 185.24
28 738.65
95 243.71
81 417.93
39 647.66
16 941.23
24 434.74
1 255.23
4 199.58
48 660.59
92 538.87
8 957.02
88 782.64
80 128.52
52 290.35
30 406.74
51 746.89
94 804.58
49 654.01
76 441.35
58 475.43
5 776.42
92 703.69
50 760.88
84 599.80
95 730.08
97 270.30
85 822.84
53 918.65
67 373.49
20 648.81
46 202.92
53 473.14
100 891.79
64 270.97
58 868.52
65 483.37
68 650.16
2 952.46
46 310.93
68 736.27
47 644.66
98 336.82
79 109.93
93 580.45
63 669.37
99 131.29
25 469.52
97 278.96
68 236.90
6 392.92
46 762.21
84 155.50
83 840.87
17 549.39
78 122.77
3 153.31
67 428.44
91 640.58
30 770.54
8 833.47
13 491.58
55 261.87
61 653.15
27 332.34
14 479.53
78 988.61
97 164.20
7 981.06
59 997.97
91 438.74
37 801.52
59 914.61
87 213.52
39 153.58
37 297.54
65 181.75
36 865.74
97 322.74
4 137.39
34 395.59
41 346.80
12 382.45
7 471.90
29 591.07
21 948.00
69 304.22
37 144.80
7 354.29
63 396.31
94 492.97
14 623.56
4 948.12
25 752.93
21 901.50
73 512.94
12 352.15
5 505.50
44 413.08
71 447.61
65 468.75
90 739.36
20 246.94
13 785.35
10 655.39
46 320.09
62 258.25
99 804.83
36 950.08
20 285.11
75 828.81
90 807.48
72 315.32
44 476.53
94 978.32
16 247.41
21 733.12
63 966.19
62 459.25
36 230.83
93 189.31
76 726.46
24 199.36
75 560.44
6 559.51
25 619.37
11 189.05
44 872.75
11 725.87
58 445.07
90 364.96
3 349.09
7 216.11
77 148.43
51 654.96
65 693.43
18 729.29
19 400.21
14 889.95
87 516.05
56 129.76
40 225.48
74 713.53
58 999.80
87 821.90
80 689.26
26 113.29
81 775.35
67 742.66
36 898.50
56 631.76
1 170.38
48 349.50
34 253.38
64 739.06
64 525.78
40 441.94
96 735.21
65 226.45
23 626.10
60 971.66
21 808.76
60 260.93
29 991.17
78 890.20
48 448.97
50 434.97
68 663.68
66 625.67
73 495.77
71 476.40
49 141.55
84 522.11
37 490.79
26 953.59
93 859.54
6 451.00
25 918.14
5 576.15
4 358.86
36 505.00
30 288.86
70 360.57
61 127.99
77 189.62
14 661.17
29 826.14
19 476.48
28 644.64
68 338.45
60 157.27
2 575.88
42 771.69
88 477.50
12 372.22
64 368.65
88 723.97
85 810.99
20 558.03
41 410.07
46 239.11
44 412.42
37 474.65
56 820.49
55 616.59
82 448.30
87 716.48
54 830.16
23 247.10
99 973.99
76 294.79
60 439.11
8 849.32
6 817.39
96 631.76
7 621.87
68 694.90
46 397.52
2 158.56
7 299.24
81 383.04
14 855.29
33 461.18
13 283.48
3 813.18
53 320.51
67 565.60
19 568.48
35 595.03
84 634.61
1 248.60
3 536.09
81 538.97
60 633.50
61 949.44
99 494.95
98 864.83
100 259.10
35 331.52
9 928.76
70 378.00
54 556.55
3 563.24
85 583.85
15 983.36
30 149.88
2 258.79
62 502.65
9 694.00
56 924.36
99 466.94
19 839.31
94 572.64
57 151.29
39 688.15
64 340.59
17 894.62
66 238.74
68 600.40
97 889.91
72 434.48
12 124.63
48 946.20
57 428.55
41 272.52
48 332.93
89 142.67
98 781.27
57 220.76
1 912.99
73 434.68
53 328.62
44 906.35
42 844.72
88 292.74
62 219.66
41 232.81
24 472.95
38 241.57
15 195.31
64 413.24
13 396.67
66 282.04
21 211.78
12 186.15
52 957.68
29 634.14
33 641.99
46 825.61
88 383.71
95 363.92
13 833.60
82 866.85
75 239.74
89 333.14
82 573.88
80 146.96
86 445.01
37 359.76
37 371.17
97 626.64
27 540.89
78 601.31
5 392.83
26 129.99
94 754.95
58 171.59
34 200.35
9 789.24
70 436.59
27 113.42
72 576.96
20 763.99
40 148.88
67 583.93
33 187.45
27 657.45
29 503.18
9 314.83
6 880.33
82 659.70
48 111.25
52 733.79
18 863.39
92 846.14
51 812.33
90 443.05
43 752.14
39 831.94
23 448.83
54 329.38
7 135.62
97 361.84
29 568.35
57 402.36
5 822.34
57 986.95
56 214.79
70 768.35
83 290.96
91 337.46
11 931.20
59 222.53
24 330.90
13 638.12
21 451.95
21 657.16
92 168.93
49 514.53
77 109.53
65 580.76
86 471.30
75 999.39
100 135.96
21 475.07
54 163.35
44 623.40
87 267.73
64 983.65
25 733.59
6 606.71
95 885.27
17 360.74
17 987.90
82 815.62
53 281.49
60 854.71
38 361.54
1 550.67
93 238.45
93 449.72
61 342.49
35 225.52
72 982.74
30 105.98
44 375.32
31 759.97
37 210.17
52 440.07
97 324.90
30 955.32
5 990.18
56 697.19
33 482.48
72 630.98
22 658.83
11 935.98
73 443.45
48 789.05
83 310.72
47 957.53
64 285.33
16 505.44
32 528.89
71 931.25
6 943.45
26 674.59
7 835.40
71 445.16
31 785.65
70 327.98
51 134.35
72 896.22
55 783.42
96 197.70
46 669.38
28 116.15
77 911.81
15 863.09
46 493.65
34 693.24
43 554.13
67 886.54
32 114.32
84 361.29
61 645.56
76 110.94
29 299.98
18 820.14
68 497.33
2 738.60
97 515.86
7 938.94
92 523.03
23 286.77
50 830.22
3 615.31
19 992.12
1 158.74
96 390.51
13 621.54
53 100.63
1 860.40
99 141.19
43 893.36
48 555.99
3 716.74
65 725.35
45 996.10
62 251.75
69 737.56
7 728.52
93 998.22
23 707.12
83 421.96
39 556.37
96 119.02
12 588.29
71 234.48
17 397.28
8 145.18
44 854.91
20 243.87
71 303.76
37 830.83
6 251.33
51 525.11
52 807.42
2 517.69
93 120.80
29 821.78
24 781.14
79 305.85
21 104.97
96 848.59
96 655.86
63 225.67
82 439.26
14 887.88
5 400.72
8 172.08
47 280.21
94 144.27
54 562.80
27 744.60
76 520.44
8 929.64
53 531.61
54 289.52
72 917.52
24 720.68
38 140.24
46 740.46
76 322.70
47 663.27
18 325.03
89 819.47
11 749.90
84 764.55
64 557.92
88 191.66
6 435.75
95 659.22
74 756.81
15 838.72
8 568.81
39 727.85
16 733.75
3 893.60
19 471.49
88 660.67
46 339.43
19 418.37
72 365.45
3 246.00
17 664.50
72 909.92
54 349.97
71 736.13
93 671.84
65 140.23
58 875.39
72 164.99
10 772.79
47 415.14
29 802.45
1 665.61
7 555.37
71 768.09
1 190.98
19 346.18
92 134.90
42 781.44
97 325.09
91 674.28
81 372.95
75 317.19
16 360.47
96 979.15
94 110.48
8 666.95
39 899.48
77 982.20
60 904.01
34 373.59
84 687.23
54 453.70
97 659.86
14 175.55
86 790.52
7 671.55
68 912.55
79 348.56
6 897.85
25 938.37
65 721.25
95 430.37
17 416.01
5 135.04
7 581.30
79 551.04
99 216.13
17 370.53
45 697.87
6 225.23
67 755.41
63 686.97
72 126.37
95 992.91
33 841.53
68 935.08
92 907.15
36 526.36
1 339.44
73 606.79
3 477.46
28 697.77
13 562.96
11 823.13
78 405.71
16 341.66
12 226.28
44 319.86
3 532.65
82 905.73
8 861.22
64 120.91
99 160.59
46 393.51
4 502.26
67 505.04
58 698.13
24 393.44
16 486.35
67 641.86
75 575.51
17 543.08
59 555.70
11 756.95
17 236.82
92 692.04
90 344.89
21 628.77
76 251.18
23 778.88
41 609.80
24 424.66
4 815.98
71 207.12
19 467.25
22 620.35
75 338.95
4 934.37
12 505.03
48 661.12
26 912.70
94 267.11
19 843.77
41 274.66
94 398.59
12 372.92
38 226.86
21 634.86
88 607.76
46 953.41
77 208.66
85 953.03
62 465.20
44 474.68
89 366.88
15 929.67
81 428.35
79 176.69
85 832.56
18 890.40
62 193.22
99 931.82
13 725.16
54 965.47
35 117.11
58 590.89
22 838.62
7 924.03
8 294.71
79 361.06
88 690.61
93 391.80
58 171.01
95 590.85
32 399.98
64 862.02
10 244.88
43 633.61
90 949.12
47 623.36
69 172.80
57 434.60
22 504.77
6 289.19
75 594.62
61 442.11
90 745.51
29 237.69
17 197.16
98 885.51
11 746.48
52 697.67
72 391.40
49 141.20
62 950.54
85 603.09
75 568.85
29 260.24
12 546.32
54 316.62
77 198.14
77 911.91
40 291.96
1 643.23
18 247.18
7 316.38
19 888.73
50 218.76
50 340.05
55 380.17
57 528.02
63 983.16
92 559.55
40 388.18
30 487.62
98 440.64
80 703.42
17 575.63
91 778.91
6 222.01
12 272.06
60 862.84
37 790.63
51 441.23
27 101.37
29 703.73
57 796.01
27 566.26
30 576.41
32 373.80
15 666.15
3 303.15
76 696.58
95 494.46
67 162.90
20 698.36
61 537.12
53 891.36
37 901.20
22 645.41
9 247.06
83 301.06
18 628.26
49 179.84
69 640.74
43 374.04
11 575.79
20 391.39
31 375.87
64 105.49
51 543.32
36 627.69
84 155.09
48 608.94
86 135.98
83 835.96
55 944.04
84 259.81
50 972.55
82 218.97
15 959.79
16 918.36
80 156.86
56 885.28
33 644.84
89 270.30
1 293.43
71 334.39
50 328.20
71 769.51
61 305.62
45 650.23
88 426.68
24 294.45
40 992.39
88 432.77
18 320.98
91 936.03
99 739.09
61 978.97
43 942.91
17 657.28
46 762.17
24 500.31
60 735.42
70 942.34
4 104.43
66 349.71
96 118.24
80 822.78
24 643.62
2 952.37
89 264.27
6 976.84
1 307.30
44 893.03
12 976.35
80 858.41
21 519.55
42 400.87
91 914.04
40 878.77
34 941.68
6 460.28
20 666.87
56 542.61
48 364.72
64 226.59
32 399.40
29 364.69
28 797.08
92 670.95
47 596.31
29 797.30
36 276.05
77 149.06
27 106.22
63 855.27
33 288.67
88 422.13
98 939.44
1 983.94
37 490.52
30 396.24
100 819.52
74 335.14
78 260.76
93 633.93
10 842.75
33 641.22
16 191.07
42 811.39
34 311.21
8 845.07
40 895.61
3 645.38
64 558.80
54 607.95
59 647.55
96 976.94
95 799.15
82 997.31
46 640.18
78 336.79
90 994.44
77 950.49
11 497.97
68 351.09
74 638.87
66 466.71
93 230.44
58 204.24
71 803.29
22 757.40
95 794.33
91 884.46
43 180.66
86 640.44
95 820.77
16 241.64
80 544.83
77 156.46
83 664.27
52 613.73
86 590.53
100 525.02
45 366.02
71 484.30
100 377.29
88 363.28
96 301.24
8 176.09
79 772.42
2 161.85
58 350.08
8 466.37
38 144.40
43 635.18
48 262.90
72 774.03
97 810.16
46 404.61
77 754.77
88 116.76
67 760.70
3 913.81
68 402.69
62 284.92
34 253.40
74 438.46
75 240.14
70 470.67
27 185.48
96 279.85
32 913.66
61 210.32
73 569.70
82 811.73
84 642.12
97 904.13
62 310.93
50 678.69
40 949.59
87 182.83
63 272.13
46 437.74
94 923.06
17 678.52
50 106.70
15 613.45
48 241.96
21 549.94
99 321.14
92 628.60
97 253.48
7 634.61
69 223.44
52 795.58
1 838.97
74 711.71
96 502.97
43 328.25
50 180.27
13 187.62
91 423.80
25 999.52
43 528.05
29 248.78
29 859.18
21 251.18
75 771.72
99 390.14
7 376.66
38 928.78
62 487.76
16 533.46
61 845.97
8 269.67
67 946.60
79 676.83
54 343.99
21 669.39
8 977.06
78 206.61
69 629.21
74 821.28
61 203.35
25 366.36
61 466.04
97 246.09
30 624.90
76 595.01
94 361.75
58 621.13
41 112.66
32 285.27
61 941.19
88 206.67
95 765.42
71 863.88
95 538.69
30 928.21
48 766.20
87 116.94
24 447.89
30 615.99
65 586.23
32 329.54
95 130.57
40 180.00
17 796.30
74 634.97
73 445.49
65 562.13
22 794.87
15 614.46
55 323.36
82 728.56
72 708.66
100 341.09
90 350.01
48 368.48
90 531.19
23 672.56
96 761.07
28 330.26
85 440.02
95 273.37
76 129.04
5 743.08
85 937.93
2 542.36
97 945.46
70 299.76
19 559.98
19 301.91
70 950.05
2 140.08
60 697.25
34 967.23
62 728.38
61 857.39
39 529.80
41 403.02
97 154.64
5 687.23
10 456.97
46 129.07
4 596.78
4 700.45
100 726.76
83 706.55
46 689.63
9 571.17
14 904.84
14 417.63
96 999.76
96 454.35
48 480.60
4 627.01
17 420.55
2 678.70
54 407.05
21 841.04
3 781.12
26 546.05
79 596.68
6 510.85
43 292.19
65 198.51
36 300.26
88 723.35
83 273.10
55 252.09
44 962.92
86 956.66
3 259.88
18 179.82
27 144.16
76 512.82
55 195.66
4 262.05
70 434.24
82 333.50
79 780.74
98 761.42
77 303.96
75 888.55
68 671.40
17 264.10
18 899.72
14 286.83
18 707.90
53 280.16
24 377.27
98 867.96
43 941.75
27 553.05
2 293.40
44 660.15
50 932.10
36 961.43
90 964.30
57 250.78
1 372.18
96 958.50
90 896.39
31 214.72
52 266.57
23 377.01
55 753.69
86 275.58
24 832.68
9 185.91
54 961.94
58 279.30
62 710.56
85 350.08
88 128.80
96 886.43
53 494.42
4 731.50
8 538.52
71 726.19
71 746.04
24 127.82
8 795.15
15 391.60
51 255.40
22 503.94
88 559.73
11 995.68
7 768.83
64 498.86
93 148.71
11 215.49
57 422.10
61 520.88
36 719.96
58 121.99
38 563.71
36 611.33
68 768.83
44 751.40
30 930.43
23 504.75
62 668.46
67 849.65
16 575.97
14 836.66
24 301.79
93 646.16
21 869.58
84 544.51
83 813.11
31 310.65
47 531.69
42 160.61
25 683.89
33 460.05
12 665.06
8 759.22
68 726.10
80 490.85
59 325.35
9 730.53
38 929.54
87 856.40
28 140.49
79 469.63
21 232.86
92 645.44
56 629.20
23 647.21
79 917.49
36 334.51
2 821.31
59 192.96
23 501.50
82 215.02
16 719.75
100 259.85
22 847.95
17 581.33
60 664.65
65 206.32
7 662.13
82 367.71
99 800.25
96 415.59
21 722.06
14 251.79
85 399.27
62 668.01
36 408.49
31 301.22
48 907.79
64 180.22
66 962.29
70 167.34
89 660.55
93 646.86
68 783.06
74 877.73
99 920.03
5 598.63
40 535.83
62 616.28
85 615.79
39 503.99
11 523.97
78 527.71
34 366.34
28 852.60
93 817.61
34 562.36
92 659.86
27 559.24
75 679.60
30 291.23
37 690.53
28 181.98
53 400.18
73 766.32
75 203.05
56 495.80
31 574.35
49 694.34
56 690.55
45 578.66
8 985.29
34 567.19
65 158.63
46 168.19
44 746.76
81 192.57
58 108.81
92 404.63
47 623.91
61 610.86
6 175.09
100 818.95
24 306.97
3 627.99
94 437.52
86 891.01
80 703.04
16 138.73
43 369.64
13 600.46
79 911.03
91 404.11
54 861.04
69 274.94
80 645.24
17 252.50
60 459.79
5 998.98
71 609.23
53 101.41
44 249.52
2 895.73
83 221.99
96 295.54
39 844.91
57 421.83
14 879.38
59 435.05
51 424.54
92 867.53
31 452.59
23 242.26
89 484.13
42 594.72
44 390.30
8 582.55
4 639.73
73 300.60
10 257.57
55 425.43
31 218.87
64 922.69
19 635.67
15 606.61
70 726.61
35 152.34
3 917.45
95 818.75
79 423.74
93 812.51
64 144.73
31 269.23
1 925.02
74 964.20
10 455.36
15 768.71
82 620.75
28 251.76
73 216.48
51 576.18
27 381.77
92 329.51
81 338.40
20 957.72
47 945.51
36 393.46
25 678.65
95 276.71
65 357.94
31 761.11
67 395.97
66 207.65
30 235.50
19 195.00
68 526.81
43 283.48
66 771.33
83 136.23
63 137.11
33 752.28
86 316.66
99 793.11
12 513.90
42 821.71
86 662.95
74 340.78
15 693.79
56 731.02
37 849.76
30 975.60
100 189.56
50 111.57
21 402.20
33 393.38
2 870.78
42 869.21
49 407.95
36 304.48
37 724.76
59 200.83
56 607.86
60 833.76
8 885.72
63 587.46
89 608.13
82 387.33
54 133.47
77 389.04
72 196.81
21 394.83
49 385.38
46 516.23
55 708.44
15 749.38
59 130.19
13 814.50
82 294.83
9 409.56
7 599.39
34 144.17
6 561.57
70 612.35
27 633.62
13 895.97
51 780.86
96 799.73
51 580.98
19 654.64
6 951.38
87 497.53
61 820.65
45 297.30
13 246.59
19 949.22
97 380.21
77 175.63
22 605.21
9 495.63
12 849.25
96 779.85
4 291.77
9 560.63
11 399.82
83 636.42
18 309.39
69 635.72
26 365.99
71 965.54
60 167.81
36 733.07
60 240.51
72 698.69
71 900.48
10 240.44
76 583.12
67 964.98
23 848.86
27 836.71
72 366.68
96 976.85
92 825.38
74 647.99
80 231.66
74 369.67
11 675.24
35 531.74
34 662.16
47 623.16
89 580.29
22 887.20
83 373.92
51 799.17
66 554.50
60 273.26
74 703.56
78 798.40
87 797.36
5 951.46
73 148.52
64 454.10
48 542.39
38 337.84
52 552.20
41 407.56
3 806.89
88 164.34
18 786.01
29 875.93
62 209.41
77 529.47
88 953.50
15 648.13
85 232.24
52 377.88
73 248.21
79 746.35
1 822.21
18 452.29
85 387.72
62 534.98
71 811.90
23 576.30
49 365.44
36 950.67
46 177.47
93 956.51
10 222.42
69 680.25
31 283.78
67 219.10
33 982.59
48 800.02
38 574.42
98 934.51
21 704.24
7 745.25
34 357.93
11 695.64
27 708.76
24 130.84
52 789.54
66 456.48
49 591.29
89 108.18
33 813.13
100 680.91
64 963.56
89 175.24
96 375.97
94 438.50
31 808.53
20 262.04
70 160.93
92 632.88
6 510.98
74 112.46
71 569.42
92 645.60
12 832.59
21 608.52
26 766.91
70 698.72
73 430.63
11 291.76
63 870.07
82 487.15
93 646.95
26 247.28
38 765.91
87 552.72
33 316.73
4 429.86
47 152.04
34 760.05
5 406.17
18 186.66
17 191.65
38 919.17
84 412.29
6 576.16
7 659.72
95 209.63
82 227.16
61 627.18
52 300.81
9 715.11
84 717.75
7 749.65
32 289.13
13 513.31
67 334.59
55 895.80
3 655.32
2 997.59
43 938.88
53 919.93
14 313.02
61 275.97
24 585.47
7 464.20
95 512.94
89 745.09
22 697.80
95 360.83
22 950.22
88 343.41
65 702.66
74 671.80
46 664.10
87 663.92
49 433.90
25 405.49
49 633.45
7 295.56
5 153.93
92 272.05
59 237.10
18 334.30
67 368.99
5 931.27
86 633.73
73 999.97
79 333.52
58 327.76
16 764.99
89 311.74
38 522.38
84 696.74
4 398.66
62 947.54
68 501.79
66 733.59
66 375.39
65 413.66
45 783.80
66 130.56
42 396.69
90 398.78
43 308.99
73 270.74
6 579.89
37 697.56
35 645.30
49 683.63
84 710.78
16 534.15
87 742.80
65 856.48
87 867.12
65 988.27
85 291.34
31 643.15
70 742.77
5 147.78
58 724.53
84 938.38
54 621.42
54 384.22
78 158.63
5 558.62
94 694.87
9 464.89
71 949.74
49 466.53
35 910.24
82 811.52
89 375.89
54 427.27
53 543.26
72 335.91
60 521.38
51 377.58
20 939.05
13 103.49
6 195.38
49 278.15
81 455.12
90 940.24
7 363.32
36 686.78
35 944.11
89 854.43
36 857.06
24 865.37
65 716.30
89 766.44
45 499.99
33 366.19
57 850.19
8 360.38
57 149.19
45 268.84
76 695.01
60 205.15
30 536.96
96 810.89
1 253.87
79 710.07
50 577.80
23 947.92
42 634.43
41 380.77
20 487.57
82 774.20
40 324.29
74 910.28
88 682.52
13 463.25
6 161.15
31 756.23
15 476.44
3 509.50
97 408.90
92 363.71
39 643.59
78 924.62
69 560.54
6 397.83
55 711.83
12 826.16
94 934.53
64 152.27
11 805.14
3 952.02
28 493.43
43 698.79
87 561.09
81 389.88
88 425.17
27 512.76
16 632.23
74 844.59
49 754.53
82 458.48
74 648.07
15 277.90
58 383.52
2 835.39
99 411.95
6 382.64
66 417.88
18 313.13
35 932.61
49 465.94
28 630.80
81 725.81
47 835.83
5 681.91
16 512.21
63 649.54
20 406.70
53 444.18
59 218.93
40 210.57
16 885.81
2 154.13
99 652.37
16 920.00
48 388.71
80 119.54
7 772.49
22 799.15
3 269.79
88 935.32
96 561.59
38 322.96
46 723.10
37 731.18
44 899.36
68 121.98
75 656.20
83 385.04
56 816.49
33 292.42
74 626.27
66 661.79
84 121.34
92 565.44
4 887.16
70 430.87
6 111.22
86 197.44
55 315.45
14 198.70
83 854.97
20 467.35
72 990.20
27 518.11
89 992.94
80 158.49
31 355.05
18 671.75
12 832.96
21 359.05
90 181.40
44 529.13
26 274.01
68 420.47
84 822.36
14 826.20
63 510.08
81 391.38
45 478.52
37 863.40
11 277.66
12 547.92
41 843.23
69 467.18
99 316.49
7 947.19
80 303.88
48 940.76
50 388.94
56 607.52
44 678.90
52 419.35
89 856.29
4 786.90
99 881.28
48 310.53
6 844.93
46 432.19
21 734.27
80 783.79
96 193.72
38 708.73
67 943.72
35 543.34
22 174.96
53 676.08
8 782.08
40 777.24
70 967.95
62 249.15
97 658.59
68 474.38
26 771.14
47 919.42
55 551.70
60 503.70
83 362.35
39 171.14
93 304.38
95 215.10
51 763.07
32 924.69
52 770.34
81 554.17
70 861.78
2 408.75
52 792.17
46 291.04
19 416.24
34 869.86
71 585.14
72 978.51
16 951.80
71 101.53
9 616.38
83 187.56
27 343.50
37 971.93
37 897.86
49 713.60
17 685.12
24 443.44
5 829.37
92 798.25
73 458.04
74 689.26
42 250.13
37 417.19
23 957.23
85 760.90
54 937.94
42 940.49
6 766.40
44 591.35
11 754.19
87 137.02
44 613.80
92 103.06
24 256.12
68 721.44
84 670.97
38 804.77
71 826.03
91 237.08
100 496.58
6 880.51
83 783.31
92 432.39
62 542.73
33 911.59
53 753.64
9 720.20
25 475.98
50 125.83
62 642.48
61 488.03
28 652.86
81 823.29
83 775.92
8 117.75
28 985.25
31 285.71
1 710.70
18 775.61
62 120.14
2 400.68
4 837.86
89 512.64
41 336.32
36 810.70
51 451.37
92 108.38
65 197.35
39 875.57
60 613.39
56 387.00
16 926.34
94 741.26
83 783.59
34 654.89
12 317.20
31 961.79
56 272.23
58 854.07
8 791.09
38 134.66
50 558.93
16 174.27
77 711.01
18 279.07
73 949.35
30 472.91
99 521.34
17 609.61
99 931.99
72 237.51
28 828.69
32 992.92
41 721.37
35 235.30
55 308.84
28 559.83
99 278.72
30 619.49
65 347.71
87 144.92
98 622.75
26 447.16
62 181.80
1 975.08
3 267.02
43 328.18
58 966.55
72 709.78
98 645.91
18 235.45
60 703.73
98 176.02
60 328.51
38 471.80
41 386.42
22 942.44
90 555.58
95 828.79
93 486.18
79 573.02
57 361.03
96 757.45
74 322.15
16 137.92
3 926.82
31 484.13
36 781.66
43 837.72
13 992.36
71 870.07
41 383.35
85 209.82
100 869.95
30 610.01
97 988.18
54 322.56
52 168.70
44 193.44
94 454.18
48 287.93
64 878.98
87 690.98
68 215.09
32 711.84
37 239.19
97 637.83
86 925.49
98 373.47
69 868.42
24 146.68
41 150.50
1 207.01
11 491.24
72 398.19
65 826.21
3 409.33
74 290.63
79 804.80
82 319.15
2 803.82
57 930.60
45 948.40
9 349.57
80 633.23
29 464.35
97 309.71
69 157.72
70 981.82
47 291.54
15 972.98
20 947.23
68 914.93
87 393.03
74 855.99
21 706.91
10 439.15
49 147.75
81 730.09
19 311.34
75 328.55
4 494.35
11 856.50
66 418.45
39 823.62
48 987.94
39 890.32
68 869.66
25 864.05
39 874.44
35 446.91
28 605.31
50 860.30
10 906.17
47 820.38
84 644.42
6 253.15
9 822.13
48 291.32
25 346.26
8 549.47
27 107.45
86 857.16
32 843.11
47 411.48
26 560.37
46 133.32
6 484.05
91 980.14
18 350.27
58 481.99
40 918.31
8 452.31
61 333.53
43 950.31
43 996.75
30 682.69
90 109.77
50 540.10
72 389.95
84 675.52
5 644.24
10 855.78
8 764.17
57 589.11
15 307.43
44 988.50
77 246.20
73 328.18
69 218.61
81 590.79
38 998.00
90 150.43
67 826.06
63 562.64
85 799.24
30 982.20
37 884.52
2 177.68
57 617.47
94 546.93
100 140.26
60 546.44
38 408.07
77 591.85
25 252.32
55 169.06
87 423.73
49 859.79
2 451.44
7 734.49
45 608.54
99 726.25
4 341.49
75 993.12
6 513.34
45 295.90
81 959.46
69 233.46
60 547.67
5 178.01
56 307.37
96 456.92
13 141.21
31 442.74
29 674.65
27 516.65
21 125.64
36 268.70
42 836.34
95 900.53
42 545.99
34 126.76
56 467.00
38 562.67
82 371.18
33 877.86
20 898.94
94 527.34
78 551.05
83 756.51
11 560.21
44 917.89
57 476.96
96 238.28
7 632.71
1 295.18
20 256.84
25 293.80
80 668.70
89 286.60
54 776.39
74 435.87
14 231.77
18 276.72
64 438.54
74 694.03
25 332.69
46 656.95
96 654.73
12 536.27
12 996.51
68 528.29
62 441.01
34 493.21
88 111.74
13 292.84
57 443.02
76 216.39
15 952.33
18 227.72
18 692.86
33 413.58
8 478.34
65 335.38
54 716.52
63 400.54
36 966.98
14 423.03
92 890.07
86 955.25
50 551.13
7 325.33
81 127.58
58 175.09
54 259.28
30 200.76
4 906.80
55 401.61
62 666.69
1 944.80
4 408.79
18 989.63
33 618.60
15 435.68
58 931.11
50 519.60
67 336.39
91 526.24
7 835.24
50 892.59
16 483.13
17 541.57
87 365.45
63 357.90
13 377.89
46 685.00
58 719.01
65 666.66
81 955.16
58 662.04
18 325.03
40 912.52
64 437.10
71 472.89
67 297.53
100 324.72
79 132.70
68 551.89
58 503.65
72 850.17
2 341.35
36 396.72
50 259.78
1 730.71
21 685.69
21 642.81
44 816.72
7 811.55
98 425.25
12 484.51
14 437.67
54 658.27
21 294.99
97 450.46
55 640.92
24 537.38
86 497.67
49 512.62
59 495.58
7 796.68
10 253.21
22 391.34
42 340.93
45 451.01
85 969.88
90 210.98
44 593.13
30 130.47
51 742.52
99 346.12
42 191.21
29 961.80
7 688.47
10 994.66
86 826.94
92 407.57
14 780.39
90 752.90
17 955.16
88 507.94
57 749.97
30 888.63
8 356.46
50 636.18
80 172.12
69 658.54
91 388.90
37 878.12
64 829.41
58 842.70
17 266.43
12 997.07
53 110.91
3 328.50
13 656.04
44 513.49
99 120.97
43 691.67
41 954.33
75 264.03
8 282.81
93 992.79
6 366.08
39 725.82
61 270.26
36 713.09
68 518.53
83 122.49
85 870.76
71 633.93
61 425.45
43 477.59
86 163.02
19 850.96
12 143.16
46 915.59
21 172.53
84 491.52
65 364.64
76 933.48
66 164.10
21 936.37
88 802.15
88 599.35
79 814.32
91 500.84
50 527.15
68 477.17
92 433.06
85 111.57
14 269.73
91 760.71
43 824.41
61 648.19
93 918.13
11 495.80
61 421.19
55 608.06
54 417.33
31 237.58
98 754.85
92 614.36
82 192.66
17 814.72
60 899.13
4 473.85
25 326.70
3 656.46
49 671.37
29 445.28
1 718.58
46 958.74
89 736.68
82 400.17
66 281.52
36 940.48
75 436.42
12 988.63
15 735.72
60 724.06
68 650.57
11 829.66
52 541.59
74 130.73
88 475.19
74 281.09
88 418.32
81 320.45
91 314.54
88 597.73
46 881.05
47 624.39
23 675.26
41 442.66
30 999.04
59 761.40
54 611.09
4 179.77
7 899.12
7 843.05
87 317.22
42 857.93
47 604.86
80 388.47
61 439.57
91 325.40
31 262.21
32 941.34
81 916.75
13 448.09
72 723.58
14 865.43
58 748.61
43 402.92
78 832.62
11 701.68
67 331.25
30 258.49
80 389.65
49 966.04
93 216.44
94 107.82
2 247.53
27 361.09
61 408.52
23 152.58
97 169.12
13 568.83
22 825.84
23 567.07
64 985.24
38 679.44
78 203.41
73 965.81
54 315.50
53 161.64
28 316.89
81 306.21
36 277.41
42 772.12
28 528.71
15 541.66
79 318.02
15 444.39
79 440.97
95 748.63
64 665.88
18 358.04
37 868.36
76 858.92
52 490.82
75 367.71
85 139.77
58 578.60
18 567.17
44 720.56
98 268.72
77 790.37
28 775.52
62 751.77
51 699.44
86 777.41
63 104.36
89 218.09
82 860.89
17 781.72
45 297.09
73 101.39
47 810.70
31 860.11
25 808.19
39 393.89
13 127.02
55 485.71
24 968.13
99 454.25
11 121.66
79 567.97
70 797.86
15 708.36
57 396.02
51 813.21
29 538.97
33 103.60
40 992.53
34 605.05
46 140.73
44 991.42
79 695.39
41 488.27
98 788.35
21 133.51
23 614.81
87 708.92
69 193.35
88 508.44
25 423.29
23 761.69
32 330.85
90 988.05
90 444.89
25 806.43
26 674.49
33 489.53
85 722.97
10 741.46
74 692.95
77 759.95
60 555.39
84 150.72
95 336.63
74 736.08
25 653.00
29 673.78
65 394.41
71 905.46
2 680.39
21 322.55
91 291.08
6 438.32
35 634.69
14 939.41
96 245.67
51 612.42
34 558.27
40 188.80
33 368.87
63 206.52
58 864.94
98 560.40
10 730.59
30 783.40
74 968.00
28 337.39
48 920.66
73 958.69
48 791.69
35 542.29
61 856.93
36 144.45
8 364.74
19 519.81
92 978.32
82 542.05
30 940.37
6 695.18
18 474.69
53 120.70
51 316.42
32 385.25
93 184.05
82 622.01
34 437.79
34 647.79
25 213.08
84 250.90
82 705.02
98 200.27
93 592.21
31 544.10
60 924.35
62 339.52
74 200.84
64 121.20
12 874.20
23 704.51
32 597.99
69 912.27
73 515.44
42 880.33
60 241.68
100 786.77
53 787.62
68 218.20
70 803.69
31 999.02
47 333.87
80 850.04
3 355.25
86 472.13
70 625.07
28 596.92
81 613.63
36 111.11
78 358.55
39 734.57
68 265.52
50 529.33
46 481.81
9 263.74
97 120.04
75 704.53
36 490.59
58 706.28
65 292.49
69 247.01
81 830.92
3 477.68
72 219.45
10 689.93
69 355.24
38 889.45
97 708.04
29 970.57
18 688.29
57 987.67
21 482.90
62 816.82
61 406.49
37 325.38
44 375.06
71 362.05
21 436.68
94 230.89
14 867.06
74 750.29
9 665.56
39 112.44
9 922.14
1 132.69
95 257.04
22 763.82
79 655.94
77 975.65
88 941.78
84 614.33
88 415.08
43 685.56
40 802.48
2 186.15
59 726.04
13 519.20
17 731.62
21 534.03
65 408.19
75 689.05
4 917.03
37 945.04
86 552.56
11 712.84
10 869.35
35 853.50
21 888.81
29 908.27
6 298.66
91 886.65
72 913.39
5 303.40
71 623.84
53 896.48
64 600.67
50 278.68
27 792.70
55 994.51
16 955.51
74 496.97
33 782.76
61 644.78
33 113.80
70 139.69
38 233.26
46 569.06
39 122.29
95 422.89
81 943.56
67 664.72
32 709.03
35 288.05
81 610.45
97 365.36
16 878.37
55 168.87
67 396.09
15 719.85
1 782.87
93 240.97
52 509.84
4 890.92
94 566.06
88 864.58
18 546.67
37 964.35
1 811.79
62 191.56
3 431.24
86 521.54
70 155.02
53 968.94
84 750.58
91 639.42
62 836.15
72 351.53
53 510.30
5 132.81
40 173.33
19 475.51
34 466.40
22 782.80
56 915.29
86 672.80
5 410.29
85 516.50
20 637.69
13 711.75
54 895.37
9 275.06
80 695.64
100 965.45
35 940.73
91 815.25
69 897.18
28 225.50
32 186.95
37 116.72
47 816.84
89 298.20
78 806.10
56 623.91
98 411.01
37 794.00
30 407.01
22 644.10
21 341.50
9 186.03
7 951.25
88 297.19
63 566.29
56 223.35
22 290.48
15 638.84
87 482.23
78 161.47
51 227.01
65 853.87
21 850.51
46 773.61
86 825.84
36 466.07
90 977.68
14 804.53
21 831.19
89 647.75
86 819.25
58 695.47
82 946.24
62 972.60
24 874.50
93 948.37
9 756.82
53 878.95
10 530.15
88 627.56
31 468.33
65 993.48
67 259.10
17 763.92
67 801.63
33 472.29
47 149.42
54 971.57
96 422.52
69 521.35
11 430.38
75 645.50
15 963.70
21 902.16
96 840.92
41 379.85
58 781.20
24 792.20
76 359.53
23 581.61
90 706.38
63 149.51
86 642.02
38 852.69
42 542.16
10 571.78
99 647.35
57 999.08
42 958.12
58 915.82
64 154.98
33 785.79
5 712.93
59 789.50
52 699.57
42 486.87
75 609.65
28 442.18
86 939.45
50 977.98
21 297.83
73 535.48
82 542.52
23 381.55
8 837.91
64 997.11
12 938.21
51 975.36
7 309.46
3 717.56
38 156.53
37 177.89
99 281.14
98 924.43
63 697.24
86 392.60
29 289.63
11 315.68
70 178.45
1 511.84
62 199.74
2 461.88
35 301.60
84 115.64
10 970.54
71 727.19
90 945.03
95 763.03
42 959.67
90 324.36
77 181.09
74 107.49
62 360.06
3 381.87
81 731.87
68 528.74
59 596.36
55 428.48
52 824.32
91 469.51
26 774.23
44 506.61
3 616.77
51 244.22
85 579.63
97 427.53
52 153.63
8 552.78
85 747.90
100 835.82
67 961.56
3 389.91
81 148.23
10 146.84
3 812.99
25 697.48
91 620.45
66 979.66
89 562.51
45 533.93
61 228.20
17 482.63
93 521.38
78 354.05
75 561.35
48 677.12
26 626.17
65 317.39
23 389.88
38 364.52
27 115.27
82 780.01
39 852.36
54 802.95
31 531.09
76 915.88
36 680.53
11 323.57
34 357.67
58 467.69
46 101.99
5 560.39
84 407.93
5 116.80
67 841.21
65 651.04
43 598.23
8 316.19
20 107.52
73 346.71
6 721.41
38 533.79
87 888.03
59 966.49
65 350.21
44 836.93
61 625.68
86 519.20
37 414.55
68 631.85
68 425.71
93 950.31
34 662.89
95 128.56
82 593.63
14 662.24
26 213.09
13 873.39
84 853.32
61 349.22
64 137.33
18 916.00
47 804.45
5 382.44
2 160.63
6 754.58
58 139.30
44 957.13
11 866.04
98 770.75
70 401.07
61 261.34
41 930.77
60 794.84
100 413.22
3 616.80
22 329.85
11 385.16
42 394.74
60 607.21
93 968.04
93 312.47
82 304.21
9 789.23
56 412.00
42 781.83
70 871.71
89 163.86
10 440.06
69 687.07
16 556.18
74 410.60
45 130.95
68 182.01
88 696.70
40 917.35
42 385.85
14 706.44
92 496.62
58 735.02
87 617.82
19 647.31
71 392.10
54 174.43
33 502.82
83 335.29
75 957.09
62 344.49
37 425.52
42 985.42
72 297.56
55 120.80
75 597.37
35 112.88
29 473.55
24 723.62
20 360.52
67 188.75
82 994.92
33 612.67
77 437.78
20 715.52
82 247.17
22 734.13
41 182.58
34 987.98
90 385.84
13 739.66
81 196.64
35 251.78
81 771.91
22 230.72
2 344.81
39 209.75
86 168.69
41 595.31
63 903.27
64 206.91
75 896.98
35 793.44
65 470.53
15 164.31
47 138.85
81 536.52
85 609.52
1 203.46
48 244.88
59 785.67
54 128.29
82 361.64
23 997.54
16 819.65
22 660.45
65 863.87
67 421.64
10 764.90
87 445.67
12 475.18
13 655.61
99 252.47
63 760.35
26 546.23
5 936.92
71 436.78
71 753.80
70 306.03
66 106.67
86 561.74
11 750.22
46 384.25
8 905.80
14 633.47
72 414.36
85 956.66
65 754.24
7 497.00
45 193.30
51 457.56
50 247.13
37 893.90
16 825.61
89 288.75
76 101.59
25 276.08
77 568.20
57 395.70
5 582.24
42 176.62
37 929.80
93 855.29
72 779.52
59 694.03
54 890.93
60 476.86
96 549.81
95 987.74
54 136.12
56 143.73
58 827.33
24 950.42
83 777.33
19 695.27
55 179.31
96 776.03
29 650.12
50 700.56
4 472.59
88 299.19
47 596.04
18 159.04
70 829.87
8 883.47
80 982.62
74 137.04
63 922.60
29 619.98
64 277.26
34 315.13
23 627.17
22 274.99
40 276.82
7 101.52
98 316.62
54 772.79
86 338.91
64 143.47
76 287.54
88 763.87
73 671.13
43 477.47
13 954.92
98 719.33
35 832.33
65 392.35
46 888.43
74 587.15
42 248.07
38 924.82
87 249.35
4 902.23
54 194.40
59 529.26
100 405.60
6 166.36
95 999.22
1 185.31
67 433.05
64 476.88
22 704.50
82 989.88
9 482.09
89 497.34
95 961.33
61 818.84
38 105.50
12 407.71
14 377.92
84 262.19
31 675.17
47 609.70
98 824.86
25 916.65
63 260.29
10 466.08
26 766.54
4 265.38
47 994.72
91 902.54
78 941.07
22 246.90
23 299.40
38 447.30
29 928.94
57 977.90
22 801.51
63 980.97
46 125.91
30 952.37
72 256.40
66 900.17
39 753.95
44 507.44
58 281.91
43 459.79
2 520.89
48 322.44
33 656.52
33 711.44
4 861.24
12 173.62
61 606.50
48 589.25
65 361.95
12 241.14
81 458.06
65 354.94
11 613.78
54 196.70
49 790.11
99 852.79
97 154.59
57 319.69
19 130.38
78 395.11
5 401.35
86 522.49
64 821.99
79 440.31
88 136.19
45 716.35
90 888.90
81 433.76
91 317.55
63 388.83
66 403.32
75 841.95
33 875.09
27 727.58
16 184.48
42 258.82
4 318.85
22 614.30
65 430.61
13 471.50
17 978.53
60 579.40
83 168.44
72 247.23
51 307.03
94 778.64
60 621.23
62 624.54
50 656.62
91 989.94
84 373.68
70 738.84
13 608.24
77 648.91
11 235.40
8 833.05
18 502.84
59 445.99
31 955.74
45 413.65
96 846.39
79 541.40
23 633.71
98 770.64
80 622.05
11 973.32
47 504.61
46 520.66
83 643.14
31 274.18
36 663.87
90 150.44
14 771.89
80 667.82
86 765.32
37 831.14
41 721.28
88 546.74
8 938.50
96 681.39
22 570.20
88 568.27
82 462.19
74 718.73
2 458.12
6 940.54
97 975.78
23 260.37
53 841.09
60 129.08
100 221.73
4 625.24
5 670.02
14 791.54
36 637.58
74 166.41
99 198.79
74 575.96
75 918.19
36 552.20
64 956.05
95 377.24
7 547.53
24 836.87
77 685.59
69 540.46
49 499.29
23 863.60
82 721.92
45 932.70
50 492.33
75 895.93
93 150.36
25 567.26
39 130.76
71 934.75
66 741.63
83 810.71
65 695.06
46 198.46
51 426.77
85 750.16
46 453.14
34 112.13
2 968.40
87 507.63
13 299.11
27 686.56
9 438.56
43 519.34
60 765.49
5 478.40
75 258.46
58 454.62
41 890.88
99 926.83
39 536.51
95 933.16
72 910.68
4 244.56
54 791.05
46 755.04
8 544.99
60 133.93
5 432.76
81 464.75
53 506.42
56 661.85
57 579.48
93 475.17
3 955.78
5 356.39
40 390.83
62 665.59
61 961.39
58 775.30
22 110.88
88 840.44
37 504.05
16 304.73
35 169.05
89 162.95
48 368.54
69 247.71
68 110.48
53 546.75
7 483.92
95 282.24
31 987.48
15 873.12
74 438.36
44 142.28
99 226.82
100 547.99
35 485.05
41 220.14
37 408.58
70 185.91
31 552.63
28 283.75
8 695.84
63 639.19
71 550.17
63 342.73
79 163.58
81 931.56
21 861.86
27 824.35
49 425.85
38 507.66
99 527.14
63 130.24
86 277.03
95 188.74
71 575.14
38 667.19
50 269.08
70 991.71
34 312.44
85 182.04
31 927.87
76 556.75
9 276.24
21 791.42
89 415.84
86 200.22
19 669.32
33 214.11
86 860.66
15 106.67
56 697.59
71 710.71
9 278.51
94 912.58
41 540.14
11 653.90
49 191.71
52 219.14
12 680.27
30 247.23
56 289.34
76 205.97
41 780.81
14 519.68
80 190.60
42 148.24
30 940.38
4 533.11
25 806.38
5 324.45
54 857.50
16 894.01
95 797.53
50 831.96
3 833.98
24 523.85
73 409.36
25 946.76
84 723.09
90 411.36
42 163.92
70 808.85
3 694.36
27 853.62
69 116.95
55 346.13
76 907.94
31 361.79
77 366.52
20 219.48
30 987.47
59 542.51
54 407.60
96 670.43
82 644.87
83 890.89
23 272.64
48 206.16
58 642.85
92 766.10
34 538.07
50 559.79
98 440.59
88 575.80
75 507.54
76 422.70
29 834.29
30 941.56
29 551.88
6 864.59
63 817.66
45 922.26
30 904.33
2 189.31
91 968.25
85 186.45
55 124.70
8 150.14
85 186.56
50 477.13
17 758.83
51 753.07
86 653.70
19 328.27
67 978.25
16 283.30
14 733.68
24 573.64
86 204.97
94 457.97
33 772.74
8 860.06
60 580.91
78 164.43
23 835.46
81 555.15
93 844.23
29 448.32
83 652.05
34 541.11
36 845.85
8 335.87
53 466.60
36 770.04
8 999.44
85 623.95
17 967.98
69 840.31
97 892.99
7 318.40
20 578.00
80 714.58
13 206.24
52 432.27
82 100.67
100 965.97
39 746.11
85 244.84
72 177.77
70 864.88
11 985.66
78 296.30
71 880.46
55 355.77
74 692.10
47 519.01
64 324.54
86 607.41
59 707.40
38 244.43
51 675.36
2 803.17
82 547.68
88 423.48
76 636.43
48 869.27
31 199.59
30 344.69
91 774.42
100 510.68
23 747.11
17 374.83
12 931.68
12 915.38
82 991.53
96 256.56
70 414.14
15 754.62
63 488.29
62 275.48
81 859.05
14 800.31
73 797.40
76 157.10
17 831.11
75 379.28
1 233.07
68 488.54
92 967.35
5 619.56
77 296.34
43 422.72
87 612.78
38 565.15
11 349.39
99 174.85
75 661.72
16 178.07
20 829.21
24 915.25
38 203.47
36 171.54
6 976.61
33 492.50
73 831.14
95 313.66
76 872.14
98 718.30
12 640.67
34 935.67
29 932.82
38 280.45
57 163.79
97 475.49
1 165.29
63 892.06
37 423.46
26 320.00
46 613.88
15 781.89
36 566.73
34 719.21
89 152.14
54 406.03
78 604.99
75 582.55
64 998.74
61 764.50
86 880.19
74 647.33
88 533.69
44 360.36
13 942.37
9 249.24
76 565.49
66 940.33
67 217.32
89 904.41
77 358.07
21 393.72
98 328.07
16 848.42
75 379.95
66 786.01
97 207.43
39 539.12
95 149.28
33 117.69
45 742.06
16 515.85
100 950.70
16 939.88
88 454.00
9 770.66
78 772.07
24 294.13
83 731.80
33 326.64
70 965.60
20 257.13
100 387.87
56 734.73
43 645.04
99 191.24
53 520.62
3 665.69
10 835.60
91 845.18
8 622.87
34 372.39
24 657.96
45 223.10
52 498.55
10 973.30
44 720.18
70 838.50
38 558.63
61 819.84
94 962.21
54 992.18
36 113.08
7 175.42
51 289.87
65 684.15
95 415.29
61 869.12
12 170.40
62 356.48
11 270.31
44 970.51
100 868.43
76 462.93
72 209.58
96 477.58
8 143.36
93 691.72
22 684.77
1 463.56
16 107.25
23 841.08
18 626.10
66 476.30
90 476.90
14 424.45
73 564.19
19 173.91
8 780.13
24 820.95
22 665.72
7 770.46
59 849.47
33 228.92
44 708.87
94 460.68
97 600.39
35 187.30
94 812.18
27 895.48
99 862.41
90 653.40
22 585.16
87 402.94
92 399.64
19 708.75
92 919.47
92 232.51
7 468.00
87 836.36
88 785.19
75 603.38
18 914.52
66 512.36
49 732.39
81 352.47
8 716.02
99 437.35
18 564.06
40 511.86
14 954.59
20 697.70
68 599.59
92 648.89
35 852.14
30 725.86
18 378.07
17 772.21
4 783.97
42 798.16
1 977.68
87 613.26
2 362.78
42 567.39
44 144.66
41 770.30
82 398.34
70 894.96
48 857.71
87 172.31
7 455.83
20 934.99
37 137.88
17 500.75
59 887.14
88 496.20
35 918.62
66 348.01
66 179.62
14 713.67
76 132.17
47 483.10
1 787.91
84 303.64
11 218.58
75 306.06
1 862.07
4 655.40
18 897.11
14 942.97
86 532.11
37 582.94
64 318.89
49 715.63
35 103.53
99 327.08
72 791.08
52 339.70
95 152.87
10 990.14
99 712.87
62 884.97
16 276.16
57 208.30
59 676.86
47 665.32
48 894.78
14 575.74
58 394.08
76 150.20
20 164.62
77 594.51
77 112.23
84 667.37
83 920.99
68 599.68
35 749.07
58 324.71
43 890.44
78 984.40
66 904.74
25 629.48
92 709.03
7 292.93
76 778.17
47 332.05
74 839.43
69 439.23
9 324.25
93 863.12
83 531.08
93 340.45
59 723.40
7 772.36
81 690.35
5 188.37
4 147.21
41 187.14
7 112.63
83 293.54
52 978.48
78 965.77
92 666.19
45 941.23
88 224.14
17 347.45
69 540.96
31 590.66
38 440.97
100 328.67
26 647.03
85 956.72
54 613.41
49 719.38
91 580.48
79 370.29
89 193.65
54 282.47
18 586.36
28 639.32
20 852.14
28 495.76
79 144.60
78 386.14
78 476.42
68 561.63
54 636.36
2 485.16
83 770.99
12 911.26
83 570.89
95 843.28
57 326.80
16 243.68
32 960.95
84 486.11
83 651.48
67 889.68
78 672.79
16 497.56
53 648.34
15 549.33
93 992.21
68 653.73
92 985.98
3 359.04
37 953.38
88 604.84
31 405.31
63 112.73
46 694.13
94 686.00
6 978.06
33 331.35
91 646.73
28 888.17
69 709.10
29 577.08
59 156.53
79 936.27
48 595.40
90 658.52
16 843.73
40 754.66
97 803.20
19 237.55
53 805.90
20 657.35
41 841.76
30 538.71
45 699.27
64 578.24
29 761.56
98 749.84
13 368.87
36 143.09
42 596.48
71 828.09
29 379.27
19 962.29
63 644.24
55 155.48
41 609.65
25 111.50
18 253.96
84 540.31
45 209.20
86 727.97
99 456.48
57 971.17
92 230.64
21 730.72
88 809.06
78 115.87
80 756.37
53 454.35
86 157.72
96 551.20
12 811.08
7 873.13
90 103.33
52 385.97
77 425.01
95 284.87
5 714.46
74 808.94
69 831.44
94 970.99
43 303.07
12 940.24
44 968.35
38 495.73
62 261.13
99 800.65
62 205.83
68 455.37
68 411.07
53 435.82
31 207.80
56 168.84
2 678.00
48 829.26
10 252.65
82 887.81
88 573.18
72 367.87
56 202.49
28 269.62
75 674.16
60 927.97
61 415.18
9 405.85
36 873.09
90 644.19
3 802.52
25 725.95
20 462.79
50 702.09
66 356.81
71 606.84
66 396.66
71 931.32
50 787.87
2 942.63
48 235.02
29 653.63
56 924.72
89 674.05
68 865.13
91 365.91
89 886.00
99 771.10
86 784.76
80 701.50
81 830.26
54 591.76
6 615.11
60 975.20
60 119.82
90 157.33
25 841.03
30 168.66
94 496.12
100 648.91
55 291.93
2 652.26
12 354.69
19 539.29
62 275.90
58 406.48
68 907.89
64 473.45
9 574.34
8 817.79
88 204.33
39 677.90
79 898.89
42 841.30
1 723.14
51 645.15
59 111.56
75 467.77
74 787.63
12 792.18
95 583.05
13 329.34
90 729.78
81 778.16
95 357.80
89 880.08
87 207.56
19 331.67
9 756.29
26 103.09
80 839.84
54 190.11
69 979.48
94 954.11
94 462.63
65 901.58
59 452.75
41 875.36
58 221.21
25 127.37
30 248.89
17 234.21
99 369.87
79 180.44
21 961.61
45 163.43
70 174.23
32 282.57
92 981.00
21 438.19
79 438.12
52 877.63
67 961.35
74 627.31
37 501.29
96 791.13
95 892.13
79 192.05
43 162.87
49 394.01
10 738.04
83 791.35
19 510.16
15 940.12
10 613.42
97 1000.00
16 761.58
88 996.57
15 701.28
49 763.25
68 403.28
9 105.87
72 307.08
63 723.98
2 955.73
60 960.67
50 314.86
91 227.76
25 287.38
12 437.04
12 950.68
23 356.84
76 624.53
25 689.20
39 308.73
31 186.72
40 830.19
95 846.17
97 536.96
4 761.24
24 267.21
89 397.70
25 572.31
87 942.43
53 514.87
18 805.20
78 381.59
82 779.59
48 726.44
57 816.35
32 183.74
29 930.79
38 600.56
51 303.95
70 329.81
37 190.11
90 673.92
65 881.65
6 250.44
52 936.84
22 226.56
12 540.64
19 259.80
1 464.50
91 232.10
83 187.54
38 713.98
20 736.96
39 636.14
48 268.03
90 516.25
17 388.38
90 549.80
21 107.48
76 663.86
52 251.21
8 506.62
62 207.88
19 708.27
81 348.63
17 648.89
28 427.54
32 887.64
100 616.68
66 890.06
8 976.69
81 162.07
32 329.84
26 383.43
25 655.78
30 311.07
43 442.78
66 559.58
2 294.61
21 188.50
7 909.99
80 753.51
26 507.04
73 437.06
61 939.81
14 786.04
35 205.07
70 705.55
33 147.44
84 687.64
57 389.31
5 159.36
48 595.16
100 462.52
15 181.02
1 402.50
67 910.32
75 310.12
52 162.97
9 641.76
56 822.53
78 886.68
80 741.35
55 295.97
71 324.32
24 190.07
32 952.07
34 371.56
9 804.12
26 597.23
31 602.96
28 892.30
1 895.71
100 179.14
96 133.33
77 790.27
53 122.61
64 663.08
69 748.86
83 192.86
41 314.82
93 339.53
50 336.99
34 212.95
92 534.56
61 722.28
60 838.30
12 681.68
58 524.40
42 687.86
66 194.17
88 285.35
27 354.16
71 507.10
35 889.33
2 592.53
58 394.01
51 360.99
79 911.07
71 564.32
46 605.84
81 199.72
83 899.40
75 867.82
57 927.51
32 843.98
65 965.27
44 383.76
42 260.36
88 772.43
88 619.08
62 760.87
41 690.42
51 931.41
32 979.04
54 623.43
51 391.79
98 983.63
82 388.77
24 401.60
69 635.60
45 157.42
52 827.47
31 249.23
28 894.25
95 433.70
35 105.47
67 205.82
88 864.30
19 317.27
89 326.81
38 398.10
50 525.04
90 854.04
6 803.17
10 471.73
82 839.71
58 844.41
46 824.03
100 999.13
36 389.39
60 919.20
24 113.45
14 622.52
89 500.00
26 624.39
51 951.80
93 505.69
4 249.24
55 224.50
36 931.15
14 546.33
29 912.17
39 709.90
32 158.74
21 799.12
38 886.40
83 148.73
52 704.22
87 147.89
61 390.79
81 686.59
98 754.38
79 577.21
99 921.40
13 992.47
81 440.40
52 739.44
99 375.28
15 118.19
73 995.05
79 255.56
2 581.53
26 855.19
7 443.15
67 585.98
43 280.52
9 492.36
74 363.16
95 997.26
15 950.60
66 205.99
64 596.56
12 853.76
67 772.06
27 527.32
71 376.23
79 793.00
84 792.05
12 610.50
47 140.68
62 516.38
24 567.34
16 456.04
26 151.86
74 274.24
59 669.16
76 653.56
3 297.84
43 541.18
71 861.61
22 814.49
65 517.70
95 696.45
74 393.17
24 254.97
73 232.36
33 990.38
98 589.65
45 622.22
54 184.46
16 790.55
62 691.06
93 134.56
29 405.06
9 829.76
5 109.42
2 692.89
17 855.69
24 380.02
82 576.62
7 895.57
47 201.07
43 838.51
5 302.22
95 406.26
24 542.66
26 161.29
1 551.09
39 608.09
97 355.88
86 319.34
28 959.38
86 570.32
51 995.18
26 722.23
54 719.06
76 424.22
1 331.35
61 289.39
81 969.62
37 287.17
44 933.53
87 675.92
64 326.44
31 196.10
58 268.14
48 202.44
96 186.89
98 887.28
76 120.72
45 435.67
16 378.48
63 857.45
51 630.58
18 485.00
93 297.64
72 179.52
13 159.27
37 408.61
68 652.20
20 863.15
7 371.31
44 604.18
28 422.99
59 218.86
25 896.72
39 153.40
66 302.64
30 150.70
72 338.68
83 925.98
9 395.05
88 486.76
4 812.44
88 643.43
25 983.73
64 736.86
75 220.46
4 170.13
58 502.05
90 516.47
62 629.24
81 368.28
95 375.01
64 284.13
35 980.05
97 601.39
87 848.68
53 122.37
73 715.59
78 110.80
21 178.25
6 402.96
23 293.04
93 653.95
38 159.69
3 452.38
97 218.26
16 348.81
47 762.68
43 331.61
92 695.29
8 110.54
65 554.36
1 832.31
24 213.98
90 957.71
70 238.06
36 112.41
94 395.35
32 290.42
60 229.80
13 397.94
70 313.54
6 594.17
95 217.06
72 900.06
63 106.74
86 352.72
53 403.94
38 876.48
71 620.48
7 879.02
5 410.98
35 742.48
22 579.53
43 704.56
33 226.44
44 442.84
18 966.17
86 646.10
92 765.70
55 285.21
30 649.17
52 704.94
89 366.66
3 306.31
28 963.29
46 132.10
38 667.04
45 554.15
2 218.59
85 851.31
31 928.04
24 869.70
14 124.83
20 927.98
22 104.42
34 751.28
30 277.55
74 955.81
53 675.92
66 917.58
24 917.88
81 301.16
7 401.12
32 447.43
21 366.96
8 409.16
28 957.46
16 200.69
35 597.50
98 838.37
27 966.06
22 527.18
28 495.49
72 511.49
55 393.90
15 247.78
32 493.31
83 933.34
63 294.37
97 693.95
5 926.47
88 133.54
3 155.24
88 645.94
75 856.10
8 114.71
81 666.05
17 831.42
79 379.80
83 662.64
61 677.46
70 695.29
72 880.84
17 449.49
91 503.61
8 507.50
16 853.64
92 278.14
49 753.61
9 640.40
41 332.58
4 386.18
24 564.87
70 115.16
18 416.49
52 628.25
18 169.72
10 736.73
54 914.04
85 503.67
84 640.15
45 218.64
14 461.51
24 283.94
95 795.55
40 981.64
58 547.11
50 978.60
31 114.84
3 848.73
22 795.98
81 824.35
7 821.17
42 334.52
47 360.07
48 277.88
23 960.11
67 329.82
98 882.73
93 728.34
2 728.36
18 905.92
59 132.53
79 114.71
26 986.73
55 221.15
3 847.03
23 969.82
45 919.84
51 140.53
14 159.21
97 258.28
38 844.48
97 118.68
54 360.72
46 562.62
74 897.63
78 479.46
45 904.88
32 707.38
25 936.94
95 772.18
42 936.73
1 963.08
42 483.24
91 839.06
13 466.68
50 843.95
69 960.73
3 878.33
33 186.41
23 294.25
59 944.23
92 799.68
61 837.02
16 839.89
26 774.00
64 862.84
63 350.09
88 643.54
2 431.46
63 468.30
77 552.65
10 359.49
73 867.01
75 103.36
23 668.96
62 530.52
75 830.23
35 392.27
51 466.89
98 530.45
38 341.95
81 418.22
32 717.66
57 869.77
63 990.07
92 928.88
22 319.19
58 913.77
65 124.15
9 945.89
10 735.51
25 183.67
83 909.56
14 361.82
58 648.26
38 336.23
40 851.47
76 727.33
18 172.56
77 319.95
81 877.04
58 722.50
46 479.84
78 783.07
57 509.77
3 915.23
26 535.41
20 883.85
57 748.51
92 857.14
42 978.13
61 734.14
95 704.44
28 225.34
3 211.73
67 247.85
13 468.70
65 539.39
76 161.53
20 894.02
4 252.72
89 936.52
65 270.96
74 976.05
35 761.22
66 345.96
73 348.53
16 197.33
58 585.43
38 610.55
62 127.79
19 689.84
83 654.51
65 394.78
28 698.50
91 890.10
72 895.24
55 510.59
80 676.04
34 147.99
39 491.86
72 229.82
90 445.85
76 817.04
19 354.76
43 625.26
50 762.48
30 787.96
1 282.64
96 417.66
91 415.67
85 277.97
69 400.36
20 402.39
27 747.84
74 541.78
48 140.28
77 902.58
2 732.29
98 709.15
79 813.82
47 565.50
31 315.98
66 254.88
29 327.38
10 100.56
76 889.13
31 496.09
94 484.10
11 473.67
45 583.70
29 691.71
47 827.80
2 198.12
53 298.85
92 773.28
72 864.25
68 313.74
55 655.46
82 655.76
68 598.44
36 755.91
59 976.47
41 138.71
41 670.55
34 327.73
38 525.73
16 973.37
11 534.51
57 542.02
38 404.23
84 989.14
80 185.46
11 902.36
19 874.79
43 269.36
52 917.61
79 378.47
82 788.49
52 700.19
48 328.54
57 518.55
56 288.64
18 424.17
44 807.07
84 113.48
10 802.85
37 297.24
1 371.73
43 760.95
6 645.57
9 847.92
24 939.41
84 812.32
13 697.64
49 768.18
71 609.57
23 965.02
64 550.63
46 591.65
73 236.49
28 563.17
44 481.78
57 661.91
5 414.04
92 214.92
86 590.77
60 823.78
34 961.55
43 210.95
32 213.30
49 865.32
72 273.69
49 309.75
75 953.53
20 159.02
27 371.46
91 415.10
37 930.38
14 624.44
61 631.97
84 680.19
79 762.61
51 365.63
68 401.06
40 962.02
41 635.68
74 391.42
84 648.73
8 251.87
4 891.95
31 536.69
7 397.74
25 893.49
2 397.73
48 854.04
49 954.03
53 231.59
84 154.38
15 574.26
2 715.30
84 716.73
3 900.18
57 289.78
78 866.98
37 227.88
44 814.56
92 691.69
45 824.50
5 727.73
27 311.03
43 715.76
74 720.01
75 940.42
37 145.93
17 570.35
62 593.15
37 958.99
87 580.92
19 171.10
99 269.35
54 314.47
24 847.02
43 514.91
78 234.98
23 175.27
5 920.33
94 803.89
49 272.28
90 908.89
98 777.36
100 548.44
73 666.06
60 896.66
47 617.40
26 830.44
85 483.74
43 461.42
15 667.37
90 746.04
99 219.84
100 194.17
40 908.24
70 365.86
35 712.74
100 484.97
50 142.99
15 746.12
24 550.86
14 249.68
39 648.46
76 851.64
28 461.41
45 868.59
8 970.70
37 828.95
37 584.26
5 664.03
73 855.72
12 288.15
86 686.57
62 596.20
87 727.92
96 158.50
47 439.58
12 819.53
45 200.12
76 830.04
29 600.62
62 861.96
33 308.55
57 994.88
16 793.09
3 699.09
7 235.80
17 186.21
74 979.57
95 462.77
53 609.57
81 788.80
55 754.48
83 104.51
56 661.78
56 935.89
41 903.75
100 147.32
27 330.61
32 397.28
31 142.56
35 787.81
66 112.19
34 507.27
50 723.58
99 333.14
6 721.81
97 130.21
43 100.60
83 427.29
80 223.68
21 615.34
5 790.24
65 961.87
82 706.34
25 162.71
62 872.92
18 475.40
37 980.65
37 617.42
49 638.91
43 718.74
55 192.61
34 720.91
14 502.24
59 836.84
7 577.05
98 648.77
73 297.90
40 466.84
44 270.70
37 889.65
34 426.56
31 413.97
32 771.56
38 632.30
47 321.85
24 262.51
30 969.58
84 441.75
67 110.10
27 708.94
88 935.95
15 338.91
34 952.43
30 535.36
27 140.01
98 446.11
61 756.29
38 186.17
89 724.59
78 821.15
64 607.41
88 730.11
96 921.02
24 114.10
21 989.73
56 534.86
98 780.25
55 693.68
3 345.83
89 169.86
64 875.83
9 102.99
75 215.00
74 305.55
60 238.85
60 718.09
49 111.58
24 436.04
77 653.22
15 566.59
67 549.37
76 202.15
39 705.63
11 382.50
37 464.92
98 869.39
25 706.90
67 989.43
3 951.75
29 396.15
23 875.39
17 442.96
33 969.89
100 959.92
10 332.39
85 259.55
51 283.52
91 164.53
4 569.21
3 145.10
82 216.12
39 366.73
43 707.00
15 846.45
3 719.63
1 931.77
52 236.00
20 356.22
59 262.16
29 767.80
4 144.32
26 393.87
79 662.82
52 373.00
80 819.06
91 321.96
77 615.88
95 124.96
96 304.40
33 445.77
18 957.16
35 205.51
4 403.61
41 209.61
56 711.84
50 554.05
98 547.11
78 110.76
13 142.26
67 763.63
30 546.88
53 107.22
61 696.90
43 196.00
51 157.28
75 568.54
5 851.67
67 813.63
56 977.12
78 280.61
54 965.12
10 430.39
10 386.70
14 727.45
14 788.65
90 214.28
7 219.20
22 957.37
78 874.38
4 664.53
46 266.31
26 471.46
72 393.05
36 760.29
73 151.55
23 564.06
2 367.63
1 610.03
67 771.85
76 766.75
13 173.12
27 538.90
76 101.45
66 514.03
87 891.97
65 610.82
85 655.65
46 260.96
32 458.17
90 425.72
71 735.55
15 429.45
58 321.24
6 252.06
19 611.10
84 792.24
14 211.79
15 383.27
14 207.69
10 199.10
63 441.88
93 360.75
93 848.23
35 984.83
84 666.31
89 297.02
71 451.72
4 191.81
92 993.54
73 259.13
43 950.45
74 827.76
45 503.39
94 138.27
38 795.97
98 910.88
83 864.47
43 415.62
84 486.82
11 920.65
42 589.43
59 671.72
33 346.55
35 915.08
6 294.96
62 381.93
93 838.76
24 222.99
36 397.90
27 255.23
63 263.44
3 693.90
30 497.41
58 409.76
93 390.52
90 512.79
55 286.11
84 129.53
41 133.40
100 381.03
45 316.53
83 449.81
40 710.25
80 911.31
13 991.99
81 631.04
80 359.69
87 336.13
39 858.12
88 947.89
53 485.97
36 360.41
70 472.02
34 510.45
83 669.46
45 268.59
83 798.10
39 489.16
35 168.73
50 279.51
54 645.31
35 552.80
25 496.30
85 488.91
79 881.07
54 738.74
47 663.81
18 620.77
47 588.58
97 466.79
27 582.55
90 736.16
5 455.18
6 183.01
39 310.67
52 335.79
2 127.97
7 659.48
92 334.71
18 674.71
36 522.27
93 928.64
24 793.09
33 188.40
52 335.18
23 988.45
96 460.20
7 586.42
47 491.16
67 897.51
92 965.20
51 146.76
46 125.87
86 233.54
94 770.42
88 637.72
88 421.46
69 324.24
83 192.27
62 689.40
49 143.35
87 523.39
29 763.67
89 996.96
17 239.72
76 893.75
4 377.89
67 518.76
80 466.41
96 720.71
71 449.18
3 355.24
36 351.24
7 727.13
30 306.73
70 658.94
95 416.68
90 266.88
20 845.80
20 570.00
43 859.14
79 154.16
51 152.69
71 306.00
51 530.89
65 460.80
49 955.37
50 340.67
6 535.16
55 300.05
34 331.73
3 740.72
96 847.33
50 568.88
87 906.98
69 379.56
48 601.81
8 764.54
78 653.47
40 519.65
20 413.79
6 409.50
83 634.71
9 629.85
93 228.73
18 726.04
70 110.62
70 658.28
94 812.04
65 162.11
37 422.81
80 654.88
80 658.69
3 266.32
51 190.03
82 330.69
42 839.61
46 994.03
5 856.52
75 268.93
16 382.46
16 515.13
47 466.03
68 108.10
40 928.49
24 395.99
48 202.02
43 404.27
79 468.78
24 910.32
87 144.94
83 475.74
64 884.90
44 141.90
97 499.98
9 494.57
100 431.45
88 807.64
42 815.07
7 656.88
1 556.47
37 839.94
79 837.31
63 509.18
56 602.23
97 171.50
4 514.67
16 299.51
46 649.84
67 310.13
60 196.47
30 701.60
40 838.23
30 399.14
40 679.46
44 452.55
9 235.58
67 418.34
28 313.67
60 102.17
50 198.08
13 260.58
92 886.09
98 582.34
32 622.13
81 608.88
50 975.98
62 413.48
17 452.00
34 956.42
96 563.37
59 787.67
31 325.20
41 507.57
16 399.85
64 589.12
28 403.70
89 128.48
44 900.08
76 484.94
35 614.28
92 478.20
55 911.11
74 787.87
43 808.71
65 329.50
83 147.47
83 957.09
37 307.60
96 997.58
68 498.09
28 981.76
94 265.79
90 888.84
66 782.84
82 289.21
79 116.97
15 923.19
44 453.51
59 352.25
34 504.01
16 725.10
6 664.37
52 469.27
49 238.16
64 980.11
40 961.56
41 399.02
96 201.73
32 738.94
78 580.93
65 587.67
92 468.89
85 698.76
1 137.78
75 552.43
56 205.68
38 307.56
17 977.04
78 736.02
96 739.37
29 590.58
62 870.84
63 522.42
41 734.48
19 995.87
99 283.38
48 920.85
40 824.17
80 760.11
66 559.18
70 253.58
18 984.83
32 557.66
97 168.90
94 854.11
44 463.05
61 995.55
43 793.74
68 975.39
39 664.41
59 661.40
87 492.28
94 121.43
87 636.66
43 783.34
27 442.35
98 172.34
67 393.24
88 324.53
37 615.33
48 142.92
3 847.00
80 466.55
34 602.93
92 824.52
21 571.05
54 459.40
28 404.56
91 307.92
73 364.76
76 110.84
24 333.40
48 473.23
6 275.51
47 315.08
55 497.09
48 910.53
8 108.01
92 701.07
95 732.41
48 309.91
13 411.73
68 223.40
98 461.31
32 889.85
15 327.55
53 550.21
60 728.02
4 154.18
64 998.24
59 312.93
95 186.10
6 378.93
68 418.60
2 578.22
50 294.27
46 880.75
39 697.03
60 862.47
23 397.79
66 650.87
23 215.27
89 983.55
34 932.51
1 646.28
98 696.36
35 497.73
72 870.15
58 675.47
42 626.47
95 868.41
77 444.69
79 619.54
15 813.38
58 136.14
52 583.07
8 371.10
96 124.67
38 523.92
84 553.13
11 919.56
51 735.34
36 533.33
81 351.98
15 130.78
5 810.46
78 751.06
23 303.66
77 764.00
26 520.17
73 656.35
64 327.97
85 140.63
3 893.86
37 167.46
25 764.88
60 999.71
85 654.14
15 749.77
10 506.53
72 590.51
9 411.11
66 267.59
92 972.30
82 278.10
10 987.01
2 233.81
23 964.04
10 753.63
64 663.00
51 520.67
78 655.58
58 809.38
85 564.56
94 626.25
33 891.30
48 516.80
13 133.88
41 248.72
97 149.58
70 596.43
60 617.37
62 549.59
73 293.35
36 535.30
41 504.49
46 881.49
45 792.57
83 659.36
100 821.97
18 145.77
37 803.43
18 789.25
95 843.48
97 973.19
84 224.79
38 222.17
81 489.17
83 684.84
41 848.34
70 970.75
78 447.19
40 387.25
71 647.87
10 311.78
5 684.01
28 135.73
59 655.74
3 885.95
11 825.91
75 376.58
40 904.60
9 817.61
50 163.24
81 130.13
40 116.11
75 505.63
84 978.65
65 689.82
76 402.07
11 961.97
29 578.66
19 566.72
98 320.45
97 185.83
100 883.39
55 181.29
2 959.38
7 248.69
99 166.32
4 654.54
83 982.60
12 173.69
22 274.06
71 924.17
59 424.96
60 443.93
89 154.90
94 520.10
22 769.67
32 530.48
73 671.50
25 589.69
99 555.27
59 984.12
61 107.35
55 372.46
36 932.08
15 467.46
99 916.35
96 430.01
4 395.28
32 105.52
17 859.80
42 223.75
2 138.93
58 361.36
47 939.38
37 161.01
55 863.87
64 729.75
16 702.24
98 545.33
81 347.65
100 979.29
1 119.77
96 584.76
1 543.83
40 705.95
17 423.55
64 109.14
19 311.77
86 573.63
21 827.47
99 988.73
82 597.69
40 988.92
2 339.14
63 500.46
84 257.17
99 375.13
28 853.94
43 298.26
13 728.92
82 480.72
86 379.89
37 783.17
9 715.66
27 880.02
92 987.22
2 721.59
37 375.85
19 521.14
72 889.09
35 545.48
48 276.30
21 466.60
82 629.29
23 272.45
33 562.87
32 956.73
41 872.20
34 558.90
73 192.41
33 958.62
30 345.92
78 502.55
4 932.54
51 641.56
18 895.67
68 712.25
8 787.82
40 319.65
17 420.82
30 953.39
39 605.40
79 253.61
77 818.20
6 325.76
36 524.06
21 973.81
15 626.41
75 721.67
87 811.67
41 638.95
42 805.83
40 473.76
42 889.14
67 983.69
27 231.64
45 189.13
30 327.72
14 189.02
55 185.05
8 563.61
68 574.95
33 117.52
38 955.55
81 826.18
19 819.69
89 716.87
55 868.06
5 212.36
71 647.11
58 993.04
31 396.04
72 935.93
48 668.91
70 291.26
38 574.66
59 665.14
94 306.87
32 741.77
97 460.84
40 785.75
3 811.20
96 786.76
27 747.17
5 358.99
93 609.38
91 954.18
17 596.11
76 975.67
43 845.08
22 536.41
9 250.63
47 959.28
10 416.36
96 865.19
74 867.49
91 257.36
31 581.04
29 346.51
23 614.23
66 218.60
84 579.62
64 520.56
42 103.80
69 975.67
57 864.10
99 564.16
15 220.77
6 858.00
91 487.08
97 235.07
34 559.93
96 413.25
30 951.46
28 128.90
5 807.24
73 464.65
43 928.07
1 184.59
83 993.08
99 456.51
83 302.95
71 812.07
57 799.19
100 350.75
46 823.29
26 417.46
41 873.22
29 928.36
5 844.16
59 837.49
90 328.21
15 299.32
28 554.49
26 674.39
39 785.03
71 785.33
92 707.21
84 587.89
39 553.51
41 751.47
83 420.52
43 408.42
34 134.19
4 796.89
58 755.10
90 104.98
37 932.52
85 169.54
64 611.20
5 504.19
27 577.68
78 287.02
47 983.46
61 355.19
43 292.33
10 453.23
100 999.68
63 777.57
6 203.14
10 437.42
30 282.96
23 777.44
22 710.09
10 323.37
48 464.16
81 267.97
89 569.59
100 100.98
12 452.85
30 359.97
20 451.70
62 347.55
82 253.49
55 318.38
50 726.28
56 171.69
73 190.62
96 204.77
79 990.72
51 279.03
88 327.79
48 402.50
73 790.00
9 873.18
27 596.63
65 344.47
31 731.23
46 236.41
96 785.00
57 424.46
40 824.48
99 223.39
88 170.23
91 831.11
58 813.16
90 713.55
95 924.05
72 332.35
90 835.83
100 406.36
99 141.15
89 750.26
10 725.16
31 605.26
72 493.41
70 969.68
54 435.17
73 265.96
59 871.90
48 210.11
30 626.25
21 550.65
98 425.17
53 520.87
29 552.44
8 614.49
49 869.65
70 196.58
46 718.88
85 176.52
35 503.86
80 640.28
93 190.83
95 278.79
22 538.59
23 403.85
73 774.06
19 465.46
25 298.42
93 338.66
32 841.73
75 799.06
53 213.72
82 655.18
73 776.53
50 973.95
55 874.16
60 709.00
46 173.45
94 770.80
13 771.64
100 883.31
48 679.17
81 634.10
31 394.83
55 379.34
83 602.39
22 659.49
18 875.34
16 906.90
85 236.19
73 393.00
77 900.58
94 111.66
31 219.45
51 282.21
70 571.40
92 846.48
68 576.47
14 513.52
81 118.61
27 795.43
23 281.64
50 884.58
11 428.93
25 500.05
5 493.81
20 335.49
6 144.14
38 909.27
42 779.78
1 378.35
93 637.22
90 577.19
50 361.03
94 629.35
28 429.14
62 473.65
15 233.32
87 817.85
47 184.60
97 144.25
94 581.28
13 205.73
75 557.62
37 545.14
2 552.90
34 318.45
74 468.87
83 780.71
96 143.04
3 637.81
66 352.39
1 955.26
66 307.94
8 502.11
56 524.48
87 395.70
47 493.55
43 148.67
61 537.48
61 493.02
96 584.23
71 975.29
21 363.67
89 884.44
59 348.27
90 323.79
72 865.77
96 870.59
37 169.28
20 573.23
88 786.11
56 738.09
15 290.89
84 278.61
70 955.43
35 205.72
31 755.12
21 316.47
87 915.36
46 548.72
88 447.01
70 379.55
71 513.24
57 358.26
47 133.20
44 317.71
15 516.00
85 822.51
57 516.79
45 396.58
31 164.39
61 767.53
88 260.04
85 877.51
57 201.89
14 947.20
67 582.60
78 751.31
93 282.53
93 233.13
100 889.58
19 451.25
7 840.80
48 793.11
8 560.85
75 300.68
28 563.58
35 700.12
5 371.92
9 476.61
37 844.75
8 650.31
62 991.50
45 348.69
52 322.47
46 168.30
43 983.80
44 413.91
29 963.64
42 131.76
13 671.13
50 852.80
51 461.00
71 192.99
3 701.55
4 499.15
94 997.71
36 174.58
84 624.89
95 459.11
19 883.22
47 830.55
31 319.45
51 841.31
38 699.86
44 661.52
31 626.96
37 844.56
1 705.26
1 662.30
27 496.97
49 262.11
91 955.87
48 411.88
43 262.21
28 173.51
91 132.72
19 533.61
88 380.74
98 834.76
53 700.03
59 761.89
83 134.38
21 953.91
64 485.01
12 181.70
52 222.64
18 111.75
94 835.19
26 837.76
8 283.60
94 605.31
5 920.35
39 825.02
11 488.07
59 380.78
30 702.12
41 868.37
65 753.93
80 879.78
47 655.82
55 741.93
44 558.68
85 581.73
20 767.52
50 629.44
77 369.01
15 718.80
50 467.82
14 780.86
17 332.34
75 866.38
44 619.81
65 703.25
77 723.10
4 799.31
65 885.97
11 990.53
1 198.10
83 291.57
75 404.31
63 280.18
27 530.83
75 815.18
35 113.98
38 377.04
56 254.15
67 709.91
39 923.94
20 900.28
60 982.70
56 544.21
67 561.31
24 874.17
40 345.17
94 625.98
88 299.82
84 450.01
98 714.20
74 109.39
22 685.65
59 865.83
90 985.12
19 667.33
50 293.47
12 154.28
16 369.27
85 544.93
1 334.14
82 260.80
96 683.28
75 641.53
100 751.95
99 836.35
18 395.58
41 691.10
82 768.48
87 602.22
80 408.91
63 585.48
68 872.96
2 828.51
96 976.63
46 122.83
39 260.07
7 506.87
18 871.28
16 760.48
3 577.04
48 838.56
93 575.36
87 642.30
10 334.96
90 723.74
24 767.51
53 982.28
94 805.79
50 856.18
48 655.70
69 767.79
81 719.29
86 126.92
60 383.91
17 764.35
54 842.86
48 271.00
15 179.43
90 955.12
94 898.36
14 734.89
9 653.29
7 126.26
33 936.20
100 661.06
46 722.78
31 978.95
14 798.86
78 479.90
62 850.45
54 238.28
83 980.44
51 831.86
48 384.08
59 173.91
79 227.16
86 475.46
57 571.09
26 693.99
38 585.86
79 396.18
13 516.67
20 214.94
51 906.03
72 217.49
90 510.76
90 861.57
13 999.32
81 909.21
54 813.39
6 734.13
93 339.57
7 821.08
55 609.27
22 822.28
8 149.06
58 437.85
10 829.25
52 506.26
73 159.85
66 662.31
82 824.37
82 887.68
72 937.36
67 503.25
97 352.16
25 145.13
99 372.33
58 185.14
32 785.41
38 929.91
91 655.50
59 815.43
49 166.19
75 154.58
30 353.59
74 858.69
52 666.37
97 125.69
26 692.65
10 546.15
39 274.26
27 654.56
92 358.34
96 200.15
84 833.60
93 324.47
43 560.66
85 408.79
70 197.46
17 142.13
28 293.81
100 274.45
16 526.25
72 455.14
31 717.89
92 690.20
71 355.64
29 150.48
38 817.71
48 627.71
76 324.91
53 935.91
55 307.87
84 887.85
68 294.33
52 736.13
90 930.87
32 606.05
73 435.65
10 916.47
23 874.06
87 119.49
62 611.99
90 703.51
70 969.76
77 665.45
1 343.65
80 211.23
78 904.19
92 405.30
51 212.47
37 880.93
28 681.14
68 856.09
96 700.21
62 143.18
86 495.34
33 224.75
95 331.12
19 385.08
77 968.77
42 369.99
43 585.88
66 241.45
81 841.64
86 117.15
2 418.70
63 646.68
95 948.56
61 632.54
74 801.68
57 644.49
82 729.87
62 551.82
66 159.44
75 453.06
32 561.32
59 137.37
88 656.89
33 662.27
54 965.14
71 661.36
68 945.98
20 393.68
56 784.03
69 966.25
26 245.01
53 658.90
69 261.65
16 341.47
43 462.75
23 629.80
91 410.13
48 421.34
68 316.42
71 362.22
22 319.80
14 637.55
7 944.27
48 713.13
87 232.18
77 448.03
89 829.54
5 705.34
35 910.65
32 290.32
30 197.43
39 759.49
55 350.41
45 723.38
23 942.31
58 268.01
48 424.30
50 147.45
36 546.71
9 742.39
31 251.70
27 555.43
10 167.53
30 342.81
47 502.10
4 588.77
95 376.37
8 571.82
93 280.46
15 711.48
47 247.09
4 987.01
9 850.67
93 675.96
25 770.31
69 486.07
7 311.64
9 370.76
28 253.58
7 683.97
25 241.52
34 983.24
66 402.14
91 119.10
21 216.16
44 406.28
47 321.83
43 751.27
68 750.42
57 837.83
66 187.47
54 432.28
91 723.07
54 774.18
18 105.25
10 497.49
92 787.65
17 765.33
19 935.77
18 654.79
14 587.27
18 878.82
59 499.49
13 562.23
78 161.46
34 906.67
70 202.42
86 579.20
31 613.52
96 358.77
57 989.59
90 235.99
83 607.30
59 848.00
20 379.13
95 774.88
56 300.89
86 614.84
73 498.58
26 840.81
69 675.98
69 277.72
8 539.95
91 575.32
83 158.71
4 402.50
29 437.08
46 138.83
45 383.67
20 684.34
76 965.79
10 655.89
77 474.85
7 415.28
37 762.40
64 208.30
92 661.20
84 219.35
95 904.76
93 820.93
74 109.06
63 425.11
51 779.56
20 970.18
62 382.34
80 253.97
87 850.88
80 654.29
5 462.00
7 271.39
56 195.04
71 903.69
43 221.36
70 366.90
37 887.83
24 913.63
76 475.80
15 122.72
86 723.65
23 250.03
79 385.38
100 596.01
77 909.48
59 202.91
67 347.90
84 574.16
62 901.55
26 829.21
12 263.87
10 843.75
4 305.38
40 335.32
68 881.94
71 824.37
47 653.37
75 527.45
60 876.75
20 439.30
70 632.58
10 782.27
59 905.10
41 476.22
16 783.01
28 505.59
62 260.69
81 368.16
63 803.55
93 517.41
86 784.73
10 700.86
64 943.66
56 585.89
48 740.12
82 546.69
62 581.74
4 340.61
89 599.64
45 146.54
68 824.48
72 431.10
79 794.64
11 634.44
64 839.37
39 488.18
36 916.10
78 211.10
44 912.25
79 805.18
3 285.05
84 371.11
100 634.34
75 479.67
39 401.15
11 332.63
16 784.09
52 905.58
30 350.06
43 733.59
89 559.48
10 680.65
27 838.46
19 864.99
17 696.61
33 496.88
57 261.76
50 600.49
79 504.53
15 674.79
83 954.06
9 381.69
62 763.16
35 535.59
7 491.66
51 921.38
23 824.95
87 219.67
92 222.26
25 667.17
31 882.32
42 446.80
77 962.17
88 949.18
38 731.06
12 152.41
94 507.50
41 238.53
96 643.50
29 759.86
74 192.74
66 704.44
30 336.10
78 991.67
81 835.65
27 799.69
70 490.24
59 528.74
19 818.33
94 733.19
38 522.56
29 997.19
83 536.78
23 828.55
43 206.80
87 999.96
23 955.83
95 868.52
83 969.45
84 245.40
38 327.97
93 751.82
58 920.30
96 875.84
52 196.69
10 467.84
22 254.18
21 618.07
29 971.64
94 127.10
59 236.72
83 758.03
60 196.47
59 776.18
73 798.68
80 835.25
82 813.00
92 759.03
57 751.35
45 857.14
37 689.50
1 660.93
88 705.75
65 728.96
95 484.78
84 739.25
84 308.42
40 820.32
83 113.43
42 947.80
72 707.41
94 348.87
53 251.51
79 277.07
46 536.05
1 935.09
20 557.75
3 746.87
34 157.45
52 611.02
90 867.47
23 920.82
69 828.31
7 764.50
49 162.82
40 684.01
45 297.15
4 868.97
89 682.05
58 786.70
81 285.19
61 992.60
42 352.94
37 445.64
71 187.38
58 935.95
67 567.71
15 430.39
57 358.17
34 910.89
54 840.99
20 959.04
27 211.45
62 739.55
71 522.49
17 896.38
75 548.60
63 445.18
18 517.74
33 181.82
38 983.17
80 722.64
47 453.47
40 800.82
68 491.64
86 533.27
70 219.86
66 670.33
51 358.54
39 370.03
27 613.61
100 517.53
81 368.61
43 316.76
3 874.89
91 814.55
59 169.19
57 941.88
33 446.49
22 741.45
26 413.48
80 914.42
61 547.50
12 638.98
80 160.86
26 631.54
49 868.91
62 679.37
30 869.26
88 526.88
59 277.13
99 372.11
14 677.61
64 581.21
95 399.57
46 984.90
60 215.03
87 454.32
44 152.06
59 109.70
19 918.38
78 802.09
85 950.24
2 222.78
8 995.71
62 525.19
42 961.56
81 521.17
1 297.65
63 785.67
77 199.71
21 453.63
3 824.73
71 363.43
99 708.42
6 679.54
44 433.65
86 385.89
63 424.14
69 691.94
38 300.84
26 122.14
7 403.60
79 701.86
65 405.56
75 184.66
8 175.83
90 288.36
40 552.43
17 461.98
62 866.83
96 482.18
64 356.92
61 648.50
78 629.35
31 563.06
34 487.36
49 138.65
25 139.72
5 402.18
87 585.86
39 221.42
1 178.15
13 257.17
22 710.60
76 140.06
2 420.21
3 478.81
56 379.10
60 455.84
35 902.66
49 945.11
31 695.99
34 136.77
37 461.29
3 329.43
70 224.78
73 530.35
8 324.84
10 754.88
77 501.30
57 673.69
95 556.57
91 554.50
11 999.93
32 215.65
84 530.47
77 907.19
68 439.23
68 551.94
82 979.52
96 474.57
75 351.96
81 493.47
100 434.25
2 507.02
70 436.92
74 307.60
46 587.34
52 357.30
97 688.55
7 413.49
23 826.04
78 546.87
38 474.36
22 152.91
14 449.54
20 355.14
24 492.79
44 707.64
36 937.59
22 626.74
91 796.66
47 435.90
69 724.06
51 612.62
26 502.49
32 630.82
88 588.57
70 804.64
64 263.69
54 169.43
42 707.26
6 682.62
88 282.20
18 997.49
11 644.62
93 637.01
67 568.57
36 895.92
25 128.94
100 938.81
61 212.53
25 153.67
83 542.16
7 559.87
22 114.46
63 853.10
47 945.43
10 174.39
39 696.08
63 388.13
1 308.19
40 973.25
80 688.01
81 709.81
30 982.58
55 347.63
54 418.13
69 531.57
99 993.49
16 210.46
43 258.72
95 354.19
90 657.73
58 152.36
61 622.66
19 555.27
66 842.44
85 722.68
13 281.54
89 854.95
49 980.68
38 272.39
13 275.36
93 406.52
5 489.02
96 237.53
38 341.63
17 722.58
81 950.15
14 578.57
7 447.39
22 973.06
4 768.76
55 296.97
1 895.48
48 253.99
35 483.92
35 832.75
68 603.94
64 616.50
10 995.40
92 820.78
43 951.76
40 677.40
38 234.18
73 361.72
3 680.99
40 327.17
62 117.81
48 400.61
48 454.14
39 720.12
28 129.91
29 293.78
8 975.89
80 720.21
33 411.24
2 441.93
7 412.52
32 414.45
98 695.59
26 666.04
7 135.45
66 853.51
26 786.51
67 239.75
77 154.72
4 423.73
68 544.34
18 768.87
70 739.93
44 210.31
31 434.96
74 908.21
70 445.22
91 897.23
25 569.12
52 345.68
52 918.86
96 366.01
27 665.98
17 551.88
64 175.85
70 792.71
30 574.47
55 192.80
82 585.46
16 456.40
75 388.34
93 201.96
59 998.54
53 737.00
36 470.48
5 524.14
30 993.08
69 434.65
43 628.99
49 703.53
71 616.56
49 577.76
4 378.32
25 788.33
71 687.87
30 419.76
66 150.09
70 477.54
94 637.75
34 734.99
35 220.13
80 552.11
65 550.34
40 194.89
52 598.08
61 982.64
13 925.08
6 921.50
9 676.45
21 549.26
10 658.56
26 910.44
12 500.64
21 860.96
30 971.96
8 161.86
1 120.94
31 486.05
46 953.15
35 779.49
97 661.53
59 208.48
45 249.45
16 629.93
34 870.51
57 764.54
59 541.75
25 769.49
65 191.80
43 266.50
39 726.15
49 951.69
50 208.72
65 491.30
61 341.97
7 942.01
53 877.88
70 761.31
69 211.98
80 663.11
47 557.09
46 517.11
45 113.03
2 729.33
2 378.00
93 983.61
29 950.14
4 226.96
11 134.98
83 781.26
62 335.58
66 838.81
86 929.92
52 523.10
52 214.98
69 911.15
52 998.73
92 105.09
19 792.96
10 298.86
52 273.46
44 611.98
84 292.37
50 722.17
40 681.98
49 493.37
62 364.17
89 546.17
85 586.81
20 438.62
41 121.69
69 483.18
36 460.91
34 998.75
2 257.20
3 399.56
60 331.18
14 359.94
11 793.40
18 403.71
15 431.64
4 356.01
18 388.15
62 975.98
12 209.11
37 563.09
29 300.13
52 972.24
98 617.34
80 117.45
85 180.49
21 679.11
41 893.33
93 576.37
26 916.74
68 977.31
67 381.74
80 753.97
68 232.60
72 827.42
96 144.91
2 386.26
100 944.35
1 999.08
13 316.06
98 967.07
61 355.69
35 529.39
79 734.91
13 564.18
21 366.70
20 428.84
45 837.24
28 835.83
69 281.85
56 541.27
86 256.24
51 887.32
15 182.57
28 555.03
35 157.59
52 708.04
62 109.75
49 184.82
93 986.26
64 790.26
99 298.92
85 784.07
26 452.31
18 401.82
7 480.90
56 156.09
84 855.80
94 713.53
21 220.36
79 915.69
50 785.14
34 575.80
31 313.24
55 352.66
84 241.73
8 223.18
2 882.75
16 670.36
57 612.06
36 455.67
37 689.23
21 480.81
8 180.39
49 654.88
53 655.26
75 508.81
83 356.20
17 871.75
88 594.97
12 707.73
93 318.37
9 700.17
41 909.26
92 287.85
91 675.81
69 797.96
89 401.43
19 583.90
1 945.03
83 297.68
33 287.31
97 353.54
85 710.66
48 433.85
57 365.02
75 293.99
75 287.58
97 461.76
27 581.36
71 451.34
12 487.06
4 216.05
85 159.83
99 359.37
13 816.56
44 745.00
62 648.02
24 456.74
20 378.15
6 126.59
62 744.27
82 387.26
22 324.26
83 412.29
42 983.21
18 624.59
43 811.22
13 110.81
97 126.02
77 640.89
61 459.84
39 237.82
88 407.18
58 998.21
83 434.72
53 425.83
84 772.45
86 635.88
38 226.19
78 867.02
32 291.33
4 570.88
72 245.39
16 531.87
99 239.97
41 240.42
22 592.34
24 483.72
53 667.55
14 342.56
98 674.29
62 390.94
24 746.68
52 171.69
27 311.28
9 568.10
4 406.44
43 691.53
85 513.48
57 511.93
100 991.93
93 849.45
39 164.12
33 496.69
6 564.00
49 703.37
19 620.15
66 291.19
80 647.08
100 322.84
89 937.62
49 224.45
3 994.85
6 872.07
14 726.68
46 760.49
80 253.32
7 599.61
26 648.95
90 229.19
79 819.94
36 302.80
13 699.56
15 325.42
60 408.10
69 527.81
62 449.08
92 675.93
92 364.42
71 431.36
75 622.35
56 348.46
43 861.03
44 444.66
23 277.72
65 405.39
68 167.78
29 739.32
83 361.97
74 576.83
14 696.92
45 593.42
59 595.11
94 866.30
5 815.60
47 877.81
67 737.63
35 769.65
84 393.68
31 949.83
97 118.57
96 112.49
40 478.43
77 777.07
91 848.60
4 318.25
34 880.75
23 543.56
27 813.90
97 328.55
71 700.58
30 115.66
100 743.72
3 378.46
82 412.51
33 985.50
11 901.99
3 737.74
20 487.07
38 154.49
49 923.27
92 916.46
8 753.74
39 280.65
37 163.47
45 519.57
100 850.12
88 162.27
96 472.89
20 811.29
41 551.76
26 632.58
81 143.63
69 231.58
76 537.87
99 162.80
36 249.78
79 630.17
2 622.55
42 677.29
40 419.85
1 873.90
33 214.88
10 502.60
69 237.92
82 905.17
64 133.88
54 238.05
33 778.59
44 497.49
95 971.12
1 497.98
78 758.41
26 733.11
18 806.46
14 408.92
42 752.09
10 539.13
43 861.86
28 680.31
69 632.99
28 223.21
62 450.27
43 433.75
10 951.33
47 857.02
50 481.87
96 796.66
56 152.91
77 632.51
80 570.09
18 670.22
14 892.30
9 232.21
83 210.27
38 449.78
54 559.06
75 605.91
48 987.58
49 904.40
5 741.10
60 308.35
20 773.87
58 213.82
43 143.83
86 226.79
9 591.03
93 774.05
8 663.56
86 261.92
34 705.86
26 792.63
38 943.21
31 284.54
78 162.54
20 451.10
30 803.06
95 323.71
38 944.14
27 159.39
43 498.75
56 518.11
23 311.21
34 204.94
58 862.75
2 783.13
28 248.70
6 775.74
78 269.75
11 403.36
73 712.85
23 519.36
75 749.56
89 174.35
6 401.24
14 230.01
53 678.95
35 465.09
13 792.60
96 121.07
2 134.86
9 996.43
33 124.87
64 481.84
81 199.52
82 773.55
96 694.21
78 550.20
53 458.10
62 192.27
80 977.75
50 831.97
30 350.59
17 260.06
46 171.85
26 365.36
80 905.53
41 873.95
66 137.98
65 254.76
26 305.33
76 412.71
84 817.40
13 905.51
67 679.23
44 166.93
5 250.39
23 308.04
91 333.55
50 345.70
34 626.15
57 308.71
6 369.94
83 753.87
56 511.28
68 601.39
36 669.44
20 124.19
38 999.41
2 921.27
68 889.23
92 690.34
14 979.04
6 167.58
50 161.74
20 441.03
21 325.17
79 660.27
8 701.75
22 702.32
62 421.99
100 232.62
93 432.65
78 986.54
92 707.56
58 706.69
28 271.63
2 631.69
53 838.58
57 913.33
76 182.11
87 223.54
5 263.28
66 422.07
34 859.27
98 461.64
20 631.73
2 700.64
55 691.95
77 623.63
38 893.90
32 742.62
15 393.05
22 330.38
30 811.99
35 382.12
37 517.38
61 333.41
57 637.91
30 760.28
54 623.50
48 981.56
26 653.54
84 118.86
69 493.03
41 396.88
79 382.25
70 811.33
41 836.26
4 363.95
43 210.29
39 533.03
36 139.68
10 655.18
40 236.52
58 537.43
19 501.41
16 466.34
59 634.14
72 919.25
17 828.83
46 919.04
5 817.37
54 994.05
86 435.20
42 650.46
62 495.20
88 363.54
82 451.04
65 407.34
4 739.71
31 298.24
47 441.54
11 570.24
70 576.69
12 554.24
63 913.54
40 590.05
31 995.25
16 545.39
60 236.45
27 663.41
78 578.53
99 128.36
31 362.67
35 371.05
13 105.18
72 442.01
52 380.27
89 556.96
19 262.39
22 444.15
76 448.31
18 893.91
90 318.49
73 697.57
89 773.78
98 794.46
81 822.51
87 754.63
93 676.95
39 298.13
61 361.08
80 167.64
23 280.96
46 343.95
94 586.74
58 336.28
80 665.43
91 352.05
61 975.55
85 146.84
3 554.23
3 141.22
9 647.61
93 201.14
44 147.97
78 827.56
10 173.78
85 480.40
70 566.57
90 456.19
86 792.71
90 841.62
18 346.36
49 587.83
20 974.63
87 942.51
19 858.60
13 494.88
93 500.94
57 504.39
52 901.61
33 244.35
19 315.91
84 895.36
39 311.64
7 872.14
40 665.10
78 130.56
68 480.87
53 783.35
18 747.05
90 127.17
51 208.45
8 269.73
24 601.30
70 761.77
66 383.02
80 932.25
64 778.63
34 170.08
12 523.49
30 952.30
98 388.52
70 530.11
77 579.95
98 267.52
11 992.04
15 292.78
73 327.61
83 766.94
14 966.40
22 284.88
90 900.23
22 859.93
14 179.00
86 514.17
97 930.04
2 877.40
58 387.22
74 525.11
77 622.24
79 141.30
1 562.55
17 846.68
50 878.44
80 937.13
39 424.55
26 820.30
12 316.03
56 110.45
45 293.65
32 900.25
22 935.68
81 200.18
77 781.71
11 707.57
53 615.10
55 432.31
22 700.64
99 352.96
3 191.55
34 820.98
37 374.68
20 949.96
80 127.55
65 178.53
4 217.34
31 163.26
98 830.15
27 940.17
56 175.29
44 467.81
18 360.55
16 907.05
7 121.82
23 692.48
89 797.87
26 312.49
71 259.29
21 588.48
14 416.88
65 479.04
47 761.61
51 520.16
7 658.71
87 661.73
94 102.55
58 448.84
66 743.79
3 840.29
46 626.28
71 904.87
6 326.13
42 868.15
57 401.28
81 217.63
87 288.41
63 172.01
84 419.35
68 456.95
36 969.09
70 574.39
26 270.49
77 860.79
90 433.85
77 324.45
2 874.79
78 110.05
48 902.20
87 596.32
25 833.34
86 225.37
88 575.32
16 695.62
82 993.72
39 931.75
71 792.58
25 553.43
67 231.65
93 154.76
21 935.69
44 114.92
71 847.03
84 751.45
32 663.95
84 258.39
92 386.34
66 357.96
28 876.13
55 382.32
56 325.70
87 626.35
64 343.03
56 922.85
83 161.51
48 873.31
35 307.51
27 316.92
34 212.00
8 352.62
41 677.70
17 103.90
49 681.19
64 897.71
38 915.32
64 570.33
29 796.68
12 521.52
55 879.77
54 797.89
77 451.65
75 746.45
56 854.37
37 186.65
7 528.49
26 585.68
12 229.64
5 731.53
70 184.69
100 617.15
46 195.43
8 346.56
37 616.75
23 517.20
96 192.52
68 723.50
71 975.89
95 871.20
24 250.60
50 149.57
70 702.75
96 657.88
10 361.69
12 135.21
77 652.22
3 323.29
48 313.76
53 756.33
100 569.86
32 692.14
68 814.06
89 875.98
85 423.00
4 332.02
68 204.74
99 185.30
54 573.79
46 484.16
53 845.34
40 803.83
49 423.07
93 350.35
94 583.67
47 318.28
86 886.18
71 715.48
74 959.07
42 216.81
10 319.12
81 718.07
6 939.01
4 720.46
29 950.37
49 343.74
36 231.26
71 242.44
62 540.91
86 501.49
49 460.07
80 290.60
69 606.90
25 139.84
39 390.26
16 283.90
99 488.59
68 894.24
84 654.80
58 969.35
39 800.92
9 461.69
25 949.06
66 176.12
97 779.67
52 299.53
97 875.24
61 917.25
28 309.29
5 437.76
42 465.34
58 393.09
23 360.01
90 650.21
38 706.84
95 336.24
48 804.28
88 705.54
3 794.17
33 621.58
32 212.72
41 394.08
45 222.82
46 426.13
39 381.89
37 458.94
77 353.47
62 549.25
74 546.78
41 572.57
40 729.92
30 687.88
51 404.55
69 370.26
23 323.62
79 684.97
93 718.78
75 816.48
34 535.89
56 158.95
88 430.57
48 759.14
79 970.06
61 421.22
21 305.10
59 305.77
26 365.82
38 297.73
75 432.15
43 929.66
73 987.40
75 352.29
11 676.65
52 352.00
41 910.51
65 632.90
52 253.46
1 570.13
25 815.00
92 894.44
27 723.40
33 799.03
89 418.20
62 366.42
37 850.36
10 396.80
22 667.35
72 909.62
96 780.39
52 412.58
32 906.63
3 802.96
47 796.05
29 185.54
52 720.59
96 578.13
11 713.98
52 934.86
64 120.88
39 245.07
16 903.50
2 792.35
63 995.81
79 335.77
20 946.54
76 664.06
20 656.64
23 616.20
72 468.78
38 836.55
19 597.58
16 694.14
19 201.33
14 100.27
12 664.63
92 156.56
86 324.95
73 885.23
82 652.17
26 984.37
31 630.05
11 743.29
84 787.33
21 738.69
66 602.02
32 894.81
49 198.06
34 606.14
73 755.55
64 457.48
88 693.55
45 348.68
28 423.75
65 658.00
93 596.40
100 126.38
85 684.72
23 554.10
65 131.08
79 827.51
83 989.10
81 196.28
76 200.33
63 864.82
16 138.67
25 413.36
41 826.01
74 345.06
29 243.42
77 471.87
62 574.65
22 981.08
56 768.85
71 100.74
38 189.59
48 158.49
77 762.86
45 251.78
21 845.56
85 652.59
12 846.08
66 520.92
52 190.98
37 431.94
3 945.12
27 737.18
72 728.35
71 611.43
33 160.48
29 420.73
98 260.90
36 709.66
24 365.57
29 220.96
18 115.11
27 345.16
71 522.39
73 902.46
61 625.40
79 384.42
28 516.03
8 816.01
20 801.81
24 388.40
77 687.23
44 884.56
87 898.02
63 849.91
23 772.07
70 181.37
32 466.26
79 353.05
12 217.20
79 680.18
81 797.45
68 715.97
51 785.30
92 439.51
61 645.34
35 124.48
27 395.10
66 413.06
61 340.24
79 403.28
7 556.62
73 361.38
95 828.72
11 532.30
85 729.04
4 831.43
56 151.73
31 996.13
49 469.91
52 853.71
20 210.99
76 196.36
82 587.20
14 980.13
42 540.41
69 939.55
62 123.83
54 564.75
43 778.40
38 303.49
64 423.34
74 576.57
34 910.91
69 262.01
31 377.59
74 422.65
65 711.98
42 566.66
81 587.02
55 321.46
83 864.63
94 754.21
74 417.33
82 798.76
22 145.02
94 826.06
90 440.18
68 746.06
63 724.05
25 625.25
54 699.60
9 309.42
69 867.55
47 209.97
33 500.33
48 847.94
14 222.09
34 622.49
54 864.26
65 861.30
2 222.53
60 323.41
1 958.28
98 892.00
49 440.32
20 681.75
51 759.32
17 559.10
22 189.27
72 980.82
46 414.19
5 776.22
81 704.06
95 423.25
7 295.68
94 976.92
43 609.76
7 119.52
86 378.04
9 858.93
89 339.33
9 685.05
8 617.46
46 642.34
13 947.93
13 270.32
99 699.60
3 769.26
55 557.65
57 822.24
34 144.74
31 670.59
93 295.37
81 227.02
51 932.16
48 183.63
8 777.26
13 364.57
34 577.29
21 674.32
34 928.89
66 876.95
89 546.91
87 207.86
43 997.03
50 770.83
97 165.94
70 804.49
84 740.04
5 105.57
29 135.51
81 386.47
72 809.15
15 752.02
35 118.90
62 277.56
99 227.31
28 141.25
41 574.54
31 281.10
90 231.75
48 723.09
47 754.89
25 236.62
9 139.08
62 145.42
72 157.83
68 115.32
61 530.74
59 267.69
63 162.38
64 772.96
99 785.82
15 584.56
18 127.85
30 740.47
62 473.64
40 499.09
65 902.59
87 840.66
98 460.49
45 536.52
94 776.85
51 927.35
72 698.04
23 722.87
100 780.09
99 789.81
54 757.43
59 809.17
89 919.62
93 401.28
47 475.45
47 258.35
38 431.65
85 328.46
23 284.09
44 914.28
65 712.14
69 190.17
37 276.21
17 729.31
11 909.37
35 604.34
75 291.15
5 560.33
65 218.37
46 502.01
25 795.35
86 611.13
32 150.24
94 431.84
62 924.06
45 663.81
24 719.60
88 640.00
24 611.37
17 806.66
20 120.87
94 767.79
33 545.51
33 300.85
55 822.63
31 182.20
83 980.98
24 412.89
42 347.46
54 993.24
49 512.38
49 456.43
26 955.77
50 933.87
12 197.00
59 562.05
95 428.69
68 374.95
90 658.31
26 934.83
79 615.97
72 117.23
31 717.40
32 478.15
67 755.51
7 928.17
77 299.12
2 118.31
89 652.19
49 181.08
37 465.70
83 533.99
43 636.99
15 684.76
13 358.83
2 144.52
82 352.11
98 369.64
17 437.68
95 187.41
85 251.03
70 231.79
74 369.47
89 931.15
80 943.84
45 199.41
12 162.36
53 892.95
77 579.05
88 857.30
73 550.71
90 779.66
90 101.86
82 653.45
61 575.99
26 520.59
28 322.65
50 337.92
88 938.03
65 285.37
98 466.87
1 546.86
20 847.19
87 348.56
46 592.13
51 937.06
66 189.09
78 764.29
64 645.91
71 697.06
86 505.75
27 423.34
25 270.61
41 211.49
15 180.18
81 866.84
42 133.29
36 856.27
12 192.96
74 340.24
38 240.11
79 528.84
65 227.73
38 287.20
55 956.08
10 811.53
5 163.96
94 118.79
28 998.70
66 409.46
3 452.45
97 195.14
56 986.04
25 553.44
25 721.73
20 535.93
26 172.28
23 833.08
73 844.43
35 818.08
40 455.61
43 750.59
79 228.60
7 739.05
26 968.85
54 294.25
42 673.92
75 957.37
100 587.79
90 900.24
51 225.08
50 525.14
92 435.23
11 209.80
18 915.72
3 315.51
20 817.18
44 705.32
