40000 100000
23 778.81
75 471.07
25 766.86
2 766.56
11 574.84
61 249.55
38 584.23
53 166.77
36 746.23
48 976.05
75 812.39
36 528.69
47 679.21
100 508.73
37 643.82
13 893.68
29 756.39
36 933.41
38 351.19
17 417.46
37 108.80
77 956.53
54 127.22
30 878.72
93 396.16
59 186.97
86 134.59
28 435.41
65 879.51
29 465.12
78 154.45
6 557.90
100 908.21
46 844.34
32 103.69
18 206.90
43 474.40
88 327.32
95 556.82
9 330.93
36 656.16
99 944.98
47 818.54
92 132.08
48 654.93
75 171.38
94 910.60
97 783.69
97 304.75
16 763.63
50 250.73
86 160.34
23 786.30
75 435.81
14 718.41
43 672.16
55 158.42
41 495.00
79 438.55
18 782.97
90 312.63
29 318.89
40 307.77
18 892.12
89 880.31
89 846.61
30 347.38
3 927.05
50 801.42
40 669.18
25 630.61
28 119.52
22 633.37
56 694.41
49 918.86
84 980.44
8 341.46
29 491.80
3 883.05
31 585.11
21 195.70
77 475.87
97 609.60
41 728.74
25 413.16
34 336.62
45 803.21
33 162.32
50 906.40
71 823.53
88 840.11
97 703.64
7 341.58
56 679.08
58 962.04
41 142.06
83 449.70
23 507.25
47 823.27
1 473.25
82 208.91
20 636.41
66 577.99
70 627.86
24 514.32
23 670.23
22 208.87
69 727.79
72 545.55
81 512.53
50 782.42
89 635.36
42 907.67
20 254.25
18 140.34
63 954.47
74 359.29
60 463.36
1 717.71
63 773.10
5 580.91
50 193.98
58 310.78
39 956.81
55 949.63
79 870.91
95 538.06
39 692.65
62 771.48
18 478.56
57 512.33
47 288.21
58 287.15
98 872.49
10 541.75
34 916.29
63 768.76
67 207.12
92 815.51
70 131.27
38 824.24
6 729.40
17 924.35
76 709.94
47 706.60
59 990.38
35 696.85
100 292.30
53 633.69
63 694.33
27 921.56
52 814.24
94 929.04
68 692.37
17 205.88
58 700.22
98 974.77
33 613.69
36 606.95
59 241.56
74 426.60
41 162.78
89 266.50
64 356.94
87 690.64
52 408.50
5 789.28
54 100.54
92 858.68
17 880.58
20 994.03
73 766.53
79 910.80
35 868.49
46 470.29
33 316.02
98 802.34
83 221.06
31 125.13
33 855.62
97 158.68
54 705.74
32 938.23
3 774.34
55 479.50
80 271.43
29 220.80
20 465.10
4 727.11
25 868.43
72 915.83
90 396.10
84 350.53
86 894.54
62 335.61
47 763.34
31 103.40
58 738.45
87 955.49
64 881.78
84 757.64
52 818.76
46 575.28
13 552.32
28 183.35
54 684.90
33 516.08
65 806.49
50 357.78
49 445.74
54 314.30
15 403.68
61 400.15
38 635.69
94 172.77
58 159.87
94 389.68
33 500.41
98 535.93
23 198.50
62 995.86
73 959.70
100 793.59
41 950.29
60 641.11
64 698.62
6 536.84
2 694.27
97 867.46
45 920.51
7 842.38
45 789.74
84 738.23
86 715.98
85 249.92
52 222.81
65 905.13
28 990.86
26 786.88
87 539.36
37 625.27
61 710.69
60 505.86
81 258.98
49 949.49
69 743.53
58 811.84
41 109.45
93 931.86
47 116.29
75 304.32
71 425.19
63 804.43
29 564.42
43 670.23
64 567.34
38 721.44
58 207.76
65 649.20
62 156.39
15 151.18
79 724.25
31 409.70
55 416.28
68 277.43
49 671.54
95 709.25
17 826.85
1 829.06
62 566.69
68 304.86
67 500.54
6 147.86
5 193.89
13 594.20
85 962.70
5 161.46
23 859.14
91 846.63
66 778.83
100 672.80
87 644.79
83 632.58
27 472.05
93 452.87
87 323.38
37 636.83
51 152.59
71 801.22
29 953.77
21 712.05
82 374.08
29 565.91
96 944.47
92 488.43
69 582.24
14 108.46
5 948.61
76 202.20
58 617.60
32 633.21
97 426.04
94 880.19
16 823.62
56 285.76
10 713.85
17 155.11
27 386.82
79 451.20
92 602.44
5 134.15
51 947.69
23 286.50
10 568.90
81 446.80
51 670.29
17 770.93
93 534.98
33 843.13
34 249.16
27 650.99
57 992.55
23 292.06
66 497.30
73 724.19
12 251.46
97 950.38
66 287.92
12 528.77
86 546.40
57 587.84
51 413.13
79 716.26
91 614.99
37 870.87
78 507.07
40 504.38
98 617.91
18 571.54
41 967.84
4 386.23
32 330.46
11 595.44
47 720.23
51 110.51
36 176.85
47 900.82
94 618.87
64 173.14
61 963.62
62 289.45
91 846.01
70 578.32
33 813.72
28 681.87
92 252.14
13 338.87
47 346.48
100 229.68
45 713.97
75 657.26
11 853.74
42 276.16
12 427.17
56 405.37
77 896.20
50 309.96
80 836.00
90 724.35
34 810.12
85 915.68
89 175.81
60 942.72
88 670.40
5 815.33
11 903.25
45 332.38
80 857.80
30 382.52
44 251.79
54 483.75
26 148.85
50 661.99
90 188.00
88 428.32
33 574.92
87 175.62
70 962.53
99 347.42
22 221.54
15 881.35
94 456.60
59 261.00
12 454.84
100 936.73
27 330.65
95 339.77
87 229.39
11 845.25
39 632.90
72 491.67
36 412.71
52 348.90
37 641.65
26 704.39
24 920.68
79 969.63
47 640.63
95 138.41
6 856.30
56 389.99
4 413.76
80 542.20
25 171.84
70 154.64
61 214.14
27 510.60
83 448.60
72 681.13
6 930.31
65 484.65
20 534.97
25 761.81
41 662.18
20 808.89
71 295.40
87 193.45
56 840.71
33 430.15
25 177.75
94 113.18
16 175.01
13 913.39
61 666.91
24 880.91
81 478.22
58 802.03
81 719.18
80 477.22
95 538.24
61 314.93
39 652.07
68 706.04
72 507.66
93 122.59
15 515.42
63 528.87
1 653.70
95 138.50
43 664.51
48 796.69
80 214.76
75 994.98
66 833.58
76 823.72
71 361.29
85 597.91
34 430.14
13 763.91
30 335.06
66 956.21
90 420.98
47 351.97
70 467.31
88 229.32
99 715.60
32 222.27
64 193.20
61 185.06
62 312.56
96 422.33
95 491.61
20 418.13
77 303.54
92 289.10
50 506.21
71 355.28
56 286.73
17 767.64
88 889.45
46 617.04
62 957.21
65 563.13
28 892.06
44 169.84
63 952.84
56 644.97
23 946.16
4 403.54
27 857.91
75 112.40
22 925.52
28 375.00
60 287.59
49 108.54
48 265.28
26 728.28
32 989.55
96 750.68
14 307.46
32 259.37
70 698.20
86 854.36
93 208.12
61 325.73
72 209.66
100 174.79
77 683.76
58 625.77
3 925.52
15 688.23
67 659.40
27 789.68
21 195.21
16 150.33
52 707.53
22 103.85
84 248.41
52 975.78
25 269.54
78 611.34
91 432.43
57 387.28
20 513.73
36 763.40
3 704.59
60 726.72
45 463.71
83 751.74
26 331.63
86 240.77
95 347.62
22 392.93
10 749.22
80 439.64
13 224.91
95 865.45
4 700.94
12 198.42
59 394.70
91 231.04
69 266.86
5 431.23
92 708.41
83 901.80
70 770.59
48 297.25
68 593.20
21 820.35
76 562.86
45 528.89
100 896.58
62 843.86
48 514.57
74 259.47
84 621.30
2 866.29
37 295.50
23 520.47
22 662.57
89 449.82
95 275.24
76 487.49
76 530.14
80 741.27
3 242.44
10 582.80
56 627.43
73 228.09
17 447.89
99 845.29
36 274.62
20 943.02
21 651.42
88 882.36
57 245.90
43 754.68
7 474.96
22 940.88
22 938.30
7 683.44
16 385.66
87 118.57
97 110.70
52 600.93
56 860.91
6 474.88
47 533.07
40 356.72
50 416.85
39 837.29
51 506.56
49 361.10
90 519.42
13 445.00
95 689.36
72 267.38
75 304.94
62 865.81
27 974.78
82 573.99
30 374.77
59 703.39
28 908.73
44 524.48
92 124.34
2 705.15
65 180.30
13 300.44
89 620.51
54 176.55
82 421.05
1 117.67
40 132.42
17 533.64
32 686.28
86 737.99
20 994.47
84 148.61
80 768.24
81 342.28
80 406.86
13 840.75
63 771.16
81 813.39
3 161.09
44 386.19
1 194.12
49 634.29
96 603.51
16 456.56
7 510.63
9 294.59
55 451.02
19 280.73
97 448.68
85 367.00
32 590.61
15 620.21
53 264.60
92 381.67
84 921.94
10 438.66
97 392.73
55 960.32
88 134.54
45 395.25
8 571.35
42 740.45
38 180.07
2 232.16
59 138.35
34 981.45
4 699.73
46 528.03
59 554.47
5 833.32
42 902.23
10 891.75
43 273.16
33 784.88
38 555.61
21 516.61
14 244.26
76 633.55
34 998.71
30 776.69
95 424.44
72 776.29
89 548.20
94 337.13
28 680.07
34 515.09
58 702.69
9 233.30
50 211.45
29 962.15
25 201.22
13 165.44
65 840.70
99 706.60
84 250.87
35 326.86
94 488.26
57 951.36
84 424.52
29 366.71
73 206.22
45 504.08
71 496.07
37 753.54
75 700.68
41 516.08
10 418.58
6 962.49
85 141.71
91 110.91
38 516.18
56 533.61
78 772.79
7 385.78
40 970.33
70 725.81
17 746.50
17 112.82
67 719.47
74 346.95
50 581.74
83 563.49
69 423.03
100 164.18
100 767.05
85 672.08
21 187.54
31 410.27
33 124.07
99 745.29
85 654.70
94 537.19
74 702.57
33 450.80
64 572.60
50 459.16
18 418.67
6 628.57
74 477.82
65 518.29
95 276.53
52 376.79
72 708.76
40 497.75
89 254.57
44 987.71
15 847.95
83 731.08
65 218.04
49 574.03
54 693.44
95 901.87
12 545.46
77 839.06
62 646.83
6 511.45
92 116.08
24 294.76
79 944.11
52 388.78
85 593.34
10 703.42
74 479.11
61 861.28
32 806.40
63 749.71
7 253.03
52 638.56
78 166.45
31 384.91
67 451.31
2 717.07
23 437.48
26 108.61
26 471.46
64 289.49
9 328.24
21 715.62
22 744.52
24 287.71
13 785.87
66 753.23
40 939.51
70 347.00
82 565.28
7 152.91
29 652.00
60 171.96
45 814.48
88 853.15
41 596.91
22 866.74
49 800.66
41 214.32
12 507.94
88 594.03
79 153.57
86 342.40
19 355.66
37 189.08
92 511.32
74 695.11
90 840.69
22 445.17
72 801.44
100 447.46
89 187.95
75 109.91
7 435.90
93 129.47
65 798.80
74 788.93
69 715.31
40 367.65
29 446.15
6 842.40
32 610.81
94 167.88
82 906.55
76 949.28
33 800.54
37 959.99
37 571.38
60 879.33
16 788.06
94 290.08
27 183.61
70 848.29
64 273.96
45 519.41
73 825.28
54 367.77
21 599.70
57 123.26
57 205.59
88 904.40
15 485.17
57 473.20
40 689.34
74 173.94
55 930.74
55 217.10
92 926.15
10 486.15
33 970.32
66 971.35
95 886.54
100 579.48
57 302.21
51 671.35
31 938.33
14 938.39
74 883.37
93 433.56
47 803.78
2 947.28
77 626.09
16 527.02
81 383.94
72 915.45
71 775.90
94 650.83
70 150.93
56 313.85
78 788.89
43 168.98
86 461.83
52 797.34
27 369.74
60 233.59
73 724.40
69 779.72
86 490.48
50 233.65
17 269.73
98 361.18
19 572.53
62 407.33
94 943.21
42 248.62
1 534.85
11 103.99
5 472.79
9 485.21
60 941.42
11 255.38
6 987.57
42 370.37
29 978.31
74 370.24
89 473.87
41 617.63
61 945.47
27 886.16
61 103.87
47 786.53
94 849.61
47 745.13
31 880.21
97 251.47
51 878.38
12 266.80
48 611.08
74 676.00
71 362.33
79 181.74
64 624.93
56 855.04
38 113.44
18 211.06
51 714.99
83 277.74
78 169.86
3 440.51
96 495.97
52 307.34
89 334.73
40 861.15
65 142.39
85 641.57
68 457.00
66 166.85
96 133.34
32 199.14
18 811.83
14 946.09
24 463.38
62 182.40
21 350.74
94 702.56
13 637.38
94 761.23
58 436.65
92 182.16
17 857.97
80 603.07
17 295.97
10 631.84
90 289.99
22 240.95
39 884.06
27 632.85
56 641.34
47 890.15
50 511.24
16 787.55
54 901.44
68 197.45
88 228.52
57 580.02
93 242.99
5 429.16
38 471.32
69 561.05
100 848.26
37 757.66
8 867.56
55 649.31
36 281.92
2 196.17
65 653.34
53 526.73
20 839.92
32 415.41
92 564.95
63 803.77
45 452.32
92 593.73
44 928.91
79 489.08
30 230.27
68 912.94
40 674.01
15 968.45
75 381.82
8 812.70
84 669.91
64 975.86
1 813.28
41 289.27
70 284.45
94 214.15
80 132.24
93 335.79
62 171.38
18 661.17
94 655.20
33 630.56
43 203.41
76 364.47
55 820.70
40 773.48
96 938.13
20 751.42
88 626.72
1 962.14
24 580.21
71 771.71
81 245.45
83 788.74
88 851.32
78 395.43
27 194.20
44 452.05
10 830.98
60 914.16
54 781.47
21 294.50
92 169.97
93 548.17
61 817.02
43 975.25
82 444.04
22 534.81
66 300.42
16 863.03
57 502.29
73 431.69
13 641.30
81 189.13
75 139.40
82 436.41
84 760.66
37 682.08
30 823.91
47 346.09
86 921.26
51 819.22
5 536.17
86 874.00
55 199.45
14 680.17
85 181.61
98 896.83
75 892.73
10 395.58
10 954.77
94 628.71
53 504.72
23 179.32
66 560.21
39 230.26
1 659.51
15 764.77
62 371.02
97 877.68
15 117.93
2 494.85
64 600.34
30 800.83
14 979.38
21 548.98
73 441.53
42 782.87
92 887.63
3 661.09
46 468.39
29 893.73
87 120.66
19 521.79
62 344.32
43 603.94
11 390.68
47 920.05
87 151.07
61 627.46
61 543.74
58 850.82
91 226.42
64 238.39
62 546.48
77 385.11
58 256.65
58 905.49
70 692.18
100 398.46
4 770.70
49 919.88
66 164.11
70 760.95
45 720.05
84 977.12
93 805.37
83 132.89
62 651.35
48 197.22
74 683.58
62 678.13
33 258.58
38 720.54
20 956.11
78 178.04
48 391.23
3 906.84
30 115.54
96 856.48
61 953.45
70 244.75
33 662.13
2 843.95
93 444.52
60 331.45
91 108.00
97 696.22
78 622.72
54 238.85
75 984.77
81 126.68
70 563.80
8 577.71
84 683.50
99 531.75
42 452.52
17 958.17
27 176.24
46 593.66
94 955.27
47 772.06
40 440.50
61 934.32
64 667.40
35 858.14
30 913.46
77 550.63
75 157.78
79 995.64
13 872.40
89 127.02
97 165.06
83 709.49
8 553.95
39 752.32
29 316.50
71 424.86
58 290.67
50 278.50
91 926.67
6 266.46
86 453.83
86 289.80
53 982.62
61 792.33
57 297.13
83 829.70
71 380.49
93 987.94
95 822.88
42 808.32
60 479.68
83 297.27
61 308.52
61 560.09
1 196.54
11 612.17
38 103.82
71 142.59
84 320.19
93 613.74
32 200.08
36 979.26
52 159.45
69 576.04
61 806.79
88 643.16
79 269.11
60 104.04
95 343.28
71 903.64
65 159.65
95 733.05
92 710.62
16 497.43
9 418.26
68 427.21
99 201.47
53 513.17
20 812.64
62 898.23
24 672.88
86 403.62
24 212.17
60 694.00
68 813.80
18 976.52
37 319.71
79 288.83
63 237.07
51 173.08
7 138.26
100 794.42
44 755.30
48 122.92
98 144.45
5 725.43
90 123.48
3 207.89
100 328.72
88 803.62
98 280.64
36 677.23
14 289.23
14 707.38
38 550.47
59 787.21
47 498.63
68 621.66
56 593.66
78 707.60
72 606.80
47 416.14
65 324.25
29 604.06
17 298.21
40 217.48
93 225.21
73 704.65
15 208.16
39 348.88
56 553.96
47 291.42
37 864.72
52 737.10
31 617.37
50 542.62
27 505.28
78 607.77
45 397.16
19 900.40
97 207.56
1 100.05
12 959.44
85 786.01
67 716.50
95 378.84
23 925.78
8 249.06
70 846.36
8 469.89
14 451.80
76 779.05
60 899.07
36 957.19
97 323.03
12 468.68
34 236.95
46 134.68
65 454.82
61 380.72
47 983.62
46 237.04
77 224.81
81 697.48
89 208.78
51 345.48
16 521.56
29 643.22
59 467.15
51 125.87
14 436.04
42 469.87
23 795.31
8 352.49
2 369.03
15 468.11
13 618.29
40 623.23
32 342.31
42 286.29
48 878.72
76 992.48
51 959.97
62 955.48
80 749.83
32 451.38
36 574.78
36 403.58
15 856.65
48 447.74
37 109.55
56 175.66
7 587.17
57 450.42
33 598.66
93 342.43
24 860.42
72 750.19
15 999.55
83 566.17
76 754.43
90 286.66
22 796.11
77 357.28
55 527.39
14 982.17
31 115.15
54 101.95
56 662.18
48 547.15
15 917.74
55 684.06
65 124.60
64 594.05
38 107.25
9 786.67
43 736.09
74 566.91
18 804.13
6 542.81
80 223.91
74 144.21
25 727.40
99 706.84
63 355.74
84 235.27
6 720.77
10 812.62
50 830.89
49 874.03
89 530.30
83 538.84
33 663.20
74 437.34
83 805.75
62 542.31
52 134.27
76 340.51
28 187.40
100 216.23
65 433.77
40 150.35
10 912.10
30 108.98
34 240.08
76 350.06
24 667.86
42 621.00
41 592.97
64 896.42
1 922.89
87 905.91
67 632.07
3 658.66
63 514.66
63 510.05
63 442.22
70 705.77
62 878.08
28 477.53
80 778.85
26 666.64
34 955.33
34 456.94
30 824.05
4 505.39
68 748.36
49 831.65
45 326.25
30 563.50
29 602.18
92 434.30
72 461.49
54 973.46
24 427.93
1 735.03
16 679.84
8 682.53
18 964.00
68 221.06
20 420.45
89 848.43
1 187.43
1 139.85
56 561.88
86 723.06
35 778.32
79 620.27
48 772.78
36 667.03
42 124.25
54 901.57
50 734.44
66 954.90
12 307.27
91 453.56
32 805.44
63 773.83
17 196.57
8 177.48
15 198.48
96 662.98
49 671.06
4 698.25
23 716.50
30 471.58
96 178.81
78 175.03
99 993.01
28 507.51
1 637.90
14 420.85
79 984.71
96 898.74
15 241.60
21 847.24
96 865.71
42 231.96
34 558.63
5 528.63
22 779.96
48 326.22
4 882.22
47 445.49
87 579.12
44 605.08
33 481.87
15 968.79
69 274.44
92 302.82
80 236.73
15 929.82
57 779.97
50 834.45
2 399.77
35 793.75
95 688.87
83 961.33
27 505.27
19 163.28
47 542.32
26 727.16
53 489.84
10 642.25
33 534.61
56 886.81
63 824.04
38 562.74
10 604.98
5 437.56
28 429.33
65 924.10
65 429.44
7 244.44
85 766.78
18 637.02
81 587.36
9 223.16
18 637.53
96 627.34
91 468.51
79 509.24
49 601.44
59 520.82
23 425.25
95 474.38
49 999.41
61 783.97
15 530.50
85 567.97
61 917.03
41 846.55
100 603.20
8 241.01
39 490.81
94 737.08
39 102.05
75 147.45
12 535.20
25 485.95
38 750.77
43 146.42
12 891.54
78 134.62
61 738.35
92 271.18
41 615.74
47 907.83
65 584.80
31 271.13
1 730.17
58 880.78
49 458.70
7 411.51
25 737.34
8 812.48
35 559.47
35 906.16
20 306.69
100 607.60
58 576.32
21 725.53
8 256.44
99 652.72
84 338.82
74 191.51
60 675.22
39 381.43
45 888.79
57 171.83
22 868.71
47 432.46
54 912.96
45 635.03
44 807.37
23 919.82
64 192.55
64 616.43
21 509.88
65 943.04
53 712.37
12 179.96
40 302.63
15 570.82
70 981.01
67 294.14
66 361.15
47 646.13
4 997.00
20 302.47
1 378.63
36 732.40
74 200.62
69 788.73
85 142.23
15 325.78
21 167.66
63 588.06
3 536.39
43 949.70
59 382.52
35 700.08
36 276.06
37 796.13
70 545.86
48 948.32
48 196.31
93 898.80
38 612.30
66 935.71
68 483.38
38 153.84
91 445.84
14 885.31
46 677.51
42 743.95
15 899.17
74 277.05
74 535.33
18 350.82
19 548.75
3 264.43
56 772.62
19 542.90
50 397.87
92 401.91
49 102.61
42 582.42
47 879.49
2 740.63
29 537.15
15 842.28
59 819.23
85 903.11
33 536.37
35 576.81
20 681.01
97 661.91
21 656.25
22 792.23
79 869.12
27 708.98
78 568.16
57 960.15
5 873.05
50 724.02
61 473.13
93 653.09
89 952.74
77 894.72
45 867.47
4 892.92
28 364.85
57 580.68
64 660.76
88 114.32
97 135.92
27 946.48
70 244.13
57 274.39
8 695.85
39 500.40
11 478.69
60 799.92
32 954.40
37 368.72
72 581.36
8 775.00
7 253.39
33 155.76
63 248.32
52 800.79
69 124.81
71 357.19
65 967.52
30 169.26
18 389.99
78 598.62
100 782.63
100 693.80
17 236.31
95 271.11
28 674.63
64 409.42
8 421.71
83 324.00
69 400.56
28 764.41
22 754.50
87 309.43
33 961.35
47 543.77
96 585.31
61 611.45
53 607.81
49 610.96
90 760.77
39 560.48
59 195.74
1 205.52
21 466.00
46 537.71
87 248.26
67 722.09
87 514.39
13 760.99
11 664.71
57 956.39
64 289.97
19 951.52
51 261.57
99 479.96
5 679.55
84 897.77
88 879.35
18 267.44
58 463.58
43 475.37
49 476.07
57 685.49
30 989.30
40 517.47
89 759.36
13 162.32
81 595.14
6 187.87
48 622.95
46 268.67
32 682.97
76 999.00
28 576.41
100 703.46
50 338.92
52 912.07
21 619.81
68 151.89
86 204.19
20 764.11
52 962.41
83 324.42
93 500.41
99 417.37
74 251.44
76 905.81
5 511.35
57 776.03
20 168.76
53 512.88
45 961.87
44 277.30
83 184.53
44 534.85
62 592.34
95 396.76
21 376.01
6 940.50
88 724.77
88 202.55
100 132.85
49 117.07
62 209.26
8 683.73
15 232.13
23 253.69
68 368.16
66 406.76
8 946.75
69 428.92
72 308.33
17 922.29
48 898.22
58 573.30
81 268.58
13 889.56
61 763.76
28 794.91
46 655.12
23 184.16
79 736.96
33 964.46
17 124.32
9 166.74
29 500.09
13 739.58
41 748.83
100 555.05
52 499.47
4 618.90
64 329.74
79 729.04
29 182.75
94 565.27
36 876.31
30 442.31
38 268.55
31 351.13
60 672.24
86 815.21
89 870.82
98 735.79
42 260.73
84 876.58
54 878.64
22 600.39
94 564.54
39 796.58
86 497.32
35 658.85
59 949.50
48 481.02
95 845.09
92 820.91
37 728.01
49 160.69
21 963.93
42 102.80
4 441.97
46 747.99
43 886.10
24 382.61
32 198.07
58 142.68
99 151.54
81 408.87
1 859.39
2 535.10
68 767.37
72 206.64
19 724.98
54 895.12
59 242.39
59 918.00
25 286.24
98 414.62
89 543.84
48 332.61
38 161.57
100 402.36
91 969.42
61 794.75
15 309.84
32 357.44
21 386.69
87 472.22
51 323.56
70 815.10
20 477.97
94 921.79
69 209.62
97 697.14
98 406.42
73 329.47
91 430.46
78 571.87
24 665.88
94 983.22
53 463.41
28 539.73
95 182.66
22 613.65
52 176.32
3 349.19
43 530.67
46 961.08
4 159.60
46 434.89
33 977.19
91 409.50
64 863.67
59 517.50
83 841.68
79 691.61
11 781.27
73 940.17
97 499.22
13 292.24
47 107.82
88 541.82
17 398.33
66 331.44
42 481.06
34 379.83
43 582.12
72 605.22
55 662.66
25 474.51
99 135.66
12 387.41
98 676.43
65 238.61
54 842.90
47 414.61
55 987.48
10 236.30
31 469.62
75 185.93
72 648.51
86 486.09
90 891.82
71 727.87
48 645.97
35 853.33
71 294.37
80 660.50
48 818.78
59 692.52
10 152.87
21 443.93
38 627.22
87 683.75
29 111.07
36 927.15
18 552.72
39 609.18
31 369.58
54 243.88
32 423.18
6 399.35
5 540.04
45 912.24
5 423.08
9 146.28
75 340.86
83 349.38
35 109.53
97 840.26
36 698.20
38 981.99
52 859.59
92 704.96
82 267.25
18 768.03
20 147.76
78 398.74
20 555.09
49 251.25
95 596.00
81 795.06
98 450.94
51 495.63
62 891.05
5 573.86
91 471.85
56 182.11
63 888.59
50 880.63
23 180.64
4 453.34
33 707.07
28 784.85
19 533.51
42 392.67
76 371.83
31 640.90
72 692.95
89 163.20
12 936.12
26 882.96
38 774.08
40 476.78
99 719.54
83 704.31
34 106.76
80 891.41
24 728.45
53 825.29
4 822.66
45 949.79
54 725.54
27 329.47
67 173.75
96 657.56
7 227.27
23 310.35
37 264.93
34 802.76
45 322.01
85 172.78
31 465.30
76 302.59
48 736.57
48 746.59
85 113.75
16 127.70
99 589.91
38 395.36
39 798.22
47 871.74
20 101.24
33 819.93
68 473.50
33 649.82
16 406.22
19 575.67
25 439.80
33 438.35
8 284.97
88 595.58
6 715.14
22 594.60
72 111.27
3 616.27
77 830.94
86 333.08
21 240.43
86 360.79
93 327.15
36 646.49
23 279.83
94 363.38
13 351.94
33 637.64
26 759.54
96 134.32
62 772.69
82 227.90
52 840.17
37 619.56
71 721.16
57 174.87
92 705.18
72 432.97
3 560.11
36 193.11
1 462.37
14 932.17
29 363.35
13 189.38
56 834.15
66 924.14
60 853.42
53 432.10
22 107.45
8 814.60
45 682.97
98 247.53
49 461.62
9 998.37
91 114.20
74 117.03
45 201.72
52 288.46
78 997.07
23 932.22
37 601.45
39 886.28
17 207.74
78 994.45
17 569.46
46 554.55
96 221.95
32 920.48
48 572.36
53 641.74
57 487.89
91 906.72
96 261.85
47 462.80
58 301.60
99 998.05
33 368.13
56 863.79
34 600.18
30 768.25
49 977.12
98 718.60
74 403.21
33 517.18
98 766.78
65 442.41
9 926.87
99 846.94
97 898.17
46 419.04
60 194.36
53 311.18
54 808.56
31 882.71
16 760.18
3 503.44
94 735.52
30 541.31
99 146.50
59 393.92
12 983.92
73 703.88
76 129.86
30 271.08
1 315.09
20 136.20
35 281.50
5 384.89
79 849.30
29 895.68
21 587.06
50 638.04
4 142.70
3 666.47
40 514.63
21 449.92
36 776.73
91 682.84
32 632.90
97 625.83
6 918.84
82 954.61
72 728.14
17 416.09
32 992.81
54 913.64
87 414.70
39 828.70
6 486.96
22 599.60
45 820.75
61 427.85
70 254.06
3 213.77
100 628.86
63 411.00
21 305.44
94 979.15
43 152.16
55 728.04
89 644.23
81 288.56
57 578.25
24 977.94
15 193.84
63 685.39
68 666.89
41 828.56
79 238.10
52 835.09
67 953.56
98 443.54
80 114.90
63 822.66
34 186.16
29 593.30
37 853.78
39 398.71
47 279.56
23 380.76
5 438.36
15 676.81
66 237.52
89 238.70
71 300.64
82 437.91
37 755.55
5 306.03
28 432.32
87 802.27
80 818.10
98 502.87
47 340.61
80 312.43
31 694.38
66 889.35
65 544.33
88 318.69
75 995.52
67 621.95
23 701.69
86 444.24
46 919.83
14 839.84
79 782.37
26 365.18
44 918.52
43 137.26
84 537.05
91 566.47
81 503.90
68 705.87
67 883.51
51 419.02
1 670.24
94 756.54
77 681.21
31 853.40
76 931.99
11 560.65
44 703.05
40 279.27
77 283.98
39 954.10
12 578.10
59 280.84
21 733.04
51 163.61
86 919.21
49 205.59
24 755.23
22 577.66
1 104.58
65 423.65
92 954.59
1 729.71
69 591.14
81 728.13
35 838.66
92 195.67
5 153.34
73 912.52
92 835.10
18 146.39
12 820.84
9 904.30
10 473.84
59 884.46
9 238.23
9 796.03
16 641.77
71 353.30
12 748.37
99 509.15
100 155.97
92 524.22
31 113.40
1 570.49
40 514.61
14 985.26
48 144.99
49 107.88
62 632.60
8 468.60
6 891.20
61 425.25
64 880.64
12 836.05
2 201.37
90 774.12
2 910.01
46 881.52
70 927.50
3 860.44
95 329.47
34 819.06
30 826.31
79 149.74
34 950.51
81 357.99
30 826.98
77 828.83
28 880.96
98 396.96
33 674.00
8 260.09
49 880.83
15 880.04
25 439.59
99 706.67
34 205.22
84 357.99
50 328.13
77 457.96
92 554.16
72 343.11
81 575.47
56 202.45
34 748.18
8 421.86
29 289.89
50 882.61
85 394.03
36 808.09
43 415.52
60 227.18
99 601.68
90 854.70
32 583.64
67 406.17
70 927.02
9 363.94
19 298.97
88 607.38
31 732.31
4 473.15
40 210.43
51 459.29
57 921.33
93 944.72
45 828.43
86 457.07
100 888.55
36 116.74
30 706.94
3 657.41
83 848.84
26 552.03
86 482.13
26 393.57
51 896.92
52 298.71
100 410.10
97 850.47
81 314.61
89 336.50
58 427.14
26 952.18
62 844.30
59 837.16
41 966.24
26 949.62
54 661.16
73 193.11
44 965.04
80 815.72
76 997.21
86 239.75
95 126.38
2 878.49
98 710.50
56 186.18
32 333.71
43 292.11
75 359.55
11 672.04
75 238.35
85 312.72
65 645.55
61 643.97
31 781.98
33 329.11
16 643.26
47 198.78
69 489.08
95 298.96
97 522.69
26 942.82
45 406.34
51 198.48
64 938.85
3 219.39
40 587.42
92 267.13
22 927.92
89 638.90
16 789.77
40 367.96
23 806.04
89 512.60
21 142.04
51 668.15
86 858.51
59 134.38
76 269.67
69 219.22
94 281.81
79 207.15
34 211.29
25 488.23
91 591.87
84 751.70
94 910.69
99 174.18
39 629.24
12 367.54
22 225.79
22 791.53
82 697.55
85 113.29
21 759.22
12 126.46
80 120.04
57 239.58
13 846.89
63 854.84
91 789.81
60 585.15
71 389.64
32 862.97
96 126.53
17 136.38
35 708.78
12 428.61
45 427.50
32 566.41
14 702.81
84 813.31
43 209.20
69 253.95
70 685.96
50 622.35
12 805.91
89 445.28
81 304.28
54 155.14
46 295.07
66 498.30
49 463.40
39 452.75
48 832.03
75 500.48
35 769.23
67 382.49
73 363.56
39 531.51
5 613.44
76 664.67
31 675.47
64 788.69
66 376.36
97 592.45
40 205.58
10 346.17
11 477.47
3 119.49
60 738.74
92 389.57
26 660.58
100 674.16
82 300.86
76 123.10
66 654.97
43 917.21
99 566.92
76 420.32
81 218.60
11 819.11
5 855.58
84 454.47
13 427.85
71 598.52
17 267.15
88 787.05
64 797.44
15 288.09
50 260.73
48 818.02
45 564.23
10 998.01
36 890.18
47 468.70
29 788.71
82 432.29
30 297.34
72 610.36
67 225.90
17 250.14
73 346.89
9 559.54
53 576.51
44 104.67
71 924.51
76 796.20
95 589.96
12 128.62
67 414.28
92 586.89
24 216.19
75 577.71
58 548.85
33 256.15
83 685.66
45 871.18
72 645.88
51 625.67
23 707.12
21 734.88
71 545.18
85 764.84
26 332.01
80 843.22
14 762.04
96 880.19
34 631.71
21 718.45
84 189.12
78 867.01
96 945.58
36 704.78
20 183.88
66 247.16
31 203.84
25 140.18
53 727.69
93 304.13
42 690.81
45 303.91
95 707.06
57 993.78
42 416.13
51 649.48
45 453.13
2 310.10
11 135.28
74 385.11
51 651.68
59 791.27
55 828.32
80 687.22
26 777.36
49 931.41
100 811.92
44 807.63
94 711.42
45 411.02
93 698.42
78 797.10
41 435.23
4 234.31
73 995.72
86 970.86
15 422.68
59 545.88
79 744.85
48 471.75
74 895.41
39 816.83
18 291.36
7 265.16
40 555.83
82 726.39
21 311.68
77 814.73
1 822.92
6 359.27
72 129.05
22 554.23
68 674.91
7 749.44
57 113.46
73 811.86
92 731.98
70 849.56
21 563.49
19 659.55
99 898.03
28 601.40
27 568.28
75 240.93
20 860.38
33 909.92
11 604.71
65 694.40
94 219.07
97 280.62
92 457.58
75 789.52
83 228.50
94 822.53
42 992.81
72 119.86
43 300.09
81 140.97
50 602.41
3 761.70
75 929.85
68 730.84
31 473.14
99 742.98
23 709.74
22 532.51
64 443.71
74 198.36
22 931.55
90 297.28
28 484.27
96 907.60
62 875.93
75 811.90
67 860.31
39 858.28
39 165.87
24 158.56
36 257.32
87 376.66
67 500.54
92 118.79
9 694.76
96 757.48
30 941.33
19 460.89
67 682.76
85 880.38
81 801.41
40 227.47
48 234.89
59 442.79
66 863.44
30 852.46
90 150.36
49 987.49
68 895.30
83 948.98
42 693.45
35 758.21
19 696.44
58 621.73
51 403.41
83 680.82
71 635.33
61 223.70
72 929.52
96 989.70
80 812.60
98 402.22
60 984.83
45 583.47
30 886.26
32 611.66
50 861.58
45 513.34
11 932.72
72 625.23
77 177.63
30 165.73
89 807.17
61 707.28
2 165.01
78 818.79
81 770.38
15 537.54
40 118.00
97 503.58
35 251.19
43 191.69
73 314.65
72 672.31
97 625.25
91 881.77
73 169.66
74 361.03
74 297.72
63 442.29
22 316.79
39 491.24
90 311.75
20 833.72
16 628.24
94 530.38
4 243.12
27 621.44
50 705.49
40 513.47
14 291.35
100 618.20
86 444.04
100 913.06
80 526.75
60 133.43
94 536.24
64 538.30
43 398.40
55 323.57
86 227.14
89 757.24
52 706.62
42 418.72
89 159.52
54 647.64
70 623.04
70 285.11
3 821.49
50 450.55
97 900.11
37 159.30
2 664.70
53 351.08
46 185.05
17 810.53
42 193.60
28 632.68
71 512.12
100 952.10
33 251.59
42 269.60
85 205.32
36 684.08
66 795.19
79 721.96
49 103.40
61 971.19
43 919.31
70 184.00
92 473.73
52 425.81
23 721.38
63 336.05
23 727.17
9 843.47
78 334.89
32 531.28
47 575.00
37 445.21
84 683.33
3 645.11
78 411.70
18 919.53
93 226.09
86 850.85
14 846.57
49 470.87
94 773.44
15 122.04
57 782.93
29 446.45
78 419.16
43 477.79
100 263.05
70 604.76
51 622.64
75 976.17
74 408.51
34 387.46
22 192.72
51 976.32
77 719.04
15 788.34
11 362.85
56 988.87
43 165.27
44 361.23
74 752.50
50 690.10
85 695.00
96 791.06
85 576.22
7 767.12
10 923.66
74 509.00
16 637.01
79 150.55
84 565.53
86 574.59
83 575.79
81 167.03
69 914.14
43 975.24
67 688.99
98 595.77
59 705.46
54 954.72
92 669.24
6 628.87
100 601.01
22 314.91
4 418.69
51 130.11
80 202.31
41 236.18
86 477.45
75 211.74
8 423.00
12 935.93
33 275.07
16 900.82
77 577.08
76 691.20
61 763.75
86 400.56
95 237.79
72 250.13
95 772.37
7 494.34
51 752.30
19 249.56
53 138.12
60 529.98
3 778.58
78 498.15
17 135.99
93 835.35
25 205.31
74 949.11
29 311.44
28 882.42
15 728.16
68 553.88
17 315.83
77 812.73
87 175.16
43 578.62
63 486.72
76 970.98
38 835.24
79 726.20
12 525.50
74 274.17
41 321.89
56 928.03
77 270.04
13 150.86
64 648.86
58 126.97
83 763.54
69 951.94
72 868.40
38 654.31
22 291.51
41 443.39
82 493.58
61 903.55
64 698.42
2 749.08
95 421.59
100 233.86
96 536.54
59 918.22
7 138.77
23 671.22
60 842.35
59 148.56
83 468.20
12 551.92
45 191.00
83 167.01
93 363.79
99 294.39
30 617.04
8 932.66
16 618.92
12 379.01
31 225.82
37 403.86
68 357.92
15 495.19
35 916.17
38 950.91
99 784.11
29 211.45
32 740.64
68 691.00
88 795.44
51 732.70
7 847.68
91 535.18
4 645.20
27 493.39
99 900.42
30 350.40
62 701.52
84 934.51
32 474.19
10 806.38
12 909.59
86 973.92
1 758.43
9 884.14
83 807.63
14 622.06
25 259.47
32 653.59
12 285.43
11 232.60
23 560.24
7 125.93
78 473.16
48 598.64
23 259.95
78 386.67
99 268.00
57 562.99
12 524.43
46 757.54
59 260.02
58 370.47
22 851.89
40 218.32
38 706.55
59 364.08
19 206.85
11 898.86
1 665.63
83 147.91
69 675.24
68 466.52
60 854.39
71 429.67
12 270.59
89 350.06
40 544.18
96 546.20
84 268.39
50 325.79
96 600.20
49 162.94
13 741.77
65 596.81
91 328.63
61 569.45
58 186.79
95 415.52
5 492.45
77 933.85
26 530.93
6 770.85
70 639.17
96 103.23
63 838.13
40 192.88
74 806.08
61 291.70
27 502.95
80 376.93
16 480.53
60 330.39
60 509.64
81 190.49
39 769.87
36 572.32
1 605.89
83 642.14
99 772.68
86 615.80
74 278.42
73 672.84
90 889.59
83 322.83
25 691.09
96 264.93
63 720.32
83 409.22
67 213.67
31 483.12
13 849.50
53 668.10
6 525.60
33 301.16
28 690.24
97 855.76
33 685.28
48 438.46
59 613.30
43 357.95
16 215.12
50 163.58
21 834.95
21 296.81
11 677.97
59 385.06
4 409.86
16 701.03
82 481.22
1 920.82
42 181.91
11 644.69
71 152.75
48 582.08
36 409.71
49 595.35
60 975.26
100 288.59
99 501.03
12 594.53
66 421.84
44 467.45
81 746.75
2 675.09
96 594.23
42 390.39
59 131.03
65 327.89
39 803.06
59 457.46
25 572.31
71 934.06
77 595.22
93 319.76
57 925.31
32 960.93
39 513.23
78 625.02
80 658.39
81 988.68
76 691.65
15 589.04
32 879.35
37 998.69
14 814.07
16 417.11
46 178.63
44 440.79
5 490.29
30 128.61
97 678.80
43 491.03
99 201.18
98 439.55
87 742.68
18 218.73
80 591.99
90 911.00
69 602.77
95 616.20
56 549.16
27 976.52
30 222.60
99 585.55
49 438.88
1 301.98
19 777.30
41 726.04
84 958.14
90 403.32
82 824.84
39 548.95
40 261.14
44 706.76
67 627.57
80 178.56
83 293.60
34 324.49
21 871.21
27 406.02
90 646.08
68 458.72
75 634.64
66 275.12
30 903.37
91 801.32
83 148.78
8 436.30
79 691.39
53 575.27
70 680.26
3 154.49
16 550.12
73 476.48
9 902.54
69 188.69
69 499.54
10 942.10
91 397.39
8 555.54
78 339.17
61 221.67
25 356.71
47 318.58
8 804.93
21 536.86
97 407.69
49 535.55
99 128.65
24 208.08
87 712.91
33 795.51
3 369.91
25 949.29
31 471.14
26 392.05
38 498.35
28 476.89
50 137.88
12 169.82
84 297.66
1 240.91
87 556.25
23 105.63
70 683.53
50 616.94
73 881.09
42 593.84
60 564.22
40 689.19
44 529.70
91 841.94
60 390.80
8 716.59
3 770.40
19 970.24
90 654.41
63 590.77
15 625.24
42 967.29
46 218.20
47 985.80
60 148.47
43 286.94
6 996.34
2 139.62
14 155.99
6 852.17
80 289.60
59 807.30
100 388.62
23 843.99
2 382.74
100 143.08
26 761.39
95 881.36
5 955.69
83 153.07
62 508.79
35 856.62
97 176.20
70 223.65
99 565.91
38 152.47
96 475.63
65 794.51
52 149.40
72 260.87
15 553.15
27 425.37
38 761.28
4 620.82
24 288.24
95 723.94
59 159.46
62 358.70
62 404.68
33 906.43
43 330.63
100 817.03
84 726.73
15 152.32
28 105.07
75 585.73
7 749.87
13 513.88
97 931.54
41 225.87
60 218.55
75 817.90
95 208.25
48 119.75
46 297.06
16 658.76
6 538.06
93 813.17
57 757.45
44 535.80
67 130.37
30 370.83
28 468.29
10 487.20
49 975.63
30 235.56
36 884.11
14 891.83
59 841.75
96 768.74
99 426.88
46 695.95
58 540.13
84 919.44
59 352.51
26 567.57
100 573.16
19 148.55
31 139.87
6 223.99
42 544.62
41 277.98
91 839.72
74 500.70
61 591.51
27 292.89
25 447.22
97 917.41
24 451.21
36 462.37
11 329.55
90 441.51
82 628.75
49 264.67
25 235.93
45 897.17
18 107.89
22 666.05
12 192.19
90 375.60
20 202.55
70 369.24
74 634.84
65 918.30
6 327.18
18 360.83
72 417.03
89 691.48
66 259.93
37 600.45
80 722.04
94 787.96
10 566.80
80 329.83
33 846.05
81 643.76
29 969.37
21 595.70
79 110.83
90 559.56
53 139.91
95 771.00
33 265.37
56 820.40
8 399.28
89 343.82
82 827.00
4 725.76
42 970.35
92 227.13
81 330.64
72 298.17
35 278.99
48 724.00
24 399.04
4 697.43
12 413.42
9 960.57
76 750.76
28 694.02
95 901.58
2 522.36
82 107.66
85 658.28
13 193.35
53 938.12
79 460.71
38 940.98
80 830.88
58 796.87
5 280.55
70 851.69
66 360.20
6 586.14
56 432.00
3 558.99
56 435.52
21 452.97
23 732.51
4 402.64
50 457.35
76 776.44
61 884.53
7 393.73
75 431.45
29 988.61
14 203.59
43 872.53
33 656.10
71 197.04
72 266.42
25 896.52
61 808.50
3 784.40
68 975.19
59 534.54
21 887.15
39 741.97
14 178.46
26 856.03
95 934.90
9 782.19
62 352.71
97 775.23
84 543.95
59 578.59
55 742.68
12 695.35
19 699.53
60 433.90
71 488.78
59 336.54
13 515.70
74 343.95
75 531.91
2 702.66
28 469.17
93 790.97
41 802.24
88 572.32
70 866.01
48 747.54
83 150.92
31 454.69
30 582.46
48 573.72
1 761.84
55 752.50
73 574.52
28 956.55
93 621.30
36 813.03
4 117.64
18 501.53
68 745.01
46 342.27
50 619.09
60 518.65
60 687.36
93 305.10
86 652.83
83 244.60
1 843.00
35 241.62
93 768.13
79 271.69
37 617.24
84 857.78
33 402.46
48 439.13
19 446.51
88 916.56
39 929.81
34 430.59
17 491.68
69 199.10
41 546.50
27 812.91
23 865.36
40 906.06
100 159.30
71 599.50
41 382.76
41 939.52
78 806.93
63 535.59
76 826.25
36 387.08
70 193.06
34 537.41
18 383.58
12 537.59
98 260.76
34 190.18
99 561.12
3 890.36
59 231.48
77 258.90
64 897.79
31 226.94
10 665.15
54 450.85
80 597.43
90 200.98
12 294.28
23 844.51
88 320.67
56 106.67
68 260.65
71 299.75
40 567.33
1 752.16
42 367.67
35 395.55
98 405.12
92 593.37
80 650.19
16 209.97
52 552.90
76 728.48
75 396.72
38 827.81
84 465.50
83 759.85
70 695.82
68 768.05
22 424.19
28 797.90
98 608.97
91 246.31
13 374.71
43 714.46
14 896.20
78 923.86
14 241.60
66 622.94
6 760.98
96 428.98
76 284.48
79 714.25
33 406.72
82 530.89
65 620.19
30 850.95
62 564.07
80 656.92
88 162.65
99 549.93
50 966.70
11 326.21
51 890.12
11 720.62
50 424.55
76 198.64
93 809.24
33 618.46
40 404.26
48 889.27
95 987.83
2 268.93
75 361.06
15 394.17
70 749.07
70 825.29
81 411.61
2 730.40
65 932.79
65 515.38
40 283.75
20 817.85
94 248.68
95 412.10
86 485.75
46 806.92
46 500.15
32 777.42
23 819.60
52 814.16
39 307.61
46 485.87
53 198.82
80 144.68
63 412.21
82 457.39
71 142.42
89 695.45
5 973.87
84 682.04
56 221.85
45 648.72
15 416.75
86 134.73
96 454.70
4 935.66
1 211.52
6 653.46
71 469.30
54 365.69
36 726.46
76 786.89
8 258.11
99 655.44
84 657.83
19 600.38
25 472.21
49 949.17
72 982.71
76 447.20
90 670.86
42 678.02
78 330.02
21 916.98
89 931.57
22 309.99
37 650.55
95 859.30
73 741.19
91 724.93
35 694.11
72 855.28
81 286.25
84 768.38
66 839.57
35 670.66
27 129.51
29 670.90
95 565.87
25 712.05
44 938.51
48 285.60
18 385.70
70 117.60
29 487.52
60 831.55
43 329.03
19 735.11
92 595.03
10 376.48
99 576.22
63 920.65
63 723.19
83 190.58
51 892.79
82 374.15
97 897.22
81 163.12
89 429.98
28 867.74
98 968.08
62 946.79
85 749.11
2 218.34
46 672.51
19 213.78
91 701.82
57 522.25
28 627.09
72 620.39
35 485.14
97 681.09
27 797.51
57 896.33
10 966.32
41 485.39
72 824.16
76 578.51
77 264.28
79 673.78
42 122.04
47 655.94
83 379.79
11 537.43
89 447.35
94 269.76
53 562.32
77 221.70
66 314.71
99 721.26
27 840.51
29 381.28
43 603.82
2 240.84
15 666.20
8 894.80
90 881.59
42 591.69
2 173.72
22 892.41
62 147.08
92 691.66
85 538.28
58 800.36
54 895.44
29 950.98
91 420.63
88 482.05
12 968.20
57 792.79
67 946.71
14 816.61
15 611.82
79 876.29
31 289.41
57 995.09
26 687.97
17 406.23
70 620.60
18 297.98
73 439.05
61 991.73
18 355.30
10 428.41
44 152.34
9 806.67
86 542.27
78 486.99
72 482.11
63 689.21
44 948.50
79 615.72
80 406.12
52 818.53
46 266.09
51 328.19
99 587.16
45 578.63
56 987.34
78 569.85
36 439.20
53 544.92
96 848.86
31 226.64
48 847.91
41 398.97
95 910.14
85 633.15
57 937.55
50 341.72
37 462.46
87 812.03
96 803.67
90 945.75
87 873.51
62 723.86
86 104.76
43 413.90
8 138.39
43 968.23
16 518.82
88 204.37
8 676.18
96 625.30
97 196.33
46 537.51
14 126.19
68 121.69
30 401.33
100 673.82
55 594.78
58 412.45
20 121.02
18 182.27
74 737.54
3 712.35
51 334.12
23 720.66
49 296.14
68 720.46
55 226.05
43 911.46
32 517.74
50 250.70
30 416.70
41 153.00
49 930.81
32 683.42
62 871.53
5 809.85
63 386.85
22 802.64
37 941.53
47 122.45
26 206.30
95 260.40
21 689.80
39 699.21
19 705.17
5 889.37
20 747.22
63 353.31
87 289.12
91 948.14
62 483.88
2 844.16
84 518.80
6 241.06
55 466.07
54 458.68
65 217.81
13 179.12
36 579.38
41 780.84
11 521.76
36 760.21
56 890.96
2 985.09
33 484.33
61 367.89
57 265.74
87 864.61
84 694.96
32 948.36
31 635.50
34 806.31
3 928.32
94 923.26
66 782.52
88 531.81
2 367.54
34 686.94
58 301.20
27 984.64
26 823.31
81 458.05
53 350.09
95 148.85
5 741.42
90 728.86
98 340.61
65 396.01
37 735.00
95 293.02
24 229.87
97 142.90
17 239.06
17 484.55
12 801.42
46 934.01
40 421.21
20 820.94
31 814.37
84 825.68
19 470.26
9 291.64
99 396.75
79 947.18
12 880.46
79 539.52
40 573.41
10 163.74
56 539.20
8 934.74
57 309.91
80 177.11
81 198.02
21 761.78
83 357.31
93 201.95
31 548.37
32 794.22
91 990.62
40 754.23
5 124.36
71 218.00
68 706.38
47 571.24
48 869.74
49 315.60
72 218.40
21 407.90
9 894.64
37 168.68
84 338.04
97 262.18
66 335.35
97 705.07
50 341.50
52 471.41
19 745.71
66 298.49
36 630.39
49 712.06
24 359.62
99 816.48
80 758.74
86 207.87
15 538.65
2 419.26
62 291.17
28 758.06
26 488.82
98 343.92
63 723.13
39 463.05
3 177.69
78 211.31
18 469.29
18 769.79
97 938.45
96 795.86
11 392.38
37 262.55
90 872.40
2 716.40
99 305.30
1 440.82
28 154.48
91 185.41
32 495.49
95 488.60
90 858.95
64 765.89
81 222.86
41 377.52
49 243.25
21 628.15
96 220.67
58 371.01
98 139.59
27 419.11
43 276.31
40 493.42
33 484.79
20 712.73
52 836.69
62 318.72
54 893.06
7 625.18
94 548.11
48 914.00
80 771.60
39 402.63
85 280.64
62 242.95
28 909.39
77 177.94
96 816.13
48 626.07
42 577.07
78 792.81
73 816.84
66 503.81
91 960.84
11 503.80
35 496.57
85 982.45
21 199.65
83 919.77
4 116.04
45 541.84
11 608.73
71 273.43
5 292.57
1 715.01
93 643.76
35 539.62
20 508.36
11 339.41
31 597.17
19 722.98
80 344.62
82 680.35
60 901.66
40 455.26
21 667.87
47 931.55
83 790.42
92 161.77
15 694.18
24 632.56
50 613.49
32 228.78
39 948.49
86 552.81
38 831.56
73 824.92
96 921.36
4 248.03
4 310.28
37 424.72
100 344.40
97 310.55
45 258.19
58 354.02
61 694.46
15 126.34
46 377.18
67 823.40
16 521.65
19 796.34
16 856.78
50 234.15
56 832.86
83 610.69
100 272.31
31 530.18
82 213.59
47 635.45
23 660.87
15 736.93
10 147.67
61 943.36
58 700.58
62 809.46
3 879.41
8 471.82
56 801.73
4 743.04
89 347.36
10 358.08
42 907.13
58 141.74
99 393.59
92 345.67
45 118.09
36 943.25
21 908.12
53 529.66
21 836.88
93 613.00
45 663.23
11 468.71
84 560.15
96 415.96
69 583.22
2 205.32
20 615.18
52 322.24
17 962.98
72 400.54
91 759.22
8 618.55
16 655.18
33 283.64
5 537.31
74 842.95
89 404.11
49 978.95
71 616.17
52 497.46
21 149.08
73 359.18
84 930.25
66 487.71
28 825.34
92 447.76
45 969.96
13 459.28
53 271.72
78 851.70
1 954.77
38 915.43
31 292.47
87 135.55
54 872.03
36 866.19
30 429.22
94 727.58
54 828.37
66 811.72
47 132.92
89 433.34
48 546.61
87 874.18
38 847.38
26 510.06
68 979.96
14 744.33
45 797.32
80 474.60
12 381.61
93 572.09
34 854.73
13 733.42
6 931.50
58 796.27
96 866.98
19 620.39
90 943.51
95 534.96
85 549.76
17 786.55
36 983.04
73 421.04
89 900.24
92 478.92
28 299.83
38 146.67
80 232.52
93 516.81
92 838.27
73 736.09
10 135.29
79 910.25
89 758.38
18 766.65
90 121.31
100 894.34
95 456.58
52 397.96
26 433.30
14 513.36
97 967.83
6 908.40
1 227.69
75 587.22
99 319.40
77 895.27
21 382.95
42 149.96
73 818.16
99 978.74
35 344.91
6 633.88
100 181.27
91 765.53
88 743.68
63 500.96
38 449.16
70 838.90
7 324.70
60 950.03
50 663.09
28 239.84
42 100.47
81 961.51
18 750.34
20 890.42
46 261.59
83 671.26
27 627.05
15 807.77
55 859.72
48 565.53
41 837.18
87 618.11
21 629.51
67 545.55
8 186.63
48 544.32
93 739.89
21 767.49
27 930.47
17 447.42
39 685.80
97 541.89
92 554.16
40 665.38
5 898.64
7 705.51
59 223.76
67 216.54
45 713.59
51 847.33
52 905.87
31 804.99
22 154.53
100 129.71
43 143.22
24 243.35
75 444.35
69 245.77
25 574.83
24 868.58
24 991.38
87 219.96
10 869.11
46 306.14
16 619.65
56 629.04
85 907.48
6 928.52
75 530.79
12 276.92
52 262.12
33 697.03
49 579.55
78 610.08
86 485.60
85 487.96
47 961.06
60 846.33
74 136.74
99 358.20
24 823.81
20 776.40
9 453.59
13 769.48
37 761.68
57 389.06
2 498.98
60 846.42
26 448.31
89 589.70
5 419.55
72 629.29
41 469.33
17 541.40
77 144.75
97 965.20
64 592.99
77 179.14
54 846.18
41 890.01
27 151.72
91 217.41
91 547.88
23 297.66
80 590.69
37 477.67
10 449.47
20 720.86
53 358.09
94 719.67
86 930.71
7 225.52
59 419.84
38 503.19
29 698.37
90 363.20
24 170.33
64 285.32
66 428.53
53 654.28
84 791.97
39 970.85
24 145.05
61 301.63
60 464.91
42 420.07
23 112.79
47 485.18
93 197.95
58 523.74
97 921.94
40 507.88
33 657.19
100 148.38
19 649.20
87 316.37
77 734.96
38 128.73
81 503.15
43 546.28
22 569.30
49 312.33
35 561.26
24 477.63
98 678.94
100 949.93
89 349.47
90 460.27
32 194.93
68 181.93
53 118.10
92 307.81
29 854.02
47 426.71
50 217.81
21 761.08
49 266.71
8 412.66
73 136.01
97 548.89
49 530.69
5 119.89
87 697.15
37 333.17
59 602.99
85 582.98
47 153.65
30 863.49
5 386.05
40 464.45
7 741.27
82 475.62
43 977.44
93 397.75
67 806.91
73 628.96
38 352.84
79 385.48
95 749.60
3 628.94
36 648.14
11 538.82
44 666.01
16 458.66
50 852.97
27 329.08
97 272.93
21 982.05
50 108.13
77 382.96
62 493.02
100 707.71
59 930.38
11 893.04
9 818.51
97 783.76
49 169.79
18 320.32
36 478.34
8 902.84
59 450.91
8 422.83
19 659.93
2 797.34
32 320.40
11 715.78
34 339.77
29 164.11
87 774.83
36 671.95
83 208.58
94 825.49
44 869.12
34 958.49
58 916.23
77 222.23
32 104.30
53 844.15
15 215.36
71 241.59
93 103.33
64 752.33
68 526.82
20 874.20
32 682.70
39 277.44
54 692.69
26 979.27
23 544.45
53 444.77
16 210.00
21 180.84
98 688.96
100 488.40
63 660.91
78 836.83
81 896.84
98 298.13
18 333.25
56 226.12
6 926.00
16 927.82
71 234.25
99 388.62
78 337.43
11 292.32
36 913.17
19 450.12
40 366.01
59 363.46
38 189.56
68 600.96
100 859.37
81 292.43
37 848.06
91 781.49
29 194.29
20 354.50
29 186.23
14 336.24
98 409.50
80 583.53
9 534.93
2 844.44
11 717.34
70 142.94
86 314.82
8 238.77
54 671.43
78 980.27
37 577.60
16 617.75
84 282.60
34 226.83
15 591.65
68 444.03
71 106.75
82 186.71
94 936.49
16 467.55
31 903.06
47 358.18
27 924.81
45 132.60
60 114.47
90 671.94
29 840.92
92 926.42
19 350.17
26 574.23
81 104.90
65 972.84
60 252.57
88 651.65
85 113.73
17 302.33
75 976.85
44 246.21
9 888.93
34 124.72
63 773.24
83 413.35
15 939.04
66 538.32
85 306.29
32 474.50
71 702.50
41 644.36
77 245.33
9 318.77
76 453.93
72 462.86
28 626.37
21 414.64
57 695.37
57 132.40
59 203.59
17 192.61
40 498.23
46 440.86
93 760.51
56 909.29
19 172.28
48 363.83
60 429.74
71 593.81
9 412.45
68 982.13
33 725.43
50 404.22
18 649.93
57 434.42
35 918.32
35 209.57
27 276.31
32 742.79
90 228.19
25 542.27
97 108.02
26 646.32
2 219.87
97 688.19
15 501.03
31 178.73
99 903.56
30 924.46
90 312.66
60 770.71
33 502.45
44 347.76
77 532.54
9 106.98
99 624.14
41 990.40
32 728.62
15 309.54
33 679.72
18 884.03
77 563.64
53 973.89
28 307.89
39 886.36
91 272.91
60 654.80
57 932.16
15 693.53
31 342.89
63 326.98
56 576.79
80 211.06
42 852.09
63 699.46
96 126.03
70 443.12
10 741.34
26 845.57
80 700.56
93 659.93
76 748.04
6 936.66
18 517.15
62 163.28
26 334.71
30 139.81
89 958.49
27 943.14
46 195.27
55 562.52
15 977.14
33 902.72
69 788.00
78 760.75
82 360.11
64 388.10
99 181.02
85 626.78
77 477.61
31 630.73
25 661.36
92 503.61
9 359.14
20 503.02
91 238.25
85 979.53
78 138.71
56 669.21
57 310.08
71 432.52
57 826.94
62 610.28
23 179.30
13 563.46
17 294.66
27 882.85
24 953.20
36 827.85
83 128.39
80 970.25
88 354.32
71 517.52
47 165.98
14 497.10
47 993.39
70 449.47
11 142.93
10 563.29
43 200.23
58 131.06
50 614.40
67 876.58
83 862.36
29 845.63
80 222.43
75 948.64
85 717.92
84 565.17
45 893.19
77 178.45
39 315.23
77 674.96
35 731.65
27 712.83
100 141.50
76 424.03
80 754.51
18 422.06
92 388.62
67 891.09
44 705.93
95 312.65
100 359.98
71 683.68
66 596.54
7 910.35
20 198.68
47 805.87
95 397.42
95 471.03
61 484.98
33 882.97
19 873.46
79 249.34
54 658.37
37 375.64
16 409.96
77 885.78
93 458.17
53 364.87
56 477.67
46 460.37
74 278.08
34 617.09
7 781.33
74 344.55
81 162.95
65 829.78
100 173.84
64 319.95
59 641.16
18 284.07
24 667.53
87 861.26
80 637.40
7 255.66
9 486.18
48 499.74
46 736.28
62 484.31
3 284.85
44 802.85
81 370.35
57 373.44
19 550.49
82 820.11
43 167.65
3 400.09
63 939.28
10 799.34
43 842.88
50 873.97
4 308.12
98 460.67
62 252.56
36 960.85
9 571.87
33 203.90
29 645.48
86 949.00
55 192.09
10 349.67
23 959.13
3 586.67
100 230.68
60 844.99
74 803.25
96 985.53
8 816.28
97 357.37
31 768.36
61 546.95
34 515.43
32 167.13
40 875.26
39 841.60
18 215.51
30 878.70
19 148.37
19 846.49
99 294.96
29 682.39
93 983.81
75 673.00
69 473.16
16 548.78
92 137.41
25 157.36
9 111.27
72 158.05
9 631.21
100 907.83
83 971.89
34 770.45
63 100.97
55 804.38
38 231.94
28 330.87
8 263.90
70 100.60
17 368.97
13 173.26
33 985.17
90 784.50
50 695.49
20 268.58
4 490.25
43 320.98
20 237.95
2 842.58
90 502.83
98 675.95
64 983.47
56 929.70
61 767.40
69 483.69
100 960.55
37 730.88
91 183.51
13 820.67
65 205.33
79 740.47
27 175.39
97 969.69
45 472.23
45 675.28
8 137.85
49 343.86
55 319.59
11 304.03
14 829.70
36 104.32
28 813.74
39 902.82
36 772.72
97 139.52
63 816.99
91 940.35
61 334.05
73 835.13
31 255.93
82 218.79
25 347.76
82 572.98
19 330.08
82 265.09
18 792.08
23 415.25
84 207.14
90 535.71
83 404.25
1 345.00
95 778.06
73 726.99
90 645.55
1 347.76
45 527.55
17 828.72
87 241.73
32 810.25
56 882.85
10 249.85
33 471.35
45 702.51
70 200.32
60 813.74
27 131.24
68 356.44
6 155.81
32 820.54
56 280.70
98 333.52
68 114.15
57 489.84
92 958.42
54 791.35
89 180.26
52 486.09
27 518.29
18 291.69
34 432.59
48 836.76
63 383.07
76 981.28
95 449.57
13 705.16
88 451.49
65 736.54
11 374.71
10 555.52
82 386.75
67 237.70
85 173.14
24 669.63
17 913.10
5 112.07
59 614.91
8 457.56
68 452.43
79 302.62
40 107.67
12 321.42
15 254.05
44 302.44
49 857.64
8 233.54
4 685.02
35 666.88
5 283.40
77 942.77
13 588.59
81 701.00
29 784.89
66 549.85
95 429.51
19 729.32
86 630.00
91 691.78
69 159.64
97 936.36
15 727.47
12 363.92
20 272.37
44 356.87
25 894.56
8 798.33
71 794.92
59 511.55
77 469.90
17 779.01
77 984.73
95 456.69
11 164.68
72 390.11
66 747.39
80 170.35
25 221.02
55 452.43
33 538.68
100 735.44
87 258.58
63 701.73
96 272.04
12 776.06
90 126.37
85 368.12
34 454.93
1 887.19
87 505.80
58 653.49
8 367.07
87 188.38
18 788.84
43 207.98
96 376.21
80 705.56
36 793.94
17 380.34
91 797.96
73 144.53
35 429.66
93 677.43
38 676.87
36 477.11
21 351.79
47 599.85
11 542.08
77 622.12
37 557.44
25 148.09
54 801.57
8 181.36
55 616.38
11 237.49
20 387.55
34 920.75
86 420.42
16 410.89
37 917.21
98 291.71
83 388.02
93 808.78
90 144.17
63 703.03
86 364.80
42 780.81
98 378.47
73 891.20
26 453.64
12 362.53
90 372.16
52 282.52
37 459.34
5 984.28
77 360.65
75 922.03
29 152.30
28 396.20
46 406.47
9 191.10
11 929.83
52 139.16
44 503.47
31 821.15
50 947.69
59 703.15
89 736.08
66 425.74
27 549.44
1 535.21
49 289.94
56 123.89
99 852.18
34 961.98
89 770.12
60 976.34
77 109.56
66 899.17
15 393.06
50 329.11
2 210.39
52 902.09
75 192.88
23 372.82
3 415.41
69 287.87
25 781.14
82 636.29
66 272.69
7 709.76
69 550.19
21 688.03
7 867.07
95 747.80
6 153.29
2 721.46
95 295.05
93 554.40
12 877.48
2 270.87
32 415.58
24 958.90
33 901.49
77 107.93
66 716.41
61 596.63
90 862.57
93 341.62
95 212.54
89 916.96
91 686.45
29 308.83
36 588.55
3 767.35
11 911.92
3 406.43
38 297.62
73 898.95
7 770.49
8 210.01
35 146.62
17 113.88
11 732.70
38 282.14
20 240.78
11 870.59
44 371.89
43 869.12
45 153.68
96 727.40
28 298.95
61 687.94
59 630.30
95 423.86
40 454.32
2 423.91
42 897.41
29 370.19
14 342.40
5 961.50
51 537.22
67 484.55
64 567.82
16 982.50
37 627.40
88 395.77
12 847.89
59 419.17
37 133.92
23 586.46
4 104.58
60 840.79
53 221.68
40 130.61
30 823.89
65 828.89
97 112.11
30 626.42
76 152.68
89 425.26
87 505.67
71 812.01
72 299.27
24 732.92
26 191.42
17 487.71
61 101.39
12 313.76
96 677.09
91 616.89
93 608.44
55 548.39
64 302.09
82 681.19
55 719.62
34 923.80
90 972.65
86 920.26
44 293.13
17 596.48
10 779.75
82 968.71
37 819.41
55 784.62
66 134.44
42 829.58
94 944.98
2 750.77
8 359.88
65 595.61
11 163.90
97 472.05
87 658.62
49 996.80
67 886.77
38 202.72
9 152.66
78 674.79
40 473.43
91 352.90
14 518.04
20 260.62
31 703.89
57 738.78
58 652.14
31 139.72
78 479.76
98 946.43
46 936.40
52 621.27
9 604.57
84 672.66
73 279.49
93 815.56
84 140.53
57 501.07
40 587.24
62 814.90
35 986.11
89 699.68
97 193.23
78 253.86
82 402.70
27 532.82
39 262.17
60 108.58
50 475.18
5 678.64
34 581.32
46 705.39
10 973.36
97 816.88
1 562.36
70 120.30
74 101.62
45 145.81
3 960.29
91 921.00
2 205.84
24 939.57
31 485.57
23 865.72
78 246.23
4 157.37
46 312.44
36 961.63
41 845.49
58 909.02
97 505.16
13 613.35
46 766.34
25 968.22
100 500.60
7 908.15
57 442.13
69 530.05
65 770.04
89 552.32
45 271.16
17 270.61
24 955.12
37 593.06
64 303.15
46 101.83
46 509.53
24 505.30
54 118.51
77 903.66
31 747.68
50 545.33
51 179.28
39 509.47
20 695.53
21 249.84
73 910.93
1 655.46
83 571.21
63 254.13
82 465.98
61 283.40
17 900.41
99 818.90
63 210.50
17 661.14
94 827.27
3 427.00
23 313.61
39 349.07
19 513.56
15 328.41
2 557.17
58 775.48
8 353.37
87 397.64
28 692.19
23 554.20
100 393.90
47 386.48
84 463.08
26 765.23
31 185.86
20 241.94
67 791.14
81 957.30
58 465.53
65 336.23
66 992.73
17 494.89
43 327.47
34 550.53
55 318.23
78 150.68
34 174.88
6 556.70
10 420.74
2 852.39
70 885.53
11 852.95
94 671.29
81 664.95
15 407.63
17 977.17
7 319.56
43 529.33
31 735.80
63 925.41
81 551.90
61 875.35
39 957.94
99 554.68
76 957.93
15 529.53
55 499.01
76 339.92
66 509.14
47 552.26
9 856.49
73 495.46
17 879.91
27 531.93
36 166.76
27 448.98
58 904.78
76 433.83
30 581.05
99 362.30
61 647.19
96 473.05
41 502.50
35 427.80
71 346.73
20 151.51
13 561.24
18 915.33
56 769.69
28 742.02
80 240.86
71 237.50
77 222.27
88 686.64
32 238.12
13 208.83
47 238.78
9 628.48
50 573.32
22 384.20
85 393.14
55 222.83
12 425.60
73 714.67
49 945.00
77 586.96
5 229.79
11 779.49
97 309.84
63 375.45
94 236.57
2 590.82
31 791.69
12 988.87
34 348.50
3 621.54
7 979.42
98 897.37
32 919.97
99 484.88
70 453.32
52 963.56
41 189.98
16 524.66
35 748.51
64 412.06
83 424.28
69 692.54
22 824.82
1 422.48
26 612.74
49 380.90
94 515.68
12 630.05
83 724.46
79 847.10
4 729.86
77 941.20
65 970.01
72 921.01
94 800.99
62 582.12
97 566.12
4 139.19
64 659.88
36 796.95
11 672.70
79 840.33
68 308.05
86 680.67
86 855.49
91 466.78
81 613.98
18 747.28
22 873.53
56 433.54
64 644.68
89 262.34
32 505.40
67 666.59
41 349.63
66 187.76
65 481.99
41 449.66
64 828.76
37 427.80
40 335.45
10 162.26
27 672.25
78 455.12
79 539.60
92 375.44
37 798.27
64 980.21
35 533.36
95 927.19
13 821.45
82 332.05
36 365.26
89 244.48
25 999.12
50 160.68
60 159.68
82 385.11
52 421.42
5 243.28
45 928.39
51 942.03
28 971.05
94 717.30
59 345.23
45 421.38
14 667.74
36 825.27
79 498.80
92 690.53
87 906.73
43 752.43
29 616.50
93 492.12
93 313.98
59 151.79
59 778.68
40 634.12
15 255.71
66 497.99
8 968.77
11 951.87
64 327.38
17 617.72
69 475.92
65 896.66
64 478.06
26 832.35
24 420.09
68 951.81
58 111.48
79 200.42
49 689.43
38 352.56
55 459.61
44 511.95
11 886.65
13 611.22
45 993.05
80 922.91
94 558.48
17 739.74
44 604.89
9 592.31
61 675.70
31 566.70
56 970.21
64 351.48
6 940.80
84 886.42
6 675.35
12 603.91
39 993.86
61 777.83
10 206.54
21 476.25
65 362.09
44 445.84
38 799.64
61 687.87
78 623.56
52 305.70
26 428.00
36 973.92
23 600.33
79 666.79
27 124.63
79 712.03
57 308.83
47 423.37
18 509.92
49 668.66
7 116.32
25 887.57
70 576.40
96 966.98
11 970.50
20 834.18
20 952.34
98 609.63
91 137.23
23 586.62
61 257.05
46 742.71
25 823.53
58 672.67
10 468.42
15 362.08
68 897.38
54 489.83
97 257.32
7 849.27
45 246.08
85 946.30
28 251.50
69 435.15
63 242.00
37 653.20
40 896.02
37 453.64
89 717.45
9 283.69
31 722.10
72 435.64
63 100.19
65 563.96
26 903.71
2 504.29
69 331.80
6 678.30
48 224.60
48 492.76
100 632.15
95 943.25
81 731.43
8 740.36
3 492.56
55 289.80
50 348.60
87 436.12
98 552.72
72 430.60
82 908.13
86 432.31
61 612.19
1 545.27
89 493.39
99 467.40
51 779.81
43 979.08
35 328.19
46 749.46
22 106.68
26 934.27
78 927.85
84 609.52
72 709.62
65 708.52
57 449.02
15 979.96
7 635.65
2 867.16
47 403.67
33 851.59
17 259.30
73 497.21
78 169.95
68 840.11
90 500.18
2 745.21
38 283.18
81 229.25
51 513.57
69 861.81
49 184.07
46 303.99
21 436.71
80 746.28
2 436.31
50 934.55
24 557.58
44 783.69
65 827.43
96 863.20
43 260.86
93 603.78
21 594.99
8 341.08
57 670.57
52 276.69
53 390.91
33 386.21
51 124.23
98 554.56
85 434.28
57 503.25
55 918.17
4 437.25
85 843.85
22 473.32
36 417.78
47 401.11
13 296.37
58 337.57
81 962.93
39 904.94
60 290.04
9 679.77
19 308.77
62 140.07
1 518.98
75 469.38
33 561.36
51 559.36
1 828.32
70 307.52
53 590.76
18 789.58
42 168.96
1 372.03
60 364.00
74 443.79
66 301.26
59 392.12
6 858.18
17 462.50
59 746.67
41 157.84
45 455.93
16 403.13
1 546.09
78 617.21
91 330.74
12 595.81
74 487.81
2 942.02
47 506.77
33 108.87
11 694.75
86 591.80
30 744.39
39 533.16
7 862.15
46 627.05
34 179.29
31 690.43
16 481.78
73 907.98
55 437.87
50 804.41
41 819.35
72 774.71
94 308.49
67 437.46
52 747.76
60 846.62
77 765.77
95 255.93
25 866.67
74 632.97
23 272.83
97 410.78
52 405.86
91 108.81
97 246.54
23 876.06
15 966.77
12 556.06
93 322.40
88 129.42
38 159.04
13 773.29
43 905.72
62 235.61
37 400.23
87 446.13
89 940.01
44 867.52
11 869.73
9 385.59
7 110.56
62 899.49
50 191.94
36 212.74
56 745.42
6 647.74
27 238.72
82 378.72
23 203.30
7 585.44
17 380.19
9 526.26
55 356.97
41 543.15
35 892.01
75 689.08
85 500.00
7 273.69
64 173.86
56 162.47
70 458.55
75 353.42
8 397.53
68 693.82
79 991.52
61 272.52
89 266.28
43 872.27
14 674.03
42 112.92
59 429.01
31 742.21
80 248.62
71 809.01
27 650.23
60 374.64
53 202.25
90 437.15
52 660.62
57 238.00
100 740.52
63 367.70
58 764.76
43 941.76
25 429.62
66 770.43
23 878.79
84 548.24
36 481.16
53 427.03
100 864.60
4 151.66
50 229.14
93 584.03
82 312.52
81 865.45
77 400.00
41 680.22
22 978.28
53 245.67
52 430.52
54 795.26
86 564.23
14 807.00
6 305.96
53 791.30
59 380.57
23 698.60
62 424.42
86 647.32
47 909.98
78 910.75
63 732.68
39 959.75
44 358.73
82 520.62
20 377.08
80 829.65
98 961.76
2 452.18
62 647.00
28 732.80
84 759.69
47 539.42
89 278.95
86 863.33
33 132.60
53 550.67
73 274.06
91 339.64
71 711.05
64 745.96
91 763.00
35 481.53
13 296.44
69 403.98
2 495.79
33 995.80
74 863.07
98 298.17
31 987.35
12 729.79
32 877.06
91 621.96
78 852.73
41 789.07
78 568.32
17 739.44
79 393.40
27 153.63
93 708.58
88 163.74
50 524.01
53 630.68
21 438.23
50 484.11
2 209.23
100 522.70
73 857.96
25 516.90
22 498.27
59 153.50
63 350.69
25 923.37
43 390.27
70 210.80
58 929.99
85 384.51
51 154.27
43 156.87
4 386.77
21 450.53
99 869.36
80 577.09
43 490.20
64 675.07
2 946.88
86 306.86
74 909.30
36 678.80
67 669.75
8 813.78
92 352.91
2 860.64
60 725.66
78 499.81
51 751.09
98 149.95
57 409.86
75 208.25
95 544.51
62 909.16
41 851.46
88 404.44
37 190.07
65 497.39
39 666.48
96 170.53
54 802.58
9 172.96
90 327.36
46 510.64
59 884.41
53 605.97
34 180.84
20 217.79
13 678.78
85 578.62
88 475.14
52 532.47
5 659.79
59 329.39
18 843.80
100 702.02
51 972.40
5 964.50
67 747.58
36 837.32
39 888.54
16 252.57
23 445.45
30 202.42
2 203.20
25 646.93
40 576.62
19 916.03
19 530.43
7 799.18
28 258.37
14 303.35
17 476.79
53 326.20
8 266.27
33 291.67
42 168.81
17 288.35
41 496.97
85 920.17
45 810.25
55 807.34
84 757.24
100 547.10
65 935.89
22 881.72
42 609.36
36 737.91
81 481.96
93 388.89
95 584.34
34 320.23
28 903.61
4 120.51
78 160.53
67 211.52
100 435.56
82 720.71
13 491.80
87 426.98
1 954.39
40 468.56
76 418.23
14 532.91
39 380.89
8 941.11
58 654.84
1 721.11
1 507.33
33 525.30
52 124.33
27 696.24
96 739.57
46 793.69
22 510.63
34 111.64
14 696.61
14 214.74
88 180.66
22 877.74
11 939.27
23 489.03
72 431.09
59 479.71
66 624.12
83 586.25
9 333.44
76 560.82
84 540.24
52 846.06
100 488.15
20 435.64
25 527.99
49 910.92
17 349.24
68 463.93
79 130.34
11 281.95
26 233.35
67 267.77
95 680.01
45 432.53
49 782.27
83 686.03
18 670.01
32 881.33
53 317.03
96 845.10
41 178.07
2 919.05
100 992.49
84 580.41
85 156.84
70 894.24
56 166.96
84 749.38
62 779.22
45 786.86
91 857.92
82 344.08
26 608.84
75 441.24
29 729.80
89 686.49
55 471.63
43 445.15
50 980.56
32 430.06
59 658.18
13 377.13
58 618.63
55 813.48
63 332.73
6 440.67
83 787.75
64 758.97
6 453.96
11 132.88
73 995.39
53 950.33
34 770.94
52 756.19
97 762.86
61 215.37
53 268.75
46 567.34
90 560.75
17 402.17
3 443.42
97 607.16
41 417.49
25 183.12
4 704.18
25 935.14
86 852.87
58 729.39
76 756.53
16 151.47
57 809.35
66 203.44
87 560.45
22 951.43
2 988.33
74 260.90
61 503.69
72 378.45
3 513.80
58 431.24
57 290.17
83 492.60
79 511.23
12 630.37
33 181.35
37 996.98
76 503.88
85 380.97
84 862.21
44 750.80
67 589.04
87 272.02
88 670.41
43 192.34
40 951.43
61 279.52
59 278.37
89 716.94
74 517.25
42 356.18
53 583.20
32 827.88
41 342.29
42 301.26
28 845.23
79 123.82
69 170.07
49 497.35
26 797.03
56 885.86
80 477.97
35 794.82
59 128.28
29 975.71
74 486.04
52 777.79
49 549.93
24 291.06
15 601.93
26 162.90
77 455.36
52 719.05
23 775.30
77 551.79
58 150.78
46 605.80
62 977.10
23 585.62
40 366.89
65 201.99
5 472.65
41 567.97
98 233.73
87 259.61
5 149.75
44 955.61
57 354.16
22 555.26
26 528.66
33 993.95
16 195.25
25 812.00
39 422.74
59 226.48
73 715.72
58 478.86
71 135.27
41 943.84
96 263.09
61 552.08
98 508.14
42 245.13
31 670.46
40 140.98
94 374.51
13 602.54
97 831.65
41 636.99
91 338.24
78 647.80
18 395.60
48 281.85
88 437.28
99 526.43
74 829.48
74 676.64
74 543.72
56 786.02
73 466.48
72 971.11
92 311.72
98 335.04
96 220.45
23 422.15
29 602.38
30 417.47
31 744.39
85 638.14
32 552.30
29 353.09
39 937.34
43 979.16
65 947.43
24 284.00
65 609.71
14 949.88
90 229.97
96 357.50
15 934.19
12 511.71
57 442.86
33 806.80
87 626.13
41 455.68
48 942.81
15 434.64
84 719.71
58 628.36
35 957.23
18 148.55
79 335.36
11 797.81
59 291.65
16 974.81
10 546.55
57 775.26
100 412.64
37 474.23
63 815.28
24 717.47
6 235.33
63 989.55
57 330.95
15 334.64
22 833.59
3 461.96
84 201.13
70 594.78
72 503.20
42 164.98
65 222.04
93 812.08
51 668.03
21 877.67
82 488.28
17 565.45
9 133.79
79 290.14
51 825.10
47 571.41
17 304.90
100 361.25
99 857.89
26 361.25
42 112.60
75 717.95
33 694.48
7 840.14
46 591.68
97 656.67
95 733.73
66 898.90
67 338.66
72 294.96
66 437.83
38 975.71
26 854.11
45 154.14
80 635.43
74 602.24
14 597.39
32 518.22
76 698.02
32 212.26
61 888.82
100 318.74
17 397.13
16 145.75
76 405.20
7 796.78
34 206.35
21 119.12
72 948.63
27 414.20
56 449.42
6 589.61
63 906.55
79 235.12
79 471.91
23 657.26
24 807.46
2 290.67
78 251.27
2 532.40
25 776.21
25 860.61
89 418.31
52 913.06
45 184.94
62 823.69
95 239.70
39 503.88
30 192.84
88 571.27
6 984.00
10 603.62
45 989.81
60 251.57
38 934.48
15 269.10
2 733.90
85 692.65
87 421.66
93 297.08
79 280.65
66 992.82
49 177.54
31 362.38
74 278.36
24 801.57
100 428.66
70 728.53
33 958.34
88 707.27
100 121.82
89 431.76
71 582.86
53 802.88
88 910.03
84 854.33
31 255.73
42 759.60
6 145.62
57 334.80
45 495.81
14 769.76
61 577.36
46 428.25
86 435.96
78 209.62
23 518.61
4 469.13
33 389.66
19 966.19
15 265.21
42 573.96
10 408.54
45 417.81
67 734.37
36 364.45
88 414.16
78 159.89
76 355.43
28 781.04
24 612.42
19 161.07
54 617.94
42 381.34
57 590.14
54 123.20
32 966.71
76 337.13
100 318.14
32 293.70
85 543.33
91 716.53
35 118.97
71 452.24
86 428.94
67 437.60
92 743.47
28 812.09
25 440.64
26 221.66
32 393.19
59 532.46
52 803.28
97 209.46
16 633.34
8 723.15
77 640.26
18 918.23
55 201.59
82 836.29
79 159.19
80 368.44
38 444.45
7 512.24
47 510.93
35 336.59
73 139.44
86 116.22
10 483.48
25 677.59
12 212.01
24 216.39
85 591.44
78 215.80
52 888.14
70 978.73
76 953.12
34 841.79
61 717.40
42 797.43
67 422.03
90 796.57
86 162.02
10 348.98
27 215.72
86 545.70
69 401.23
10 650.81
60 362.83
27 105.69
25 767.71
72 873.67
87 679.67
23 817.85
97 414.82
71 333.39
81 163.40
67 454.79
10 148.14
30 522.87
78 620.03
78 495.44
78 638.00
46 669.04
83 551.10
18 552.14
99 452.69
25 946.25
52 203.73
94 245.57
28 718.87
100 305.30
20 285.12
96 478.06
25 641.08
90 293.28
27 882.34
64 317.00
48 978.78
27 643.89
72 929.29
21 308.71
97 687.95
100 595.88
41 189.80
38 377.30
5 243.53
99 646.61
14 899.18
18 781.95
38 595.40
3 638.38
59 226.59
91 102.03
87 519.06
13 392.95
79 562.14
23 978.04
72 981.76
78 514.35
27 789.39
32 379.64
41 307.03
1 653.25
52 452.96
23 244.48
6 342.82
12 248.51
46 313.60
85 336.96
86 836.01
79 792.84
29 875.55
40 932.37
29 654.82
99 281.11
20 414.60
100 631.04
73 815.05
71 974.90
63 997.15
68 619.69
15 592.96
97 509.03
14 799.70
7 414.73
10 933.44
73 822.81
59 923.83
3 102.16
59 398.86
72 335.81
46 366.05
91 842.02
62 420.73
2 224.98
10 447.07
9 502.52
38 347.16
27 318.36
71 129.84
27 741.63
41 719.05
35 202.31
49 563.48
32 320.32
86 336.92
32 743.32
56 291.26
97 953.08
26 317.22
63 785.41
96 174.33
49 544.93
8 713.07
74 152.89
58 804.97
26 607.45
54 691.82
64 138.18
11 984.90
32 924.88
19 644.79
8 117.56
73 327.55
68 922.39
75 748.44
73 251.34
93 746.08
2 278.27
41 824.22
73 636.69
77 745.29
22 666.79
22 630.01
41 663.44
28 567.42
4 523.33
48 960.29
32 937.16
31 930.78
79 560.36
29 505.77
81 773.81
35 979.96
83 734.35
79 132.92
76 654.26
45 629.83
23 878.86
53 846.29
98 494.70
47 205.25
51 336.36
86 703.12
79 410.11
68 456.84
82 441.32
57 256.42
98 659.43
31 485.68
13 645.36
91 219.70
95 336.76
92 853.40
75 199.58
21 225.06
10 747.45
43 432.15
29 626.89
72 893.62
4 227.92
17 944.91
25 128.75
50 340.02
7 419.54
93 258.81
25 621.25
17 488.00
83 215.70
25 746.50
79 736.93
83 552.41
83 111.71
13 679.02
78 102.80
94 790.00
55 519.26
34 279.61
25 999.72
88 303.72
55 646.10
100 904.84
63 595.88
8 572.99
44 991.87
21 495.37
97 312.64
36 316.60
48 229.41
79 581.74
46 845.11
13 945.76
95 128.83
69 216.12
35 937.21
23 141.67
48 141.44
57 710.56
4 419.03
78 342.14
6 190.99
77 170.56
87 899.97
16 449.83
76 680.52
77 298.67
60 156.79
16 193.57
50 543.74
46 509.22
26 826.82
88 563.54
43 508.52
30 201.68
81 359.82
50 533.65
13 427.40
93 223.74
53 967.69
39 571.86
1 489.11
36 555.84
79 537.49
77 787.41
64 724.42
7 567.53
50 448.41
98 891.50
82 111.26
42 265.81
70 932.32
92 829.91
54 103.05
34 365.13
69 114.96
74 563.63
17 729.06
26 388.33
70 154.92
70 793.53
58 401.59
75 666.86
66 391.61
45 699.67
94 548.64
73 696.85
11 142.40
9 376.12
98 978.83
9 688.00
58 221.79
61 158.35
72 106.95
11 519.53
31 990.12
72 322.04
29 622.79
52 864.90
37 219.97
68 897.91
13 916.63
79 839.63
53 530.32
52 898.31
12 433.04
3 148.71
27 247.49
57 479.34
27 200.63
35 926.26
63 951.16
14 395.72
78 726.59
94 233.16
97 989.10
3 289.94
24 801.93
82 657.86
32 823.17
4 663.18
71 867.86
18 526.42
10 740.01
79 151.52
24 678.92
64 940.94
93 699.97
83 815.51
39 603.36
90 640.71
70 884.31
58 944.84
93 706.52
29 941.29
65 568.82
81 872.13
23 511.57
45 405.39
33 482.73
40 385.93
3 233.28
13 696.18
61 583.56
10 264.44
66 114.80
83 340.72
58 463.81
3 873.92
74 729.43
31 334.39
17 151.99
36 521.03
97 728.76
49 268.71
86 625.44
17 221.84
11 212.48
96 887.85
23 362.85
34 225.24
80 114.10
64 928.08
42 403.05
12 798.42
93 828.25
17 238.70
39 971.51
100 816.08
67 689.46
41 818.69
27 131.27
70 241.31
62 485.60
74 444.95
53 549.05
71 749.70
57 754.29
41 137.13
86 345.95
77 665.96
20 860.45
72 549.93
59 434.89
62 292.01
50 760.56
47 900.31
19 442.30
21 184.59
82 600.54
73 100.06
73 305.64
6 817.86
68 912.82
54 189.33
82 479.03
95 834.61
14 406.09
81 422.67
97 466.96
48 113.49
31 943.68
17 484.96
90 673.20
60 969.37
11 383.43
19 940.40
77 129.01
41 836.81
82 584.00
55 545.19
96 153.39
78 597.99
78 390.70
43 710.76
34 696.78
52 630.94
92 186.31
41 507.83
55 175.97
5 474.73
39 409.29
75 262.12
27 153.24
84 793.43
15 147.80
64 254.89
48 938.04
52 109.68
25 836.02
80 182.83
31 764.88
39 236.35
78 750.95
87 243.02
10 665.06
54 185.11
69 600.30
86 572.65
69 809.73
86 843.91
31 650.49
25 336.48
9 613.42
26 220.43
70 245.89
39 730.02
54 406.87
43 566.38
4 323.35
55 844.15
49 954.66
73 774.96
47 411.30
62 610.16
69 934.25
14 515.91
53 518.89
17 368.88
92 714.34
76 392.86
17 454.66
23 762.20
9 564.86
99 589.26
22 284.22
43 943.79
65 726.57
45 843.95
90 999.77
46 408.25
84 177.76
55 462.42
72 118.04
5 644.91
8 310.81
64 973.82
50 436.97
4 848.28
98 844.92
63 539.70
47 553.30
36 845.74
7 615.53
25 631.39
49 704.31
5 923.08
31 420.73
79 762.89
68 753.57
37 104.09
91 306.62
17 790.74
60 331.79
74 479.82
10 232.91
78 438.40
49 166.76
81 307.66
6 260.98
83 655.04
26 696.95
98 114.54
11 805.26
30 209.08
31 444.44
68 572.42
28 648.37
11 878.98
94 164.37
40 209.82
13 217.34
11 700.00
56 724.11
26 172.18
77 334.19
76 396.28
90 993.84
31 855.97
32 586.98
33 817.62
34 797.98
75 508.03
18 247.92
47 523.62
91 152.65
71 441.79
94 141.44
47 489.89
21 258.45
53 311.03
81 757.79
79 907.82
42 253.90
91 478.80
59 810.08
53 352.07
10 818.75
88 179.46
35 237.90
64 871.16
52 281.03
59 780.04
17 900.26
45 869.79
95 184.30
54 860.29
36 536.87
44 213.67
17 795.74
4 782.85
85 837.80
7 286.46
1 300.46
73 798.14
17 408.55
81 167.32
30 503.17
41 491.65
75 438.26
52 831.14
20 843.83
52 178.80
67 211.90
41 785.14
72 266.60
100 647.00
63 779.93
76 165.49
87 319.12
44 332.65
66 914.77
44 566.44
93 611.88
45 506.73
51 386.39
22 426.30
63 830.93
51 247.82
19 834.19
56 526.50
37 959.73
84 550.78
99 206.85
59 540.81
52 727.76
12 610.52
89 408.84
99 800.58
97 942.87
45 176.96
48 104.97
86 902.11
94 930.97
6 787.76
80 661.70
92 558.37
57 478.31
55 764.57
99 139.91
45 467.40
42 942.90
50 860.56
21 362.57
23 276.70
43 125.47
90 300.89
93 486.45
30 149.80
100 855.32
68 837.69
38 519.77
56 431.23
31 613.65
80 894.58
14 379.71
21 895.57
20 875.92
71 858.44
63 448.33
70 856.66
35 662.02
30 839.02
21 187.21
16 107.63
4 225.49
25 102.18
17 357.65
24 781.92
87 734.85
18 905.40
3 182.75
49 705.76
47 775.42
75 963.39
17 432.15
72 611.28
35 785.71
39 638.53
9 750.43
37 416.56
69 313.14
43 230.51
87 543.67
45 282.13
24 582.49
100 675.27
23 862.96
3 102.83
47 988.15
13 637.50
89 134.58
85 810.90
59 443.55
40 459.87
3 226.14
26 734.52
16 211.27
53 413.48
16 591.68
14 861.65
17 593.95
53 749.60
77 931.96
99 674.78
34 686.43
37 589.24
9 871.80
64 802.79
4 115.01
78 856.26
10 396.67
93 483.21
1 464.28
31 251.33
43 479.92
55 187.29
37 280.63
6 703.87
59 726.65
19 931.30
93 889.97
10 766.44
88 257.90
61 230.83
3 240.05
21 566.49
18 332.15
71 279.11
71 379.32
53 860.66
24 108.41
71 940.51
73 846.93
15 721.40
99 713.82
72 613.23
7 645.15
76 465.17
69 455.98
61 769.52
26 550.85
21 227.54
86 368.60
99 854.74
88 166.40
78 954.77
52 694.67
26 446.69
57 745.39
88 967.01
32 912.84
23 356.48
92 727.69
66 713.77
52 442.81
54 203.82
43 272.49
61 772.19
17 248.66
62 152.39
77 908.33
24 113.22
67 917.75
89 757.87
72 708.05
44 790.83
69 275.70
47 737.71
7 835.40
60 256.33
67 417.45
87 569.00
88 780.68
97 258.05
31 936.11
89 315.90
25 520.26
65 334.44
3 364.06
36 998.12
83 917.50
55 172.77
94 977.43
43 917.63
27 565.57
80 605.52
10 663.55
39 774.21
78 503.23
32 687.35
45 776.51
81 796.06
19 539.54
24 320.02
41 795.71
89 418.58
95 282.64
60 739.84
32 153.58
5 883.51
31 390.01
90 785.82
74 953.98
81 453.95
3 357.22
21 720.14
65 315.93
56 380.44
40 968.44
75 810.94
68 869.10
87 386.01
26 623.51
83 937.40
7 599.84
97 557.19
61 244.72
12 155.62
48 864.78
84 446.06
61 685.87
80 368.65
2 480.82
70 130.29
35 144.18
16 734.28
18 911.80
78 357.00
80 652.31
66 378.24
88 774.73
68 478.22
73 237.49
13 308.55
39 440.54
43 402.70
70 624.51
68 274.78
4 119.37
91 774.67
81 933.32
85 772.43
38 446.36
93 351.37
41 513.76
92 935.05
86 428.36
41 929.55
93 986.34
83 437.70
35 195.23
94 613.23
4 984.90
20 981.30
59 538.23
47 161.73
67 121.55
36 504.07
53 812.50
16 588.44
76 862.86
65 161.00
25 753.97
30 541.40
83 390.49
100 568.23
21 152.03
47 990.98
59 455.78
22 358.12
26 291.05
88 255.54
9 396.66
23 405.00
98 269.61
77 430.10
25 925.73
6 973.12
67 606.29
46 919.86
4 549.72
70 183.53
15 950.15
93 104.99
6 171.75
45 345.18
5 652.92
14 960.41
11 255.01
37 811.31
76 160.12
92 538.38
29 378.69
82 141.76
14 122.97
20 914.28
78 473.91
57 898.33
2 257.85
85 204.16
66 454.71
37 603.06
56 968.95
12 613.02
26 440.39
65 436.60
100 499.93
74 920.29
14 790.39
83 677.90
33 291.61
22 750.16
51 802.10
57 166.14
95 805.29
6 792.30
6 104.34
71 381.43
56 512.08
60 237.80
50 241.77
60 474.45
83 783.75
16 999.04
13 415.20
10 772.86
91 935.88
52 814.00
46 487.34
36 932.68
93 166.55
89 676.12
25 572.63
32 940.48
30 225.76
37 707.68
9 805.81
34 548.23
71 839.11
84 795.25
34 797.80
51 569.02
95 401.94
7 300.83
6 679.69
2 694.19
86 535.69
81 221.49
45 158.00
7 445.36
64 560.82
39 672.61
95 708.63
42 825.24
53 719.89
24 312.22
57 862.20
34 128.61
61 191.41
57 972.47
59 987.08
3 225.55
67 389.36
99 112.16
14 803.19
24 271.76
25 430.51
63 478.44
89 160.82
69 688.51
31 603.36
91 333.81
42 879.59
13 107.49
56 989.03
73 987.66
18 615.49
10 557.63
20 716.11
22 835.40
12 507.04
10 928.79
10 433.51
34 302.68
21 279.61
81 207.19
18 850.38
69 989.61
43 849.96
87 780.60
74 999.12
47 184.01
14 542.87
30 195.02
59 768.07
29 859.91
56 294.64
57 508.96
25 372.30
92 217.84
9 206.27
12 746.70
57 931.06
86 908.99
42 351.62
37 674.85
10 549.69
49 840.00
24 423.17
86 855.31
87 706.26
52 509.06
52 598.00
30 298.51
54 536.61
7 840.99
17 662.00
49 855.94
14 998.50
22 530.83
14 123.66
38 621.30
77 785.42
16 109.56
25 435.27
27 310.00
8 697.94
76 661.28
38 316.54
31 854.40
6 857.82
55 784.84
84 919.83
19 179.51
58 964.95
100 442.74
11 490.33
33 274.20
59 602.17
84 913.37
42 183.63
63 378.31
88 726.91
12 249.97
11 311.39
68 900.07
14 152.06
32 219.95
75 269.71
25 826.49
15 591.57
86 779.87
33 533.74
100 863.36
77 842.01
13 409.94
84 819.99
68 685.02
52 311.70
81 747.37
13 568.67
96 834.45
90 619.82
5 638.22
12 889.43
58 230.89
9 550.21
17 790.30
8 401.52
91 727.55
100 965.32
14 753.58
88 178.87
53 511.28
19 446.01
75 925.65
88 714.09
29 892.74
50 772.93
96 148.62
66 446.88
93 336.34
65 460.19
7 769.16
67 582.11
77 471.82
18 468.30
1 690.23
4 788.19
100 590.41
8 179.52
2 322.36
50 150.82
14 847.72
97 800.19
15 991.08
10 786.13
9 717.80
6 646.55
70 535.81
77 771.74
20 720.06
92 853.06
2 681.16
6 741.20
51 485.84
49 380.45
72 102.20
7 242.51
76 646.68
43 771.48
43 793.01
29 598.89
86 689.41
8 817.61
51 660.65
41 577.40
34 472.19
17 440.93
51 940.66
84 855.26
26 116.63
25 615.84
64 451.39
9 793.92
24 546.63
77 873.91
25 207.29
7 831.51
69 615.01
78 147.40
83 794.34
18 256.87
66 856.77
59 336.82
63 493.28
63 337.82
77 151.00
25 527.91
16 837.25
55 125.29
24 771.37
98 102.97
20 857.05
84 850.31
75 443.97
15 868.74
50 442.64
71 519.38
36 554.23
43 456.63
57 108.07
33 776.10
22 407.80
62 687.66
35 202.87
55 377.46
19 241.07
94 685.19
94 115.97
91 650.33
52 243.85
76 457.86
84 793.93
10 414.55
60 505.07
11 487.00
19 695.77
97 111.57
85 363.18
83 352.40
47 762.56
40 741.04
25 131.95
60 225.14
86 469.07
17 583.54
63 789.47
85 611.28
3 984.27
77 507.25
1 310.99
62 194.29
88 960.82
87 689.49
98 435.16
100 190.85
57 301.55
66 111.52
61 173.86
90 667.84
58 228.78
98 425.11
1 289.85
46 599.04
22 224.22
90 215.53
61 995.23
52 139.90
31 848.37
18 806.03
62 769.67
29 112.95
31 669.02
100 577.26
56 919.48
68 210.74
70 598.22
29 480.48
90 382.91
25 922.62
24 616.29
35 865.36
73 119.32
88 873.32
61 390.53
55 935.98
11 516.90
27 432.20
70 401.71
4 210.10
11 782.63
91 252.65
97 771.24
2 687.80
100 243.99
73 106.25
7 202.17
38 305.76
50 756.64
94 508.19
7 387.10
31 152.62
69 750.73
62 446.14
94 135.36
66 493.16
86 508.37
80 704.82
43 189.83
67 858.32
23 173.91
85 924.42
63 243.28
80 868.43
24 390.50
90 696.14
36 173.96
62 816.70
91 347.66
100 651.16
27 479.82
57 662.61
13 763.54
36 961.94
77 837.76
48 795.15
35 430.00
46 696.32
12 275.67
52 359.61
95 238.91
80 484.84
54 135.93
90 265.54
33 863.32
86 257.19
53 728.46
100 951.30
39 540.17
78 780.70
27 622.41
94 360.16
39 822.44
6 859.86
65 949.97
74 175.31
62 747.58
77 434.06
58 182.65
73 206.35
88 111.31
86 690.53
76 539.57
73 635.64
91 616.87
52 399.14
78 215.03
72 464.96
89 349.96
95 657.99
79 183.36
32 158.21
15 521.57
56 102.80
13 448.64
69 683.92
52 864.16
69 142.63
56 234.93
9 632.40
65 648.03
47 524.92
8 142.49
10 277.26
44 635.12
70 127.55
99 587.22
18 915.90
46 417.29
22 779.86
5 678.09
97 720.74
62 956.43
20 464.04
59 939.96
81 993.46
45 740.42
3 574.02
4 661.48
17 566.76
21 304.74
33 800.11
77 925.69
41 923.31
57 145.46
45 370.33
76 844.40
23 941.21
97 482.86
99 456.46
85 496.86
93 470.78
15 896.51
39 909.33
91 898.64
94 899.93
15 106.12
60 668.01
59 234.96
71 632.90
32 476.27
48 421.72
43 163.55
45 181.29
23 241.40
70 299.71
25 646.96
69 368.26
3 551.23
18 110.24
12 533.13
32 919.64
31 546.22
62 176.63
10 414.66
13 440.73
58 965.11
59 214.77
100 844.63
17 718.03
80 874.69
75 531.99
26 289.96
17 448.97
46 310.89
71 475.89
42 499.44
45 395.69
10 619.09
6 154.85
78 355.90
40 471.64
62 574.27
22 967.78
33 914.16
91 702.77
46 364.48
76 552.31
25 405.10
93 402.30
7 102.88
43 434.97
63 494.32
14 461.17
100 201.44
97 820.27
59 775.56
50 233.06
44 279.64
37 606.57
95 502.72
29 987.48
10 545.60
68 635.57
55 638.26
79 450.92
72 902.87
23 908.90
54 133.28
12 298.41
3 247.25
6 433.62
19 973.04
52 146.80
52 770.17
57 479.14
4 546.25
76 175.55
72 152.91
33 564.26
11 977.30
69 511.60
65 533.11
20 824.00
29 132.15
27 470.56
98 833.62
29 545.05
100 362.00
88 298.70
38 624.00
85 974.20
43 910.66
87 204.73
23 508.62
78 913.20
78 860.63
32 559.63
6 813.86
82 645.47
11 275.19
31 964.08
55 719.77
84 421.18
2 213.40
90 244.10
10 137.63
82 196.70
55 173.33
87 226.09
8 439.75
78 246.89
36 174.32
68 650.21
52 701.34
78 231.79
61 536.72
25 240.48
50 260.19
100 730.87
3 279.69
57 268.18
93 170.56
98 131.13
51 411.07
100 407.79
33 522.20
64 820.98
5 329.59
10 766.69
18 640.15
93 138.23
82 197.76
21 578.63
59 710.37
40 791.95
1 193.88
64 490.31
87 665.46
6 557.51
83 611.81
88 517.85
52 764.34
10 653.65
36 710.00
61 573.85
63 400.67
67 841.21
77 225.81
97 726.62
23 147.44
89 220.22
4 434.63
24 348.82
93 375.72
99 665.26
49 919.11
33 993.40
94 655.78
23 757.43
9 413.04
81 365.87
87 121.37
61 335.92
53 835.76
1 195.17
31 625.68
41 951.01
20 590.85
22 594.54
45 363.86
8 224.21
35 204.34
53 956.70
29 141.25
95 309.13
15 583.95
8 257.46
11 788.08
35 866.73
54 171.62
17 416.30
90 307.95
70 645.72
30 500.85
65 178.97
23 109.83
64 192.62
32 229.11
12 669.88
44 577.15
17 958.72
70 982.74
69 147.39
71 371.81
86 351.41
84 400.29
64 821.64
34 512.12
1 392.59
86 381.88
45 106.10
14 877.33
12 971.72
11 573.07
65 648.89
69 888.05
59 907.31
6 148.85
54 821.16
100 184.40
75 256.79
23 812.58
79 704.89
79 284.03
10 284.38
100 954.38
11 194.65
51 783.70
44 156.41
45 655.34
62 478.64
35 825.19
54 298.47
19 567.81
85 193.42
80 197.74
34 602.35
28 757.72
45 455.63
49 178.13
55 519.36
67 810.13
45 111.23
44 506.34
72 967.78
36 876.00
62 385.74
70 909.58
77 141.67
53 466.21
42 822.54
94 335.49
86 901.97
52 360.91
26 238.42
43 900.13
35 503.21
74 187.22
78 661.40
72 112.34
69 332.20
84 549.62
31 750.80
22 639.93
37 877.67
13 451.04
44 256.45
25 173.76
14 457.08
66 671.45
38 344.24
63 332.00
62 486.30
76 293.21
5 563.19
45 808.56
33 143.50
77 732.84
28 832.30
97 177.34
62 734.84
55 752.76
15 317.63
50 714.71
53 680.93
28 303.79
78 789.90
87 152.85
28 162.78
45 354.98
76 712.54
31 240.92
67 964.89
97 260.20
27 647.27
86 574.34
2 693.50
61 805.84
21 422.22
90 137.19
84 655.63
16 992.62
79 521.59
52 413.22
21 367.77
4 687.14
13 113.27
82 893.68
19 243.09
58 205.14
86 876.61
17 455.37
65 293.08
48 270.37
21 320.05
7 300.10
68 652.95
21 669.43
2 627.79
38 436.72
21 224.09
53 827.76
21 946.44
15 150.79
36 471.85
78 432.38
62 776.22
61 733.34
30 176.73
82 518.95
34 932.44
83 483.95
39 411.44
97 786.05
56 107.83
15 470.73
31 889.39
12 857.95
80 342.88
40 672.68
4 872.62
24 255.02
83 669.71
4 346.11
32 637.84
100 590.42
17 261.76
94 534.28
31 331.96
14 421.23
76 251.31
98 835.49
38 529.65
70 913.00
52 134.97
18 276.55
36 363.40
27 133.24
42 687.15
29 537.70
41 288.89
10 194.00
39 956.09
30 967.55
20 146.92
19 180.47
62 615.58
30 280.79
66 224.64
59 818.20
33 999.13
77 779.96
59 629.43
93 133.95
45 306.97
43 805.83
48 707.71
77 460.05
65 535.23
46 232.64
21 396.63
81 245.23
82 540.26
58 567.75
64 769.06
18 520.00
69 544.81
44 859.09
94 663.93
77 874.26
91 620.55
67 592.11
26 679.91
55 738.09
60 188.58
74 432.79
10 696.18
52 109.33
72 812.24
49 384.99
25 665.80
28 362.40
1 229.91
17 633.06
29 396.60
44 337.04
95 149.90
47 646.31
60 884.09
7 116.58
37 401.51
56 852.65
83 682.68
40 434.16
38 312.48
67 420.22
99 696.43
21 718.62
4 949.22
94 459.91
70 548.36
41 265.00
46 851.63
99 227.14
5 847.27
39 441.83
34 602.18
51 275.05
19 258.05
69 581.06
29 668.25
71 255.92
92 763.97
68 669.24
97 898.42
10 809.47
48 115.62
21 148.09
18 975.37
18 488.90
61 408.22
55 835.04
14 102.93
76 413.73
50 553.35
29 295.05
8 105.76
86 344.43
56 609.16
62 934.34
36 165.80
7 210.15
6 969.43
51 285.85
70 994.29
35 270.94
58 841.97
74 734.59
27 342.28
13 538.19
29 169.76
35 223.60
23 349.73
36 376.33
40 535.80
87 972.23
94 690.98
77 236.53
11 754.40
61 920.49
54 656.40
15 487.74
71 135.25
52 996.67
40 249.75
87 681.19
33 898.99
10 526.90
57 210.44
72 130.35
52 703.84
49 177.89
84 147.27
39 532.91
60 295.20
11 524.47
32 194.78
35 153.56
9 301.63
22 572.03
94 839.64
51 705.73
70 750.20
10 263.22
85 223.26
85 130.04
86 474.10
43 508.79
62 984.59
83 709.63
100 321.98
57 525.26
74 365.22
26 715.09
51 517.89
63 941.92
4 196.87
45 354.06
65 208.24
76 657.62
87 959.60
59 298.45
23 234.16
98 430.55
77 945.44
47 102.43
53 185.47
43 536.54
20 909.73
74 298.97
19 461.83
64 545.67
100 178.76
54 762.77
3 113.68
92 637.23
3 250.75
56 209.08
30 956.34
97 511.55
72 733.63
46 961.07
9 659.30
21 711.14
58 521.25
42 449.72
88 857.10
87 856.80
10 205.45
85 636.24
42 460.78
31 504.79
66 708.79
55 911.28
62 347.47
77 471.65
93 670.66
98 116.14
26 714.99
51 888.99
64 617.78
13 328.76
97 228.35
87 412.43
49 840.88
67 288.70
52 286.00
100 791.25
36 562.44
79 733.47
86 215.39
57 235.32
66 957.17
18 423.60
65 656.82
58 136.31
5 529.34
45 309.07
3 149.29
83 578.73
88 142.25
35 476.89
58 203.67
66 878.30
90 184.21
11 555.71
13 778.74
47 297.32
84 815.72
39 720.54
23 278.17
57 306.85
58 573.63
39 838.44
98 206.49
9 416.37
24 874.01
27 474.03
13 355.00
93 935.46
75 654.05
38 622.65
7 416.78
24 103.09
44 218.15
94 920.55
97 884.36
2 307.80
79 447.75
58 710.45
31 854.11
87 743.91
42 394.43
26 701.35
50 632.19
33 795.80
64 199.88
30 837.27
29 319.89
79 775.85
58 495.65
82 323.00
70 739.12
5 679.72
99 768.19
57 728.41
48 152.94
65 888.46
32 624.05
69 354.55
15 422.40
64 648.25
32 458.62
7 134.64
78 401.30
55 594.55
82 422.30
23 311.05
64 371.19
97 874.73
20 878.10
35 934.95
13 252.23
56 482.54
50 940.09
13 674.37
9 903.91
49 945.51
89 280.04
87 805.55
44 960.54
10 100.96
40 605.84
73 518.26
21 818.89
85 817.60
3 365.80
3 451.31
24 423.12
45 480.52
35 609.50
85 827.62
82 896.79
82 338.17
87 916.60
98 371.57
58 972.64
4 868.75
86 946.23
6 844.74
95 255.54
67 937.51
52 548.87
11 847.13
57 369.23
67 362.42
18 128.09
22 967.47
79 754.17
5 670.71
10 646.47
97 833.86
41 498.14
80 438.29
71 429.08
23 926.17
35 654.23
44 282.56
72 687.30
47 442.10
94 998.32
57 661.69
17 601.88
79 380.62
19 659.02
86 505.45
57 577.10
71 614.16
81 550.20
76 762.33
6 758.95
69 190.40
5 872.77
50 622.38
19 407.26
60 924.01
9 115.25
67 579.40
12 311.34
10 650.51
13 106.11
27 706.62
8 446.82
46 196.15
10 569.90
25 364.28
44 394.02
63 716.98
19 592.76
99 100.06
38 680.31
52 874.14
55 517.82
38 887.27
58 669.97
83 518.14
19 612.11
52 589.58
91 666.87
98 479.31
77 213.78
15 420.55
19 831.64
37 752.48
18 331.01
57 771.46
29 464.46
68 621.40
23 214.30
42 279.35
34 894.19
67 988.22
22 634.85
55 596.90
44 796.57
57 875.35
57 342.91
50 562.64
63 964.47
51 787.04
24 561.82
4 150.45
78 679.72
53 330.47
31 672.86
87 672.48
19 157.85
75 974.12
88 371.90
62 230.43
30 252.84
95 385.43
21 798.69
3 801.99
2 530.72
29 949.45
4 109.23
45 758.08
74 709.19
79 203.19
88 415.85
27 163.91
72 376.14
15 939.52
98 153.97
44 237.32
56 523.90
97 846.90
4 438.58
35 572.53
95 555.17
47 319.53
21 774.54
34 916.90
44 161.74
51 770.76
38 407.41
86 888.07
75 397.86
54 146.50
24 124.03
37 669.19
51 579.68
19 694.70
23 519.15
37 184.01
32 334.47
47 134.24
30 145.26
68 829.30
77 834.15
67 419.92
45 285.09
65 138.04
10 643.15
9 149.30
45 368.14
26 869.12
14 682.39
96 775.23
80 891.30
56 928.44
82 664.10
77 975.38
6 635.74
13 879.31
70 825.51
64 726.89
57 356.19
68 611.15
64 108.37
74 307.43
90 217.54
26 582.67
90 701.99
1 396.86
73 819.64
1 867.52
91 513.16
87 297.75
32 735.41
58 678.86
76 419.14
81 731.77
71 822.90
83 307.79
14 120.13
35 110.57
14 402.42
55 843.35
73 164.80
70 734.21
12 925.10
52 889.18
2 874.36
52 279.06
25 974.99
84 956.15
65 793.57
28 398.26
94 464.36
18 888.75
72 613.08
39 798.30
67 929.94
60 891.10
50 622.70
99 601.96
9 778.51
49 459.04
87 960.16
43 216.85
4 293.66
40 298.44
76 865.26
73 532.39
38 685.39
77 177.98
94 941.05
71 214.64
64 729.88
59 802.18
93 426.30
24 215.13
91 237.87
70 689.27
73 417.78
34 277.77
25 706.70
42 661.81
8 320.89
45 413.69
79 631.73
2 186.99
89 341.47
4 343.09
95 814.05
21 979.99
32 618.87
66 622.33
72 320.29
35 572.85
41 258.60
84 193.16
22 763.92
79 257.12
29 935.55
20 197.95
42 184.94
24 607.76
11 956.96
57 927.58
40 203.17
54 686.48
34 468.79
83 868.25
96 626.04
85 119.95
35 675.62
13 769.40
11 894.12
72 383.92
42 531.41
64 243.16
17 858.36
88 518.78
26 241.54
34 211.49
26 719.74
56 187.14
95 191.25
14 507.61
20 698.22
5 614.19
92 999.90
30 596.29
30 320.09
53 527.70
73 390.63
65 957.14
77 844.42
73 312.92
23 911.98
95 847.48
41 667.14
37 852.30
12 677.96
33 421.28
79 780.89
17 500.11
62 921.86
38 563.49
10 894.36
57 897.75
55 480.74
73 395.01
41 246.97
35 494.64
93 857.02
3 849.21
59 573.32
57 555.08
87 209.37
42 475.41
77 426.53
10 509.24
27 238.71
24 816.09
90 374.67
90 465.05
15 588.41
84 446.14
27 481.15
84 488.95
9 489.01
17 153.16
10 537.19
99 432.45
71 755.59
10 684.99
57 538.91
68 619.52
45 205.77
43 498.91
43 596.38
73 947.10
1 254.52
41 317.22
44 813.45
80 700.04
97 249.01
55 486.89
88 297.06
52 591.65
93 193.32
82 450.16
7 429.89
14 509.26
18 857.27
43 554.71
99 647.45
25 828.58
61 297.26
59 319.95
37 748.30
47 995.97
82 196.89
40 393.68
19 813.54
25 942.47
93 896.38
59 195.11
79 237.63
58 661.75
47 962.92
91 283.89
26 451.26
3 140.24
69 154.03
10 503.71
36 311.00
88 355.90
40 658.05
52 633.77
38 207.81
8 906.43
54 726.73
89 957.38
69 593.63
68 149.82
66 710.08
4 816.75
59 209.69
72 840.44
10 453.34
79 747.97
45 303.15
10 932.36
31 320.09
58 303.56
100 234.63
15 361.30
89 126.28
1 395.91
12 506.89
85 652.53
15 204.32
74 493.45
76 880.49
75 747.35
28 142.01
18 651.56
26 682.59
92 583.27
80 492.55
87 149.43
34 678.97
21 963.82
89 904.11
71 738.94
52 598.74
67 263.21
70 709.06
50 566.97
27 433.65
31 129.77
32 559.62
77 675.57
41 979.47
31 608.83
20 452.18
73 688.99
17 230.17
35 735.91
88 771.26
36 869.19
88 419.37
49 119.73
85 131.44
92 471.69
43 586.54
73 139.43
33 750.00
92 998.00
26 369.76
63 503.17
63 907.95
81 346.17
81 339.63
83 369.95
83 375.87
16 938.46
53 382.36
70 928.74
55 352.99
50 695.44
47 927.11
83 455.49
80 177.12
64 925.46
86 387.75
95 847.78
31 376.51
29 718.69
70 823.07
26 465.98
14 359.91
2 452.69
3 289.49
68 511.68
69 440.14
72 441.49
45 718.92
89 801.69
6 899.06
11 647.36
49 680.23
100 576.17
5 327.59
5 483.51
54 654.24
72 438.00
41 584.97
51 362.86
80 611.92
40 546.64
89 156.89
88 133.27
16 128.35
54 657.63
7 160.74
38 516.41
16 845.08
75 924.53
99 180.24
77 302.81
38 197.56
55 670.67
9 808.56
83 210.91
71 878.54
68 220.55
27 143.30
100 589.17
44 821.67
80 896.98
65 881.27
93 146.33
90 169.66
38 603.88
9 500.89
50 433.19
36 330.98
34 146.49
38 704.27
44 404.93
78 990.46
25 990.00
90 264.49
92 778.03
90 723.01
24 399.09
68 463.52
95 587.45
87 932.14
16 533.73
20 279.99
69 716.69
45 460.38
56 298.05
66 766.29
86 682.75
6 646.16
32 877.42
52 667.52
7 630.16
46 807.97
13 160.84
77 942.42
62 288.75
30 117.17
66 268.48
77 868.57
63 448.70
92 907.19
8 981.98
50 804.31
30 686.30
25 545.15
56 538.78
36 352.18
62 576.98
32 254.78
24 541.71
64 686.24
74 614.25
25 273.87
47 398.75
91 973.88
8 914.33
26 672.52
96 863.40
79 264.09
24 477.98
87 471.05
9 830.84
34 760.86
27 523.14
20 239.06
62 123.18
99 163.02
6 797.44
68 792.93
87 460.47
60 588.55
39 406.03
77 180.31
43 103.90
79 835.09
43 132.98
87 112.60
24 778.07
89 629.13
94 340.30
34 603.21
45 237.57
17 965.94
49 559.73
21 202.76
2 773.92
9 473.62
46 221.08
54 828.38
4 353.19
16 686.73
49 166.89
58 410.41
19 416.87
27 282.08
31 217.50
93 344.94
74 777.85
77 153.23
76 327.67
2 355.82
83 933.01
89 210.30
75 693.46
15 562.97
30 914.33
76 789.82
26 381.31
22 905.66
96 766.75
79 160.44
67 674.04
47 585.47
69 956.11
55 548.35
53 737.27
21 550.97
17 404.27
29 530.74
88 388.14
18 250.76
70 440.41
36 903.18
3 455.96
49 943.17
9 149.34
33 198.19
67 375.29
28 997.44
72 889.61
11 849.43
71 962.25
13 954.46
76 535.10
68 784.43
80 313.50
24 470.63
9 583.36
98 792.53
77 729.56
15 484.24
20 513.32
99 420.31
54 652.36
86 611.36
58 642.20
10 445.93
43 703.07
17 150.22
45 908.13
12 609.75
75 144.22
93 687.96
73 151.44
2 926.85
14 389.39
4 663.90
92 848.89
26 192.73
96 119.62
25 401.17
64 512.52
76 620.34
69 307.02
4 825.77
73 458.00
93 560.13
73 777.63
39 344.22
18 142.70
58 899.55
41 414.36
28 838.85
64 783.84
96 630.37
9 234.30
82 962.63
64 647.83
68 525.48
74 948.27
38 750.40
64 482.12
58 977.25
7 287.90
80 747.26
44 560.03
89 900.43
61 172.39
72 133.08
39 194.72
54 550.68
57 614.73
79 102.11
25 561.44
71 366.84
40 452.17
24 130.96
61 970.08
84 109.27
40 432.53
91 348.07
1 775.49
6 930.87
5 535.64
63 694.85
18 528.39
87 751.99
5 451.00
80 114.83
54 303.53
53 374.53
26 407.40
64 411.40
20 835.63
79 898.14
53 404.15
24 286.68
89 948.73
91 373.55
60 251.42
10 337.72
75 514.38
44 784.75
84 813.51
79 327.57
57 591.50
61 969.90
48 801.46
32 776.05
11 397.83
43 449.02
11 350.90
32 453.76
95 169.62
54 769.94
96 148.36
99 602.96
94 425.54
85 797.65
59 276.50
50 389.15
57 586.79
94 618.40
12 633.26
33 362.66
25 267.23
78 573.36
68 254.55
56 314.48
31 285.17
93 411.28
56 704.03
6 792.64
66 130.75
53 140.96
39 347.53
59 273.75
29 891.42
14 888.39
5 469.66
3 578.93
30 681.86
84 157.65
60 280.22
27 213.54
24 305.71
74 930.38
72 107.24
68 992.49
42 901.22
96 310.72
59 385.15
79 975.39
61 418.22
52 112.62
69 251.64
35 147.75
8 489.20
1 659.77
92 680.31
73 263.78
68 766.10
31 200.36
35 186.42
19 693.77
81 711.42
12 223.86
19 695.16
31 170.29
22 529.66
21 152.61
26 390.45
96 267.52
4 747.30
38 336.00
73 157.37
63 741.78
27 133.11
25 792.72
34 456.16
24 128.35
8 944.76
53 793.46
13 484.74
17 771.69
64 713.39
25 172.55
79 621.93
22 173.01
91 282.61
73 500.66
97 935.47
25 731.09
7 478.31
1 661.30
64 930.34
19 820.74
37 203.88
25 613.23
20 980.53
45 205.27
59 238.02
61 178.05
34 300.81
60 550.25
21 566.57
82 470.41
69 576.17
67 121.15
31 810.90
63 489.58
22 836.14
54 571.00
4 521.34
97 532.92
13 304.83
43 302.03
68 986.98
66 566.91
1 444.96
60 640.99
52 863.41
87 973.49
9 480.19
31 421.00
46 843.99
38 154.55
91 123.95
29 597.86
32 577.90
98 742.84
34 782.83
19 445.16
70 531.17
54 977.10
79 651.05
98 587.99
58 315.93
28 109.08
87 984.39
42 485.14
87 212.04
73 662.19
11 176.60
10 307.57
42 743.33
46 416.21
29 221.73
18 425.64
78 124.51
84 562.76
84 411.76
93 737.75
57 384.97
49 780.70
6 493.45
80 983.69
5 286.63
11 992.94
18 264.63
25 812.48
83 927.54
21 692.93
31 142.36
13 764.91
14 795.82
36 489.04
2 656.26
82 745.01
40 237.78
73 564.27
39 806.99
62 773.48
100 944.14
63 143.09
31 682.15
24 219.46
32 843.92
9 938.31
87 497.96
63 964.07
76 372.89
33 882.19
86 574.98
45 937.79
55 489.19
31 863.12
79 453.52
73 954.35
98 310.68
28 481.25
2 229.91
99 124.86
33 222.58
5 719.14
97 834.40
34 430.24
25 638.83
30 705.17
68 131.34
16 523.76
29 895.88
36 197.89
72 513.25
41 338.42
55 523.84
3 930.97
39 149.48
79 199.93
32 512.51
55 250.06
48 277.83
60 366.94
86 121.47
94 401.35
27 311.76
7 693.54
24 657.58
25 955.13
32 715.08
84 445.72
10 582.47
69 618.87
33 534.34
94 864.78
6 612.57
91 937.57
85 659.48
43 928.77
92 960.65
35 333.22
68 943.94
4 977.38
59 812.27
4 444.66
68 955.84
99 513.35
10 279.09
92 874.15
8 714.54
43 627.03
46 184.46
40 340.39
87 402.04
21 294.92
18 749.00
77 296.59
81 410.73
13 100.66
35 812.21
58 961.29
17 682.63
71 621.34
27 162.54
40 734.50
3 535.58
2 605.39
71 496.32
97 930.55
63 268.73
5 302.03
19 823.72
3 656.36
24 186.59
6 971.14
58 291.78
45 956.80
33 855.20
67 848.37
49 301.04
22 561.15
20 692.06
41 332.03
98 929.42
83 295.94
2 355.37
15 278.98
92 840.73
13 180.92
63 854.83
40 690.77
75 780.07
20 507.21
30 292.21
37 934.59
17 197.23
24 886.00
62 755.57
83 653.96
85 346.68
75 121.17
76 128.77
58 795.62
96 400.79
78 501.76
34 346.72
5 772.93
97 884.52
39 174.87
47 202.73
13 845.83
34 577.37
95 706.90
1 486.46
17 129.11
15 586.39
61 518.27
97 901.19
78 147.06
70 752.39
51 407.50
6 110.22
43 832.25
81 641.92
50 949.90
98 798.54
9 644.83
37 917.20
55 652.70
68 896.81
32 699.43
55 682.89
17 233.89
27 766.86
9 114.28
70 402.21
53 229.09
46 386.46
21 455.29
3 797.92
9 281.89
89 833.10
95 224.82
11 823.49
8 842.13
3 216.93
61 337.37
49 838.74
52 860.70
73 398.28
71 410.75
5 833.21
89 482.16
20 602.18
68 225.71
39 554.73
82 767.61
17 613.20
59 714.41
94 984.98
17 460.80
68 596.32
8 686.83
69 156.55
77 150.50
2 823.54
25 936.40
69 472.41
52 287.41
26 186.94
3 477.69
18 684.07
36 327.49
13 558.59
22 890.60
45 349.07
86 558.93
63 765.71
90 197.74
54 611.68
31 291.05
58 576.50
36 120.44
50 927.50
53 216.57
81 446.39
31 698.21
68 541.95
23 340.56
14 741.74
20 303.11
38 991.86
23 290.12
95 518.07
44 990.58
64 754.31
80 304.24
35 912.46
31 946.73
86 696.83
90 978.46
16 640.74
90 569.65
34 980.34
90 931.04
71 741.08
60 532.39
49 135.00
56 300.35
95 283.38
24 907.76
79 149.77
94 543.11
72 440.11
65 367.51
65 354.72
14 496.71
10 766.53
57 305.64
97 497.64
73 175.95
13 494.48
29 563.29
1 464.56
17 879.55
86 812.38
52 803.91
55 799.44
19 508.93
35 525.18
89 794.58
36 295.63
32 763.01
52 363.18
28 294.74
32 345.35
22 265.46
77 143.46
22 136.69
64 998.90
71 745.08
47 166.15
96 949.30
66 747.47
2 544.16
37 929.70
77 602.00
71 912.73
52 978.27
82 187.05
4 642.72
8 287.44
51 859.85
87 296.33
25 692.93
75 946.24
63 561.32
63 677.93
73 995.26
6 120.60
43 220.78
67 282.11
71 860.84
69 337.70
43 153.80
14 877.09
37 864.17
45 765.30
50 261.92
12 798.58
24 343.50
65 236.09
83 555.90
45 603.97
65 918.83
96 248.12
37 797.51
47 225.48
91 682.17
57 656.34
27 649.19
31 876.10
40 440.51
23 917.20
19 946.19
93 618.50
48 978.27
83 481.53
59 849.24
86 935.32
69 264.73
52 979.98
15 569.25
61 313.35
3 474.67
19 915.49
97 238.97
55 469.46
59 492.62
20 545.15
64 732.84
25 822.41
73 537.16
14 237.12
4 788.68
58 491.74
19 962.01
92 993.94
5 362.63
46 352.47
70 724.76
43 467.07
13 846.61
23 710.67
26 321.78
44 754.70
90 943.75
54 522.49
21 343.19
66 470.22
56 719.74
91 159.05
93 956.99
92 812.33
30 662.17
50 765.13
97 295.53
40 491.13
98 993.63
36 240.55
98 114.54
98 778.39
66 258.50
81 538.92
48 512.78
15 794.12
55 138.29
70 893.10
62 477.38
69 578.10
69 912.35
45 692.73
70 162.25
2 764.13
40 691.71
57 297.64
40 670.41
37 771.66
94 520.39
63 529.37
74 232.99
47 524.61
10 996.48
96 315.37
58 472.33
34 797.46
42 131.45
55 135.28
23 162.85
23 393.56
79 330.72
33 242.58
25 715.08
72 885.46
90 406.98
88 638.49
48 215.27
64 677.64
35 499.17
58 946.61
99 747.39
56 133.98
82 444.21
55 538.81
84 371.28
19 656.05
54 555.38
65 582.58
67 394.24
69 486.07
98 928.16
12 229.24
92 589.27
83 435.10
44 314.05
19 587.93
58 640.78
23 217.99
53 985.02
97 545.61
80 447.14
32 948.52
13 546.78
2 123.37
66 101.01
27 629.54
90 222.11
48 625.61
22 135.94
55 616.80
51 608.34
33 798.43
5 196.68
22 332.04
74 881.32
51 134.89
3 410.95
55 461.54
98 509.82
77 447.03
27 246.57
55 881.68
27 671.84
47 720.49
61 881.73
20 621.47
60 267.49
63 404.25
10 825.05
71 735.47
49 569.24
90 791.42
17 604.25
61 977.94
20 914.63
77 433.17
95 547.47
63 236.95
60 299.69
63 533.73
43 791.44
75 672.42
5 727.16
58 449.14
19 255.32
30 932.25
19 728.51
12 485.77
97 813.85
71 997.80
9 466.65
54 167.30
93 718.80
19 530.49
64 537.53
45 310.10
92 537.00
27 380.74
11 372.16
11 917.38
1 896.25
58 651.93
28 464.41
27 849.72
54 620.12
47 759.71
24 168.72
16 652.03
67 656.04
63 790.06
30 944.87
73 184.17
76 679.04
72 573.04
88 341.12
75 492.44
1 703.86
68 579.94
23 310.18
15 841.01
64 626.95
25 981.63
32 316.96
80 528.54
50 460.31
11 268.68
100 766.44
96 422.59
51 552.23
70 162.51
79 663.67
66 989.37
52 239.95
64 772.19
72 880.80
22 361.70
36 855.28
95 169.21
14 870.37
2 126.20
27 988.85
69 760.66
5 881.16
29 513.38
42 461.89
26 947.23
97 485.13
94 973.28
67 595.26
11 860.00
84 245.03
20 436.24
9 393.63
68 407.68
68 240.02
1 528.27
12 384.65
76 177.52
56 529.11
50 707.99
4 493.10
62 236.22
61 856.87
16 201.42
11 930.38
27 136.23
60 927.56
80 785.92
90 192.65
89 180.81
1 615.00
70 378.97
23 517.06
76 395.23
69 524.28
43 724.06
36 645.52
59 872.48
90 260.92
83 182.33
55 738.66
31 686.69
30 357.39
28 495.41
99 560.76
7 452.47
95 659.79
33 615.29
41 796.02
9 120.41
61 908.31
38 956.69
46 871.06
8 350.77
97 131.73
63 134.17
89 331.34
38 868.81
62 704.00
19 412.22
6 826.42
28 294.20
30 632.52
38 806.75
69 901.52
11 489.13
64 624.46
17 480.54
3 976.77
25 315.20
85 716.34
72 271.05
65 306.60
70 798.47
90 810.24
65 450.19
71 325.08
8 392.81
58 614.64
81 374.00
50 883.39
88 802.56
23 427.54
17 994.21
69 845.55
14 389.41
49 621.09
64 995.56
26 302.90
17 309.60
68 381.46
86 755.87
31 545.10
100 776.07
13 408.34
88 185.03
96 601.68
50 388.93
81 261.23
45 443.46
3 822.87
35 212.66
50 477.80
66 284.58
32 420.03
49 368.55
47 268.51
30 370.26
4 912.95
81 188.49
91 342.68
39 814.50
13 421.07
60 401.99
40 554.25
62 978.40
1 195.97
94 626.54
55 799.42
11 363.55
69 805.62
52 638.58
67 362.20
76 295.90
81 485.80
88 756.87
8 237.33
91 446.38
43 619.94
72 482.71
75 509.55
18 721.69
65 758.63
37 754.18
11 387.36
35 726.69
67 625.05
73 790.99
16 486.98
58 121.09
5 907.73
67 981.62
84 477.21
15 370.41
26 496.42
30 483.32
85 150.96
47 759.57
67 927.09
95 791.98
69 454.87
11 659.38
10 368.49
58 467.34
33 527.78
91 106.81
80 603.11
12 732.32
1 827.33
28 360.55
40 423.43
44 436.94
38 712.51
62 749.00
67 839.52
46 510.38
35 312.71
18 268.78
2 311.12
22 503.38
87 496.57
91 675.27
75 221.16
61 848.59
31 809.05
35 568.11
82 945.14
52 798.07
52 813.38
25 345.54
73 359.39
69 481.68
20 442.83
39 461.91
3 706.33
10 272.22
12 982.85
80 642.14
23 434.51
38 494.60
80 601.77
52 335.08
84 334.17
11 921.07
65 526.66
77 499.87
43 844.04
32 340.98
12 422.50
67 464.57
100 393.53
46 356.47
6 348.34
7 751.63
63 693.32
75 407.59
78 921.62
67 942.53
16 405.99
60 260.08
91 897.04
25 926.79
60 144.97
64 728.14
83 794.43
36 419.80
64 306.19
65 821.49
76 313.03
91 880.56
49 761.30
89 391.82
51 531.45
4 164.19
69 398.64
76 699.81
9 989.37
99 683.92
37 524.58
21 404.28
31 736.43
51 257.97
53 922.29
92 213.23
15 693.43
90 955.80
47 626.39
81 488.86
73 552.63
70 774.71
68 714.78
4 973.65
88 874.64
79 316.87
4 413.60
15 334.37
77 564.78
26 635.05
46 341.19
85 779.39
26 550.74
87 271.57
86 849.02
10 827.51
50 171.06
2 486.24
82 628.05
94 533.15
74 872.35
29 394.12
65 831.30
75 221.66
4 486.86
76 625.16
9 795.47
26 213.05
3 812.42
27 316.48
84 402.53
90 123.52
74 507.76
97 865.64
79 844.99
84 724.42
34 472.41
56 819.75
6 302.45
25 376.32
71 178.13
37 673.26
22 680.77
74 273.53
4 654.42
35 271.84
93 399.50
49 807.83
90 136.68
34 923.00
36 986.82
70 249.26
44 979.36
82 201.07
59 917.32
54 473.16
82 603.05
39 738.65
14 143.31
26 645.71
90 111.12
40 701.91
89 373.04
14 129.30
40 164.10
88 310.08
7 635.77
16 835.36
35 769.05
76 772.83
38 659.17
88 484.14
17 847.03
53 347.28
71 983.89
78 221.42
100 486.56
51 879.15
72 836.00
14 502.44
39 331.66
32 959.88
22 328.43
18 450.99
16 271.88
55 300.05
49 615.40
4 381.96
44 660.12
22 641.46
48 875.74
65 256.61
69 448.81
92 480.49
37 813.99
100 997.15
65 793.09
50 824.86
64 844.44
95 788.89
85 802.60
91 946.69
31 491.44
9 390.19
55 917.57
88 623.84
38 138.62
11 335.60
69 382.55
60 192.09
51 832.78
19 246.52
67 437.38
92 298.20
32 458.04
45 503.68
38 994.81
34 885.55
39 354.02
11 530.83
19 469.20
24 210.17
68 254.59
9 514.12
3 679.53
63 985.64
51 299.12
82 563.13
55 782.33
92 332.70
41 798.15
59 341.85
46 484.70
79 611.60
72 984.96
34 803.75
63 272.86
53 147.81
94 571.31
39 484.04
34 935.99
100 852.88
12 182.57
44 289.04
60 354.39
88 859.80
81 490.06
38 921.91
67 771.55
59 730.42
74 723.38
40 315.26
50 210.86
78 717.34
17 459.26
50 465.87
73 270.39
50 117.42
23 529.48
10 608.96
35 594.80
12 698.13
84 533.31
24 816.57
14 857.68
68 813.03
99 343.79
52 683.55
91 932.95
54 967.99
22 212.92
83 112.92
1 556.74
79 294.66
89 553.88
31 448.15
100 378.48
13 854.32
12 841.91
22 672.86
42 974.17
40 186.37
46 538.44
9 700.10
59 874.69
100 315.52
94 177.23
75 182.26
89 255.90
97 876.33
34 923.29
65 605.03
26 200.85
25 840.06
55 575.55
58 441.74
71 786.31
47 341.08
80 610.80
71 111.65
33 214.80
37 971.54
62 330.17
79 727.70
97 142.60
96 201.42
14 285.29
79 896.05
38 461.37
99 876.09
17 225.09
87 861.14
34 782.33
69 404.05
42 645.50
33 434.90
74 346.43
19 260.29
17 709.05
75 368.86
53 582.37
81 233.27
77 269.25
95 857.19
9 586.67
14 103.77
43 861.39
95 186.38
20 827.08
40 465.71
49 672.12
79 284.26
61 850.31
69 610.02
79 688.04
10 597.41
7 407.90
1 981.59
28 442.44
76 856.05
99 670.76
94 927.60
31 975.77
21 495.12
36 679.44
70 778.60
17 265.73
79 578.03
5 492.98
9 777.59
20 568.43
89 614.89
39 600.77
72 840.30
31 738.72
70 340.64
32 681.23
68 196.80
61 382.81
52 151.63
90 301.47
76 291.94
39 496.03
1 183.57
18 312.90
12 931.57
98 978.25
79 350.09
23 213.73
54 685.32
25 883.29
16 941.83
70 398.89
45 173.28
10 272.11
69 961.54
100 212.20
66 549.18
8 229.74
93 976.26
67 640.95
33 748.61
82 906.57
56 980.30
59 271.73
29 223.37
33 877.86
61 631.11
94 710.26
56 477.69
56 515.91
27 579.87
70 326.99
15 419.22
18 648.85
8 404.78
75 740.56
16 113.10
17 982.96
79 166.17
22 234.78
35 254.40
45 631.08
60 140.13
19 825.69
36 886.53
96 462.84
41 944.97
87 585.85
38 283.64
66 251.79
11 714.42
91 357.69
73 321.23
40 632.72
82 196.62
76 462.78
99 536.90
98 840.63
10 780.81
96 369.71
1 895.26
100 999.25
81 515.55
77 638.58
2 859.76
73 495.68
1 870.79
32 393.15
28 341.68
90 440.04
53 499.96
41 547.99
92 910.01
40 247.76
79 579.81
84 121.17
62 168.51
30 819.31
75 717.61
15 126.84
95 489.35
68 304.49
60 683.02
90 277.39
16 218.32
36 811.69
98 460.49
82 143.05
92 540.57
82 935.87
24 157.00
75 492.00
94 970.85
73 193.31
33 566.03
35 237.86
50 968.38
39 419.78
18 476.26
6 193.27
89 254.89
22 410.45
2 699.45
45 715.55
79 790.00
62 886.69
92 412.79
78 785.35
1 622.73
40 537.41
35 302.59
82 632.22
51 931.86
15 543.04
71 315.18
86 157.21
11 950.01
54 390.91
25 761.43
95 719.31
19 569.70
68 996.00
26 770.63
4 698.57
42 950.47
81 617.94
14 760.03
41 592.17
30 483.18
95 201.13
76 883.68
98 330.23
16 140.91
56 834.64
69 473.83
29 475.08
47 204.79
53 882.09
2 308.04
46 787.04
71 388.21
15 426.73
57 291.85
60 333.28
53 454.95
44 671.48
2 656.03
70 975.22
31 692.86
99 823.28
90 783.73
69 698.56
88 965.94
21 204.99
9 836.64
29 465.85
99 694.38
83 373.81
81 121.62
82 272.06
49 883.78
70 144.16
94 875.02
58 947.57
27 507.29
16 256.85
40 739.54
19 875.26
12 242.83
13 109.20
72 433.00
37 237.14
88 933.71
71 927.36
23 462.43
36 957.10
87 443.93
30 762.90
91 361.18
4 147.99
24 870.50
58 179.77
46 542.88
84 446.75
65 424.72
43 280.93
54 815.29
35 975.24
47 899.64
76 128.30
67 711.78
78 455.52
17 996.22
37 334.55
68 531.66
52 355.68
46 271.91
87 533.53
68 140.82
58 542.07
45 818.36
8 265.93
74 608.84
88 327.94
15 587.28
46 903.10
82 397.47
70 925.71
23 500.04
25 208.49
54 851.30
50 102.47
35 767.04
67 607.76
91 627.19
44 554.87
100 239.87
90 322.14
34 342.27
15 320.29
100 233.73
26 969.54
27 558.93
37 803.43
53 150.66
56 579.35
40 147.69
20 664.70
23 239.89
41 500.81
82 648.26
10 380.49
98 398.80
43 271.42
19 955.09
52 175.97
94 674.80
15 141.69
63 749.40
26 164.71
65 434.88
73 523.89
72 605.98
30 122.64
14 575.98
79 528.02
2 791.39
72 737.18
70 771.23
86 436.55
40 831.43
13 155.72
17 850.38
15 804.87
61 229.60
32 488.85
7 251.24
18 867.43
18 696.34
53 840.04
64 994.59
73 226.87
6 662.69
22 152.43
28 892.51
54 683.61
54 584.71
4 346.09
27 313.10
13 496.05
36 390.47
45 503.22
42 748.87
37 115.32
98 669.41
60 569.65
90 942.47
4 249.40
72 609.04
1 862.99
96 172.16
26 306.13
30 528.49
41 289.36
73 946.02
40 254.98
40 603.68
6 760.34
8 572.33
41 888.05
99 575.87
74 293.18
9 929.70
45 822.96
84 275.57
74 650.11
83 472.97
65 458.76
40 508.06
38 418.04
85 530.13
56 933.55
98 491.80
68 747.03
3 687.76
62 685.55
75 329.66
24 103.91
3 496.96
11 875.12
19 629.12
27 959.62
66 501.16
49 495.45
71 312.60
3 680.63
33 283.99
43 662.57
9 271.87
59 659.69
4 128.01
72 960.60
75 578.34
86 395.62
93 198.71
85 629.34
39 293.71
69 404.59
56 557.96
12 895.23
38 769.75
91 880.17
38 840.31
77 363.80
81 682.41
40 910.62
72 306.60
25 724.13
21 622.22
46 436.90
31 381.18
76 287.82
94 956.84
16 295.63
82 959.25
89 167.49
25 701.31
28 847.04
54 236.30
51 363.60
82 770.96
42 464.62
60 645.67
41 949.94
4 199.94
56 241.24
36 217.08
48 664.78
11 653.99
63 940.62
4 189.84
92 260.08
53 177.99
12 794.78
40 172.47
52 414.12
2 399.75
17 912.18
15 971.13
94 560.33
33 140.54
18 211.83
9 914.83
96 572.33
40 679.36
52 343.50
82 272.39
19 793.69
15 683.58
70 198.23
16 837.49
64 137.07
37 162.11
85 364.98
4 396.44
14 432.31
1 777.41
51 618.60
15 490.89
77 381.57
28 165.04
3 379.37
82 903.85
31 575.99
29 197.52
67 121.06
90 750.44
74 741.52
36 700.75
12 110.88
26 876.55
66 351.62
80 129.35
64 378.91
97 148.67
77 275.98
10 735.26
57 392.30
93 783.33
62 873.00
27 741.73
97 705.30
40 616.90
48 916.55
26 285.26
95 791.93
33 469.56
9 774.98
62 421.90
77 296.44
6 435.08
85 717.14
26 110.68
67 672.54
30 670.14
74 553.97
30 101.77
23 540.35
43 380.60
7 118.00
44 394.13
70 471.95
25 813.01
67 345.70
55 987.50
46 175.32
93 931.08
9 168.65
30 546.74
60 574.82
48 232.31
21 669.12
76 115.96
36 140.04
79 339.85
85 892.72
98 419.32
57 796.34
15 601.87
80 444.13
53 114.55
1 622.30
47 315.18
10 713.19
16 884.12
63 640.19
30 361.28
51 287.04
76 794.12
35 991.73
2 183.23
43 453.15
69 229.93
45 308.98
64 272.93
34 682.93
68 458.46
87 633.74
84 745.68
81 385.13
33 347.65
11 729.83
3 333.46
77 583.59
56 629.43
81 768.20
39 312.34
1 659.01
95 363.69
74 490.29
49 664.35
37 173.98
11 810.37
72 941.33
23 829.79
80 237.14
83 153.77
60 704.35
99 581.16
47 918.51
75 455.46
82 724.22
45 289.96
30 489.70
68 542.79
79 337.05
80 855.65
25 843.98
7 262.15
79 324.99
99 916.51
41 376.34
72 217.46
11 787.10
24 275.96
21 913.69
84 711.32
42 993.67
34 833.22
3 839.81
89 644.32
22 431.12
95 476.65
32 668.21
65 810.02
16 756.07
35 895.78
5 965.03
51 431.68
72 616.76
30 188.23
89 234.86
63 163.77
61 517.32
51 847.34
91 339.86
52 851.56
63 262.54
14 994.22
93 949.41
34 975.28
21 522.93
72 117.02
11 664.24
69 752.26
89 755.71
22 790.86
80 955.02
19 692.75
36 753.11
39 166.60
45 516.54
33 249.13
25 915.71
33 696.10
26 972.44
88 903.35
2 350.12
59 260.28
33 242.54
23 386.20
56 751.63
48 405.99
42 256.11
5 220.15
18 489.14
48 901.38
24 988.57
50 430.12
51 492.65
54 671.72
84 794.01
82 519.27
43 351.89
95 348.92
25 397.32
21 503.43
50 425.56
50 962.46
69 544.72
73 679.88
14 530.64
74 549.43
14 492.17
64 353.26
71 362.24
36 143.01
96 153.98
4 207.23
61 128.15
55 113.42
62 746.35
99 335.43
97 212.12
79 126.29
92 901.77
90 319.19
47 649.32
94 399.14
87 223.95
7 547.33
56 987.55
97 284.93
62 159.20
67 767.51
57 678.82
31 385.79
7 722.49
63 672.02
85 160.52
2 961.05
46 969.30
67 859.47
62 778.35
72 823.21
44 606.20
41 521.30
14 222.81
28 408.99
21 918.26
81 623.30
44 711.88
65 469.67
31 343.94
26 146.03
58 267.61
14 828.09
62 483.26
2 538.18
1 255.05
39 190.92
52 381.82
68 977.52
43 909.24
61 952.55
84 367.73
97 173.98
51 308.15
77 212.62
12 410.17
44 513.96
30 963.87
59 916.34
88 641.31
72 857.18
38 926.37
39 530.34
41 526.85
37 485.61
90 514.78
32 920.84
89 658.85
95 955.90
27 753.48
16 833.24
53 413.82
40 540.53
11 435.22
82 787.28
8 453.51
90 764.43
9 403.47
89 904.11
76 909.16
40 879.20
35 248.09
47 993.90
94 667.95
39 817.48
29 338.31
32 908.58
64 850.33
13 742.84
1 626.21
17 516.25
76 359.71
33 839.73
18 785.31
49 754.03
8 250.77
43 242.01
41 352.90
45 647.11
19 373.39
45 872.76
37 148.73
18 107.03
49 199.73
63 348.80
71 573.54
38 997.51
8 243.36
8 805.91
50 692.97
71 829.78
70 310.82
26 836.01
56 404.60
41 474.35
39 108.26
67 207.59
31 741.95
50 150.54
73 734.17
3 930.41
69 251.64
43 272.45
9 957.73
8 776.78
84 402.36
90 146.35
98 846.70
41 535.73
8 865.51
62 568.49
98 244.14
94 825.95
25 964.29
91 438.03
4 966.24
98 537.76
64 359.88
22 521.90
35 100.88
11 470.25
26 629.77
31 689.40
57 119.66
28 542.64
33 342.56
22 129.67
46 148.46
13 270.68
96 601.75
58 387.73
9 569.13
44 870.39
11 522.49
68 554.42
62 114.99
2 921.41
89 711.54
39 758.10
99 804.74
51 887.41
11 435.84
15 240.74
72 831.68
82 132.59
91 685.04
21 899.88
22 960.00
44 309.25
6 937.73
83 124.83
77 830.47
85 243.65
47 193.66
26 260.16
77 909.00
81 276.60
48 618.69
83 438.81
31 488.02
31 632.38
69 491.43
69 152.35
71 213.66
41 346.17
22 525.16
79 734.90
79 402.89
67 681.64
35 453.92
77 419.07
62 943.09
13 756.25
25 181.49
85 485.80
31 179.39
93 812.62
4 383.01
8 809.29
31 971.07
77 972.36
64 774.76
99 400.97
68 150.33
43 469.75
20 634.90
16 637.20
52 131.04
20 690.05
96 954.60
50 957.87
66 615.31
53 868.53
18 368.29
91 927.12
42 820.41
30 511.04
86 496.63
50 558.23
31 895.01
85 684.34
55 142.10
21 286.15
46 767.31
94 469.67
54 737.93
4 649.70
43 980.87
87 718.72
69 921.69
89 730.30
44 336.16
76 379.88
90 530.44
99 948.19
61 852.31
57 231.05
77 709.48
49 529.71
53 761.02
24 721.88
7 122.08
10 454.28
5 461.64
15 478.77
82 215.31
46 316.47
64 780.82
55 757.98
80 946.00
37 472.88
80 347.71
72 375.59
38 950.50
5 642.36
59 768.91
91 215.69
90 163.18
91 354.39
82 333.78
14 905.09
55 699.88
46 438.02
65 898.43
95 286.29
30 936.06
9 851.25
98 776.84
40 930.04
99 542.67
13 704.20
89 663.27
35 156.43
85 632.73
100 173.10
89 662.72
97 826.44
45 600.72
42 951.74
100 676.34
84 368.42
19 903.02
46 694.19
99 511.07
60 878.30
35 764.47
35 592.15
52 404.09
30 520.85
7 928.96
80 158.16
79 776.68
61 294.61
93 996.28
7 298.32
88 477.99
36 590.27
67 329.96
54 857.53
46 535.14
61 971.47
54 117.37
26 766.61
83 952.93
59 264.17
8 551.79
43 562.88
29 783.05
8 616.43
1 895.57
61 385.60
43 613.95
79 816.14
82 580.75
16 327.49
73 686.13
26 615.59
19 934.28
66 992.14
42 854.99
8 146.78
3 661.90
19 139.12
57 507.13
98 429.88
68 568.02
20 884.82
63 480.61
72 734.29
12 519.70
86 150.21
41 509.41
81 303.29
90 624.03
19 793.65
83 257.36
72 607.25
9 763.54
44 204.33
89 812.80
4 955.01
99 292.90
36 235.79
22 144.09
100 361.12
36 677.06
98 702.94
71 477.66
14 954.62
23 697.73
50 778.55
98 900.94
61 126.27
88 962.83
13 193.31
1 297.65
48 780.41
38 259.26
11 444.22
67 185.08
72 883.53
96 565.30
4 257.79
81 499.68
45 396.80
63 943.71
63 471.20
100 168.79
62 385.47
39 384.00
73 197.08
79 364.59
60 408.86
29 321.38
25 654.30
21 854.94
62 466.86
63 965.51
12 809.15
55 460.49
59 233.46
5 457.80
21 324.52
43 853.70
25 748.34
33 969.12
89 964.79
80 962.23
41 594.12
5 389.89
63 537.15
28 724.53
21 680.42
49 455.84
25 785.39
18 272.39
63 182.46
18 930.93
61 495.86
99 453.75
61 961.89
4 133.60
72 371.84
90 344.69
76 622.07
95 240.23
49 341.50
63 794.89
56 516.53
43 272.57
9 999.05
40 261.59
90 812.55
93 700.78
23 367.06
57 168.35
3 485.46
67 984.42
38 732.68
29 863.45
24 992.76
33 137.97
73 723.54
46 735.24
28 259.86
16 654.55
12 997.32
93 818.38
36 638.78
42 528.64
35 730.29
8 341.65
6 807.69
65 590.97
7 777.32
22 340.30
42 176.74
30 286.32
74 737.59
11 192.07
45 762.62
58 718.11
56 284.92
94 139.89
87 528.17
17 786.63
23 673.38
52 360.57
18 519.00
59 899.60
79 301.24
21 363.26
13 671.13
41 197.36
11 609.88
62 690.54
47 441.57
89 438.89
73 740.45
10 897.14
89 849.78
2 176.94
25 475.68
13 516.96
87 203.50
6 568.87
69 756.46
49 611.21
81 770.20
28 651.42
93 534.87
81 516.30
13 771.94
16 980.81
99 502.66
66 384.18
72 908.13
60 625.21
80 310.63
100 977.17
71 784.17
58 694.61
25 933.77
98 169.83
17 832.81
66 460.78
9 774.25
77 175.90
4 624.10
78 130.09
29 191.67
3 669.96
21 657.21
3 828.37
30 940.70
9 793.23
27 319.34
27 356.45
42 998.05
92 778.63
69 319.23
27 990.80
75 558.75
2 193.38
20 173.81
53 444.70
17 280.84
41 917.24
69 710.51
80 240.03
69 123.10
43 189.58
39 905.29
43 516.86
93 791.89
28 696.31
64 156.50
30 383.67
82 612.63
91 160.87
80 344.59
11 236.04
81 510.73
100 992.94
23 132.29
16 802.90
88 161.38
40 221.76
97 418.54
100 850.12
30 425.32
85 189.14
27 374.32
60 166.09
93 959.87
42 650.90
25 392.18
10 211.67
29 828.94
46 781.09
100 874.85
23 650.60
61 379.45
63 693.42
88 469.21
43 574.44
18 930.45
72 581.15
15 312.39
72 132.32
87 318.75
69 883.75
16 631.98
54 545.37
82 424.75
33 291.87
25 797.34
36 211.70
48 549.14
62 987.61
96 138.14
27 284.05
47 279.30
81 934.32
8 151.06
12 352.47
1 900.72
54 550.22
63 956.90
79 675.12
96 522.31
18 692.08
83 598.92
14 231.30
30 170.10
29 593.08
98 548.17
36 918.89
68 800.94
70 213.01
54 944.62
68 546.69
27 725.67
6 335.82
56 834.53
67 585.40
24 789.81
36 965.52
8 160.78
22 423.02
67 592.19
26 725.21
47 225.05
62 293.32
49 198.43
44 362.31
52 677.04
11 115.62
76 186.10
65 245.90
81 458.90
82 855.77
60 361.75
15 841.79
39 593.80
8 773.81
35 389.02
8 800.30
54 578.73
31 610.49
61 340.53
100 189.45
73 847.42
15 421.34
14 582.50
32 283.42
60 140.88
3 651.21
16 763.66
8 447.70
8 217.09
92 943.31
77 250.91
72 539.92
66 276.87
84 135.69
65 492.61
4 414.94
96 553.47
73 136.74
76 668.26
78 623.38
27 866.84
15 531.70
9 514.24
9 952.98
96 368.20
27 911.75
14 292.71
71 512.41
22 181.94
46 615.83
21 940.44
64 254.05
100 950.73
54 580.04
79 784.24
90 621.55
50 824.28
70 763.05
2 277.56
82 919.46
80 541.45
6 585.44
89 617.39
13 451.18
57 145.97
8 643.49
88 710.39
32 272.16
27 572.51
9 903.99
79 867.80
73 773.42
91 114.98
48 816.83
5 352.97
32 787.27
48 966.05
95 832.12
10 116.36
68 357.04
2 638.52
34 496.11
30 529.31
2 924.41
97 333.99
47 311.14
53 448.34
79 405.48
15 198.04
19 314.20
79 715.34
63 201.43
26 291.45
14 714.12
15 844.60
50 375.58
42 725.77
3 209.55
21 177.28
7 665.49
73 867.57
73 833.55
85 542.84
35 650.06
20 975.70
7 703.23
21 580.42
25 185.06
34 600.60
84 814.23
6 462.72
37 852.12
96 802.54
46 926.89
33 607.27
51 607.85
59 936.42
19 821.92
67 113.99
73 505.70
60 332.91
63 968.14
100 699.10
8 161.92
14 127.55
97 353.24
57 319.08
88 187.02
18 245.51
60 634.27
23 749.37
6 714.13
59 732.98
26 728.01
37 308.99
11 296.61
50 669.00
49 705.50
100 497.33
88 370.00
3 583.60
36 882.43
28 390.00
24 753.15
20 896.64
4 790.02
89 305.14
1 756.47
79 263.73
8 825.85
27 786.76
22 360.98
21 797.12
43 140.23
21 208.04
29 347.69
9 978.60
20 793.87
17 597.76
25 328.26
67 808.82
65 242.88
19 773.43
62 441.14
18 562.81
78 513.17
14 526.41
11 430.43
25 830.16
34 393.26
42 146.44
38 891.18
98 701.37
59 229.53
27 520.09
11 883.81
90 657.20
8 686.83
40 305.32
8 430.83
43 592.81
77 724.68
78 940.58
28 931.89
89 850.42
34 310.40
53 990.79
4 781.76
85 368.45
46 260.85
25 695.20
83 594.01
36 614.90
72 463.97
9 259.41
5 485.69
66 977.47
39 679.61
34 436.40
38 665.63
49 680.92
21 510.04
26 548.33
1 735.92
4 520.51
80 564.79
40 268.22
36 149.60
45 369.03
38 308.12
2 588.57
54 719.19
22 150.09
63 309.47
71 839.39
77 689.22
79 276.25
24 945.71
85 120.13
79 704.32
59 617.60
37 493.52
94 680.57
72 482.77
62 219.40
38 712.90
4 444.42
88 840.02
9 583.55
40 230.64
21 289.80
41 850.02
72 138.06
93 922.08
29 428.34
64 934.92
60 561.71
17 136.76
72 183.72
48 391.58
24 373.28
61 803.98
19 203.30
44 766.33
75 335.84
73 745.41
24 691.49
73 670.97
39 586.00
27 260.62
18 684.76
32 290.89
19 349.10
74 439.31
69 672.83
90 713.16
70 562.57
8 185.80
65 678.10
28 981.30
96 888.59
83 610.23
74 377.14
53 782.80
40 916.20
44 526.47
34 165.35
59 648.07
64 281.59
36 337.49
35 290.14
11 302.81
2 237.61
31 196.07
58 233.15
3 582.27
97 773.60
54 686.72
97 356.09
13 874.54
60 839.32
72 758.06
13 487.76
75 854.05
20 316.77
41 936.58
43 525.04
1 876.08
23 615.17
36 954.34
98 258.64
81 699.50
50 308.42
32 538.26
45 374.88
44 546.25
76 513.66
41 328.36
94 648.45
4 979.82
49 912.61
79 803.53
25 131.63
93 859.98
1 528.66
7 468.95
26 554.19
9 155.95
48 954.76
99 890.55
59 496.36
100 758.14
65 503.64
68 366.09
78 424.41
1 489.84
37 342.23
39 126.28
57 738.59
56 534.54
100 597.77
48 901.34
6 784.61
48 612.99
22 770.96
49 400.18
7 140.31
19 935.21
70 154.78
58 382.78
68 662.91
10 248.74
97 948.77
2 894.70
80 740.17
82 729.31
77 266.27
84 346.65
80 782.32
72 984.68
19 125.72
54 388.02
7 310.67
4 152.44
41 252.81
73 679.88
99 281.33
93 643.34
5 743.73
29 363.04
30 391.24
17 186.62
62 487.37
42 961.37
46 462.63
41 406.62
100 529.51
96 670.91
83 393.22
8 879.32
47 662.27
60 432.06
75 131.86
95 942.42
34 568.66
93 142.43
28 300.39
18 848.74
94 289.13
63 133.55
3 510.23
84 149.55
91 560.10
59 786.28
71 492.79
70 248.09
9 168.97
44 759.98
9 147.16
34 360.69
55 481.21
2 369.62
5 981.51
64 465.08
78 896.87
57 842.41
78 234.43
44 271.93
43 927.44
99 134.67
58 866.36
24 273.25
38 728.11
7 812.69
81 808.90
33 594.38
89 968.26
62 633.34
48 541.99
53 711.82
82 412.59
30 997.41
88 786.21
61 236.41
58 106.57
7 218.64
66 427.23
75 915.85
40 742.89
6 998.59
21 453.07
2 847.54
14 303.60
63 749.03
41 481.88
14 621.45
39 605.37
70 864.92
18 504.48
4 512.03
12 899.48
29 330.09
17 503.34
95 380.88
3 944.83
25 444.88
60 119.60
61 658.55
33 597.05
4 459.93
6 531.71
70 963.55
96 578.20
3 409.12
32 794.96
28 344.62
48 256.02
74 768.20
7 455.64
6 526.05
68 102.10
10 136.37
81 152.18
19 739.86
70 211.62
42 340.80
3 445.35
76 252.40
4 680.72
15 155.03
31 251.23
46 461.77
55 864.94
20 517.64
36 522.28
16 677.99
99 873.22
87 123.74
47 753.68
97 858.67
68 110.87
45 481.76
83 658.92
89 589.63
63 115.38
91 833.32
74 382.38
56 350.68
90 163.19
37 486.21
20 328.95
68 848.07
35 300.30
88 748.38
27 555.71
72 253.11
25 524.89
25 227.03
99 973.55
31 454.65
61 726.94
19 156.70
46 826.18
36 370.19
49 145.35
58 153.40
70 971.60
10 207.00
51 839.48
44 767.68
67 527.47
89 297.78
42 279.57
63 806.91
74 649.25
41 394.98
92 238.87
46 904.28
31 606.05
93 869.57
11 258.17
48 671.45
52 641.33
14 140.91
90 582.21
56 368.62
44 647.39
16 201.20
37 357.52
53 307.34
74 573.03
55 190.10
66 492.63
96 725.87
76 280.12
56 106.33
81 495.01
97 277.54
44 889.50
18 100.44
25 498.92
51 313.95
38 456.18
76 847.52
24 842.15
12 395.79
85 207.24
44 757.02
24 599.02
14 527.31
84 731.30
51 598.62
62 121.33
21 809.72
1 371.32
10 408.12
68 210.67
21 165.52
64 105.26
27 598.80
54 265.35
97 506.47
82 971.88
84 614.58
6 213.99
98 584.65
26 846.49
4 759.93
59 377.19
18 812.12
66 652.66
77 719.40
55 880.91
14 808.85
29 899.22
9 603.91
78 122.89
87 692.07
65 310.02
58 149.04
71 557.53
99 986.14
65 436.41
100 495.30
25 328.52
76 451.57
18 168.50
47 611.00
83 590.36
21 693.85
16 495.36
73 970.60
18 570.90
10 982.55
25 265.46
56 947.40
65 775.99
23 365.75
8 121.45
90 580.68
90 166.14
91 960.85
89 565.75
14 565.20
47 909.34
66 188.76
62 638.33
25 348.17
92 351.02
72 639.06
54 626.87
39 801.14
63 361.55
84 465.03
85 346.13
13 589.36
12 380.00
4 286.03
77 128.51
32 641.77
40 597.73
25 676.92
32 918.35
38 228.20
40 460.30
63 604.17
17 193.21
28 560.66
23 145.28
83 227.12
35 553.09
25 728.80
77 597.67
47 578.96
48 490.03
32 510.60
23 275.04
51 126.38
2 970.51
20 363.10
37 521.11
72 444.85
33 107.71
40 344.48
55 718.24
98 259.46
10 984.34
100 960.49
42 663.60
38 808.75
41 235.67
74 356.91
43 564.00
41 968.87
53 370.97
67 686.19
33 907.20
17 665.22
10 590.22
88 820.30
80 529.21
83 188.27
7 889.54
9 959.34
56 509.22
3 348.45
24 308.21
7 729.80
93 845.53
51 213.52
3 746.04
8 884.48
97 544.63
8 771.36
58 338.29
75 545.14
59 361.79
96 562.76
88 194.01
90 119.60
11 419.29
30 341.60
45 768.87
96 698.16
6 424.81
68 754.49
41 801.95
44 754.02
73 275.28
49 804.13
26 458.42
75 794.26
72 962.65
71 788.71
39 934.55
43 966.60
96 679.03
66 675.94
94 993.21
41 315.69
3 339.88
65 813.40
10 675.23
98 158.76
56 565.88
20 885.49
8 244.18
76 342.93
20 491.36
82 964.25
7 566.89
84 563.69
30 562.75
85 503.81
70 494.57
32 571.43
34 702.38
19 154.49
90 846.21
35 376.95
46 321.69
11 543.84
33 795.65
80 544.72
93 625.44
56 896.08
42 835.47
44 606.56
8 210.49
22 853.71
46 385.75
41 850.44
11 620.73
14 362.39
88 115.62
53 969.78
40 729.86
4 674.46
56 281.82
29 946.39
84 836.70
9 677.02
17 772.11
2 431.31
87 122.15
40 169.67
38 209.13
38 354.93
87 561.80
80 717.34
14 286.32
11 637.10
57 313.64
35 260.56
15 224.72
73 850.96
79 575.34
18 988.85
38 632.97
23 284.59
55 102.81
39 895.35
95 435.49
14 384.24
45 605.67
54 317.00
65 566.68
52 626.01
35 354.88
44 210.81
11 192.96
27 546.41
47 317.90
98 709.95
55 324.40
58 896.07
41 638.73
89 452.57
91 392.16
43 367.07
24 846.32
77 777.22
85 708.58
72 957.43
61 890.16
40 758.80
5 450.00
6 955.66
52 245.55
93 103.73
82 902.98
83 720.41
39 650.54
97 350.36
46 885.23
71 660.58
11 601.43
96 597.25
24 546.35
70 430.39
57 836.75
100 843.04
26 190.82
6 796.11
37 459.05
82 388.13
72 595.76
43 243.19
51 176.18
9 982.46
67 450.48
27 763.80
64 777.25
74 155.94
10 130.69
92 172.48
25 340.08
96 126.14
15 300.81
95 709.96
30 690.26
31 366.37
25 346.09
93 870.31
96 654.21
19 539.72
69 833.25
20 859.05
24 905.27
50 680.23
26 696.47
58 182.97
14 619.30
74 480.71
5 937.37
47 206.22
8 645.13
52 247.47
59 738.82
22 254.50
36 962.26
52 369.69
97 210.90
56 934.46
70 639.80
57 519.54
90 567.45
6 253.89
12 835.43
81 282.98
84 122.79
78 288.86
37 172.98
82 530.43
81 299.10
72 778.40
7 170.55
43 559.37
35 709.76
52 676.22
91 135.68
3 441.92
20 342.92
12 606.42
37 808.98
34 290.86
10 620.68
34 693.81
61 793.46
12 994.71
75 289.14
93 816.27
91 587.56
2 181.05
35 788.76
82 483.70
64 712.72
10 947.64
68 258.34
59 964.34
95 614.32
45 577.87
19 915.82
3 659.13
56 474.69
95 450.46
81 945.10
30 226.67
74 678.12
48 656.29
3 660.90
12 872.09
91 127.65
89 436.35
68 404.94
46 978.47
4 261.04
82 420.03
67 988.06
4 666.55
35 823.27
55 469.76
12 594.90
74 759.71
60 219.16
89 172.17
11 976.80
90 668.16
48 516.30
88 731.32
27 774.17
63 562.93
19 357.70
25 349.56
23 982.74
28 220.14
27 524.61
85 997.76
8 803.12
77 373.62
18 697.78
97 520.03
29 402.62
49 851.77
22 414.13
46 157.06
38 949.58
34 201.07
38 172.12
65 254.47
23 165.73
10 143.50
69 635.19
94 493.84
30 232.02
68 120.45
5 298.60
49 682.02
76 215.48
64 387.25
18 255.21
26 672.58
81 663.85
24 916.26
69 227.73
74 451.58
70 349.49
77 877.21
49 537.33
91 392.54
22 944.77
47 809.62
85 313.95
95 493.61
88 866.64
61 864.17
89 339.57
32 435.60
42 518.10
41 288.04
64 728.82
84 161.14
50 159.22
20 436.94
40 363.75
24 149.72
63 718.09
9 270.40
37 516.65
13 357.27
2 306.59
69 515.36
90 376.15
84 802.00
28 135.49
84 356.61
48 825.22
18 849.91
21 173.88
70 589.90
43 985.63
6 133.94
45 755.15
86 757.88
76 277.67
99 142.62
42 780.89
15 861.78
58 430.36
63 623.94
7 113.90
82 342.39
20 122.52
28 837.73
27 400.84
50 339.75
26 789.94
63 572.23
46 246.67
85 867.44
56 479.25
73 495.62
97 465.56
75 328.63
66 837.48
30 277.86
8 921.83
10 762.20
2 344.79
36 798.11
68 805.12
54 720.39
77 859.51
20 299.19
44 683.23
77 256.16
21 294.77
31 783.29
62 562.91
100 726.86
24 984.42
83 981.05
6 666.48
65 603.97
89 375.46
24 947.15
45 659.04
72 992.02
88 612.29
22 610.90
88 566.63
90 150.73
98 839.91
6 364.72
98 969.02
38 788.96
84 680.89
80 947.25
92 377.56
4 489.40
61 835.56
54 674.30
27 678.08
20 599.89
66 636.33
87 383.55
89 103.59
73 886.03
52 776.38
88 287.68
99 332.83
45 985.01
100 429.68
48 753.81
96 836.58
29 335.90
6 608.79
65 819.63
90 751.78
46 340.76
94 622.76
34 622.18
17 704.35
56 164.62
52 571.72
17 364.93
57 858.60
12 607.95
39 477.63
43 909.90
46 662.43
97 110.97
25 359.95
27 139.81
86 997.70
72 681.81
41 272.85
8 311.92
66 269.87
11 911.19
45 140.77
88 242.34
90 631.37
13 225.47
44 183.94
8 575.13
56 738.41
54 177.18
38 506.08
18 715.09
35 446.22
32 689.08
66 483.55
13 584.57
44 774.10
18 178.35
39 899.36
32 327.92
72 379.25
11 907.25
87 223.17
100 124.60
11 415.55
42 590.46
15 387.91
14 400.40
35 481.47
85 520.13
93 553.24
68 479.74
67 110.00
95 131.51
85 149.41
13 770.93
37 122.48
98 740.05
70 646.27
58 248.54
19 379.64
7 305.12
48 752.39
98 155.31
23 185.18
46 199.98
5 148.38
10 672.82
67 874.55
30 112.91
71 405.33
44 173.04
32 303.53
81 359.28
88 240.78
12 465.22
86 553.98
14 866.85
53 998.78
3 635.71
22 784.82
30 489.19
25 833.59
88 857.30
99 982.73
30 119.55
55 311.94
20 438.71
27 470.82
16 342.82
49 371.35
61 709.71
73 948.03
80 166.50
46 381.37
43 672.61
96 475.18
63 248.10
49 528.12
80 549.51
33 273.18
94 452.44
93 396.59
13 956.74
43 767.73
63 789.78
76 667.59
56 677.22
23 874.09
7 388.08
20 409.31
26 212.37
50 691.86
39 388.24
30 688.39
69 814.85
99 246.19
4 598.81
43 700.90
97 636.43
17 310.85
18 475.73
76 120.82
61 812.72
64 325.58
12 345.00
90 241.21
71 860.37
3 463.27
79 172.16
14 579.85
93 937.64
81 444.89
6 873.21
93 410.70
80 378.45
78 672.79
2 685.53
93 896.65
96 405.88
87 596.85
88 985.96
1 539.16
80 996.50
89 426.90
70 605.95
47 778.94
4 829.40
40 409.89
39 262.25
98 613.43
56 372.85
5 646.74
63 425.53
32 986.42
93 960.70
44 740.40
51 793.23
66 153.71
87 517.99
25 724.95
72 510.07
77 174.96
46 167.60
34 139.24
47 494.34
96 662.67
59 766.98
29 163.59
64 599.04
44 863.99
25 687.08
55 999.79
73 547.23
55 256.13
25 978.56
23 782.09
83 560.23
42 654.43
76 288.24
55 555.61
90 460.73
10 984.08
82 856.06
70 136.58
31 869.77
96 965.45
25 424.91
72 431.36
42 508.21
44 453.89
68 115.98
33 150.07
55 150.39
87 953.11
18 814.68
59 175.03
94 446.51
55 834.57
79 244.45
35 814.50
15 733.82
6 794.31
87 265.02
52 189.37
63 294.25
70 555.81
96 774.53
43 221.09
96 802.01
44 718.11
86 963.96
78 769.03
44 965.86
54 460.13
20 532.59
70 985.34
71 653.11
48 561.29
81 791.63
65 848.82
15 390.06
4 349.88
96 973.59
46 833.77
79 255.46
47 889.82
80 910.04
92 937.95
47 106.17
31 773.46
31 651.46
12 860.33
5 115.42
11 186.60
90 695.59
98 560.84
96 348.04
35 484.47
78 662.33
14 345.26
98 534.02
70 148.20
15 711.99
4 215.98
36 238.63
83 122.40
46 313.46
86 887.30
96 460.04
3 219.96
10 303.70
50 579.35
73 682.59
66 167.77
61 461.00
22 294.49
81 696.95
5 544.64
59 104.40
35 640.74
33 907.66
67 112.54
74 442.59
98 665.57
1 968.27
25 915.78
27 591.27
38 323.87
48 768.38
77 229.58
31 974.01
83 495.47
12 533.08
32 334.80
28 447.89
62 192.18
12 668.27
62 938.76
47 282.05
69 482.63
69 982.30
65 526.21
48 302.48
59 174.47
11 937.00
68 813.47
47 215.88
47 713.66
62 753.70
22 589.60
34 736.07
29 587.78
75 273.53
94 851.52
94 431.62
40 149.01
56 109.47
83 159.43
18 502.92
40 663.77
6 299.45
77 508.49
97 312.87
77 923.37
1 898.46
31 446.38
8 178.01
1 237.13
77 413.24
15 873.00
3 753.85
40 359.17
57 643.37
51 193.40
23 632.59
16 903.11
55 762.52
48 301.50
82 524.43
78 441.51
14 789.57
56 789.05
40 500.38
51 906.17
90 340.61
55 134.93
63 778.66
11 373.96
8 210.32
1 969.41
41 114.35
44 588.36
88 688.25
87 141.11
71 600.73
30 637.77
51 624.82
3 296.22
70 975.89
31 220.61
56 703.37
61 571.84
24 969.89
59 916.09
34 254.03
92 844.51
44 154.67
36 871.38
98 454.46
38 113.14
54 701.63
17 511.03
2 101.46
38 635.40
67 360.45
78 914.13
62 552.85
8 808.02
53 318.91
22 702.57
26 446.97
37 147.68
9 116.49
44 647.04
52 410.39
5 599.62
18 863.68
88 723.83
99 824.93
10 610.97
55 950.04
25 595.59
25 732.21
96 594.47
44 680.54
63 778.21
47 309.41
37 908.37
32 716.65
33 750.83
95 389.87
96 417.46
76 865.17
11 361.18
13 761.17
97 292.14
60 900.01
21 124.75
16 240.02
20 554.15
3 427.02
71 408.65
49 574.98
10 628.49
16 915.35
87 584.54
3 572.17
66 493.69
100 919.23
18 151.28
50 161.85
38 471.24
24 677.39
20 157.09
96 490.43
17 423.43
55 619.81
21 448.52
79 650.12
4 525.85
46 904.10
34 801.18
82 380.21
18 228.48
15 195.41
97 303.78
65 714.66
7 969.96
76 892.19
78 963.25
34 393.31
46 976.40
38 401.59
65 547.69
53 902.36
23 627.22
5 176.97
29 602.17
57 382.42
74 434.51
39 478.55
88 113.11
49 981.80
48 222.48
84 391.92
83 851.09
34 860.21
41 590.92
57 268.06
10 594.54
87 964.39
53 283.46
9 395.63
62 334.95
29 536.03
63 607.91
40 954.76
59 198.25
48 368.37
26 859.82
79 409.76
39 916.63
81 428.29
68 142.61
34 157.31
96 334.30
14 343.04
10 536.65
56 157.96
87 624.13
58 601.31
66 526.02
96 103.14
12 565.16
19 161.74
66 454.54
91 301.22
72 212.75
46 526.30
20 721.45
92 663.85
4 883.63
82 940.96
38 309.76
46 939.41
25 992.75
36 696.92
58 364.49
39 900.66
44 178.42
95 396.99
21 882.74
54 238.83
24 987.42
5 375.18
61 245.98
23 760.27
98 894.81
87 198.02
38 978.99
13 841.54
7 807.16
82 748.64
88 934.62
96 303.67
13 771.31
42 556.48
65 134.91
81 749.39
94 861.63
67 329.80
71 217.45
7 240.16
50 439.26
37 359.03
69 510.76
48 296.43
72 100.36
38 632.92
26 148.98
21 402.04
16 209.29
17 256.63
67 887.27
60 563.22
66 324.36
59 120.78
16 454.12
73 582.33
43 241.53
20 953.95
48 917.68
82 493.06
34 969.87
68 502.06
46 677.44
30 500.73
33 924.38
83 867.32
16 974.63
84 297.51
90 219.54
100 516.53
75 745.99
52 771.09
83 417.74
56 887.97
33 842.28
87 944.37
20 669.84
94 324.12
61 930.25
26 487.62
55 119.87
77 225.20
53 409.01
15 336.41
60 980.74
18 642.95
25 875.54
27 553.63
79 984.63
56 962.14
4 961.02
32 525.50
6 929.02
93 558.08
40 571.44
78 709.16
48 951.53
7 441.48
45 967.89
81 107.71
59 441.10
3 158.19
4 886.90
11 581.38
4 703.81
55 570.09
40 173.24
55 613.32
21 603.04
55 219.11
56 512.54
14 943.44
76 107.19
31 863.90
79 353.80
85 939.84
97 805.83
57 911.83
13 890.73
16 670.32
20 461.12
44 287.28
84 277.17
95 664.34
76 277.51
29 209.35
35 783.12
71 196.03
66 883.01
51 303.69
14 293.02
78 850.06
84 508.70
58 245.06
47 671.30
65 777.43
41 676.07
57 816.21
64 241.64
17 478.16
15 207.80
90 925.63
8 840.14
93 959.38
58 874.76
55 984.78
23 751.44
6 409.17
62 907.84
84 161.97
55 121.77
56 194.75
97 953.63
7 954.43
16 630.93
100 222.73
28 627.69
45 269.41
100 671.29
3 924.11
100 256.82
15 376.66
80 143.51
58 165.88
81 463.66
14 887.99
58 554.27
93 137.87
77 632.85
63 247.69
15 650.88
92 859.75
34 104.52
3 462.97
62 179.41
71 511.52
71 652.11
70 909.76
62 826.65
55 621.61
77 575.48
89 761.98
70 608.92
96 292.18
13 271.69
28 444.47
99 661.41
84 309.77
47 566.96
81 743.47
8 659.56
66 134.46
5 724.67
92 875.50
100 172.82
13 962.26
45 152.73
72 489.20
61 745.72
44 420.65
44 466.21
73 856.87
52 802.20
14 639.81
22 785.93
68 888.54
25 806.83
47 855.54
9 889.81
44 181.16
86 955.13
8 122.19
76 744.39
78 693.89
92 442.18
88 342.98
13 766.19
84 962.69
76 318.07
16 497.85
71 549.60
65 733.05
36 382.44
18 357.73
52 794.84
95 614.83
72 565.28
12 310.63
94 362.74
25 324.64
16 892.51
100 558.87
55 638.36
48 345.48
37 136.97
63 777.08
75 796.18
57 400.69
55 916.62
81 887.70
25 928.78
63 644.78
99 827.95
25 336.28
49 549.33
34 302.99
85 408.10
20 540.22
73 635.74
4 863.43
65 163.89
86 373.14
46 154.54
20 940.25
75 355.93
35 385.36
6 415.04
54 870.22
30 934.50
38 962.06
12 743.12
46 662.92
7 485.44
13 748.19
7 569.74
97 157.09
70 454.28
92 416.33
72 452.28
52 122.40
23 257.86
58 217.89
3 285.89
78 387.84
95 862.29
97 433.69
78 212.80
61 853.36
75 621.35
23 300.87
32 921.06
21 830.02
86 702.85
8 443.65
15 591.30
98 778.07
26 638.80
73 339.86
88 338.55
81 271.18
36 122.99
20 182.52
6 928.00
32 416.11
7 159.11
37 393.78
80 487.48
82 315.23
52 956.91
24 257.49
18 212.07
42 385.11
27 526.35
61 559.15
22 689.33
64 899.72
25 990.50
45 454.71
85 938.44
17 497.75
79 161.46
24 634.17
71 527.55
64 884.44
50 520.85
60 926.96
78 627.69
66 626.15
61 432.02
90 912.99
32 780.11
50 377.45
95 137.10
66 518.17
77 600.15
83 836.16
72 263.80
12 124.82
75 931.70
9 129.78
60 712.09
58 712.57
82 561.13
97 256.25
6 845.66
95 568.20
74 721.03
3 199.40
46 351.57
50 911.84
57 134.68
59 405.25
39 190.16
93 726.93
36 991.12
54 440.42
96 752.66
56 600.25
16 974.57
99 313.26
25 950.37
34 928.47
58 829.46
93 317.11
85 907.42
97 495.58
37 376.99
78 488.46
28 175.29
87 789.65
35 316.99
81 208.85
32 483.54
10 521.43
66 550.30
78 723.96
40 864.35
11 591.62
93 179.30
84 922.39
62 574.37
50 244.56
8 550.21
51 272.47
13 348.80
49 878.36
16 755.92
53 708.23
83 111.44
13 660.17
93 755.17
67 976.62
7 976.74
10 616.24
59 972.14
73 309.30
97 954.41
72 372.56
49 375.32
67 298.18
31 703.52
3 797.80
26 691.87
24 231.76
79 582.02
56 817.63
69 792.09
67 343.24
48 726.77
13 444.30
95 398.90
11 173.66
38 658.16
68 705.80
11 162.42
16 937.56
77 439.34
59 451.08
34 825.09
9 300.43
9 364.75
71 577.08
100 578.36
72 183.20
10 671.40
30 741.37
7 902.41
68 522.20
31 587.93
6 912.27
73 536.12
33 847.90
49 115.19
44 526.00
79 685.71
56 480.71
66 216.55
6 748.44
12 714.81
77 735.12
75 496.00
23 559.31
18 473.66
99 927.23
63 409.94
46 272.39
17 550.56
73 921.14
89 251.77
99 553.34
94 267.32
69 845.42
92 624.39
47 475.63
79 375.66
80 322.89
23 432.29
82 169.11
82 125.59
2 963.87
42 155.27
60 374.46
10 312.24
93 961.29
8 953.39
53 456.89
77 498.88
90 810.92
38 774.16
45 295.61
12 479.05
29 615.05
68 411.98
23 859.39
10 808.12
80 613.81
42 524.49
46 912.79
78 642.17
96 401.70
100 372.33
84 695.15
44 205.87
38 672.18
30 549.90
70 235.40
65 260.72
76 476.80
10 230.79
76 550.58
33 692.94
99 495.32
10 107.41
47 855.72
78 482.25
28 209.86
49 454.18
25 552.28
59 895.19
57 585.59
76 709.80
30 245.53
83 572.16
20 132.35
37 856.01
74 125.04
71 383.39
63 627.81
1 952.79
59 471.67
99 280.57
17 227.01
38 841.88
81 493.70
78 639.68
13 647.35
97 697.33
6 665.43
33 547.28
9 946.14
78 631.93
31 761.84
18 244.15
22 137.09
72 771.12
55 538.89
1 999.26
35 842.71
63 229.77
68 206.20
90 292.68
7 349.15
29 137.52
24 282.96
55 825.89
63 281.77
21 123.72
81 557.48
56 400.09
2 403.01
87 190.05
9 275.94
16 332.49
90 288.92
38 609.70
36 875.93
67 611.52
47 150.34
20 356.54
86 152.83
37 140.55
17 148.86
95 765.22
92 827.32
46 971.68
32 164.40
9 813.69
22 208.73
26 468.93
31 908.84
24 280.98
81 915.66
98 171.80
66 308.62
78 322.86
40 998.57
89 366.13
77 724.30
62 323.37
8 748.92
87 260.35
74 706.23
91 272.07
1 447.77
62 704.18
52 436.56
66 411.96
1 321.63
18 972.45
29 833.55
67 959.68
87 882.53
53 172.74
32 372.30
19 964.20
7 277.19
55 608.99
75 534.84
36 651.87
48 633.35
53 619.79
59 124.04
47 340.94
92 213.91
64 749.67
14 772.24
8 357.80
45 853.25
86 785.67
79 106.61
60 719.33
47 604.97
65 875.06
57 565.53
64 910.56
29 218.82
83 910.62
13 539.86
5 204.35
6 173.96
1 757.95
94 538.60
91 297.84
52 496.46
39 706.78
68 163.89
64 746.74
22 541.52
57 937.87
1 914.54
68 112.15
13 698.58
82 392.96
17 779.02
34 986.41
78 222.21
1 297.64
91 233.20
77 304.49
62 205.85
38 585.36
39 996.18
43 633.77
5 720.82
88 338.05
26 217.20
60 469.63
62 534.65
9 908.33
50 814.40
93 262.67
55 763.55
5 641.48
98 663.71
61 630.16
64 586.69
78 827.25
58 856.16
3 657.56
55 161.61
46 925.63
1 237.19
99 482.04
59 377.68
47 198.73
74 588.93
12 361.49
51 193.85
2 611.88
10 419.38
5 710.09
28 395.56
98 990.55
69 151.48
22 299.11
59 507.42
66 157.34
19 498.63
40 525.58
69 303.62
71 542.12
20 511.54
84 636.26
6 468.43
40 113.19
5 790.12
95 779.03
9 329.85
81 582.38
76 818.83
96 871.91
29 379.67
29 865.92
97 782.47
37 266.45
94 296.42
29 328.87
84 719.45
49 285.07
31 429.16
43 743.03
39 452.65
58 842.59
17 522.69
93 374.87
87 553.28
38 512.18
30 263.10
5 785.56
93 597.09
98 682.44
12 633.10
47 123.55
45 547.83
12 761.65
21 636.99
68 753.35
36 364.00
56 224.13
32 450.95
29 447.53
77 344.74
48 148.49
86 442.91
84 538.39
79 476.18
94 912.19
29 814.34
21 335.39
63 678.31
23 121.09
19 842.99
29 280.02
52 167.81
68 147.95
24 445.04
86 156.04
89 378.46
37 948.30
74 768.50
93 107.00
86 786.82
61 535.67
10 589.94
94 825.41
64 634.57
64 844.56
59 396.80
38 201.77
25 838.87
38 609.78
22 251.24
100 177.65
65 373.29
36 548.56
25 793.12
1 274.09
62 666.51
45 250.13
58 111.31
21 835.25
62 874.15
84 688.69
8 186.81
26 394.84
72 819.04
21 807.14
56 104.32
96 713.23
21 872.68
100 203.70
94 248.39
5 107.50
73 754.62
87 773.95
49 335.68
94 845.47
38 731.74
74 895.07
64 839.04
19 199.84
89 756.41
57 999.28
62 729.70
50 108.23
80 947.81
94 659.30
35 303.63
72 418.83
53 674.66
7 396.86
46 670.18
5 340.20
44 387.38
45 700.80
22 825.32
79 595.50
46 815.96
31 687.73
46 123.36
7 676.82
50 784.31
29 767.26
62 423.56
54 836.51
71 524.23
74 110.21
89 339.89
95 239.99
87 546.18
13 187.34
15 140.73
20 953.80
52 840.60
18 885.04
69 366.00
25 274.76
41 370.95
25 524.65
69 443.93
87 252.17
44 801.77
36 731.13
6 110.17
12 486.59
33 558.00
30 961.98
71 697.16
13 479.97
10 542.77
49 699.06
83 699.15
25 645.05
65 930.97
82 231.44
83 366.40
72 583.26
57 518.51
68 815.35
74 808.35
5 441.33
47 532.05
99 178.31
93 604.34
63 502.72
96 762.48
32 194.83
50 217.58
75 567.36
84 936.40
38 195.60
43 614.84
70 978.74
76 703.21
46 238.92
23 280.85
42 502.54
2 143.46
29 113.47
14 560.62
1 867.29
86 816.73
23 997.94
80 740.59
36 328.87
20 146.63
33 843.62
36 725.78
67 227.88
43 738.86
67 708.07
71 424.43
66 244.80
73 554.43
84 359.28
4 285.04
30 653.22
79 471.36
43 984.43
19 530.83
50 658.25
79 417.89
35 269.69
19 395.23
2 167.51
18 156.12
78 399.91
52 807.19
48 190.26
46 993.50
44 188.90
77 382.60
68 699.85
35 899.27
16 903.42
15 939.06
53 440.13
7 548.77
8 619.78
22 305.92
81 238.28
89 107.11
31 997.52
39 206.54
29 716.69
94 852.52
98 843.57
24 835.96
53 660.18
72 554.15
36 216.85
49 338.97
12 976.16
53 798.72
44 770.73
37 929.78
16 470.79
37 974.73
98 309.69
5 568.88
42 329.82
46 403.31
21 725.09
25 681.87
22 519.18
5 500.58
43 368.30
39 983.73
2 290.78
28 381.53
77 460.06
73 492.92
87 750.45
38 275.33
16 800.44
63 745.01
54 695.92
94 989.23
75 757.39
39 173.57
39 992.88
37 565.20
17 180.73
78 108.38
11 458.70
100 990.48
67 975.56
36 632.81
71 948.72
57 409.75
30 349.42
40 984.20
61 902.20
83 733.80
7 979.34
1 437.65
94 945.48
77 998.07
88 788.23
39 911.60
64 613.34
5 124.09
81 140.92
74 383.06
66 510.17
16 182.18
80 193.86
80 423.89
16 141.35
33 401.99
44 881.77
86 578.31
28 652.03
48 709.66
44 561.36
13 776.79
56 539.57
57 190.47
66 386.05
11 159.06
79 239.89
76 765.28
1 600.63
25 629.17
12 999.83
58 298.62
87 858.16
51 109.04
94 130.40
99 100.89
78 376.79
38 630.96
98 433.84
87 321.76
65 449.87
70 233.90
80 390.12
76 405.33
50 905.37
24 207.03
89 229.05
51 926.57
52 910.84
84 550.27
59 887.21
19 229.88
59 499.15
56 956.37
22 549.25
83 988.75
1 303.93
98 495.36
66 369.57
31 884.70
15 543.75
41 780.40
88 246.29
44 540.42
31 944.26
78 424.98
55 662.53
93 766.79
70 714.54
85 873.00
30 486.70
46 978.23
58 812.65
1 999.90
37 178.46
38 657.55
85 953.86
6 627.64
17 824.92
35 300.56
25 564.80
79 459.09
30 914.48
73 265.58
37 248.36
88 360.81
38 582.93
54 178.30
95 493.77
30 713.20
5 262.48
33 857.94
28 255.90
84 529.93
25 337.83
36 418.36
56 856.10
22 361.34
18 333.77
61 436.48
7 709.80
44 852.96
15 421.61
92 746.09
3 609.06
96 486.11
52 492.91
4 981.43
12 480.50
74 297.41
39 126.87
53 549.07
21 563.43
34 440.22
96 689.02
47 264.89
22 216.85
1 834.22
23 872.88
48 366.91
82 288.37
77 668.62
95 762.56
42 883.38
68 643.08
4 195.60
36 828.77
55 673.88
55 665.94
36 573.55
31 530.20
2 401.73
53 692.57
85 669.35
40 826.96
88 734.00
74 597.08
25 590.45
44 992.00
22 454.28
23 335.54
17 683.37
87 656.22
47 580.01
25 136.77
44 852.73
84 439.87
83 923.93
29 822.59
90 615.76
80 311.10
2 558.03
44 679.07
60 394.85
65 857.44
85 100.77
3 751.97
12 175.57
30 360.83
40 284.69
72 952.60
27 839.13
16 793.15
19 595.98
73 618.88
92 843.80
19 671.02
82 784.55
32 759.74
62 320.88
76 238.46
16 201.99
35 208.90
68 247.96
24 984.55
62 717.34
92 335.77
38 681.01
52 646.97
46 304.54
85 144.30
92 208.02
84 398.55
1 781.40
57 511.77
82 767.33
51 462.38
9 462.60
95 892.87
97 141.77
91 970.45
100 878.38
25 771.89
43 720.30
95 186.48
27 605.49
41 679.44
74 463.43
71 413.17
95 119.95
79 598.02
94 227.78
27 829.52
92 289.82
89 404.25
12 313.45
45 323.34
65 613.49
33 457.56
60 922.51
22 152.29
45 143.79
15 281.40
55 803.98
92 611.58
90 376.99
23 123.94
13 548.54
23 120.13
99 605.57
57 225.66
76 542.02
46 193.65
82 484.24
35 289.29
23 489.32
91 425.86
21 562.91
92 843.26
67 860.84
70 963.72
89 641.41
5 277.88
75 648.05
21 571.88
80 302.77
33 776.44
7 715.28
62 962.01
26 464.11
88 464.91
26 509.51
71 855.28
12 923.28
59 829.40
56 355.82
45 383.99
79 329.94
3 461.20
98 119.94
66 459.31
9 566.45
38 363.25
94 479.42
71 497.34
55 280.51
38 730.51
56 766.38
89 607.61
47 962.15
28 106.08
87 273.51
87 375.01
21 349.02
62 358.58
63 812.75
95 419.68
88 526.61
28 900.56
17 791.73
51 331.04
12 534.83
39 781.58
24 897.71
90 274.90
21 637.01
74 644.49
28 663.37
29 185.36
15 281.38
64 231.19
71 139.18
9 301.43
28 600.52
30 720.65
16 189.00
51 762.86
31 452.53
17 223.58
72 788.54
87 160.65
70 880.95
42 594.49
82 345.94
63 462.34
18 207.63
6 533.16
37 397.02
82 115.85
16 436.54
86 133.05
58 472.75
63 271.12
90 527.95
82 935.19
13 746.78
10 253.16
1 833.15
69 401.22
64 930.09
53 317.65
90 189.05
5 925.10
95 409.01
2 589.57
15 349.55
75 152.62
44 527.64
2 393.80
98 587.97
13 290.36
75 447.64
64 434.26
100 423.13
73 648.81
45 512.14
2 925.08
16 646.60
68 181.45
79 670.69
86 130.00
49 110.42
73 898.62
37 215.03
51 113.37
80 151.41
42 390.45
55 788.19
43 908.37
34 487.94
67 673.51
1 702.60
40 544.79
33 363.47
92 271.11
46 831.78
85 987.53
32 780.92
49 757.78
8 507.66
28 759.36
4 747.60
32 425.83
42 442.29
15 742.03
65 904.43
10 716.72
49 391.88
92 844.39
15 772.87
8 889.16
58 885.49
100 977.33
46 247.15
98 588.89
78 192.59
97 758.83
7 562.37
54 293.89
91 344.75
14 234.05
13 262.95
37 441.20
58 232.89
1 683.63
39 549.85
91 864.92
54 919.32
43 498.68
46 688.99
40 705.70
56 929.72
26 162.17
44 774.64
26 259.53
49 372.52
42 252.31
46 574.83
66 568.19
55 534.76
13 353.46
96 303.18
36 477.74
17 521.80
64 640.97
47 199.23
82 338.82
49 187.83
54 307.20
8 405.86
1 389.18
18 363.41
45 778.22
17 624.21
53 635.83
16 308.68
48 635.81
33 610.47
72 687.51
47 325.59
60 512.16
67 570.29
54 403.39
72 990.87
70 722.48
16 623.88
43 949.34
92 848.68
82 731.04
6 819.69
72 909.49
68 182.83
88 243.72
42 433.88
83 823.12
87 565.80
56 158.86
62 961.45
17 189.24
99 963.42
62 404.46
26 439.14
90 832.71
98 124.93
85 632.29
52 969.11
25 524.38
80 236.64
71 454.78
100 800.36
100 945.06
73 426.44
77 216.64
65 977.69
85 648.40
2 723.45
84 898.50
52 194.90
21 300.66
67 766.82
33 961.88
95 373.72
19 601.99
53 672.65
16 614.40
93 363.09
64 406.93
3 411.06
9 984.45
49 417.48
98 970.30
1 284.00
47 206.07
66 745.10
19 875.84
57 583.07
84 659.52
80 897.50
14 267.93
58 266.07
20 633.40
24 118.32
16 725.22
11 902.05
79 239.21
20 442.22
48 100.12
11 528.73
39 387.81
28 573.09
87 916.08
98 246.98
80 152.89
88 833.69
84 559.59
63 714.90
67 415.68
49 727.17
98 360.92
26 350.76
62 272.05
23 907.37
18 288.58
69 766.96
33 372.77
26 761.69
100 180.79
9 729.39
83 745.12
99 407.28
70 817.20
9 232.26
58 448.82
15 873.84
61 338.10
7 912.49
83 807.79
67 405.70
94 361.53
13 183.27
16 469.63
27 412.41
80 265.21
32 480.98
69 276.18
57 554.95
93 593.78
44 742.23
9 707.57
27 953.29
74 659.20
92 494.38
50 466.69
18 391.61
49 387.86
100 258.27
36 554.16
42 425.70
92 163.13
60 940.14
82 336.52
38 299.14
34 332.64
96 306.33
4 937.02
100 681.98
4 277.45
50 997.67
51 614.89
91 660.78
76 179.27
10 134.17
32 372.49
74 122.07
57 651.89
15 631.62
9 542.78
80 301.43
31 861.26
11 792.28
48 498.04
78 358.09
81 536.93
69 730.34
9 779.02
99 154.80
57 242.04
96 930.57
87 956.12
79 656.74
76 292.40
43 455.36
26 520.80
63 249.74
67 207.69
15 773.69
33 514.75
59 349.27
92 156.80
100 371.47
90 488.88
50 457.10
27 173.85
100 240.81
11 776.35
15 491.36
23 845.61
20 282.37
90 895.54
58 198.84
1 710.40
25 841.50
39 247.37
68 610.23
93 975.10
82 791.37
67 287.34
81 115.93
61 327.54
15 629.49
39 183.56
34 592.23
25 715.72
28 168.58
98 732.68
5 732.53
70 873.68
87 408.72
88 677.55
10 889.99
45 703.83
40 771.54
30 517.75
39 960.16
7 720.14
59 917.55
31 597.66
13 211.96
83 614.10
92 832.92
83 907.11
10 632.54
7 427.07
72 249.56
30 353.81
87 514.37
69 113.49
59 275.25
23 834.19
8 473.82
13 586.33
91 686.02
41 408.78
38 622.79
16 171.59
62 502.52
99 540.40
78 723.33
68 230.73
20 916.91
30 331.47
72 909.70
65 562.03
78 499.55
74 229.63
33 537.75
75 708.16
8 824.32
93 929.47
30 426.03
71 422.25
34 274.95
66 823.48
33 387.35
95 728.73
45 911.24
64 110.26
77 126.86
74 619.14
75 859.10
50 793.44
24 378.08
72 758.02
24 739.93
73 597.11
50 752.71
82 747.05
57 981.58
79 847.93
1 426.75
45 726.65
87 575.19
1 828.10
91 331.37
33 858.09
63 814.81
44 133.59
21 700.18
33 171.39
83 117.39
83 711.27
35 502.86
31 647.57
72 598.25
77 163.12
10 244.33
9 265.19
85 769.29
71 674.66
40 705.41
34 292.72
90 820.35
100 588.64
4 159.11
17 259.86
69 149.32
56 887.63
27 661.34
45 805.47
35 564.59
37 442.93
40 664.82
100 811.50
11 959.68
55 392.88
66 857.46
4 672.45
35 728.30
73 355.82
14 418.12
44 943.88
92 386.46
15 373.31
58 803.82
32 871.89
6 452.57
24 780.87
53 549.92
76 743.77
54 879.80
84 226.50
7 589.88
87 464.96
50 997.15
37 689.79
80 745.91
78 934.00
68 191.42
87 456.41
15 920.77
49 811.37
70 874.20
79 250.53
66 738.65
56 333.51
95 401.61
49 876.60
48 972.90
40 916.79
17 667.92
94 879.71
52 793.17
35 316.61
49 921.24
69 795.41
37 923.62
83 886.22
98 771.89
53 764.58
57 810.20
21 770.10
60 144.57
75 482.74
58 358.41
17 259.57
52 532.91
65 605.87
2 202.57
31 629.72
31 396.59
87 794.54
50 702.51
95 260.50
24 902.78
1 350.73
47 924.37
36 749.57
18 293.97
50 982.27
35 859.08
6 357.34
79 717.95
18 587.38
37 778.03
8 321.96
78 420.82
3 294.19
8 483.53
82 896.48
5 245.84
100 271.26
79 651.46
68 482.88
98 923.63
30 538.32
10 183.58
72 402.07
3 507.17
19 827.85
27 858.23
48 636.82
46 429.14
50 259.57
54 265.92
85 445.23
19 732.90
53 409.81
7 354.04
55 337.64
16 884.32
45 470.38
44 376.66
40 349.27
76 657.47
97 180.15
47 279.44
94 425.81
95 785.79
89 453.47
19 903.96
91 175.68
58 927.36
47 657.27
86 623.20
71 353.09
68 632.71
43 435.63
51 272.27
21 395.19
72 875.03
13 350.30
26 477.90
73 554.01
78 950.18
37 609.39
31 100.22
44 782.10
46 421.24
29 644.51
96 356.49
39 632.93
87 945.05
44 383.11
9 825.44
36 816.16
66 238.99
30 858.61
99 794.74
62 896.77
73 915.94
12 121.98
13 267.57
81 699.85
96 826.18
20 516.37
89 230.09
29 715.87
26 649.91
17 384.65
78 205.19
71 149.10
7 779.16
47 735.37
69 760.86
71 588.11
95 832.04
99 449.17
62 829.50
26 815.39
17 535.23
6 378.26
63 198.02
96 739.36
61 150.02
96 635.50
33 939.50
80 891.64
77 482.40
91 545.46
9 895.01
26 997.87
7 363.49
77 132.46
25 921.45
59 486.99
87 870.20
68 894.34
100 273.84
71 482.24
65 820.81
62 992.09
72 638.21
11 572.09
67 257.41
49 208.87
90 337.31
29 182.86
5 430.90
28 279.53
72 216.06
72 270.30
70 186.16
5 310.82
20 164.42
47 753.75
82 933.28
99 250.10
20 298.39
57 279.83
70 177.00
52 169.09
74 514.31
50 546.28
70 917.95
29 750.43
69 849.48
19 552.23
92 582.58
67 728.30
65 488.19
92 836.50
76 574.03
6 820.21
2 663.34
33 835.01
38 785.64
72 401.95
85 791.72
78 759.68
17 987.87
96 105.85
27 729.13
10 733.18
98 687.63
89 578.19
74 906.23
82 259.78
57 827.81
45 668.74
94 703.23
42 814.83
63 209.40
51 508.50
11 325.76
67 312.94
61 628.40
43 520.35
60 481.95
20 496.43
97 631.09
90 848.56
45 419.54
55 149.29
65 671.27
56 663.82
65 660.66
84 241.19
66 850.91
24 926.88
17 754.20
34 218.95
59 461.44
13 480.77
31 939.36
43 767.97
74 368.94
53 506.17
58 756.85
75 798.15
22 190.62
17 707.27
94 573.47
9 456.27
99 491.55
32 284.45
69 640.72
82 604.22
88 213.76
42 252.74
9 275.90
16 694.93
83 658.72
22 501.38
36 952.57
55 989.16
96 127.74
68 690.58
14 803.57
66 872.13
48 375.74
94 266.71
70 821.51
54 792.27
44 732.83
89 521.16
35 922.45
29 758.16
96 752.34
59 637.29
14 389.24
75 997.54
25 357.53
46 461.92
73 344.08
93 542.47
62 972.88
19 213.32
97 440.58
75 645.08
39 816.11
35 811.22
78 150.93
26 100.34
41 678.97
59 692.54
4 195.09
12 768.00
4 349.32
88 453.17
80 555.20
74 204.57
6 310.05
73 970.93
9 259.97
56 860.19
4 731.79
59 228.54
27 149.24
9 557.23
17 334.88
34 515.41
82 226.41
94 232.63
61 586.75
91 345.65
89 397.15
74 751.86
37 936.08
43 273.25
61 109.26
22 787.79
34 709.24
64 269.33
77 675.15
94 586.48
26 139.33
80 646.50
88 423.36
80 990.42
68 135.18
37 424.00
42 675.70
64 483.61
90 651.99
98 449.94
84 765.07
40 750.98
82 371.95
42 412.87
2 948.14
83 970.08
36 405.85
11 271.60
6 755.80
15 501.41
26 941.45
16 483.45
95 382.50
23 939.88
45 590.71
69 813.33
77 182.33
83 674.20
69 126.05
93 864.08
66 697.48
22 504.89
29 381.24
30 126.05
80 958.10
56 410.51
21 618.04
21 567.71
50 377.14
27 933.83
33 603.84
93 967.17
12 840.16
46 610.04
86 649.30
39 428.07
2 297.82
39 466.33
98 377.15
46 645.46
10 772.16
92 358.63
28 976.43
7 142.23
26 797.23
94 588.61
58 459.81
38 600.29
10 582.26
39 353.87
57 285.61
26 421.25
11 455.37
40 115.07
26 205.02
57 926.15
97 675.95
25 469.27
97 224.71
7 778.90
56 210.34
85 670.18
31 197.86
92 487.24
82 530.54
12 953.46
45 370.12
38 248.93
92 612.45
91 916.66
15 431.06
17 727.15
90 113.07
59 820.06
59 325.15
68 444.73
1 489.17
45 551.20
36 216.43
72 582.85
7 329.25
24 509.48
78 208.87
24 360.84
63 636.53
80 978.45
23 224.05
23 154.89
65 530.05
31 787.86
78 851.55
63 308.83
29 763.24
9 880.29
69 830.19
2 617.06
58 820.45
63 614.63
57 666.80
48 976.97
99 985.91
84 267.38
81 854.04
12 301.40
48 697.77
29 111.69
39 371.09
98 845.53
23 560.57
73 319.72
73 331.82
20 983.28
68 715.51
94 443.20
64 679.12
22 147.03
35 355.55
78 664.22
39 355.93
60 469.05
11 515.43
51 165.21
85 288.47
25 393.24
5 209.74
16 346.15
25 616.07
64 260.34
46 976.88
46 103.37
74 613.48
64 249.40
18 940.01
3 835.76
34 834.11
79 493.18
56 318.69
83 992.82
16 742.03
92 469.11
53 941.05
92 399.75
81 315.25
22 604.45
2 189.59
89 881.73
67 326.88
70 540.09
60 805.20
94 764.44
83 634.94
35 933.85
87 681.47
1 165.19
91 366.49
26 824.14
26 458.89
39 862.26
11 453.36
21 797.47
82 522.33
35 950.05
10 618.91
59 964.76
93 101.85
7 173.81
57 645.09
57 842.27
78 304.03
100 659.96
14 721.75
92 229.22
38 504.36
14 369.47
44 315.68
60 527.88
2 189.03
97 366.53
68 708.25
57 119.51
5 116.46
5 599.48
11 990.76
33 201.11
79 130.47
47 569.51
97 758.14
45 322.28
4 721.16
5 768.15
88 537.95
47 591.13
76 703.82
27 983.76
75 467.14
10 541.70
23 880.34
56 761.51
82 555.77
30 857.53
99 630.08
85 621.43
20 453.88
63 567.68
34 625.92
69 352.05
49 690.31
31 704.83
56 387.67
29 844.24
29 149.03
96 814.77
56 880.90
44 606.34
39 229.46
100 758.64
71 347.60
71 553.32
8 145.62
40 607.45
30 717.90
98 100.95
6 910.51
8 892.76
33 191.88
7 604.51
93 771.16
70 979.37
19 595.75
5 203.03
10 990.70
48 899.66
87 153.97
44 792.77
77 313.04
31 303.20
79 481.70
91 624.35
49 983.66
37 450.50
16 178.75
81 306.72
83 250.35
77 230.41
31 384.54
35 337.20
77 197.03
6 710.66
26 651.53
20 339.70
55 505.34
68 320.78
77 252.30
38 444.37
19 391.92
92 629.96
33 146.21
70 220.90
57 427.10
95 722.55
3 369.13
88 434.38
21 641.27
95 972.20
50 329.63
27 140.52
12 413.25
40 775.36
14 495.94
70 387.82
49 386.49
73 519.10
80 984.81
50 802.97
47 878.27
71 561.41
79 990.18
67 632.67
59 208.83
65 127.32
74 760.79
60 722.16
7 302.54
10 368.63
59 486.23
1 791.92
65 371.74
56 361.11
12 691.68
59 767.09
32 223.89
53 753.39
58 577.83
16 628.21
23 713.45
28 815.65
90 513.14
93 694.70
68 590.53
12 448.71
14 907.53
87 307.99
38 682.50
61 753.47
85 341.90
85 276.56
87 526.36
29 699.72
95 349.42
21 194.45
48 121.05
46 355.37
73 896.74
78 157.25
68 763.02
86 135.77
36 371.76
25 494.41
42 352.61
5 929.39
9 652.55
93 960.83
95 561.33
89 246.15
58 119.51
38 310.04
89 428.37
61 904.38
2 573.67
86 588.30
16 753.46
6 141.33
40 634.06
34 461.22
5 102.70
71 273.70
11 851.93
11 835.43
2 788.77
22 121.88
43 247.89
69 553.26
58 419.52
83 876.62
19 812.27
26 105.87
39 280.92
98 592.13
37 670.91
99 636.93
38 477.82
68 438.41
74 630.82
55 590.36
17 633.78
25 566.91
85 234.60
56 901.97
40 400.81
4 344.75
88 849.59
97 354.07
37 149.32
8 424.59
39 493.89
43 664.72
80 671.35
9 558.52
65 210.71
39 679.77
8 849.22
30 943.52
64 447.98
26 992.14
93 644.11
99 725.12
15 549.90
39 355.53
37 536.21
64 929.67
100 946.05
68 580.38
41 502.72
91 411.83
89 903.52
64 293.87
43 408.44
63 323.64
42 211.13
53 971.04
7 966.56
78 235.09
93 205.48
97 810.32
22 310.82
75 767.81
91 383.69
43 392.96
55 741.77
60 631.28
6 194.61
23 637.60
32 269.78
23 539.70
94 244.62
96 634.35
24 177.45
12 703.80
3 566.76
24 611.80
68 330.23
44 109.48
28 422.01
83 803.26
44 533.24
12 763.50
53 933.51
92 608.45
98 500.03
26 550.16
49 598.25
96 450.13
12 527.56
91 751.72
53 654.41
74 880.35
73 708.23
85 342.25
64 851.33
15 846.23
83 640.17
88 305.60
29 670.65
95 915.92
41 905.10
44 569.33
18 694.22
39 146.34
41 410.20
21 763.45
38 556.51
40 140.59
36 450.43
13 695.13
98 622.24
13 893.09
51 497.48
86 493.62
27 991.84
83 469.97
21 436.30
97 774.03
96 367.44
20 384.16
13 226.70
37 625.75
92 519.26
38 995.52
79 273.23
58 741.79
40 295.67
8 471.48
39 409.90
8 753.37
51 447.38
81 230.56
69 126.95
60 648.60
24 989.44
66 915.70
1 544.65
8 227.55
72 404.63
80 935.53
76 172.46
64 902.64
44 526.79
21 671.94
35 213.60
86 521.84
29 975.61
41 362.55
80 617.76
9 753.19
56 705.12
74 584.92
44 146.98
40 113.64
94 578.44
93 403.44
42 714.72
88 550.01
73 796.91
32 204.51
83 506.37
87 326.11
54 611.25
100 868.89
49 867.86
93 849.91
57 764.00
27 961.26
18 385.51
68 803.01
63 548.37
49 676.57
20 691.23
22 241.51
61 301.02
13 683.32
15 221.32
55 750.79
17 839.41
93 521.90
85 167.84
73 453.50
68 994.87
80 766.69
19 554.92
42 991.91
64 370.79
69 111.78
39 878.16
64 642.09
78 757.67
12 617.46
97 283.34
63 425.50
49 192.54
57 730.68
6 886.51
55 145.46
90 636.05
47 785.34
46 880.56
61 328.27
69 389.73
9 419.99
52 980.60
29 230.25
39 848.23
25 160.54
29 544.70
31 892.76
15 675.23
62 683.22
64 899.82
97 425.09
77 646.21
42 186.61
22 971.73
93 592.36
66 448.37
80 145.04
23 139.65
8 986.49
38 252.70
85 938.72
1 283.41
35 292.10
3 614.91
42 115.21
77 623.61
48 627.74
35 342.68
88 798.59
16 536.55
96 965.04
14 758.81
4 381.97
53 325.93
95 585.03
77 655.16
85 867.19
14 634.57
32 148.02
1 302.52
52 153.88
50 929.94
5 344.18
18 838.31
22 319.20
64 166.70
98 153.41
93 808.64
62 101.98
16 417.09
75 324.21
25 442.63
23 596.88
92 280.59
33 952.43
20 905.53
98 694.58
58 200.66
98 105.73
78 493.93
33 977.31
64 569.97
61 545.12
14 343.65
75 829.15
36 518.37
81 421.21
81 219.55
70 573.70
7 657.77
33 195.26
51 338.59
33 506.40
80 305.33
62 700.36
48 688.20
43 913.23
49 166.97
93 477.39
14 579.07
46 406.70
63 152.71
90 879.59
95 606.06
25 373.31
47 532.88
22 641.78
31 932.59
36 557.08
50 985.09
4 556.34
84 494.75
87 689.49
68 842.22
55 198.41
14 572.01
81 771.67
45 723.40
91 392.83
79 940.18
61 998.76
72 932.90
3 356.90
12 379.76
24 494.21
90 179.73
5 793.34
48 464.46
50 823.76
17 972.15
91 569.58
55 874.03
25 225.00
79 141.06
74 740.79
1 624.22
99 625.00
66 385.64
63 232.20
24 561.12
85 629.03
53 964.44
50 540.14
8 680.39
83 585.45
58 114.00
19 329.17
48 436.21
50 767.21
83 602.71
37 733.67
13 751.78
79 856.10
51 457.68
99 178.26
4 489.02
73 311.95
29 228.41
32 641.82
18 158.01
87 453.76
85 173.21
75 404.91
13 375.92
9 426.60
22 350.50
43 990.57
86 557.00
57 258.47
54 633.02
42 147.10
64 496.48
21 138.39
100 508.95
73 721.91
30 774.76
39 282.03
51 217.06
11 472.96
51 186.69
88 395.02
88 644.59
72 392.57
54 561.21
65 289.05
11 667.09
28 543.09
81 704.77
7 647.30
95 507.25
44 367.49
21 843.62
85 283.64
93 382.47
73 713.18
28 398.23
57 189.03
82 460.74
72 312.37
22 398.99
2 401.67
59 252.81
34 580.53
1 135.52
73 271.39
99 744.33
90 514.65
15 845.53
53 804.10
59 421.26
70 571.85
80 594.10
84 320.70
16 175.98
87 710.49
55 569.73
6 557.83
24 976.61
38 667.50
99 982.97
77 887.08
17 550.51
51 826.00
9 346.24
97 312.93
75 997.11
20 380.78
56 680.36
98 569.73
83 309.17
31 539.54
30 723.81
15 390.49
30 744.17
41 430.93
30 303.57
49 734.65
14 681.36
82 663.77
90 893.29
44 721.52
55 323.94
5 520.48
97 125.05
69 436.55
48 164.48
59 539.61
58 348.97
62 560.90
52 266.99
49 986.53
99 153.19
63 511.45
2 336.02
64 821.25
2 109.89
88 192.24
69 438.60
95 970.95
51 665.51
71 131.81
68 648.56
42 994.08
80 861.75
94 499.17
29 291.91
30 506.20
56 830.86
9 451.61
67 738.77
7 806.82
64 200.38
90 274.89
12 730.90
71 336.82
63 849.23
57 620.01
13 546.15
8 851.10
69 225.07
8 638.80
15 679.17
74 452.27
10 568.22
32 924.75
70 183.78
33 773.05
64 364.41
11 660.38
27 290.17
9 547.21
35 865.46
21 873.29
53 106.08
57 247.87
62 864.91
91 955.57
83 195.85
69 248.01
69 541.83
95 176.57
4 372.36
34 470.86
83 739.53
3 423.60
70 159.91
50 740.42
34 852.77
77 407.12
47 154.88
83 423.66
8 126.16
48 512.49
16 697.24
81 575.14
48 315.36
22 958.07
11 458.78
23 227.86
37 948.53
37 612.43
87 203.53
51 678.33
85 754.35
63 306.40
41 838.41
42 432.67
13 135.61
25 906.39
32 397.78
71 634.69
37 238.46
49 101.86
76 994.74
10 614.67
34 607.63
15 942.25
52 440.54
72 321.86
45 454.75
14 653.07
37 632.55
12 456.69
23 965.14
38 846.68
11 273.05
16 412.88
71 294.81
85 485.33
32 631.19
51 406.02
10 492.69
43 506.96
36 807.89
22 444.25
43 175.32
22 160.52
41 949.05
78 608.22
49 930.17
40 753.04
18 984.13
71 692.45
2 277.18
22 111.40
47 895.19
62 849.30
71 803.70
70 844.10
46 315.02
44 165.81
46 666.94
7 204.76
78 545.16
37 652.74
42 274.33
64 590.82
72 549.45
62 638.20
23 254.01
7 930.18
64 844.48
10 186.83
86 447.43
91 863.55
3 741.61
10 945.29
11 775.89
34 729.47
3 785.97
54 180.84
22 270.06
76 881.62
64 508.35
46 844.47
32 841.26
89 764.26
90 953.58
15 402.00
82 391.14
72 698.89
27 205.73
75 209.37
68 979.56
63 869.46
87 754.36
3 167.70
84 793.26
21 889.81
14 522.24
43 492.59
100 559.51
49 563.47
70 230.65
32 913.76
34 674.63
70 824.29
40 129.24
11 983.30
78 758.51
56 790.50
60 871.87
49 559.63
56 403.18
61 189.25
99 180.60
3 511.38
26 325.41
68 464.42
53 603.51
59 733.77
33 622.93
31 448.17
95 906.44
85 858.81
28 494.13
24 237.27
60 330.54
67 802.16
23 612.61
19 533.83
21 220.12
81 106.91
16 149.75
85 163.28
93 859.10
10 143.93
61 716.56
79 682.84
72 939.93
52 811.34
19 861.96
34 241.29
73 891.58
83 591.65
55 527.35
19 716.77
2 459.57
16 620.29
46 447.32
27 404.81
88 763.14
8 449.96
96 411.65
17 872.16
44 582.13
97 518.40
78 851.07
25 946.15
83 895.30
24 173.20
44 156.48
80 325.94
44 630.84
7 754.41
8 349.26
77 213.10
36 764.28
69 867.95
83 180.72
13 597.26
9 284.22
55 125.27
9 876.02
13 461.84
64 307.64
87 606.40
80 185.78
17 549.36
71 264.26
52 648.31
74 305.30
2 402.15
1 757.08
78 189.35
48 308.37
1 636.85
15 857.28
59 796.34
57 490.72
76 161.62
47 802.83
73 377.82
46 295.22
80 654.56
65 845.84
28 942.95
47 886.68
28 873.73
22 291.74
10 289.74
72 460.41
83 726.97
40 902.44
70 842.31
28 419.65
88 311.95
8 980.62
72 176.24
40 949.65
38 340.55
13 481.35
92 371.32
85 330.17
83 722.90
18 929.24
12 847.41
77 701.71
77 409.55
54 698.28
35 531.90
35 958.66
95 523.65
5 141.74
77 278.36
29 629.47
30 913.05
80 865.99
77 685.04
9 318.39
2 438.42
74 118.65
60 785.11
9 172.04
19 412.71
51 776.07
38 682.94
5 660.28
93 995.33
31 726.19
42 802.18
18 147.59
13 349.09
8 132.27
21 736.44
4 534.03
27 722.51
98 121.03
75 279.90
84 274.92
59 687.28
74 279.03
52 645.88
86 957.61
16 701.59
73 257.94
53 125.29
22 823.36
31 707.78
63 219.12
98 796.12
7 263.13
84 687.09
91 990.60
2 734.10
74 666.81
23 920.77
95 208.26
93 170.93
98 472.70
79 611.23
74 544.91
40 504.11
29 249.34
91 659.15
94 520.80
17 941.53
12 588.43
4 472.19
48 312.25
84 786.86
86 132.22
92 452.19
100 822.43
35 690.72
14 756.01
48 501.69
50 581.65
93 448.26
26 337.21
52 423.04
90 408.12
94 871.01
33 372.45
38 727.19
27 548.03
3 147.25
91 477.30
92 369.72
51 714.69
33 280.32
54 274.36
53 360.37
14 352.72
62 466.15
2 641.08
24 164.77
49 387.86
54 745.81
59 320.66
75 746.45
49 122.83
97 735.20
46 407.92
19 500.40
16 822.07
22 192.49
94 530.50
82 628.75
15 630.14
65 349.64
42 499.53
8 487.38
28 214.78
22 358.15
27 721.38
4 428.57
18 581.75
27 603.35
74 967.91
38 851.95
14 859.85
66 806.69
25 147.19
45 398.24
70 332.12
21 488.53
80 803.56
80 668.80
23 396.78
27 256.81
44 848.92
41 165.46
6 804.74
58 638.00
100 701.45
74 259.17
70 591.57
87 161.17
34 253.37
65 293.98
80 399.86
47 685.10
84 164.86
58 891.94
40 432.53
47 211.92
6 255.14
20 467.72
26 261.46
72 540.39
73 171.26
8 419.17
52 601.53
58 767.08
4 669.27
96 700.37
20 859.64
74 307.34
35 975.39
96 782.20
29 772.27
3 379.90
6 322.89
24 102.91
88 393.49
28 266.85
80 557.60
84 525.05
20 781.70
93 417.91
51 197.71
84 679.42
99 469.74
74 316.67
67 221.74
85 659.66
58 235.12
79 965.84
11 753.55
24 715.30
31 939.07
60 169.80
24 856.72
10 120.73
23 753.13
97 115.69
41 133.67
84 882.72
62 999.83
22 182.48
2 167.38
19 607.15
98 881.18
86 337.16
40 761.11
2 449.28
48 780.24
2 828.57
22 241.39
94 348.68
4 334.75
91 127.66
20 640.82
93 990.29
40 694.60
43 563.08
95 682.38
14 690.79
75 939.56
46 261.36
10 497.74
72 177.61
29 975.55
79 252.45
42 244.32
11 992.02
96 647.61
15 344.55
52 997.17
1 863.75
99 554.47
52 973.13
45 234.04
91 425.38
55 228.83
43 251.39
67 718.37
47 750.68
38 226.98
73 346.74
100 354.30
80 984.26
49 152.39
59 154.56
30 992.53
48 870.53
46 890.39
16 521.40
14 906.76
49 573.76
72 356.02
96 988.30
97 431.63
76 804.74
35 714.57
22 453.70
63 873.79
39 818.48
100 582.42
24 996.62
60 608.71
20 774.08
91 437.97
90 383.37
100 686.05
63 582.76
45 308.43
87 307.41
23 797.42
95 965.74
11 113.21
14 772.24
52 376.33
7 472.80
95 371.82
17 860.15
67 967.04
18 343.14
84 490.62
51 666.74
40 818.97
87 878.29
93 288.75
70 532.34
98 144.93
67 503.28
52 887.15
28 832.27
15 928.23
64 625.95
99 936.99
37 274.42
35 624.34
90 141.47
88 310.38
34 886.31
18 467.05
87 285.02
59 703.73
27 433.28
50 154.17
96 220.87
64 512.26
94 238.67
6 345.58
80 378.89
40 955.76
80 453.67
55 882.59
44 310.57
90 203.97
55 392.37
95 911.35
82 996.04
36 822.01
80 380.93
5 791.89
13 811.52
90 951.43
100 695.88
72 279.34
42 418.10
100 764.85
11 705.37
4 912.92
97 834.08
66 969.10
40 521.70
77 724.83
56 909.32
40 889.32
68 485.19
27 803.53
48 777.78
34 977.28
60 419.62
58 204.16
40 569.86
20 172.57
85 428.10
33 391.04
60 602.15
39 587.22
47 942.00
69 185.16
60 670.65
5 614.19
84 591.39
4 910.31
37 569.33
57 589.84
66 571.55
50 169.71
47 752.54
22 430.30
77 752.64
44 603.89
31 853.65
32 987.98
74 526.90
8 274.28
61 261.92
78 437.01
84 569.49
59 210.00
94 674.58
67 310.79
84 570.34
55 574.51
85 971.23
57 380.76
100 581.41
78 297.44
47 852.05
47 190.24
81 547.15
57 919.59
26 267.16
33 928.47
69 406.98
16 236.94
26 642.94
55 383.90
63 922.42
38 979.12
29 112.81
31 559.98
22 374.13
100 242.44
53 244.13
84 769.21
4 844.81
21 725.26
66 782.01
17 350.74
1 795.41
46 986.93
9 239.45
45 832.99
21 574.40
38 926.68
86 668.43
73 935.17
91 493.67
11 513.91
96 120.32
46 837.00
92 982.47
36 783.40
32 721.24
97 954.03
25 713.04
19 851.50
14 476.03
21 178.51
10 961.87
43 798.07
29 706.21
69 865.77
94 924.49
67 515.45
69 355.51
95 488.05
98 530.06
71 103.99
50 645.50
13 194.55
79 902.72
52 793.69
15 477.19
56 575.59
37 238.19
54 736.21
28 925.34
74 605.04
7 178.14
89 123.80
75 422.03
63 484.98
63 660.26
76 647.64
15 279.17
39 272.94
41 907.95
33 515.99
75 942.82
49 886.79
89 682.83
86 731.64
40 727.25
10 408.89
81 709.50
57 397.60
49 981.64
89 699.49
81 296.77
7 584.55
71 863.86
92 883.90
68 184.95
70 118.15
62 256.76
29 228.32
73 571.25
65 478.10
40 964.68
38 781.02
92 197.45
29 406.21
39 772.21
32 547.42
26 542.67
7 336.44
93 489.74
33 713.72
66 878.58
40 882.10
83 517.45
67 471.11
64 855.53
83 983.16
25 493.72
6 186.62
89 533.02
89 562.37
58 667.19
49 598.44
86 821.56
17 406.43
46 124.40
38 349.50
98 204.85
34 756.20
10 754.82
73 107.92
59 375.73
41 976.11
31 635.41
95 330.18
25 744.82
3 168.71
19 979.13
62 804.33
16 630.76
78 352.85
66 764.94
72 415.13
90 345.51
36 197.97
84 991.02
87 161.99
6 104.27
64 382.22
63 737.10
74 855.64
85 300.41
48 926.37
88 445.20
5 107.87
89 308.11
31 865.42
20 998.74
13 236.68
96 761.89
89 822.32
15 988.67
47 203.53
30 310.82
91 676.29
20 262.12
59 656.59
8 482.75
80 333.82
65 898.12
30 802.60
41 293.40
13 619.84
7 810.13
96 263.65
58 308.72
3 609.25
92 612.18
60 241.35
79 477.28
12 158.54
46 955.41
50 951.28
42 424.83
22 805.92
47 818.91
93 537.68
20 243.44
74 865.56
39 329.05
57 516.83
75 605.59
13 961.71
62 716.98
92 803.52
57 903.58
53 574.46
85 461.37
66 564.30
13 854.97
40 500.75
35 548.76
78 440.27
85 993.98
35 317.15
1 166.26
51 828.62
81 159.55
5 750.42
49 699.54
2 416.34
73 704.79
85 566.25
9 805.11
3 615.89
92 373.12
80 904.86
13 494.89
92 255.32
38 889.27
30 311.01
40 354.83
4 929.49
6 876.27
83 189.08
9 734.38
73 330.44
57 521.92
18 890.33
85 517.38
3 229.33
20 195.90
26 384.92
46 551.58
43 467.05
47 344.62
13 862.05
75 620.86
57 129.36
81 811.34
21 385.52
25 878.05
65 921.80
5 991.65
36 635.40
24 441.63
53 609.67
40 982.72
52 395.01
34 852.65
45 813.03
82 709.08
9 596.02
93 812.23
71 664.32
99 301.38
96 970.99
58 981.05
4 681.76
5 153.44
23 799.39
100 785.21
42 438.37
84 148.55
6 597.96
20 566.44
57 201.46
14 296.06
29 359.15
20 250.76
29 655.54
29 690.26
68 865.43
60 734.99
54 237.37
85 475.02
36 804.77
55 863.23
58 645.95
49 579.85
74 758.65
73 771.79
97 430.76
55 451.70
11 551.36
38 144.42
43 722.51
49 700.06
20 600.83
45 839.42
13 197.20
89 203.71
21 840.89
42 654.43
29 223.77
31 598.53
33 273.62
6 174.86
21 636.77
24 421.61
27 557.18
13 516.89
70 430.51
87 491.46
76 513.64
88 817.24
22 229.79
54 329.43
64 146.78
63 934.86
44 881.69
39 676.05
36 854.33
87 147.36
22 791.91
32 575.11
58 239.87
96 805.65
23 830.44
83 479.70
65 447.78
95 374.83
99 379.75
86 465.76
20 492.00
34 237.19
46 451.57
19 967.05
12 349.10
39 219.66
72 490.33
2 213.04
77 391.36
60 115.91
93 244.80
76 548.07
94 847.73
71 751.72
61 681.53
18 452.13
27 677.01
43 459.91
33 805.01
30 684.70
77 572.66
56 852.13
38 205.44
80 389.38
54 519.03
56 470.91
55 258.14
80 794.05
60 597.89
10 288.27
85 370.99
51 935.73
90 294.06
5 230.39
46 550.95
35 897.46
24 896.63
68 300.04
15 755.71
51 370.93
65 857.23
84 727.70
30 924.66
80 387.21
15 625.28
32 105.67
25 537.93
13 326.82
83 457.20
76 910.57
78 357.14
40 878.47
28 294.91
1 447.81
75 923.54
86 910.92
49 810.56
76 702.47
8 398.46
24 296.29
90 456.69
75 794.91
84 612.84
31 633.36
1 667.32
41 733.71
17 536.74
68 118.12
46 523.14
88 708.10
4 756.57
44 756.82
65 419.15
47 838.63
16 879.23
18 754.83
96 406.91
55 504.66
64 343.10
49 386.23
47 846.61
32 371.36
86 413.13
98 379.70
26 127.38
24 912.76
58 611.69
62 628.04
73 879.66
7 823.73
89 952.87
62 394.61
35 440.50
20 645.62
76 742.62
45 648.97
40 974.42
60 658.38
63 560.32
36 622.15
86 430.67
36 353.32
93 813.96
41 244.91
58 748.72
60 764.07
94 765.01
20 331.20
57 661.71
38 242.46
17 425.13
2 185.30
1 646.52
39 154.00
74 921.03
29 557.29
24 408.36
13 428.64
15 174.75
74 662.48
56 458.40
34 966.29
78 397.04
22 814.54
34 748.23
75 392.65
7 452.32
57 741.25
100 400.07
69 549.75
67 505.93
94 640.41
16 547.44
21 145.48
9 362.55
75 139.54
74 102.90
3 187.04
37 258.21
85 743.10
47 884.03
57 271.88
10 506.68
4 339.23
18 708.52
88 665.56
76 628.31
53 503.69
55 233.97
84 551.91
30 623.44
42 861.77
88 598.64
47 296.95
66 835.13
51 141.77
12 981.85
26 732.24
12 143.34
91 641.20
20 417.83
15 497.69
52 930.11
20 749.48
69 161.16
68 673.03
63 171.77
58 111.61
29 629.24
37 821.76
37 655.07
58 542.09
18 139.37
95 312.23
2 184.09
72 895.04
5 213.40
92 846.07
33 670.81
32 716.24
37 333.43
80 238.46
63 581.72
4 119.26
20 549.12
3 910.37
52 303.64
35 947.34
97 796.07
70 940.63
88 505.71
67 223.23
91 521.26
98 640.97
66 739.61
85 282.32
64 812.98
13 798.88
87 702.64
12 231.21
61 346.68
70 147.31
67 329.19
76 437.38
51 827.96
16 920.96
57 722.23
39 296.02
39 716.11
50 350.99
88 370.24
67 871.03
10 456.90
56 661.25
16 359.53
90 920.20
9 391.97
100 370.31
59 992.13
22 401.99
98 174.19
88 744.90
94 484.29
21 309.27
10 533.05
62 711.87
93 919.99
42 173.32
42 416.33
39 933.32
88 277.21
29 318.34
28 163.57
13 311.66
84 501.71
88 849.44
6 105.69
45 505.86
67 545.20
2 917.92
29 426.18
58 685.74
41 588.42
71 362.16
8 108.47
79 323.27
89 841.32
30 155.28
19 373.66
65 766.57
51 270.08
44 204.78
81 639.23
93 687.05
55 152.42
24 866.03
34 398.46
5 407.14
29 824.87
4 436.96
10 360.60
9 657.81
88 635.05
23 254.96
90 476.05
83 864.57
66 555.99
90 495.28
52 796.10
91 802.64
68 389.88
20 820.64
5 239.54
17 572.03
40 716.34
3 582.63
85 736.45
57 255.32
8 869.72
58 993.09
7 486.84
54 580.87
59 994.53
25 218.91
66 904.71
93 550.13
59 245.50
67 687.54
19 464.69
29 799.53
73 184.63
86 205.49
59 990.30
92 165.37
6 756.75
10 184.49
84 963.06
47 170.68
95 902.55
31 209.52
6 103.13
81 750.27
93 312.88
14 818.06
53 829.29
50 800.64
33 998.64
1 244.93
60 825.37
2 922.90
76 570.67
92 190.69
37 901.84
55 230.36
93 251.65
23 599.18
46 613.35
44 416.96
27 558.76
66 625.60
81 803.89
35 452.91
59 612.23
64 738.89
17 710.89
50 761.05
60 329.87
35 396.77
30 584.30
22 568.66
13 260.34
23 307.70
34 658.88
93 682.64
84 492.67
57 275.40
82 454.74
39 822.54
19 316.99
32 408.45
47 716.08
62 812.38
68 789.51
80 914.26
63 412.21
35 167.13
40 773.79
76 661.80
21 438.71
79 781.90
6 708.80
45 101.21
8 927.32
55 595.41
32 660.02
6 473.91
72 840.76
41 917.69
22 394.30
97 318.08
44 751.79
56 205.06
86 257.42
9 662.84
91 887.54
50 403.12
92 220.33
47 920.69
76 843.10
38 476.09
24 994.70
21 671.86
16 623.19
8 112.11
86 704.28
54 474.44
46 120.50
51 719.00
58 582.37
66 930.62
68 550.53
76 704.78
23 474.27
53 606.02
44 944.29
94 144.80
73 985.23
77 404.42
79 584.95
78 472.83
83 978.57
13 556.30
63 562.53
84 845.42
72 176.51
6 105.71
45 846.32
64 119.00
42 537.30
84 334.57
19 883.59
91 151.32
34 150.33
5 421.09
39 131.03
50 463.08
7 450.90
56 164.63
90 493.47
28 130.16
83 932.81
21 811.44
52 127.94
17 601.79
80 582.31
27 801.96
53 112.30
83 998.12
3 221.52
3 717.87
68 446.43
16 977.00
39 796.05
7 348.57
55 297.11
4 345.04
2 486.34
42 133.60
45 116.54
15 890.54
85 363.06
58 797.37
2 469.35
61 219.77
15 454.90
3 974.40
40 513.39
22 866.82
23 996.84
83 750.76
24 127.74
14 465.86
87 679.92
12 612.00
5 541.03
82 882.77
91 904.35
83 497.93
34 114.68
63 631.28
73 406.82
26 906.84
82 266.87
78 511.95
100 955.80
89 695.35
55 154.72
100 276.15
1 827.38
30 885.93
57 107.29
74 174.43
11 468.31
41 847.16
23 669.54
41 250.74
8 848.52
89 445.81
2 158.12
88 535.56
20 488.06
20 548.67
61 171.11
72 367.90
3 407.50
60 511.10
2 506.17
88 524.25
38 651.76
2 274.73
35 195.59
64 249.76
47 620.61
62 876.90
29 665.45
50 813.17
40 161.33
1 416.93
96 153.70
85 128.71
81 535.85
44 683.83
76 691.53
17 604.10
62 117.90
13 580.64
57 139.49
98 713.11
35 783.37
71 745.70
64 842.19
88 854.32
48 810.95
62 953.40
25 772.83
5 168.31
66 476.37
72 737.67
59 616.00
41 147.33
25 244.88
14 203.59
6 806.91
42 575.34
39 278.81
80 104.91
9 735.55
49 283.57
2 230.97
33 178.05
10 697.66
68 245.68
63 893.96
19 766.31
84 835.27
99 843.23
65 930.50
22 652.15
62 467.84
84 265.92
78 967.06
96 479.60
71 836.71
18 941.16
40 413.57
53 125.23
42 844.97
70 325.10
67 862.51
22 909.90
8 788.89
13 751.51
55 479.69
95 775.61
58 669.54
23 755.75
49 784.90
79 728.97
64 282.51
13 356.27
39 197.91
40 966.89
68 685.34
7 281.39
32 684.88
6 593.93
70 750.12
64 727.90
90 786.12
12 172.97
81 486.28
87 263.11
55 335.66
53 276.88
61 972.52
72 772.76
77 809.23
77 629.31
58 112.47
31 685.95
97 973.62
100 645.95
47 749.42
100 858.26
8 180.88
83 165.84
90 888.21
70 642.43
41 208.76
64 830.56
90 110.59
86 664.61
60 790.69
96 686.58
16 517.51
67 388.29
15 336.13
8 610.43
26 284.86
33 210.34
77 473.63
84 390.96
74 703.39
41 985.73
29 225.01
25 936.95
15 838.90
47 207.64
76 497.48
8 820.41
10 539.42
58 958.05
60 149.06
4 613.75
96 632.09
63 170.66
64 500.71
70 760.74
16 756.48
78 842.39
59 653.52
41 469.00
10 266.52
78 869.92
63 395.20
93 671.08
92 535.21
92 126.25
80 829.70
67 771.35
23 912.73
53 240.22
48 210.51
2 764.66
100 381.66
21 149.60
54 395.96
87 939.56
83 288.41
44 569.29
74 555.99
4 987.48
30 255.08
78 771.14
58 169.40
66 825.70
11 382.97
93 240.21
74 543.19
77 185.20
67 963.08
39 542.47
56 727.89
90 213.64
84 160.21
73 570.52
52 241.07
49 976.30
62 890.41
65 999.93
2 870.95
19 103.14
25 557.93
60 668.13
62 563.39
35 149.50
3 836.99
56 579.71
93 507.84
39 485.25
25 558.12
55 519.26
48 256.39
58 874.52
59 963.40
55 613.96
77 172.61
89 725.94
35 580.28
85 774.96
4 926.46
79 736.32
100 516.66
91 732.46
39 735.83
64 218.07
40 428.95
95 607.52
1 617.93
35 592.43
50 325.32
78 265.20
76 457.50
26 711.01
58 453.75
56 160.91
80 819.08
19 880.01
17 612.66
7 166.87
18 394.52
53 743.66
59 102.73
3 359.74
77 554.55
38 165.59
6 517.31
93 522.47
78 290.28
54 762.79
17 501.64
1 578.09
29 782.66
77 112.92
19 371.26
39 992.40
84 278.39
4 690.22
41 246.90
19 739.21
67 737.29
53 368.65
54 407.23
12 313.42
38 649.09
5 649.58
31 205.52
94 823.09
11 747.51
78 618.12
93 362.90
38 361.13
9 371.52
48 549.82
51 648.60
57 555.32
48 467.60
93 534.42
63 750.39
25 355.49
66 660.34
10 885.52
7 243.87
62 996.22
84 582.93
48 841.81
88 993.29
48 103.83
12 480.81
69 402.82
74 631.16
15 224.66
100 172.69
40 931.11
30 835.22
89 661.05
23 586.20
43 700.16
84 705.93
90 834.39
69 963.12
19 719.38
67 987.75
41 810.80
22 145.91
72 635.96
92 615.49
26 691.92
25 904.31
91 927.36
47 983.48
55 132.56
67 407.41
30 681.50
82 574.40
77 623.51
47 380.55
10 972.70
21 104.28
56 833.24
6 863.37
23 938.16
37 211.78
61 952.02
68 669.11
46 278.48
25 460.93
97 350.55
31 678.76
19 911.75
45 986.76
79 412.99
41 206.62
1 497.60
33 801.87
35 235.65
82 609.66
22 485.54
55 119.83
99 965.91
44 834.40
80 280.50
9 362.77
23 531.84
19 412.08
64 543.72
46 256.15
58 808.68
24 968.13
94 401.26
59 922.18
43 607.90
29 899.50
6 676.42
29 302.03
89 826.88
21 560.81
56 556.10
54 873.74
72 739.86
97 114.51
64 329.92
58 280.98
63 258.77
77 932.73
23 680.12
18 648.64
99 567.18
72 295.11
14 369.14
19 861.44
42 372.48
50 819.09
68 355.27
37 584.70
64 455.14
15 281.03
21 598.70
9 459.21
5 796.93
77 459.88
98 501.66
4 812.06
18 947.56
98 573.36
82 161.90
96 887.63
52 185.63
16 485.52
80 940.21
57 175.57
88 286.09
99 306.64
14 278.35
80 925.26
31 887.37
65 887.86
67 947.67
64 588.70
62 440.72
34 660.40
26 873.59
26 268.41
97 172.49
44 371.06
80 292.82
70 647.39
18 190.87
24 352.40
39 713.74
62 390.67
71 992.05
29 144.17
42 730.45
59 432.85
75 430.64
44 793.62
79 923.66
83 817.63
46 299.60
95 674.28
43 666.20
77 728.86
59 743.40
67 993.49
88 301.76
79 390.30
47 819.89
67 208.86
71 473.49
68 816.05
24 486.23
99 471.69
11 459.51
92 698.39
41 896.04
63 802.94
41 738.82
16 607.66
17 968.49
92 814.89
74 987.75
21 621.86
54 151.35
54 941.41
28 888.63
89 356.12
58 357.18
6 565.75
20 604.50
12 635.81
54 288.49
45 489.26
79 217.70
69 289.67
35 566.79
21 306.23
61 446.79
41 699.72
82 317.91
97 275.46
80 818.88
59 225.49
66 491.25
64 543.24
10 549.85
73 288.54
23 566.13
73 426.15
93 173.38
13 181.18
86 778.38
1 514.96
52 593.52
30 533.60
66 891.48
17 853.96
13 342.87
39 733.47
59 885.50
33 794.68
92 996.52
68 788.05
48 794.76
53 212.61
83 960.59
100 714.15
30 976.00
89 325.30
27 716.91
19 789.97
78 805.41
72 466.46
34 600.58
57 136.85
65 259.99
100 530.25
12 103.96
21 565.93
42 557.16
66 405.88
34 815.00
85 244.55
35 278.60
58 419.13
11 641.65
91 585.88
59 348.40
15 198.70
21 299.05
19 883.24
68 198.07
7 521.08
90 384.13
69 768.91
71 191.73
62 312.71
16 375.23
93 565.80
52 332.35
5 878.89
100 842.53
74 263.28
29 499.94
89 675.71
99 601.00
58 850.77
71 730.76
24 949.35
58 971.27
19 331.71
63 123.21
73 690.45
18 562.10
5 279.77
86 962.10
81 280.50
95 978.69
86 166.77
73 476.02
25 146.27
17 691.65
7 904.63
35 654.10
99 265.71
98 665.13
15 942.51
26 770.85
72 394.14
73 578.08
64 896.48
100 638.73
25 284.37
30 294.25
47 181.70
40 589.79
100 589.55
21 144.84
74 956.80
89 633.76
60 679.11
72 111.93
32 809.94
7 238.90
96 177.21
96 899.51
41 829.81
23 307.34
26 557.84
81 937.14
92 328.19
9 333.49
12 334.23
45 503.23
75 111.07
43 269.78
75 275.68
53 746.65
56 590.69
14 535.13
22 453.99
63 602.40
49 869.10
14 418.59
27 986.38
63 440.15
89 484.31
66 801.45
68 508.46
60 284.09
61 475.61
88 608.67
56 380.00
19 300.75
57 433.13
91 304.86
1 435.42
71 850.88
77 134.44
83 275.45
82 593.47
44 187.81
54 448.81
62 532.61
81 606.81
35 194.95
85 168.13
54 952.27
37 929.84
48 564.98
52 312.34
80 481.09
62 483.54
75 680.17
83 631.70
6 976.95
24 511.97
90 863.99
63 299.92
78 945.08
94 809.15
100 551.83
56 881.31
1 576.62
68 603.06
66 614.77
91 442.28
24 189.95
45 960.59
66 497.18
13 526.25
96 544.65
50 997.81
20 701.51
50 776.35
23 204.62
75 992.93
99 886.33
79 624.08
99 293.90
22 578.51
24 505.91
88 712.11
62 321.26
97 541.45
8 979.03
33 901.56
6 668.05
38 376.08
10 159.60
63 631.60
10 543.10
77 571.31
46 755.29
88 480.12
1 416.38
89 499.16
4 744.34
33 482.17
53 879.38
62 180.12
35 643.09
55 821.11
45 471.56
34 238.19
60 187.58
11 917.76
37 718.62
8 543.45
99 661.74
41 404.33
51 259.93
26 866.66
32 295.12
40 479.01
61 228.19
39 755.59
4 428.62
34 941.17
6 245.46
96 439.45
75 125.32
3 706.32
61 347.08
21 866.26
98 482.30
65 933.17
83 652.17
13 647.39
100 993.78
18 372.31
90 873.92
32 146.10
80 262.81
94 353.49
90 352.85
71 105.79
10 911.17
92 464.20
9 430.96
35 804.93
72 575.29
72 104.64
55 476.15
65 640.50
10 977.64
7 985.89
60 456.70
69 488.93
52 536.13
93 885.78
94 889.47
9 772.38
12 829.76
41 278.04
98 931.25
45 237.68
76 554.19
6 362.64
23 725.00
82 744.88
15 724.36
66 417.90
43 369.57
11 202.88
68 857.55
65 980.75
25 548.87
60 779.30
19 625.92
21 976.01
74 792.87
69 345.39
48 637.21
98 598.00
81 174.75
19 326.23
2 721.97
40 669.11
34 495.96
45 181.22
17 444.44
40 413.02
72 386.97
18 846.16
7 890.71
42 680.31
91 683.40
34 549.69
55 300.10
46 476.06
86 932.26
92 403.97
2 916.92
29 866.02
11 545.29
36 446.84
60 472.36
20 832.44
23 526.74
74 239.62
9 308.34
64 281.90
46 110.60
87 154.30
21 899.87
12 133.98
45 230.54
26 232.38
36 745.93
33 677.18
91 516.31
55 615.29
59 895.44
28 600.72
44 573.87
96 672.89
83 517.17
53 400.22
91 647.81
10 419.20
22 969.31
99 828.05
56 529.61
15 587.77
87 554.49
9 632.03
79 487.75
38 948.44
24 464.10
90 562.90
92 496.82
5 630.85
82 563.13
59 423.48
25 202.60
83 148.87
67 694.83
82 431.23
81 451.66
56 226.33
57 332.40
32 665.19
71 261.82
80 650.69
40 435.90
94 604.03
58 951.51
89 161.81
65 996.14
3 205.11
40 433.46
30 844.88
48 336.75
27 624.93
30 628.60
8 211.46
69 104.42
7 767.24
17 581.55
29 114.91
7 801.09
61 642.19
87 615.48
64 299.66
34 736.62
16 971.22
81 459.49
85 226.57
92 579.13
16 800.86
26 589.68
48 237.74
74 943.22
79 164.50
81 150.90
86 381.38
78 999.04
73 216.01
14 764.86
23 970.85
65 731.90
80 662.07
100 189.83
79 759.81
52 641.08
36 951.53
83 996.51
48 214.53
18 455.67
68 764.16
63 807.37
52 666.97
50 292.73
91 914.64
80 468.30
35 468.67
30 534.38
17 964.47
19 791.61
42 824.61
4 207.65
55 214.54
23 951.87
59 180.09
18 438.35
1 131.96
86 234.48
22 934.12
95 874.37
7 314.81
13 430.12
31 324.06
44 713.85
47 339.34
36 955.85
45 399.14
16 463.37
74 405.15
39 795.92
24 448.52
46 288.32
67 690.16
36 297.86
9 272.73
52 235.06
99 502.02
13 172.64
98 561.54
2 686.39
21 852.01
29 644.21
57 837.68
46 135.02
15 650.60
100 115.28
55 537.24
81 536.03
68 724.17
29 771.54
1 892.62
81 799.25
49 612.32
21 806.46
58 407.72
46 310.47
72 363.46
46 893.77
21 244.69
55 835.05
87 115.84
78 773.83
70 739.88
65 930.35
64 109.74
34 793.15
84 605.95
27 176.06
40 159.74
79 700.27
45 937.01
92 913.77
89 180.55
9 453.57
31 967.11
68 958.30
42 582.71
44 757.89
40 764.18
42 234.72
90 401.69
63 292.90
92 154.28
20 412.46
69 743.74
64 590.50
77 517.04
60 293.79
2 487.11
14 648.98
53 687.41
60 626.13
12 964.11
71 626.16
2 256.71
85 959.74
86 868.26
84 792.49
58 437.54
82 788.65
25 196.75
86 784.82
13 848.56
83 956.22
76 579.52
81 128.16
70 417.54
41 251.73
6 514.07
57 885.59
13 339.50
74 274.72
93 288.93
16 600.59
6 248.25
42 456.03
14 156.68
9 319.42
4 538.89
64 276.71
68 667.85
36 596.14
3 813.19
58 134.25
9 512.62
45 406.30
49 309.90
16 368.24
88 751.27
4 491.12
12 604.89
59 813.45
45 515.40
6 587.64
80 192.93
86 525.31
47 131.05
90 187.30
15 865.37
61 524.08
33 162.04
5 714.93
85 766.58
74 737.10
69 605.65
71 761.30
60 620.62
38 611.57
26 350.47
24 888.38
50 818.30
5 555.80
60 414.58
90 573.87
65 721.65
35 775.06
84 203.46
16 254.43
12 394.21
8 927.64
4 483.01
74 833.76
92 517.90
46 369.41
64 730.79
1 870.76
60 846.27
57 991.66
92 499.00
45 143.48
58 683.33
50 242.49
94 230.17
5 463.33
22 778.21
64 627.67
27 878.58
61 503.59
37 865.03
99 549.89
9 386.91
62 120.50
48 274.23
45 732.87
46 369.34
39 367.35
32 437.36
86 312.87
48 542.90
8 478.24
43 674.95
4 978.22
12 560.11
11 898.88
98 369.86
57 772.71
77 604.22
93 805.15
96 296.86
86 190.00
2 771.53
6 404.50
21 505.25
5 411.70
10 878.29
70 153.31
16 789.98
42 642.63
9 807.05
26 735.90
90 903.60
18 125.01
23 914.61
24 156.16
55 435.03
35 777.13
92 651.33
61 187.00
59 301.17
73 333.77
67 795.47
39 781.12
74 763.24
93 542.11
81 584.07
30 852.94
22 718.07
61 833.07
70 239.36
52 151.44
94 969.70
77 223.54
67 441.61
38 164.52
77 389.52
92 922.86
67 743.51
61 475.34
86 557.90
6 984.14
27 491.43
1 534.92
10 594.90
30 891.93
88 301.66
30 925.67
13 937.76
22 652.96
56 101.09
41 109.72
92 621.39
75 772.22
32 562.64
45 436.64
92 209.36
69 146.87
67 213.78
25 155.85
33 954.01
7 855.60
95 243.10
75 171.30
18 633.36
37 237.90
58 695.73
27 917.94
48 918.65
60 772.21
81 375.08
95 181.80
100 725.35
41 611.65
14 700.81
100 881.20
47 568.33
2 552.45
78 253.15
74 752.27
91 555.42
61 689.74
45 258.00
48 942.65
99 518.73
82 657.03
93 266.34
77 394.21
77 670.73
61 281.36
44 741.43
18 327.57
8 329.14
78 562.86
3 283.79
23 375.10
31 805.62
13 466.39
4 509.48
18 459.71
4 105.69
27 484.31
40 785.73
21 985.27
91 658.76
39 601.12
71 132.16
70 477.32
83 393.39
64 513.74
89 671.92
43 868.18
44 172.58
76 480.67
55 463.60
20 691.79
48 199.27
69 715.86
100 705.26
39 463.64
26 252.55
72 488.56
35 773.02
97 611.60
81 110.64
94 728.18
15 580.02
76 617.05
35 724.26
90 632.43
63 998.09
34 630.91
58 149.22
18 756.52
96 806.86
43 460.21
15 479.45
99 368.77
30 377.47
96 795.25
41 345.29
87 969.67
62 560.63
52 465.18
16 959.43
78 579.57
79 156.93
50 153.98
94 610.44
39 106.81
54 771.49
60 423.95
57 442.29
71 195.09
12 915.76
74 233.01
97 724.87
61 629.29
38 156.01
96 324.64
47 510.97
20 257.93
39 596.03
93 995.00
86 911.66
60 299.95
24 261.13
1 154.92
37 111.48
22 102.39
48 116.85
73 378.40
47 165.29
90 482.62
63 214.67
71 350.32
35 756.42
24 387.90
59 751.45
8 676.32
40 253.31
22 342.60
31 161.52
24 444.16
42 952.67
65 634.67
79 254.65
89 223.83
4 697.45
54 540.73
59 799.23
38 608.46
78 977.70
56 177.59
65 375.22
36 367.12
15 115.67
17 502.48
55 567.63
37 982.77
82 786.23
50 796.78
14 394.38
99 403.48
42 504.48
37 858.30
58 562.22
47 398.82
11 830.53
92 488.08
17 588.70
52 403.97
70 619.56
83 698.49
86 257.20
51 204.92
97 840.07
57 947.59
3 987.33
89 195.45
78 871.99
51 515.66
67 969.31
99 818.69
81 747.29
91 634.23
73 477.25
60 147.63
88 727.47
71 318.25
24 476.32
58 838.51
93 269.72
93 781.29
82 926.22
59 460.39
100 816.74
31 685.40
96 997.47
56 234.97
41 605.85
37 117.25
76 204.36
90 664.35
38 410.01
23 501.80
16 922.87
9 130.25
22 220.58
36 103.53
85 795.30
84 781.35
61 295.92
62 762.78
27 616.24
80 784.70
2 319.55
82 618.37
83 354.89
83 152.26
84 133.87
73 721.38
37 622.88
97 273.55
44 186.44
100 643.95
92 463.67
50 479.77
61 795.04
64 246.26
22 922.54
57 906.39
44 327.10
4 443.17
20 324.03
28 215.46
47 353.00
16 782.49
45 261.72
97 285.09
1 712.27
86 417.66
76 296.50
82 646.88
32 651.99
48 629.96
66 326.95
54 896.18
27 904.34
36 812.54
41 459.33
57 744.89
84 498.49
34 326.94
65 337.91
51 858.01
4 724.38
35 626.54
13 192.21
40 709.77
60 972.22
57 200.58
73 272.62
89 416.55
60 393.82
86 228.62
73 893.00
9 648.30
96 402.28
91 417.64
95 841.96
69 555.22
84 584.32
52 751.83
83 888.32
8 173.79
56 960.49
4 877.85
15 419.23
28 314.67
69 118.01
72 161.93
69 711.22
44 181.20
64 200.77
95 308.20
73 316.13
27 244.29
60 632.45
60 209.79
86 199.19
61 412.28
100 927.29
98 936.46
39 622.30
58 298.87
7 292.48
61 347.68
70 502.35
53 428.16
11 363.10
42 639.47
36 175.94
79 769.79
22 544.08
31 719.78
72 364.57
70 155.58
81 167.70
67 456.29
7 985.90
47 584.04
84 503.36
32 147.12
55 370.26
46 949.75
4 235.85
5 148.15
46 210.87
61 979.77
86 380.67
43 897.97
29 253.71
35 284.25
72 788.62
36 196.86
23 360.75
53 160.84
14 487.32
20 814.94
3 768.43
76 897.13
83 458.67
27 611.38
16 683.82
60 634.63
28 229.27
43 153.98
81 109.42
87 967.73
36 540.10
2 926.35
78 569.95
96 575.83
42 997.52
4 258.69
28 302.23
72 759.99
21 812.40
52 826.24
22 223.09
53 398.64
5 372.62
61 123.17
71 101.98
3 607.76
75 388.93
88 197.41
52 311.36
25 868.45
52 940.76
100 176.51
33 288.10
21 729.24
90 902.57
36 237.46
6 198.86
13 210.36
85 601.57
26 253.95
74 425.86
38 212.41
45 658.64
69 792.89
82 242.77
37 487.80
2 995.20
94 186.81
12 390.10
73 919.42
35 158.25
36 275.08
25 365.95
93 681.17
78 653.60
34 845.26
78 193.40
40 836.56
1 256.23
46 799.36
69 396.68
41 362.49
64 797.91
64 925.98
100 153.21
94 469.76
14 154.59
78 837.42
42 391.98
71 244.55
27 577.98
64 588.62
68 148.03
90 681.76
9 468.04
68 596.13
75 888.28
46 274.26
31 924.82
44 812.65
34 466.04
14 558.89
23 685.51
67 835.15
62 890.47
37 405.00
65 497.54
98 103.67
71 128.90
19 497.22
54 707.88
47 233.69
14 544.08
68 435.11
13 939.37
1 973.73
69 669.58
95 338.60
41 496.09
22 550.37
58 771.43
13 933.06
55 409.84
91 896.79
95 994.89
15 125.47
73 632.72
25 529.71
61 876.36
69 502.42
75 742.10
83 553.94
35 720.43
70 905.81
59 583.45
77 199.36
87 945.38
11 359.56
85 819.32
7 458.07
17 579.14
18 742.62
73 828.03
5 902.26
61 366.17
28 624.38
51 311.96
68 159.95
73 347.62
5 501.68
31 719.67
14 439.83
1 449.11
84 539.69
93 459.78
49 172.45
18 559.50
54 506.30
26 998.93
13 318.58
3 649.47
63 121.58
52 967.04
68 584.46
13 448.28
14 156.62
89 231.70
97 783.40
97 798.77
2 642.70
65 204.15
88 550.52
29 417.30
51 364.47
81 531.82
34 659.39
28 492.83
91 117.73
70 174.57
100 254.89
99 755.32
13 198.03
3 263.39
22 436.51
65 147.72
93 765.93
6 159.65
52 271.82
24 853.62
42 201.78
9 738.27
34 603.26
2 127.25
7 825.71
100 587.31
12 599.06
96 616.06
56 399.57
53 477.53
88 928.93
85 677.84
21 355.64
84 585.04
86 590.54
14 151.20
32 513.31
71 913.94
2 374.37
71 551.35
59 370.64
31 456.99
31 519.11
85 787.06
100 500.14
19 175.22
36 332.41
32 160.48
57 579.18
29 186.68
55 779.33
84 802.72
4 472.05
33 677.49
25 692.41
75 749.48
27 897.37
26 780.53
44 389.37
88 306.69
19 460.80
16 403.51
92 346.86
94 847.68
20 857.21
93 928.15
16 102.64
30 986.66
45 821.33
60 173.31
45 154.09
17 287.79
82 655.65
91 168.64
17 616.46
20 984.86
21 526.13
36 103.38
90 379.03
13 353.44
40 618.65
14 762.73
77 957.24
89 791.93
11 563.71
38 506.85
12 272.00
15 234.83
47 745.17
79 122.58
18 177.89
95 211.63
68 682.14
35 384.48
54 997.72
33 456.30
78 977.14
61 814.14
92 323.68
51 143.77
81 185.32
54 134.69
40 225.69
94 750.33
16 361.59
49 702.77
8 845.13
92 417.59
12 517.59
73 671.03
98 329.58
29 254.36
54 642.71
49 996.93
56 592.89
48 383.05
12 795.41
88 940.42
68 759.74
49 184.15
89 528.99
14 666.68
27 345.82
55 553.34
19 540.64
98 836.74
97 609.09
84 432.16
79 949.59
46 410.79
94 575.05
65 651.02
24 531.69
36 244.58
99 611.96
69 176.49
40 429.75
30 509.44
45 558.61
20 693.85
59 635.92
93 781.06
37 588.12
14 232.49
38 921.42
31 209.95
35 763.76
34 435.34
71 989.91
90 327.86
59 643.55
37 511.92
88 478.80
23 139.35
18 861.32
55 278.36
5 535.36
34 863.11
74 308.24
61 830.67
67 731.10
23 419.54
73 672.73
15 477.89
93 719.80
52 794.93
49 729.65
89 916.15
58 481.21
62 430.52
14 893.07
36 315.07
90 230.73
62 891.11
32 522.67
78 987.72
89 234.39
64 430.11
26 737.46
69 566.00
41 721.77
74 205.37
91 836.68
1 205.44
31 600.87
49 592.69
56 905.04
63 667.90
83 395.16
47 377.48
83 329.96
76 519.48
5 565.96
94 784.44
10 681.57
32 960.50
84 699.79
55 828.65
70 123.75
33 931.31
58 694.48
42 835.35
16 471.89
74 710.05
68 351.36
50 943.52
92 963.62
78 460.23
32 314.29
98 937.85
12 810.09
26 977.31
96 318.16
39 514.11
55 762.98
20 878.04
47 165.55
96 495.95
28 320.11
70 403.94
65 874.20
28 259.07
51 678.36
48 234.05
18 326.37
31 355.08
39 132.69
93 682.38
80 822.57
52 234.29
12 498.84
24 444.23
63 277.79
42 273.15
28 213.63
22 865.00
54 253.48
22 648.30
40 551.23
69 861.52
21 504.25
48 666.90
8 374.06
90 804.57
23 444.77
20 486.54
68 990.95
41 989.22
65 582.28
17 640.22
12 986.35
63 116.66
74 422.88
94 252.46
55 345.56
80 838.27
89 860.05
67 977.70
34 972.18
89 889.56
74 971.84
21 427.54
88 724.47
13 124.83
11 826.60
96 384.08
69 711.19
32 965.68
15 428.48
2 198.67
88 714.93
48 234.34
8 551.82
49 857.58
39 657.86
79 622.36
100 193.25
64 939.74
65 139.64
11 762.48
17 582.11
18 948.44
47 466.13
14 552.48
89 872.43
72 559.86
49 571.04
74 904.51
17 488.83
76 342.51
63 230.01
40 354.07
37 693.20
50 697.79
91 787.79
73 259.19
77 716.91
28 342.10
10 603.49
58 626.30
30 262.04
83 691.16
73 797.48
80 147.46
79 844.27
78 839.76
5 384.93
33 437.70
81 241.76
81 181.99
21 206.55
73 697.62
42 111.26
96 706.14
29 584.31
4 642.14
98 534.87
75 452.35
54 335.67
77 307.13
35 647.93
12 783.74
27 277.23
60 815.73
53 470.24
25 863.79
62 978.54
85 871.29
93 788.00
97 348.76
69 914.09
57 799.14
17 656.13
67 533.63
8 995.69
43 112.93
80 975.15
35 554.55
96 934.75
47 516.43
25 685.64
16 599.87
40 501.13
81 248.22
92 130.87
30 592.77
23 191.78
76 410.56
52 771.13
53 549.59
24 679.34
65 370.53
97 268.36
9 190.02
14 447.26
100 880.44
17 831.25
33 275.86
15 636.90
10 744.22
63 748.45
9 601.57
64 154.88
50 591.45
54 277.07
62 401.22
10 109.12
67 772.98
11 813.76
89 700.07
60 538.31
29 770.57
21 692.94
46 648.41
90 825.84
18 986.63
50 479.71
86 928.41
88 815.10
75 228.59
58 476.50
90 528.62
67 275.44
63 424.85
66 845.92
94 838.29
61 602.83
18 138.57
28 238.41
41 842.00
56 523.52
98 123.24
33 445.79
53 643.81
84 322.79
12 558.86
79 580.15
75 925.02
15 524.68
63 439.72
68 498.52
76 736.46
53 184.17
43 871.67
27 697.60
4 233.88
41 283.61
63 500.32
23 749.85
24 426.99
31 164.82
94 996.38
68 371.80
83 607.79
66 676.61
46 153.71
24 351.36
47 882.27
58 114.70
19 512.32
23 466.09
50 589.84
17 632.63
48 894.53
11 363.24
91 362.21
22 775.69
54 626.55
99 893.74
62 652.25
82 708.44
61 206.65
97 690.13
39 346.71
86 412.51
78 703.24
29 830.49
41 397.43
2 705.59
3 958.77
41 313.66
69 272.80
1 680.29
68 748.88
18 780.77
15 629.26
64 640.61
20 876.55
66 703.40
36 167.16
34 802.00
58 171.36
67 686.63
20 268.13
16 622.07
52 486.81
4 195.66
40 971.29
75 138.94
34 323.05
57 377.50
23 139.15
78 866.66
24 340.57
72 897.62
49 155.26
50 740.27
10 496.04
48 908.28
60 677.06
14 697.24
98 206.99
57 947.09
78 232.06
46 839.21
64 828.87
5 913.49
55 621.30
30 230.60
81 549.39
65 423.97
48 297.91
29 915.58
95 984.22
63 477.05
49 446.13
79 291.86
11 853.02
31 569.83
18 815.08
31 928.48
17 266.95
55 544.55
41 609.84
93 966.67
83 418.37
97 199.19
14 791.21
60 943.41
83 514.61
30 755.67
82 907.70
23 440.20
6 771.53
22 223.30
84 547.41
92 577.56
59 978.02
27 359.94
90 322.21
58 786.76
38 136.46
98 345.78
94 193.02
34 796.97
19 166.13
45 650.35
92 962.17
16 376.24
62 550.70
81 980.91
72 914.06
47 817.71
18 936.75
22 993.03
38 568.89
15 178.60
71 978.53
40 882.75
31 658.35
9 994.05
12 878.39
46 332.42
34 121.56
13 402.47
62 313.85
31 913.83
57 455.97
36 436.51
22 191.33
32 399.25
43 870.45
45 266.03
30 911.52
57 194.19
23 357.85
100 123.69
84 306.99
74 888.42
26 347.57
86 232.54
99 412.86
93 215.29
71 960.26
3 643.41
31 561.65
38 598.85
9 552.50
23 775.02
44 526.04
22 640.62
38 650.65
45 373.70
32 587.13
73 392.54
79 175.56
74 674.53
30 499.43
86 949.10
71 710.64
79 582.91
65 194.11
27 339.95
72 819.27
41 855.73
26 152.28
7 927.55
49 906.75
63 625.47
29 392.23
42 332.03
29 822.67
20 162.45
77 127.07
69 564.81
4 484.36
22 842.25
44 194.12
100 536.58
4 898.21
49 969.74
25 877.54
67 660.52
67 162.06
81 676.35
30 859.10
92 150.01
31 888.93
4 983.64
29 843.96
98 274.27
19 899.10
50 258.51
93 753.27
60 771.89
59 437.60
4 714.24
58 377.94
89 206.34
23 652.19
67 387.34
29 730.45
48 234.70
10 541.10
31 484.75
67 233.49
74 608.28
51 354.33
45 200.93
68 155.54
55 281.54
44 519.85
59 470.88
36 302.85
56 142.29
55 806.82
56 714.58
98 728.75
36 859.85
96 188.02
70 114.30
66 378.51
42 493.48
51 361.81
12 966.81
62 792.60
97 696.14
31 511.68
69 681.04
9 327.32
6 693.81
74 682.98
83 858.73
70 268.48
42 505.27
3 431.73
27 652.63
57 140.46
79 305.01
71 165.57
95 317.18
48 358.01
44 792.05
54 457.29
34 268.35
47 989.43
62 716.77
55 999.51
40 927.46
69 216.17
20 188.41
21 509.12
59 718.57
55 207.73
97 158.22
82 868.11
45 873.83
19 730.30
30 849.80
56 456.01
62 244.02
57 592.00
71 389.31
65 583.85
75 105.99
51 816.19
91 121.71
57 453.75
77 183.85
85 345.87
59 874.61
43 927.94
32 346.30
82 819.15
8 998.78
95 679.24
16 394.14
52 201.22
85 529.77
51 874.60
59 560.38
59 590.27
15 732.10
62 136.96
38 360.37
98 452.18
86 933.52
45 479.37
63 985.04
100 128.84
7 481.66
46 267.83
4 570.71
91 244.88
5 143.65
46 487.20
93 334.82
6 790.77
11 556.67
6 483.11
61 519.71
74 927.94
48 734.82
78 758.32
57 706.22
83 416.45
74 805.50
71 912.32
75 470.19
92 401.84
77 850.63
17 674.28
75 933.34
94 975.66
8 456.30
58 432.90
24 406.55
50 138.71
37 548.95
19 618.64
16 247.23
55 620.02
80 795.29
66 654.63
33 448.87
69 946.07
40 209.94
1 316.42
75 233.68
77 935.30
56 216.71
43 948.62
24 141.14
73 938.74
95 425.43
73 581.97
96 464.60
99 177.16
79 758.61
84 176.00
90 230.88
81 381.38
29 431.92
29 265.27
62 592.79
34 655.70
82 815.99
3 532.18
4 891.79
49 397.84
13 344.61
54 735.94
3 167.52
75 944.04
62 321.46
35 281.55
43 895.20
48 782.21
46 545.27
89 850.55
34 789.39
80 714.67
69 694.94
22 615.41
100 123.75
72 661.64
31 712.14
35 430.59
93 130.51
59 638.85
12 176.74
28 513.32
60 501.17
79 676.66
20 765.94
4 842.07
54 535.88
41 531.03
94 327.90
81 936.86
43 993.12
86 254.91
18 592.34
13 630.38
43 330.34
86 273.12
71 955.88
85 593.59
42 884.82
67 209.54
82 718.81
34 544.53
72 950.49
57 199.73
77 962.61
79 728.38
32 470.61
16 325.49
13 488.17
48 781.51
76 291.78
11 617.07
73 329.88
21 686.75
51 160.86
37 238.70
27 726.34
62 138.40
43 242.68
10 482.36
45 142.96
15 869.18
17 218.56
86 545.32
44 544.27
61 993.51
2 365.85
61 180.31
65 305.69
37 965.11
95 500.73
91 862.62
34 531.61
75 394.48
7 925.27
7 130.82
14 715.01
74 399.79
89 283.50
94 103.35
75 458.47
30 195.51
80 766.24
2 612.38
87 248.25
86 746.26
50 705.45
63 522.66
71 902.05
88 700.12
67 638.41
83 577.24
97 242.30
89 923.59
77 561.60
25 785.59
75 733.82
77 572.56
3 957.55
60 390.64
56 839.30
96 905.30
28 683.64
12 137.49
78 402.46
54 377.59
20 666.48
32 377.99
42 199.22
36 499.59
100 999.12
92 332.09
15 993.78
40 310.11
67 329.74
72 551.38
44 298.70
25 539.98
20 206.50
92 295.93
16 228.25
85 804.68
93 952.04
60 545.67
89 904.80
10 438.64
42 391.54
75 948.10
97 182.89
25 945.41
39 150.43
80 960.96
25 398.00
27 925.48
90 269.15
17 889.81
31 546.34
63 419.75
22 583.29
21 727.99
87 859.81
82 862.06
67 318.03
19 450.01
86 200.09
97 668.68
57 538.99
54 720.54
86 419.21
18 650.47
63 710.29
70 575.20
22 623.40
9 565.16
8 129.53
14 646.34
62 687.79
33 675.94
79 559.91
90 530.80
42 897.95
51 474.58
95 353.81
73 439.56
50 410.50
65 340.43
74 913.55
33 434.14
44 401.59
17 379.47
74 329.64
17 119.83
77 222.83
2 396.82
85 390.94
11 740.77
2 268.45
95 463.45
67 179.77
63 804.00
7 282.46
65 586.99
92 877.30
26 106.86
89 843.76
1 573.78
4 781.44
67 608.40
25 825.55
91 438.98
79 325.15
53 187.13
77 696.14
16 686.68
31 421.35
94 415.52
1 817.36
94 791.80
40 440.33
60 302.70
65 777.60
71 878.65
86 434.45
15 797.46
64 394.70
77 983.46
51 104.74
4 410.90
10 555.81
91 140.34
31 803.46
65 706.04
28 507.67
7 765.75
72 703.08
46 438.23
41 413.01
61 483.46
65 722.76
61 281.88
55 858.26
89 830.53
69 450.04
80 947.38
17 649.50
72 604.57
70 389.15
98 586.01
21 138.96
91 687.52
18 757.80
43 547.62
65 743.78
98 725.05
90 349.13
20 340.02
22 263.18
2 617.03
82 554.30
29 236.15
24 521.54
66 701.94
49 210.29
31 445.64
90 468.53
37 675.85
93 396.54
80 861.31
36 652.17
98 229.51
77 644.43
88 614.27
89 213.60
11 816.34
66 453.50
22 372.01
71 830.87
84 971.21
91 818.32
21 276.11
6 655.27
60 899.72
48 567.58
92 580.26
42 605.60
67 149.61
49 455.87
12 702.57
54 262.64
71 793.33
16 865.23
2 724.18
31 699.05
28 290.55
31 377.75
27 673.41
19 904.99
88 489.49
87 314.11
49 935.19
98 946.55
72 798.80
86 907.85
23 424.85
80 393.02
74 522.10
86 129.73
76 141.55
96 805.80
82 348.67
10 835.17
57 325.76
55 603.82
66 331.43
78 467.08
38 882.01
77 796.04
96 935.45
55 782.04
81 902.82
41 866.25
52 201.19
82 474.80
92 454.29
88 163.64
27 766.59
78 517.57
12 930.67
68 868.66
56 859.95
49 370.38
74 198.43
33 276.61
53 394.02
68 693.10
21 548.74
100 501.01
39 841.34
5 548.03
84 414.02
55 692.74
84 945.64
83 273.53
68 214.80
97 338.31
64 448.53
4 271.60
17 275.57
22 940.49
100 674.19
63 598.57
24 624.65
59 450.10
50 804.17
81 667.07
61 521.29
38 408.34
61 391.42
38 802.00
71 644.21
50 208.18
100 534.60
37 734.55
75 354.55
85 537.07
66 766.49
12 111.10
72 131.89
69 858.28
62 331.30
51 507.24
30 844.14
85 760.69
21 615.03
19 140.81
10 813.92
28 700.83
46 974.73
80 966.19
90 442.51
75 811.57
23 818.74
91 718.98
93 125.71
98 646.82
83 857.50
28 352.48
21 502.48
6 913.55
68 637.48
21 616.75
62 188.20
61 102.60
46 352.32
43 393.33
96 314.50
84 822.38
59 444.21
84 738.63
75 105.82
89 565.87
57 958.53
3 802.11
11 692.77
39 103.13
100 956.02
62 294.27
20 641.63
50 777.98
84 386.70
39 800.66
61 698.83
68 834.33
88 279.26
87 294.15
71 496.83
44 803.43
68 127.93
23 108.23
46 635.48
53 106.00
74 428.66
79 543.25
79 598.83
69 912.58
4 964.10
72 658.71
21 189.52
100 843.50
71 837.47
18 822.69
7 453.26
6 772.22
93 589.39
54 872.71
93 711.17
13 858.02
57 815.37
77 277.34
6 656.73
37 749.34
61 433.27
77 360.78
48 537.29
36 854.63
30 284.59
15 209.55
63 197.19
15 145.95
65 183.60
47 866.62
50 349.66
78 426.78
86 696.05
59 526.04
79 864.50
57 130.66
46 166.36
10 646.68
7 879.84
41 419.51
50 183.89
45 121.83
67 556.03
96 866.81
66 715.91
50 458.52
99 147.30
56 369.69
80 230.35
83 688.54
54 686.74
99 635.64
63 620.95
24 383.50
15 789.14
77 331.48
4 207.73
15 780.32
39 315.35
87 669.38
82 127.80
78 990.25
3 301.23
73 204.41
88 304.24
10 332.61
42 443.88
4 767.55
89 565.73
7 101.61
22 729.07
63 529.65
58 613.23
86 455.25
73 445.03
43 496.97
92 992.27
19 556.08
37 434.53
79 291.82
51 338.72
25 672.73
70 652.38
87 355.00
50 411.68
85 109.86
97 854.17
9 732.15
35 962.96
42 369.51
37 220.43
84 387.13
2 996.66
88 965.14
39 642.17
15 599.82
18 497.46
15 993.64
6 658.93
11 268.26
49 331.79
54 418.72
21 927.05
29 997.75
35 732.28
78 236.18
31 813.40
15 663.08
81 487.83
10 849.26
20 996.70
83 748.17
70 282.29
16 735.96
45 307.45
91 456.52
22 141.73
37 584.09
39 444.66
63 935.71
81 468.24
64 574.00
63 131.33
97 375.90
81 794.68
98 518.25
18 964.91
63 357.15
51 494.28
72 454.97
3 532.60
93 548.76
15 928.44
42 609.68
1 760.09
13 277.02
28 531.71
43 537.17
70 578.31
50 901.40
29 245.37
48 666.31
43 984.19
71 856.90
76 844.89
29 170.86
15 506.38
13 388.14
78 524.62
14 439.77
70 740.54
95 568.59
83 323.09
36 154.54
29 634.52
75 405.71
13 377.97
18 818.39
69 944.82
18 928.23
88 208.13
13 891.41
68 686.35
62 993.52
83 867.99
25 903.04
74 913.78
5 801.25
88 766.22
18 551.65
25 635.64
65 321.54
65 518.36
96 891.88
16 142.08
49 778.02
66 354.79
1 966.30
55 355.35
74 266.88
87 674.24
11 463.54
96 576.29
98 340.10
35 624.16
47 764.17
87 963.12
68 523.90
34 613.59
25 899.29
70 832.66
35 173.36
78 891.64
1 637.17
43 149.49
48 908.56
73 755.11
16 228.16
71 499.32
15 911.14
53 601.11
52 703.21
38 471.55
60 737.51
15 570.38
96 230.78
57 304.31
20 964.67
39 203.08
49 908.22
37 371.66
69 144.39
42 369.43
46 718.67
4 756.14
74 212.09
96 537.49
38 174.29
6 235.81
18 952.19
6 339.59
37 661.18
44 316.60
88 808.63
88 966.05
54 278.40
51 261.07
44 534.30
93 684.03
60 325.66
18 317.70
61 476.48
47 448.28
50 742.84
9 108.93
86 879.94
31 202.77
53 827.91
43 220.76
40 163.01
84 927.66
92 771.74
29 550.78
68 527.29
11 494.82
88 385.53
41 892.75
36 428.31
59 340.51
74 878.55
27 420.34
25 721.38
7 496.03
58 850.60
58 466.90
11 391.02
99 931.58
44 648.62
16 580.50
95 791.54
49 585.73
14 590.72
71 889.94
3 587.37
2 372.70
71 564.51
15 563.37
71 113.38
8 925.11
54 799.99
65 897.11
27 204.06
11 149.51
66 265.47
77 788.25
94 308.14
9 488.75
78 976.92
67 450.66
27 720.67
79 420.57
60 594.99
52 235.63
90 351.62
87 423.59
54 760.93
47 398.57
14 952.96
81 206.14
89 220.92
13 205.93
90 566.69
83 447.96
10 670.38
71 863.23
54 556.85
57 430.77
67 107.61
54 889.11
69 121.80
78 253.12
65 685.97
58 812.44
64 117.10
44 805.60
82 172.47
51 467.63
99 639.27
88 867.41
56 461.12
2 475.22
35 369.63
57 230.19
13 253.26
81 956.95
7 336.43
44 632.94
30 947.28
8 835.61
85 858.28
60 814.41
80 184.02
60 400.43
46 165.29
48 157.51
88 297.99
1 365.79
65 946.88
63 802.77
3 612.52
72 306.38
37 232.79
81 575.96
8 980.42
18 651.99
2 516.48
75 567.82
53 945.52
71 825.62
40 142.92
85 885.74
77 774.34
79 129.07
86 847.24
46 688.79
88 243.41
66 916.28
10 868.30
76 737.48
34 442.06
68 934.76
33 660.17
17 358.85
51 457.54
11 755.42
97 691.72
83 172.13
87 973.06
61 851.58
52 403.12
60 751.84
89 184.72
5 548.87
85 684.82
33 998.73
4 844.58
58 384.20
81 743.25
46 476.16
52 118.60
45 595.52
94 469.05
68 639.69
71 392.54
86 346.47
98 691.20
90 875.88
83 905.41
49 629.05
55 110.88
35 850.00
20 255.40
39 636.52
34 488.62
100 573.39
86 329.33
81 649.71
44 872.64
53 882.47
33 361.33
84 604.14
35 325.03
72 843.19
93 321.14
66 456.17
41 160.64
37 401.75
93 595.43
90 433.91
75 354.67
79 533.95
35 514.41
66 910.97
82 813.91
84 984.98
64 493.00
75 402.48
46 611.08
34 497.90
60 633.44
8 431.63
50 801.12
27 281.40
34 521.11
83 799.93
29 330.89
45 106.12
81 514.43
41 152.41
100 477.43
42 730.26
78 984.25
84 476.37
59 368.04
94 669.45
21 808.59
8 328.03
45 206.63
87 407.26
38 103.04
29 820.42
42 676.58
61 135.75
39 345.12
52 293.39
12 655.21
85 105.98
52 766.20
63 268.34
12 999.48
87 368.70
25 782.51
87 748.64
58 131.20
56 760.95
2 974.95
54 780.45
75 386.99
6 351.85
71 769.14
86 223.69
30 397.55
46 693.18
38 735.26
36 295.67
96 146.10
68 579.62
99 912.01
25 746.31
25 126.73
84 449.34
14 780.70
36 611.40
50 506.43
54 789.91
24 369.34
59 229.02
68 280.77
95 344.49
9 567.83
48 342.44
87 829.20
18 673.31
28 628.10
74 893.83
1 670.54
29 429.63
86 635.13
100 231.82
2 749.64
100 929.07
25 225.19
62 759.50
57 482.68
57 582.12
26 272.08
87 413.84
86 326.60
84 797.79
97 264.33
12 762.96
22 252.34
71 739.50
70 156.92
65 103.91
73 560.37
76 211.27
98 254.62
69 556.12
57 155.83
61 867.34
62 260.46
4 472.85
16 541.02
66 998.93
95 326.27
13 458.31
86 600.52
31 961.26
79 704.35
26 727.04
4 605.42
18 591.68
88 224.56
80 775.73
58 946.58
32 982.52
81 720.73
32 329.29
48 538.42
37 407.11
23 367.23
86 671.58
82 381.05
88 998.75
64 316.50
23 530.68
58 390.22
4 540.08
34 704.22
40 560.34
24 775.05
74 830.45
53 962.32
59 485.29
67 325.38
84 946.60
83 952.44
91 419.98
91 724.97
45 771.94
31 441.67
99 751.77
40 621.20
12 501.98
12 778.28
38 694.74
58 558.66
77 969.03
6 487.86
58 870.67
3 534.85
13 654.97
25 333.53
15 183.49
18 926.50
38 212.27
32 684.81
89 812.20
28 738.29
50 862.07
75 334.90
97 474.96
20 567.15
90 549.60
10 696.09
35 318.12
31 816.78
33 644.29
90 935.88
1 271.88
80 944.56
83 994.97
23 232.09
98 464.96
46 316.36
92 288.54
94 655.33
3 717.63
11 756.03
41 478.68
86 285.48
60 561.67
63 235.09
47 356.70
61 396.85
66 893.99
88 895.34
6 481.69
32 906.56
17 503.91
49 862.03
5 163.88
99 478.49
34 767.60
70 817.87
23 998.53
70 199.38
58 320.42
47 176.65
55 736.08
40 422.57
41 821.24
80 198.64
27 821.17
42 220.58
44 687.77
29 269.67
19 378.72
62 147.31
26 452.73
13 405.12
85 573.61
85 742.71
14 752.63
94 939.52
90 187.63
68 527.88
94 126.48
96 952.98
41 892.28
72 857.74
81 758.39
35 361.20
49 839.31
80 480.96
37 702.51
51 975.65
55 511.45
4 306.40
23 786.17
4 783.88
15 778.01
37 608.36
73 507.97
69 832.20
99 553.81
99 912.38
39 466.43
13 628.46
37 482.07
20 258.71
59 966.45
38 161.05
62 120.79
70 226.72
42 442.86
73 176.26
76 781.02
45 209.93
35 480.44
79 588.78
20 286.76
82 158.34
42 821.39
91 274.85
49 119.50
35 690.59
51 821.96
53 693.79
22 684.75
36 988.11
39 543.04
96 451.49
41 390.56
45 533.31
10 327.35
12 284.69
99 137.96
39 726.20
65 619.08
66 715.04
66 963.71
67 970.49
37 288.68
91 978.43
79 572.94
62 847.68
29 103.73
84 830.36
97 413.90
9 541.24
40 300.07
72 239.29
36 306.04
94 745.29
57 194.10
74 319.54
9 305.40
76 646.96
48 511.95
66 881.91
34 114.10
41 733.46
80 965.12
30 502.75
73 518.93
6 462.76
50 857.23
62 660.98
95 597.94
34 224.44
14 449.70
83 942.08
2 656.49
100 321.97
42 681.29
8 821.94
72 972.01
15 644.45
50 311.83
86 917.28
95 366.76
25 796.54
97 372.66
74 597.35
62 198.56
71 663.40
76 628.27
60 422.74
11 608.98
86 568.31
3 615.51
36 873.09
76 282.58
63 415.35
87 299.75
88 577.80
79 735.59
89 900.99
75 835.00
86 316.24
38 888.20
44 697.85
13 552.11
49 351.02
13 593.32
29 668.73
3 302.12
25 572.45
70 286.51
38 536.60
80 350.78
33 478.71
96 129.46
33 426.62
60 219.67
42 884.01
20 323.21
78 639.09
77 818.01
18 520.67
22 474.46
90 717.35
61 115.36
92 966.75
30 616.10
89 287.38
91 963.91
12 665.71
47 906.74
93 555.05
53 830.61
17 713.09
46 322.59
58 260.26
44 905.97
72 697.31
24 664.43
38 731.54
54 504.82
3 815.67
62 733.50
86 732.52
18 908.55
99 382.22
37 906.57
80 367.50
40 721.57
43 804.40
56 302.39
57 600.09
14 989.48
97 769.30
8 405.48
15 239.68
70 371.80
30 587.39
84 743.94
94 345.42
81 881.16
89 768.72
10 962.58
64 103.77
24 588.63
40 640.12
75 454.36
96 273.22
73 862.99
87 398.09
92 257.58
72 710.19
22 766.09
67 767.21
86 166.31
39 416.96
40 289.14
27 910.11
29 554.71
94 911.69
42 165.75
73 392.51
99 315.02
39 523.80
21 772.09
30 909.73
19 336.01
65 261.51
74 316.56
31 141.39
22 175.74
11 454.81
84 808.40
63 234.09
57 177.54
60 113.86
49 122.66
31 844.50
99 973.46
16 710.30
97 385.67
5 436.79
24 651.58
23 637.48
17 894.66
98 126.28
98 864.32
49 481.82
25 662.05
84 483.64
34 782.31
91 383.02
36 895.91
38 971.97
56 248.51
54 566.59
76 432.07
49 596.96
6 765.09
61 162.91
89 117.65
67 224.77
55 676.68
96 793.65
6 793.77
12 352.59
48 146.18
87 550.16
71 635.56
36 632.56
17 121.37
37 219.82
93 848.01
10 872.04
25 153.42
37 539.87
74 836.12
19 335.56
30 467.45
37 377.21
47 623.63
52 354.36
15 535.00
35 294.27
32 644.03
55 360.39
93 662.23
36 999.59
43 785.43
36 951.25
15 918.38
6 292.63
2 541.22
14 933.47
11 982.19
95 878.39
14 426.98
15 214.63
33 385.78
50 638.53
99 933.23
64 663.66
19 181.09
89 460.58
59 254.10
89 209.49
56 966.80
100 114.61
57 542.10
78 231.80
21 630.06
95 722.55
63 524.64
8 613.87
78 968.01
26 167.22
90 204.56
86 605.87
74 592.60
6 572.37
88 710.30
18 352.02
93 767.13
39 220.68
67 838.34
49 937.85
24 326.74
89 663.39
77 100.37
30 974.44
45 794.46
68 983.14
1 160.37
67 177.57
64 108.59
11 427.24
49 299.93
61 560.47
38 157.21
56 221.42
96 754.00
34 222.86
2 868.97
2 108.01
63 898.58
83 190.49
20 290.25
42 897.29
44 339.95
16 432.84
62 654.36
62 338.86
98 838.90
37 741.92
38 113.75
55 864.95
63 621.47
62 490.51
58 235.91
81 997.15
53 365.71
5 232.72
87 330.42
39 818.61
87 784.01
42 508.75
82 765.61
67 284.92
23 472.90
3 558.78
5 232.89
30 580.02
75 403.38
78 474.22
40 849.22
43 507.90
12 535.92
40 223.49
29 898.27
59 912.32
88 886.50
87 158.61
74 404.26
46 506.00
87 424.88
65 457.48
30 339.40
54 412.48
2 512.45
38 274.32
7 520.88
38 973.31
83 863.11
90 422.16
74 607.26
45 977.83
47 769.04
9 597.77
59 751.94
94 796.16
42 798.86
17 976.44
15 181.87
93 903.03
47 151.76
53 235.09
4 865.51
19 272.88
13 437.93
38 186.28
75 483.30
92 663.37
38 208.10
15 148.24
32 276.15
46 958.75
39 924.87
84 113.34
45 590.73
52 101.14
17 281.40
43 210.22
73 398.21
69 387.66
72 705.34
30 978.28
4 577.60
21 609.62
81 611.58
76 161.94
56 579.98
45 698.81
53 875.27
8 585.80
28 562.20
100 232.87
90 397.71
10 892.32
40 389.94
67 143.36
12 971.36
75 105.48
79 425.41
28 983.18
68 899.89
48 593.02
11 670.64
34 403.93
80 836.87
15 960.71
27 904.65
18 745.50
55 171.31
54 280.52
30 497.95
56 671.21
43 351.23
32 271.75
77 960.65
9 806.86
79 664.81
64 454.30
34 439.94
77 787.62
67 747.02
69 467.17
94 670.14
89 380.10
71 436.31
78 675.22
31 214.41
47 674.68
4 565.51
92 806.33
91 466.87
4 445.28
26 245.79
57 363.09
81 555.63
44 353.92
21 942.61
85 733.87
93 540.25
57 270.32
3 837.52
34 593.47
62 804.58
12 442.13
73 688.27
39 415.35
99 195.03
35 968.41
91 534.25
6 367.62
19 629.58
56 955.76
35 894.74
40 904.03
76 246.85
59 222.94
73 213.62
77 340.05
17 926.14
11 742.21
63 322.77
94 578.92
9 217.86
6 294.76
23 258.38
27 136.44
30 200.03
89 671.59
47 723.10
17 972.27
25 832.30
46 114.57
59 368.11
56 483.82
14 397.82
10 337.11
10 947.03
60 591.38
21 978.30
98 191.68
73 589.85
80 344.58
31 265.69
76 939.07
91 301.34
35 812.38
97 267.83
33 849.36
92 843.49
96 382.17
38 520.95
15 442.87
15 427.73
8 646.29
68 371.19
6 320.00
99 573.04
97 578.73
25 155.20
34 439.12
61 704.26
94 282.02
25 723.22
49 570.24
41 637.54
87 284.18
63 170.04
44 385.21
1 443.90
42 926.75
95 674.41
21 313.02
2 789.65
53 453.23
91 603.26
38 381.00
92 876.22
42 401.68
67 894.78
1 559.44
96 559.53
95 637.28
30 693.76
85 935.82
66 409.88
33 678.73
55 911.65
95 942.30
38 643.73
100 891.54
52 990.33
65 938.09
55 237.77
86 323.64
91 791.23
48 999.34
81 112.28
67 912.41
15 473.29
47 562.58
56 127.53
53 531.51
27 937.54
71 800.27
49 930.59
90 319.29
74 853.28
43 822.63
89 207.31
73 213.98
15 473.16
73 480.24
73 644.05
83 634.32
21 173.03
81 165.33
10 460.12
92 742.43
56 226.55
65 726.07
48 830.17
92 822.88
85 576.32
19 785.34
10 833.72
9 713.24
72 567.06
87 794.89
72 840.78
58 988.86
79 368.73
61 632.42
17 359.12
34 477.66
14 170.98
25 423.05
99 576.49
35 506.28
40 259.09
42 872.37
27 843.77
7 420.24
98 952.34
36 279.62
56 755.83
4 814.70
33 686.00
31 124.88
72 930.54
8 314.02
25 368.45
41 928.13
100 183.04
22 103.47
91 664.81
82 561.21
33 105.62
92 704.71
16 898.15
84 681.50
30 959.31
20 694.00
77 608.09
64 364.08
52 792.44
28 680.04
41 281.63
87 267.19
79 170.28
72 769.63
47 680.77
6 856.19
72 918.00
82 913.36
38 741.94
84 961.94
42 477.80
7 581.12
84 744.08
64 436.02
12 313.59
96 191.50
80 795.72
51 406.88
72 940.06
39 578.60
51 481.03
58 976.41
23 509.75
48 395.03
1 984.41
68 822.84
63 554.27
11 894.59
2 205.82
30 389.90
95 307.63
15 768.60
8 837.78
82 769.56
4 579.97
15 534.73
45 398.30
39 981.87
55 434.87
14 405.83
13 468.09
37 870.94
45 583.45
67 528.25
33 680.21
82 585.09
76 585.92
4 844.01
76 717.34
29 442.01
91 390.92
71 797.94
24 374.56
84 178.74
81 807.28
6 670.07
18 751.47
12 222.34
21 649.03
43 614.64
19 787.97
10 472.98
63 828.95
20 698.12
29 351.10
23 783.49
42 790.76
99 434.33
59 856.99
45 532.05
91 665.43
15 557.73
16 744.43
66 881.80
32 904.02
60 632.61
6 881.31
14 223.17
50 666.01
14 766.68
93 346.39
3 989.38
40 139.01
12 182.36
52 827.04
81 743.50
59 460.76
86 974.02
85 301.69
72 663.48
69 837.53
95 227.85
26 645.28
85 576.14
89 906.86
45 451.95
56 859.31
78 823.68
64 168.41
14 102.71
1 949.01
70 530.13
79 731.74
83 314.62
16 502.83
5 706.91
4 256.01
53 557.47
9 702.40
81 561.90
92 637.42
31 271.07
22 644.68
70 806.00
4 123.01
51 614.38
6 192.33
47 589.93
40 823.53
25 857.74
84 216.60
63 489.79
80 442.51
5 403.63
73 513.96
62 230.46
9 462.88
51 931.43
24 661.07
9 524.40
17 106.85
41 445.83
92 301.99
96 980.11
56 254.20
67 313.02
70 524.94
10 790.61
40 139.14
87 540.07
75 576.69
75 806.01
29 838.59
28 317.46
18 523.51
84 967.33
5 378.09
90 257.56
100 114.46
14 558.10
91 471.53
36 383.56
37 624.74
64 329.60
43 283.75
33 555.29
31 723.70
15 342.15
11 202.00
5 942.85
68 800.74
90 604.30
21 590.33
93 869.65
73 142.41
93 625.67
86 489.43
84 131.57
44 491.87
62 892.75
9 897.36
10 792.20
15 814.24
70 797.21
38 190.92
54 538.78
93 781.95
96 632.39
67 500.23
48 822.73
41 581.64
14 296.03
74 221.40
40 358.73
27 517.07
83 445.12
95 283.00
81 799.49
38 493.28
69 673.12
14 245.57
93 774.79
57 695.69
71 283.38
80 744.02
13 245.24
27 457.01
3 864.72
76 825.43
25 552.17
82 803.73
38 345.96
55 331.61
14 125.44
19 756.48
100 954.26
89 779.05
59 938.75
74 232.15
42 620.79
75 962.92
64 644.05
8 448.08
63 910.19
96 949.46
10 186.94
26 666.84
73 145.54
87 996.61
71 840.22
16 675.50
48 613.88
47 160.03
71 623.49
64 344.36
43 199.58
33 452.06
88 610.94
42 440.47
33 267.55
87 260.25
74 155.72
94 529.97
46 761.83
61 983.25
58 850.20
22 193.91
82 336.90
61 746.49
68 552.43
34 423.83
68 330.21
49 281.47
28 865.96
98 482.97
69 757.67
89 147.04
99 397.85
50 186.82
92 729.43
95 380.60
88 123.09
91 379.78
53 485.90
35 139.50
86 385.59
96 775.19
38 350.03
9 774.18
28 345.14
30 617.07
23 148.95
31 336.06
56 264.66
62 197.12
62 166.90
3 287.70
47 116.65
40 191.91
27 380.95
24 988.05
93 338.33
33 988.43
19 665.82
44 388.24
20 133.33
9 986.90
30 337.27
92 270.63
85 956.43
61 953.45
83 343.23
91 514.22
88 134.42
70 498.57
45 975.27
80 489.66
69 563.31
60 893.67
12 139.83
54 140.08
12 671.90
72 816.57
21 111.17
65 301.25
98 934.94
2 919.54
74 215.08
67 836.56
3 879.48
5 806.11
85 963.52
98 214.75
36 365.70
8 705.16
6 369.92
89 478.52
22 107.86
23 938.45
93 592.63
94 185.21
96 118.83
63 293.20
99 495.15
27 918.70
40 100.16
45 220.02
12 577.11
84 847.94
48 125.86
24 444.09
13 755.59
25 117.47
40 517.47
30 197.45
11 123.13
35 253.08
94 436.70
45 920.35
20 330.65
60 809.51
13 487.12
43 118.65
21 618.38
33 626.21
20 255.00
97 227.62
42 579.00
58 708.83
59 472.95
66 562.21
10 404.84
88 542.88
13 949.52
58 995.46
33 106.07
16 950.15
85 356.94
26 669.52
21 239.09
68 751.60
35 637.38
66 373.26
70 435.89
1 636.87
44 836.99
26 739.67
97 623.67
18 868.40
4 499.20
64 113.83
15 985.97
48 897.00
99 233.53
83 374.07
12 394.87
7 622.93
2 751.80
42 460.66
48 130.32
9 109.79
63 386.37
40 174.57
35 457.88
80 631.59
17 509.97
32 762.73
70 614.02
7 852.72
27 293.42
46 800.45
39 595.78
99 165.50
51 638.34
3 851.42
48 838.21
41 638.27
34 793.90
50 233.59
57 957.20
66 838.67
12 435.11
65 325.51
42 611.74
67 818.90
48 734.64
72 273.07
36 883.73
32 553.87
11 857.98
92 585.17
76 510.61
9 681.68
95 804.52
4 229.19
48 780.69
98 969.26
67 356.17
28 792.10
3 339.11
63 975.48
93 240.89
87 503.90
100 925.39
39 158.31
63 394.50
77 111.29
43 515.31
23 371.44
17 925.88
11 798.78
98 473.25
15 892.57
93 686.06
52 173.97
21 232.82
35 761.31
65 767.08
26 592.86
55 429.95
12 235.38
62 659.87
34 482.35
22 791.26
14 615.43
6 986.32
99 853.87
54 793.10
46 510.57
23 864.40
75 744.97
35 272.63
61 205.13
84 364.01
57 799.11
15 974.23
95 696.33
4 527.90
20 175.13
98 788.37
39 479.11
95 448.24
11 236.34
64 358.99
49 348.84
71 189.63
21 244.85
90 173.00
25 930.45
41 618.91
93 628.78
7 630.41
89 673.95
45 845.42
57 952.51
53 950.15
3 774.66
29 973.55
4 605.24
48 634.04
83 352.21
28 808.29
87 498.02
36 996.74
65 155.14
37 556.09
51 327.98
40 809.29
8 345.44
44 383.26
21 420.22
23 586.10
34 271.80
53 527.84
93 171.76
16 693.48
29 867.63
13 580.86
61 961.65
73 203.06
99 727.45
71 823.96
26 521.61
9 595.43
50 382.54
28 171.77
20 505.60
85 204.50
39 405.96
26 645.14
72 592.60
92 150.96
35 676.66
10 534.84
63 664.52
44 900.84
37 877.48
34 128.23
82 860.43
34 295.53
10 830.09
22 840.32
52 738.35
62 768.64
60 477.73
18 322.33
81 775.38
91 632.71
79 160.94
29 304.83
62 198.84
98 631.93
85 349.60
89 127.33
13 818.95
93 875.29
13 350.29
83 235.24
10 717.43
23 488.35
49 398.62
38 926.80
52 623.27
9 875.79
65 794.29
31 538.16
2 576.68
56 224.81
53 952.44
24 343.94
65 764.89
13 774.20
28 551.29
20 141.75
55 259.93
77 374.68
39 507.48
17 682.47
4 171.43
87 763.89
82 573.03
11 663.40
83 197.34
14 200.74
37 118.20
53 123.55
1 174.50
12 120.40
67 122.27
33 719.18
63 441.83
36 636.15
100 147.94
47 319.17
28 406.74
4 726.91
6 899.65
10 596.81
54 395.52
56 220.46
66 145.63
41 575.54
40 763.72
5 709.40
53 335.36
87 302.00
24 503.55
69 619.47
85 215.67
78 943.20
33 764.08
80 495.69
70 152.02
35 126.19
45 379.13
88 859.12
2 654.23
70 142.42
80 113.11
88 872.71
49 218.68
74 801.46
43 836.46
64 694.60
20 568.51
23 171.75
88 406.84
68 514.88
58 516.02
75 292.25
35 654.65
95 963.26
71 313.75
7 305.57
51 582.53
73 570.80
22 526.84
37 549.57
41 775.95
42 589.40
95 104.28
98 707.27
93 564.75
32 769.98
55 734.93
8 588.57
58 920.80
1 111.18
89 854.39
7 712.47
11 588.05
61 916.91
98 449.72
24 897.66
45 569.07
71 902.67
8 704.94
5 566.84
76 329.00
25 925.28
99 215.25
59 713.28
63 886.06
40 374.39
97 255.50
29 256.37
19 403.80
6 929.16
13 578.93
14 325.50
54 977.28
67 185.15
97 735.13
42 833.08
2 694.63
53 913.76
53 612.24
92 858.86
28 157.91
55 293.64
48 760.85
58 168.25
11 833.01
5 843.34
89 225.04
75 561.13
23 706.49
71 949.20
90 736.91
7 762.83
45 289.16
26 451.51
88 614.70
59 987.73
70 922.59
8 213.39
27 501.35
7 254.20
70 259.17
50 510.67
41 648.84
94 796.69
32 507.39
31 921.18
32 518.96
58 780.61
88 106.59
73 987.48
41 471.50
69 222.14
94 259.87
43 160.68
83 257.62
14 226.34
41 440.56
38 422.95
32 546.70
15 101.97
24 294.55
88 313.99
22 114.55
18 319.85
15 561.49
100 378.61
16 691.03
5 972.82
87 736.04
79 694.97
15 222.66
73 686.98
84 341.48
1 555.36
23 401.23
21 412.49
18 665.67
94 455.79
87 712.73
43 305.91
95 121.56
52 326.47
80 794.29
73 925.75
82 222.55
16 589.43
37 817.54
76 111.70
75 134.21
33 762.64
75 283.84
61 808.33
42 897.16
84 169.40
70 306.45
42 411.11
51 400.49
64 555.08
63 526.59
35 402.64
57 823.90
35 250.39
49 495.61
14 627.80
22 757.29
19 327.45
37 157.62
82 595.34
31 336.78
24 929.77
63 132.09
21 823.48
35 992.77
72 478.30
91 745.64
48 950.84
19 582.55
74 191.73
89 563.99
65 239.30
8 541.30
27 663.11
20 157.89
47 785.49
74 640.94
73 536.42
75 763.96
66 562.12
38 190.60
89 389.18
58 924.78
82 239.35
59 813.75
40 504.59
23 740.42
70 796.08
76 617.79
65 267.51
69 107.74
79 707.31
78 841.04
46 420.81
92 694.40
91 146.11
27 501.03
44 941.70
65 509.73
1 351.28
33 299.38
41 170.14
32 609.48
3 104.34
29 445.20
98 107.51
83 962.36
17 397.84
74 852.88
63 318.13
42 746.85
95 335.77
63 442.72
48 355.58
35 756.93
76 381.97
5 274.16
21 223.08
42 963.97
58 201.81
30 654.53
44 655.25
99 759.20
69 827.95
64 873.68
63 769.19
90 812.64
19 507.37
92 566.21
48 160.87
10 982.75
56 221.88
100 159.65
53 381.76
42 846.89
98 770.86
11 249.92
77 730.73
83 770.63
27 728.53
46 747.21
91 237.91
25 780.96
46 533.70
56 932.06
6 947.03
46 469.46
70 297.30
95 658.97
25 796.04
86 623.95
23 186.46
23 496.31
100 243.46
38 517.01
97 920.87
88 820.21
62 982.74
93 129.22
38 227.72
1 809.87
57 260.70
92 400.16
35 951.66
73 125.26
66 647.97
47 321.41
2 820.84
52 522.56
86 822.61
63 323.08
55 526.15
53 288.28
48 241.05
34 726.33
94 332.83
69 153.06
14 872.27
17 815.77
83 925.91
79 108.13
13 238.74
82 475.15
73 319.26
18 395.19
62 920.93
32 221.46
29 910.37
88 271.89
83 734.95
28 381.83
62 798.37
91 829.22
84 497.44
36 778.62
72 346.94
13 159.82
19 137.97
15 966.95
27 428.72
93 195.22
42 644.41
60 906.50
15 821.01
16 701.71
89 111.60
20 176.57
54 916.26
62 541.90
26 202.35
31 514.53
6 874.16
42 949.76
44 797.82
23 148.44
82 626.93
37 977.01
63 909.02
7 407.30
12 327.72
37 350.62
71 423.35
21 326.53
54 171.55
74 148.73
18 147.66
67 686.30
97 928.52
8 126.00
76 565.08
24 615.84
50 623.39
10 532.90
70 676.10
67 285.01
9 507.14
16 340.84
33 204.58
86 451.48
35 207.00
43 298.60
19 607.56
31 817.96
46 683.83
28 778.41
70 617.37
66 169.42
18 244.86
27 496.75
41 130.82
76 107.33
42 977.41
47 325.03
91 416.60
75 792.99
82 837.30
99 152.75
46 715.42
82 676.25
61 284.99
33 775.41
26 855.04
14 717.03
70 695.36
87 263.27
72 809.58
48 869.69
87 679.45
58 382.49
33 377.20
30 664.13
25 997.05
31 362.82
76 254.71
41 854.26
90 970.60
20 249.12
84 290.37
72 176.06
90 685.73
88 783.17
10 914.46
54 719.15
25 250.78
43 793.73
71 571.48
97 211.45
2 613.14
25 498.99
95 378.50
21 164.71
97 118.35
51 626.04
72 951.61
59 210.73
76 385.39
24 515.65
67 674.38
61 996.97
83 993.13
25 618.60
75 594.96
69 256.53
21 903.32
27 499.28
16 373.34
65 836.28
59 934.70
50 683.07
60 992.67
18 649.87
56 112.17
72 962.18
46 171.32
17 939.78
37 753.60
65 257.87
25 285.68
69 262.83
88 808.68
22 270.29
67 448.99
40 540.40
79 439.35
4 272.22
90 321.40
17 301.59
87 771.39
58 398.71
22 994.09
1 916.21
16 164.49
46 471.70
60 208.10
59 280.89
59 492.16
54 953.02
80 159.76
74 122.33
42 815.14
97 239.50
90 210.56
48 281.13
33 371.63
85 387.02
41 323.10
55 575.62
85 110.12
39 420.10
46 162.58
23 710.94
30 210.50
58 509.24
84 167.53
3 263.40
31 900.05
12 779.82
85 330.11
49 406.56
15 418.07
90 944.14
71 650.81
67 952.70
59 281.44
87 680.32
32 298.74
19 355.87
3 764.79
53 442.96
25 431.73
96 963.47
90 418.71
12 794.72
74 256.60
92 634.57
55 925.17
73 986.56
22 881.83
22 627.90
34 317.41
60 798.98
89 902.36
22 184.94
80 872.91
83 355.99
50 722.37
54 441.43
71 755.10
68 354.53
17 944.81
24 700.54
14 722.48
8 105.68
89 432.23
100 140.78
80 381.70
16 401.80
51 281.80
17 512.91
99 757.17
62 548.99
66 685.87
78 682.62
84 429.73
16 961.65
79 441.40
3 454.92
1 910.20
61 899.69
33 679.18
54 821.91
32 262.45
28 335.75
97 499.28
15 953.33
76 865.39
48 712.27
17 320.94
57 808.29
86 344.07
77 151.06
85 773.12
94 232.56
24 867.25
19 378.70
12 570.20
55 727.40
53 767.51
54 897.73
70 940.41
77 881.84
82 724.35
14 635.79
53 282.94
38 306.69
5 737.13
77 401.17
85 623.63
19 352.81
32 919.88
76 890.09
46 614.87
76 615.94
11 268.32
33 710.92
53 428.68
63 620.84
76 155.34
50 441.03
29 897.43
52 301.69
85 763.63
89 220.13
1 109.32
92 746.69
72 494.27
82 309.35
78 832.50
38 349.41
73 446.75
9 593.93
26 310.15
4 897.54
77 743.50
44 586.36
11 233.06
88 659.40
85 490.22
85 293.25
16 728.89
19 736.62
16 548.00
15 993.38
59 756.15
6 219.48
65 834.34
95 305.51
25 339.79
25 621.53
91 364.94
38 221.57
19 528.19
80 149.13
42 787.66
57 109.24
54 136.23
71 291.83
74 350.26
53 226.97
49 502.45
87 812.78
85 499.41
38 827.70
85 495.14
30 991.96
85 854.85
67 155.12
43 261.29
14 989.73
5 745.88
36 839.53
18 844.96
70 425.54
69 325.37
24 664.80
18 115.01
58 911.28
93 893.43
58 660.57
86 778.85
82 219.65
43 997.08
76 284.76
30 963.49
23 616.59
63 871.86
26 388.09
38 999.48
43 658.16
85 372.98
31 130.11
62 959.67
39 207.85
77 752.56
83 693.56
51 773.52
67 971.19
49 398.34
92 398.94
43 456.77
77 716.15
56 304.55
11 280.70
79 554.04
58 179.03
62 262.81
20 324.27
49 331.81
34 329.74
95 441.72
74 955.07
1 301.58
65 592.83
84 760.56
44 156.19
23 355.97
96 455.86
61 584.06
68 926.63
96 585.42
7 244.16
10 910.68
3 384.47
70 952.83
86 507.32
37 803.31
83 255.08
65 944.07
1 627.50
41 259.88
46 273.51
36 748.01
94 914.59
99 469.78
67 442.66
86 718.33
62 782.99
9 564.60
68 770.32
4 288.80
37 666.59
96 150.44
3 377.88
7 386.79
96 303.38
93 650.76
30 352.95
61 243.53
45 861.54
69 751.62
39 592.24
68 811.59
43 180.89
62 255.14
92 268.91
89 788.12
40 102.74
87 432.15
99 518.33
60 776.14
65 912.09
60 260.33
24 358.72
96 534.34
76 689.37
81 785.62
59 948.47
56 573.73
79 139.69
70 549.76
31 476.19
49 512.41
86 132.36
77 693.54
93 636.05
49 892.12
8 990.41
37 682.90
90 486.17
38 630.23
38 269.56
95 441.35
21 928.42
93 456.89
78 522.35
26 273.69
91 634.86
81 420.58
95 123.41
14 234.59
69 455.53
2 363.42
63 509.27
9 752.75
3 391.80
7 992.93
78 185.21
69 224.15
41 176.08
85 844.93
46 207.94
67 796.18
64 723.85
90 278.54
44 986.99
33 351.98
83 866.33
38 824.95
71 443.59
57 445.96
78 157.88
91 641.71
77 283.12
64 138.10
89 338.42
22 382.97
21 480.75
40 261.72
25 679.75
27 677.23
81 854.73
49 716.05
98 211.10
36 857.19
100 296.93
9 778.19
92 111.74
24 331.15
47 239.53
70 277.20
50 891.04
74 780.25
99 459.74
32 322.68
92 738.62
76 857.94
87 405.46
43 429.91
56 828.38
19 150.69
37 246.79
16 952.05
14 221.50
34 409.23
4 492.79
67 173.09
47 661.11
70 835.97
4 893.91
79 551.13
35 974.92
30 731.00
78 410.05
25 505.05
65 427.82
5 667.70
16 415.03
25 345.96
6 900.45
96 827.72
22 342.01
87 325.12
62 427.55
27 396.75
83 113.88
66 368.46
26 812.82
8 495.89
42 522.52
55 750.30
63 622.71
70 213.95
16 391.92
81 405.63
70 508.56
28 924.74
73 133.88
24 784.91
57 140.75
14 856.21
16 873.61
56 389.77
26 206.64
56 779.80
75 961.68
14 991.67
34 818.51
26 175.51
20 729.21
11 665.40
73 458.50
4 213.61
48 295.09
34 873.75
3 927.96
91 347.60
76 247.79
70 736.37
53 716.04
63 465.68
100 966.93
2 108.47
40 772.07
70 945.30
42 435.99
52 762.86
82 358.41
8 242.85
14 263.99
38 749.16
55 477.73
61 643.89
99 992.59
74 536.50
83 256.42
25 716.05
83 711.28
51 668.83
99 797.71
51 151.99
72 792.82
5 627.10
100 498.29
65 513.85
15 749.92
77 803.92
68 833.45
68 672.41
73 132.36
39 760.12
27 469.80
74 755.47
70 961.00
52 677.98
3 377.82
79 465.13
89 501.32
83 442.08
30 143.26
71 602.14
31 764.78
78 882.94
61 363.37
25 639.25
87 226.17
83 552.81
23 805.08
5 751.18
10 708.92
73 156.46
27 246.71
39 128.08
20 768.28
24 723.78
18 940.58
21 835.69
63 122.20
70 562.14
14 442.38
92 467.30
57 783.73
8 438.49
67 483.83
59 289.21
20 569.33
23 989.71
80 984.90
54 416.04
41 556.60
60 550.68
5 809.77
93 495.22
88 891.11
9 174.09
23 400.37
6 247.22
83 359.78
79 788.85
30 329.91
62 156.02
66 138.51
100 278.31
79 552.26
11 585.14
88 471.56
86 247.71
7 198.35
91 723.89
60 873.76
37 523.05
6 322.06
71 421.43
1 747.58
7 799.01
92 267.87
97 372.45
90 739.65
69 648.85
100 726.73
51 115.44
21 400.07
30 650.70
55 252.65
6 111.12
17 969.01
40 181.69
72 219.08
75 815.06
72 572.29
3 159.10
34 807.20
14 290.17
83 102.78
78 440.92
25 525.25
21 925.58
95 404.61
45 717.77
37 419.23
91 732.81
26 770.09
55 866.63
23 640.43
43 837.05
86 809.42
37 603.80
72 825.19
92 320.71
43 862.21
66 830.14
54 239.38
8 647.10
5 323.94
33 481.05
98 277.30
58 598.80
37 797.68
93 461.90
17 512.76
7 992.69
37 858.89
45 489.20
56 522.50
49 800.35
4 633.22
48 869.00
43 291.60
57 727.31
1 374.57
9 571.72
5 292.28
40 333.06
77 906.24
91 619.25
30 132.64
22 942.07
14 918.88
33 160.05
41 966.52
19 792.57
48 578.33
63 559.25
12 845.23
58 577.62
54 272.06
75 787.98
19 339.97
68 747.06
94 201.84
36 259.70
60 827.64
71 404.22
29 335.89
59 213.41
25 760.02
72 897.26
100 652.29
49 644.82
77 982.11
48 125.08
35 366.00
15 463.71
55 406.17
82 249.41
59 350.03
53 864.93
93 860.76
66 355.87
21 804.24
64 890.14
28 114.03
38 372.45
64 399.63
24 404.39
36 994.37
96 938.29
24 669.45
34 441.27
17 234.22
48 728.00
51 881.44
62 201.39
41 137.45
45 984.26
1 989.64
18 657.83
93 174.67
36 196.55
53 987.41
82 580.96
98 949.98
26 189.90
20 905.92
24 370.20
9 456.90
13 807.93
75 195.64
2 377.52
12 548.49
34 811.91
18 431.48
49 919.72
3 852.62
62 577.71
20 150.43
28 234.80
30 274.29
42 344.84
19 246.86
26 733.75
24 485.62
48 566.00
18 214.58
7 331.34
1 542.57
1 169.91
40 450.07
32 950.92
96 446.70
35 617.11
15 875.68
23 840.58
26 622.21
5 517.24
33 328.56
97 655.46
78 659.15
16 889.85
63 498.08
93 870.35
45 360.68
27 657.48
70 554.09
45 477.31
24 571.92
66 458.85
21 682.30
30 267.83
86 108.71
40 266.39
75 612.27
11 500.07
19 118.26
38 705.14
79 617.81
21 652.04
41 883.15
85 969.24
75 633.34
83 261.24
42 966.05
33 206.75
84 851.87
9 106.42
88 430.60
18 305.09
94 714.33
89 781.77
94 581.55
78 297.03
51 622.39
75 944.25
71 322.43
88 965.36
82 953.10
94 624.35
12 601.32
14 904.59
77 256.41
63 905.46
72 958.71
52 456.54
72 584.36
69 794.18
69 845.40
7 226.39
58 588.83
84 132.92
16 157.84
79 479.72
76 581.95
33 333.44
37 902.05
2 455.39
47 767.95
6 622.98
12 278.01
38 672.45
72 296.71
83 133.94
63 234.71
19 794.42
72 262.75
88 619.13
40 691.04
51 585.29
27 151.70
82 133.10
35 456.37
68 692.49
13 926.42
60 767.61
87 269.93
17 943.36
9 442.30
83 537.04
21 691.60
80 157.73
9 236.43
50 744.08
13 249.25
99 738.64
79 561.43
49 369.29
62 934.22
61 871.45
9 346.04
72 181.05
66 185.74
79 316.65
92 335.41
86 823.52
13 224.18
36 373.98
60 671.58
99 850.65
59 815.90
89 859.85
2 530.28
91 103.95
93 717.37
2 681.64
28 600.00
93 134.89
28 647.02
82 623.86
18 704.99
62 369.68
49 690.48
24 133.63
57 824.13
37 246.53
17 989.31
85 856.04
55 295.73
19 915.50
62 134.23
29 502.75
84 761.81
45 759.42
42 352.60
43 496.05
86 774.04
43 431.14
73 539.98
45 616.87
4 688.08
13 334.04
33 643.88
62 440.77
13 502.32
88 485.71
39 696.61
58 731.39
20 518.44
13 983.39
82 504.05
51 485.29
35 761.75
62 735.39
97 896.83
27 775.96
48 174.73
32 311.31
8 899.66
3 472.08
75 770.75
79 141.51
5 219.20
68 193.44
46 264.54
65 204.02
18 309.90
26 317.13
47 247.38
80 119.04
3 857.99
7 479.25
24 715.30
65 949.77
47 792.46
10 141.37
6 896.73
79 883.68
72 385.39
65 130.15
13 702.60
83 430.84
85 900.13
80 196.57
61 501.14
21 594.44
91 725.71
18 235.48
3 526.67
62 946.65
84 743.89
17 231.19
15 153.70
54 257.23
70 179.53
18 177.73
85 228.50
54 668.84
40 327.08
91 984.31
48 494.81
46 507.52
49 297.24
87 761.76
77 588.17
25 672.48
95 602.29
64 619.31
11 562.10
53 943.77
45 118.44
98 175.36
98 868.77
59 851.20
18 597.09
63 534.02
47 307.28
48 159.86
28 273.85
27 314.35
22 986.83
8 336.97
79 733.56
20 544.04
34 145.98
77 731.20
60 539.46
14 250.20
29 860.14
4 544.92
84 475.82
84 656.65
64 611.53
54 195.35
22 945.77
65 553.17
88 661.81
54 933.30
80 638.64
48 155.49
89 369.94
33 621.34
68 170.83
54 149.95
67 960.90
35 961.89
83 261.32
64 954.63
36 402.75
8 327.93
8 250.74
43 486.57
71 771.92
61 335.58
28 190.16
63 119.92
24 896.91
14 769.69
97 358.06
41 737.47
77 531.75
34 686.13
48 947.50
33 382.27
23 779.48
54 235.57
65 984.97
60 131.65
6 228.75
58 751.00
53 977.98
32 309.99
16 886.66
23 413.78
39 990.65
99 720.53
11 443.60
49 501.46
53 264.57
80 708.76
48 692.76
2 677.92
30 271.62
64 294.93
72 314.76
90 204.49
85 854.35
89 511.57
19 557.63
48 608.45
9 102.35
13 608.44
39 287.24
94 352.03
8 589.66
6 715.31
74 708.23
54 263.43
80 588.86
90 243.99
51 795.13
47 201.65
31 646.95
89 263.37
86 620.70
64 805.07
62 992.77
69 824.50
21 744.25
9 294.18
17 901.45
40 598.40
38 781.84
11 478.86
19 453.18
8 534.00
5 115.62
30 684.49
27 625.22
71 915.13
92 286.05
75 935.12
82 637.30
95 803.39
14 372.76
100 894.83
69 153.34
69 255.49
10 691.24
32 723.17
75 415.50
92 674.82
70 935.96
11 159.21
44 993.17
76 149.53
23 628.30
96 545.02
23 791.48
33 356.82
43 278.18
3 475.68
72 507.50
51 443.79
67 321.94
9 699.56
10 472.65
38 494.75
36 543.31
52 591.50
43 440.28
30 803.96
91 273.10
76 127.41
69 426.18
15 911.57
44 993.67
1 759.56
32 901.07
59 279.49
81 758.63
23 641.30
19 530.83
76 185.55
10 828.08
35 437.91
22 166.83
98 535.38
40 774.78
82 212.40
38 325.00
53 742.13
27 664.49
76 319.14
13 660.44
79 515.58
32 315.67
48 510.24
11 996.96
10 532.90
12 641.90
17 415.55
90 298.07
89 480.66
78 409.58
57 691.50
44 255.31
41 872.00
100 995.74
81 865.26
33 544.39
67 522.08
88 273.37
38 704.20
67 599.10
84 324.45
14 809.76
13 352.02
46 721.75
11 402.00
29 360.99
25 390.59
71 621.85
36 454.07
32 910.50
3 213.02
1 434.39
95 640.58
95 241.45
35 706.87
56 726.95
49 513.20
75 621.48
31 903.62
12 577.05
65 483.48
62 620.40
79 667.29
83 131.20
88 513.11
3 175.56
55 947.11
62 208.08
73 806.83
93 238.32
46 399.21
29 938.63
60 863.86
5 257.28
26 879.44
28 620.83
95 322.57
92 248.54
5 618.67
12 654.81
30 834.96
13 445.45
89 603.99
71 318.64
59 923.82
63 650.71
42 887.44
6 529.67
38 842.38
61 872.52
75 811.26
54 895.35
31 439.09
100 103.91
49 323.20
100 991.56
81 748.05
26 588.67
59 455.54
73 117.74
36 991.97
36 629.80
76 761.01
21 212.24
77 669.41
45 677.59
5 774.57
74 121.05
16 462.36
51 827.80
21 714.29
42 809.39
80 141.06
86 763.75
77 362.34
24 674.12
91 333.28
36 875.67
50 622.41
33 434.39
59 475.04
47 179.23
65 695.32
61 411.86
45 949.29
92 693.15
2 297.59
37 875.12
83 529.45
21 738.66
51 302.12
81 437.21
83 966.13
63 465.57
27 922.89
83 160.40
53 559.92
49 309.45
39 556.14
51 736.13
41 762.39
36 423.52
23 937.51
54 825.19
46 508.14
94 290.04
27 197.17
66 514.27
15 959.89
82 943.65
31 487.21
68 171.84
9 237.40
81 806.62
56 297.79
61 481.60
25 404.58
36 335.14
1 286.18
64 296.46
75 278.03
58 203.50
50 740.08
56 921.47
53 900.23
99 844.69
34 576.37
17 464.13
80 578.65
38 761.12
35 449.88
17 272.59
28 725.76
48 132.80
18 182.16
79 181.94
75 949.31
22 377.85
90 160.47
85 975.90
96 351.92
49 874.49
72 880.34
2 657.28
63 852.44
17 130.37
72 474.19
40 431.38
78 126.10
10 425.00
40 856.73
48 965.11
88 943.75
26 899.23
99 260.68
96 389.70
33 757.09
96 220.28
79 558.19
52 726.98
31 994.06
5 428.33
31 998.05
46 702.39
1 857.41
75 268.74
87 402.05
35 173.21
55 737.65
66 445.43
39 551.29
100 271.22
30 470.35
93 641.52
73 532.37
59 604.61
67 261.79
79 757.16
56 251.44
8 124.78
31 451.18
76 993.84
51 510.89
57 354.24
24 361.24
90 980.65
24 400.21
65 246.24
18 559.49
86 719.02
9 622.98
37 433.17
6 705.47
16 154.91
24 414.75
10 798.24
51 233.04
14 302.66
73 231.09
42 644.92
7 512.85
71 815.38
43 502.06
24 513.21
34 120.68
12 524.42
88 466.40
76 160.96
13 820.09
14 802.08
29 721.47
13 328.76
79 200.74
39 447.71
6 701.53
30 773.81
7 494.10
32 619.76
83 639.47
76 943.90
19 759.99
64 889.44
37 432.21
12 971.84
79 126.49
88 418.43
35 104.73
5 838.77
99 778.64
25 498.54
28 520.27
43 958.02
32 633.62
39 801.86
33 521.15
35 387.10
83 943.90
70 971.13
98 769.72
35 673.64
41 825.73
5 509.22
18 552.01
49 707.29
82 210.45
49 820.14
14 950.72
80 595.40
82 968.34
41 863.99
68 988.09
27 235.78
79 327.09
44 889.73
57 596.82
13 851.51
99 102.00
25 952.51
54 387.36
20 714.79
96 680.16
89 827.51
86 115.25
86 909.74
64 568.34
94 194.35
86 492.67
18 803.12
28 738.83
58 747.23
2 226.14
36 750.48
74 200.36
52 574.55
17 829.59
5 970.12
30 663.17
51 428.23
14 168.02
96 654.81
100 629.70
62 367.24
80 756.29
93 368.72
73 794.27
89 299.92
81 829.91
19 959.39
60 602.77
58 906.36
21 459.45
70 195.34
91 538.98
56 470.67
22 154.77
72 811.88
100 947.38
76 737.39
55 511.03
28 483.87
54 733.72
41 198.69
24 302.21
37 759.67
30 763.02
93 616.27
13 143.61
26 827.82
32 945.53
23 895.01
53 547.84
19 182.25
75 160.50
2 701.65
51 958.20
28 945.52
22 224.79
68 845.75
20 429.37
90 934.23
22 626.59
60 231.63
9 879.36
85 456.00
70 256.38
75 719.61
45 990.71
27 527.22
89 890.46
83 249.23
60 449.67
85 751.67
54 118.08
93 798.66
3 602.16
98 622.03
66 683.85
17 388.63
87 851.10
27 256.04
80 407.46
94 945.42
8 767.05
26 402.78
19 362.58
5 293.80
5 985.38
35 806.52
3 721.61
53 243.39
20 434.39
55 877.88
43 958.09
63 611.48
87 371.42
32 321.50
40 427.24
10 318.45
40 540.41
16 963.25
57 849.17
79 903.93
31 627.39
3 208.38
48 912.30
57 629.84
53 323.10
24 669.60
5 769.55
64 378.57
33 676.83
96 982.01
19 754.74
66 547.23
67 800.97
98 504.10
73 849.51
7 724.58
72 193.86
84 189.41
87 956.14
11 951.52
85 236.19
83 464.67
73 389.05
3 479.18
94 707.27
38 769.68
22 854.67
89 181.87
27 740.53
27 586.21
15 100.70
8 819.77
52 405.98
20 413.41
27 502.09
37 605.14
10 405.83
77 891.44
24 610.33
22 402.31
46 151.92
68 600.28
89 661.58
40 378.16
90 224.02
54 482.16
33 788.06
10 863.68
8 304.04
26 430.92
98 368.26
70 933.55
5 413.44
100 918.15
8 796.73
27 628.18
15 118.22
17 433.55
73 690.91
22 118.59
1 852.16
76 176.32
18 555.73
1 768.03
37 341.47
88 801.76
99 289.36
16 300.65
87 413.80
46 426.10
70 137.76
57 121.37
93 825.10
45 345.84
93 761.86
37 193.27
13 807.57
16 325.82
61 631.86
17 946.92
13 702.63
41 566.83
50 924.74
60 577.76
51 433.19
26 960.86
86 184.54
99 663.54
68 492.31
46 695.53
32 805.11
64 236.84
26 304.83
15 956.48
47 770.37
65 685.75
6 457.69
71 517.55
60 167.31
29 686.88
93 590.52
74 199.24
63 517.67
1 926.78
19 789.96
39 705.76
19 387.52
25 225.93
33 217.88
93 193.81
34 490.89
23 173.42
23 297.25
56 441.63
82 701.42
67 593.78
78 475.72
98 800.22
81 147.94
36 619.91
76 559.87
78 887.27
18 881.58
36 890.32
60 312.15
27 190.67
31 788.71
92 432.66
45 908.76
1 595.74
90 533.60
80 316.26
76 764.42
36 405.78
81 570.55
76 313.59
84 699.85
99 753.75
67 300.59
89 396.43
9 997.33
89 619.13
24 846.45
8 426.94
12 183.49
12 928.58
17 612.16
91 733.36
94 262.16
6 492.67
1 400.58
25 761.76
33 163.53
28 218.69
3 784.08
2 453.69
32 513.12
47 952.99
84 905.25
71 669.12
89 632.18
50 340.70
57 937.74
9 404.41
45 976.68
47 110.96
31 174.02
88 683.96
54 102.09
82 526.83
39 178.97
85 594.43
86 594.24
34 688.13
22 130.48
97 103.58
90 972.41
19 711.87
69 582.68
61 697.59
51 999.13
51 629.65
23 694.24
69 281.34
10 861.60
52 222.16
33 793.96
41 800.60
88 378.43
84 333.04
46 863.03
4 252.07
26 797.80
15 192.08
42 952.45
5 354.68
2 305.46
80 876.96
46 513.57
17 917.32
92 102.67
23 658.74
37 616.33
99 780.56
42 739.78
87 361.57
85 776.91
33 431.80
11 396.34
66 717.06
57 941.09
37 263.63
97 149.37
63 992.45
74 879.59
3 584.94
30 866.21
72 349.85
72 770.49
34 736.41
68 621.56
94 556.00
78 966.62
94 214.86
13 973.23
75 391.96
7 494.42
70 501.66
53 187.45
21 359.61
79 260.03
34 399.15
86 275.96
36 687.79
65 958.59
14 798.57
67 266.96
52 356.35
12 757.47
43 473.25
55 769.92
50 153.05
76 220.70
94 253.03
25 859.70
83 208.27
54 118.33
25 260.06
77 917.65
61 153.40
12 458.80
44 478.44
12 628.02
18 116.33
10 157.97
52 571.09
42 606.82
23 185.52
99 131.39
42 156.50
11 525.91
78 640.52
38 522.39
30 665.93
83 988.97
12 320.03
79 282.69
46 337.14
62 418.66
91 573.67
9 417.76
85 945.04
24 870.15
42 594.44
100 690.14
90 415.76
53 735.96
50 177.09
22 981.46
14 861.39
94 526.55
63 169.68
22 256.94
18 902.81
11 775.23
53 216.37
60 833.05
79 292.16
40 207.31
51 478.60
42 812.27
31 803.51
7 135.05
46 946.63
61 123.61
66 776.18
35 981.32
3 163.21
2 794.47
33 642.77
23 106.77
97 752.21
88 986.21
51 861.16
84 564.72
46 282.27
57 707.75
86 382.49
52 965.62
2 598.26
22 606.05
90 321.98
60 772.22
33 245.79
36 960.47
76 444.32
25 357.44
44 488.05
70 538.02
98 166.96
13 188.95
5 322.69
82 891.44
67 960.65
36 203.18
70 349.84
38 745.41
33 515.35
80 558.44
15 106.55
18 888.80
92 925.05
40 225.94
16 680.57
24 966.79
1 945.07
95 673.56
32 718.36
62 632.65
80 743.57
67 281.08
12 859.47
4 699.71
25 750.58
81 865.84
34 348.87
21 887.79
91 336.31
47 967.01
2 186.30
99 335.88
76 627.26
97 893.06
38 351.69
29 705.21
82 552.58
42 873.16
34 374.93
56 666.58
58 892.45
86 994.69
39 305.11
40 338.96
62 528.63
29 184.61
63 841.83
2 611.21
62 703.80
22 512.43
89 574.71
71 496.80
62 177.98
18 873.59
8 836.80
64 132.94
27 453.56
61 652.12
49 168.90
2 360.87
83 640.85
54 189.30
20 778.19
48 177.71
48 178.45
92 566.93
72 834.59
13 835.76
14 920.37
20 550.45
13 262.68
58 574.67
56 510.01
90 524.50
18 751.44
30 319.73
86 534.69
24 789.85
69 758.57
54 894.38
66 956.70
41 461.57
77 331.98
98 630.53
52 371.76
80 623.22
48 463.36
20 421.97
92 644.38
31 972.75
89 596.20
36 339.42
5 117.47
69 343.03
29 371.30
81 122.72
36 536.55
12 800.99
5 832.20
23 108.94
62 509.89
1 626.35
48 458.76
89 896.45
72 471.79
32 307.85
99 354.77
67 259.56
66 941.88
41 323.83
7 115.43
58 521.04
34 799.49
48 586.42
3 176.79
69 538.33
64 681.77
35 114.04
70 684.70
17 661.87
32 572.12
44 737.32
3 763.14
95 903.74
9 985.15
84 633.73
75 427.78
85 401.80
93 148.48
18 238.94
19 901.28
79 536.87
5 145.42
50 208.05
39 698.82
52 678.05
45 858.75
27 499.99
4 289.58
74 558.42
89 218.19
92 800.35
99 165.21
62 628.97
61 863.87
52 332.13
16 575.32
1 524.05
97 991.12
92 891.56
36 567.89
68 768.94
86 982.98
47 163.99
96 544.50
28 895.90
7 167.20
12 479.45
95 829.53
64 407.87
64 657.26
95 480.61
32 463.93
44 139.85
56 341.43
85 170.19
100 742.36
88 460.25
74 624.64
23 624.91
48 125.72
75 535.49
60 937.26
99 397.82
21 366.77
60 792.90
15 452.63
56 235.71
31 332.19
86 398.45
33 217.13
60 369.35
83 503.73
60 734.37
98 827.24
4 690.75
92 725.90
58 398.54
43 762.81
34 182.40
36 354.23
83 389.58
63 613.79
71 190.31
62 790.97
15 237.07
43 509.95
48 399.33
37 131.55
35 933.83
86 921.65
62 334.78
21 431.24
99 887.92
74 454.96
100 190.02
28 996.89
48 595.47
38 683.56
39 177.66
13 976.33
27 474.75
75 638.03
26 177.40
25 806.61
20 221.18
13 590.12
69 742.38
37 501.50
77 894.34
46 541.92
85 715.65
72 934.89
86 975.14
28 913.40
53 842.91
35 294.72
38 683.49
91 407.50
39 230.02
95 290.67
16 464.71
63 184.25
91 977.26
17 584.24
39 186.30
31 593.82
26 731.03
92 941.47
4 154.90
76 815.83
88 357.54
41 915.51
40 778.18
9 252.71
39 249.33
99 366.36
81 365.79
60 216.13
19 845.98
35 543.91
78 371.86
32 270.30
52 733.85
96 653.77
34 234.65
85 727.17
11 171.30
81 321.85
44 195.41
78 142.77
6 562.95
38 913.30
73 606.78
26 381.47
55 911.54
90 305.28
9 105.61
49 587.40
59 726.96
88 112.06
62 725.55
16 598.80
70 754.01
34 617.75
25 662.56
1 692.06
63 562.81
34 162.00
100 857.28
52 449.74
25 421.52
72 364.49
89 339.08
8 479.95
63 828.33
48 148.33
65 628.59
46 528.33
45 444.14
68 556.65
33 999.80
62 578.22
7 714.84
41 764.14
51 841.56
63 944.74
41 809.25
72 836.73
31 739.96
95 534.67
79 650.60
53 561.22
44 920.80
23 654.79
11 476.12
87 893.22
91 566.43
25 631.78
72 430.89
65 375.31
79 287.49
56 565.59
52 541.00
2 143.12
5 977.60
58 210.12
83 223.20
65 217.66
18 304.74
91 636.12
65 375.13
8 206.72
38 786.06
63 938.64
32 490.83
68 956.11
78 929.67
10 635.22
44 236.99
67 788.38
83 423.54
25 441.81
6 420.75
59 657.30
79 204.04
56 987.42
67 513.68
42 604.64
41 245.64
21 160.40
3 956.71
76 190.69
17 552.63
33 518.66
51 872.32
46 832.22
90 158.03
31 484.25
95 424.75
59 659.09
99 475.33
76 985.34
2 990.27
30 462.41
38 747.71
94 296.53
29 907.14
57 610.58
7 601.54
41 920.75
42 859.12
31 342.00
37 745.48
91 845.79
1 898.96
80 758.55
47 211.92
78 920.64
92 720.98
58 148.22
39 774.99
1 637.87
49 907.61
47 184.14
59 752.86
93 259.91
82 232.51
55 215.68
62 359.01
82 687.77
59 900.56
44 845.95
25 329.52
8 949.57
99 601.09
90 665.34
21 463.73
56 923.55
78 194.24
99 428.70
99 931.60
27 843.16
87 301.64
61 830.52
63 233.71
42 843.98
21 167.00
46 859.93
44 435.59
16 138.46
11 822.75
3 698.68
52 925.88
66 518.35
86 270.19
92 400.45
78 851.56
8 208.04
15 651.88
15 390.75
73 445.22
88 994.24
92 139.11
29 620.20
74 333.77
3 324.37
78 193.77
54 642.70
64 316.14
72 470.51
93 520.62
19 443.64
98 593.64
56 349.80
97 585.45
8 692.13
16 828.30
86 586.53
36 116.83
16 407.51
76 734.05
84 633.37
63 235.05
32 670.56
51 142.02
71 371.10
37 627.74
7 493.15
11 493.67
89 254.42
93 465.03
88 437.58
67 526.04
21 702.01
85 451.96
11 533.03
3 964.92
42 126.15
5 736.23
40 135.21
58 730.31
34 264.78
49 450.55
67 469.60
42 124.23
78 834.24
71 120.76
88 366.52
57 416.39
94 257.76
88 561.70
52 699.21
18 670.20
61 986.02
89 123.41
40 341.56
35 562.89
82 175.72
69 184.56
62 691.04
90 217.45
92 789.97
67 766.95
75 530.45
82 564.26
11 276.04
76 650.49
39 188.21
2 885.79
91 206.44
32 466.87
93 181.86
44 568.30
25 311.59
94 303.72
67 168.27
15 170.86
1 762.19
70 537.99
91 948.25
49 985.66
48 843.92
23 608.76
65 182.16
38 382.76
53 200.29
8 351.90
4 433.99
78 661.38
45 488.04
66 426.00
37 948.41
36 507.45
45 824.20
9 160.79
92 461.44
96 865.21
60 197.23
46 725.44
24 512.37
56 539.73
49 846.06
29 620.74
30 564.25
47 842.16
65 428.23
86 958.15
69 705.10
39 175.81
38 477.66
57 763.15
86 931.95
22 136.96
97 937.57
21 974.92
79 410.74
47 995.91
75 519.54
33 593.98
24 625.97
63 915.97
59 923.41
10 327.64
49 323.73
72 571.98
95 570.97
88 354.36
10 321.37
33 147.73
1 640.15
74 778.76
62 341.87
37 907.23
57 302.70
68 184.40
54 708.81
59 290.69
71 739.25
96 163.88
97 328.25
47 579.77
50 272.40
18 145.23
81 959.94
37 813.43
8 889.10
37 552.66
95 937.32
97 739.68
67 333.06
41 741.60
74 517.68
89 859.27
6 670.30
63 137.87
4 348.38
42 465.73
24 954.72
37 359.57
8 922.08
34 767.10
77 841.64
51 478.62
2 569.79
38 428.53
88 330.83
53 289.65
96 714.73
98 907.47
15 107.78
38 266.22
11 954.28
55 783.87
80 793.50
22 787.10
73 445.03
2 426.69
88 151.68
24 249.26
30 544.02
99 170.12
89 612.96
56 253.83
26 761.62
61 642.49
88 692.35
25 991.70
2 627.35
85 529.70
31 418.46
25 959.73
80 176.23
74 278.52
92 287.00
43 138.41
21 716.11
88 296.25
32 746.40
5 402.65
26 563.54
53 629.66
7 892.89
82 166.45
85 725.59
43 977.94
95 328.20
67 822.97
51 703.29
70 579.62
14 689.48
77 835.74
91 697.85
77 898.78
88 661.56
45 398.08
5 160.18
97 248.22
76 343.52
46 525.42
63 495.11
18 268.71
65 433.84
43 304.10
82 454.57
40 119.56
76 703.51
14 179.76
71 404.63
72 618.54
98 798.59
69 196.97
4 907.51
13 513.01
49 333.02
61 384.90
25 348.10
18 644.74
100 488.82
92 272.19
42 535.34
12 838.34
47 764.50
49 905.34
60 542.73
56 981.29
78 578.62
98 413.02
36 169.21
46 310.69
68 876.83
95 667.06
96 806.21
65 153.72
16 637.68
85 114.02
80 776.47
26 188.15
50 803.00
4 292.98
40 165.43
13 705.14
50 397.25
70 989.08
38 528.21
53 695.43
15 405.25
98 488.06
86 661.08
16 212.15
88 316.67
56 733.16
32 697.45
2 341.16
33 378.50
33 316.84
60 660.53
21 948.27
66 910.69
21 816.73
16 960.41
39 734.27
97 810.15
69 370.13
12 563.39
47 653.75
70 270.53
15 572.81
84 286.67
95 671.62
60 735.08
21 483.85
74 404.09
58 789.09
40 755.77
55 209.66
24 376.15
96 331.83
79 308.54
46 545.62
25 529.10
69 770.75
55 220.68
52 509.19
84 445.97
9 565.55
18 211.47
38 694.53
15 620.11
10 257.29
5 550.73
27 224.71
29 161.10
96 502.71
52 982.23
58 147.74
83 389.36
13 377.44
50 905.31
15 551.59
78 242.93
50 691.54
48 713.53
41 490.66
30 604.48
25 885.06
10 772.70
97 600.93
21 236.11
83 309.59
2 445.80
34 249.58
98 823.01
34 671.32
25 135.87
48 361.50
15 266.96
65 366.72
18 406.60
28 455.81
79 122.41
51 701.08
60 837.40
74 755.07
26 424.86
73 858.02
9 877.02
90 820.19
57 873.96
15 262.50
1 309.22
34 162.16
22 223.11
91 604.79
73 968.81
60 654.08
81 458.22
79 162.28
16 835.05
20 403.78
13 370.57
65 260.79
14 365.73
55 878.39
6 883.85
36 514.92
36 285.65
9 534.82
80 844.30
25 997.35
31 681.18
19 856.15
39 617.65
9 202.53
95 151.19
80 612.03
21 842.09
2 506.22
10 389.03
99 769.93
13 474.64
29 645.14
19 779.82
3 971.64
98 931.25
14 319.64
14 950.85
38 506.65
88 380.11
34 993.74
13 823.94
21 814.92
59 790.11
84 595.81
70 968.77
80 915.56
71 886.27
50 786.68
6 767.02
45 623.60
41 838.83
66 570.21
56 450.11
84 156.29
63 484.62
51 410.20
7 294.28
31 421.69
61 473.35
54 419.07
7 369.09
67 146.55
95 221.44
89 706.90
14 802.94
43 341.01
36 601.93
63 381.01
26 770.01
70 662.79
1 676.57
60 609.93
73 238.75
19 688.30
75 510.92
11 864.65
36 335.01
44 355.46
66 918.04
23 280.33
7 479.43
5 166.86
77 845.11
16 481.22
78 301.66
97 322.40
26 296.01
23 387.72
39 797.57
17 161.63
57 875.18
16 838.05
70 854.46
77 414.10
22 779.02
2 423.73
21 597.87
65 954.84
52 707.14
20 696.19
76 977.06
5 437.03
32 795.59
39 463.68
88 394.05
4 264.52
86 597.23
42 418.57
46 498.13
10 413.96
93 271.23
38 649.96
11 867.13
97 920.44
78 778.22
80 800.02
74 614.67
63 157.17
89 958.63
29 999.39
56 963.85
19 737.78
69 526.30
57 689.20
68 430.92
10 296.91
68 599.82
98 723.21
4 355.90
11 870.68
45 161.02
79 217.42
96 888.93
92 400.64
8 455.41
21 289.75
55 780.55
38 859.48
55 425.61
20 122.24
82 900.03
64 888.19
52 951.27
90 475.12
15 536.48
81 512.22
62 223.82
53 130.58
54 519.66
61 720.17
39 216.81
20 202.17
75 601.75
35 802.36
93 267.02
18 978.93
88 708.69
88 605.29
12 312.08
43 822.54
5 979.21
72 277.67
80 109.70
13 784.90
38 351.76
78 164.83
13 839.19
38 371.85
79 384.09
39 391.05
4 142.88
84 390.73
9 926.05
54 642.05
95 258.12
89 969.69
93 872.02
72 447.97
11 441.62
76 164.95
29 435.92
18 224.31
91 803.15
23 232.29
74 335.55
20 494.55
94 984.56
53 749.51
74 887.70
29 794.21
97 890.92
49 787.41
86 324.19
12 612.50
88 274.38
60 606.28
95 691.60
2 884.87
71 451.98
41 461.30
16 684.89
20 943.10
16 753.35
9 165.05
87 629.07
86 818.19
67 328.08
41 556.31
77 855.23
48 959.00
82 650.98
79 182.52
21 328.74
2 733.71
18 568.01
80 562.75
59 318.63
73 795.76
9 331.82
28 409.72
93 733.12
45 429.70
84 495.46
50 205.75
65 814.06
94 633.40
81 190.14
56 739.79
20 604.16
96 703.51
33 831.45
50 539.47
85 347.78
78 668.23
87 736.87
79 267.88
48 395.55
16 902.16
89 388.27
77 751.83
80 267.38
14 342.92
37 428.17
69 734.98
5 622.18
12 126.70
14 734.28
74 352.76
64 734.41
9 457.43
86 145.96
94 545.59
42 425.96
81 366.90
96 910.24
44 966.08
44 251.84
78 132.88
41 844.57
76 731.03
18 165.15
71 804.00
27 850.65
32 333.36
15 731.27
44 108.99
65 965.95
78 622.27
49 148.08
35 153.94
55 543.17
97 456.21
27 600.30
94 344.70
34 235.37
75 253.46
75 332.15
86 129.43
70 589.69
93 834.45
48 951.33
27 610.45
17 599.82
83 543.13
91 425.55
43 953.36
69 746.41
42 277.53
53 734.76
12 448.75
46 974.14
28 925.83
58 874.24
55 469.59
33 820.26
88 356.09
97 819.67
92 613.67
4 256.82
34 195.91
26 951.99
5 150.67
39 552.37
35 342.26
39 448.56
52 212.58
67 768.89
50 792.79
28 277.88
96 867.17
38 730.30
3 624.36
86 694.43
48 912.27
55 650.06
71 418.22
9 134.28
73 293.79
69 121.69
63 261.00
8 381.07
86 978.80
89 294.89
87 501.20
62 939.77
9 850.04
39 883.68
83 227.30
19 933.50
55 807.71
17 362.09
41 121.19
34 456.20
94 576.54
57 219.32
87 187.66
79 519.69
21 388.94
86 651.73
96 672.59
95 377.15
14 175.66
87 557.35
40 613.81
49 460.78
35 939.11
72 639.57
25 836.26
73 747.42
100 740.23
66 519.15
18 900.89
25 243.63
54 732.98
20 102.51
69 322.95
55 386.70
43 972.51
99 345.69
69 421.49
15 775.09
33 673.40
8 930.68
81 139.00
67 721.23
6 469.27
68 394.58
76 298.69
87 917.95
84 675.24
81 228.53
51 295.96
48 289.37
60 111.55
56 517.48
57 913.32
58 173.17
7 882.42
5 452.79
50 755.54
17 915.45
17 734.68
32 869.24
12 500.08
64 499.37
76 144.08
1 942.48
3 248.67
8 819.14
1 252.35
43 210.67
73 559.87
62 312.34
98 888.96
55 261.88
35 843.09
78 391.85
88 283.24
27 669.01
4 897.80
2 280.44
91 622.87
90 966.62
31 457.02
13 555.17
17 927.41
29 716.95
9 599.16
36 772.07
85 144.63
48 898.29
41 398.70
87 856.30
56 927.85
8 757.85
74 997.13
4 656.09
23 412.25
76 436.01
80 738.11
94 149.01
4 576.40
25 737.47
99 308.90
4 793.64
92 616.42
42 625.68
99 185.22
33 510.97
59 596.37
5 896.55
98 245.68
32 587.50
73 925.00
64 706.49
17 391.63
93 354.32
60 558.82
42 904.54
38 180.36
51 754.03
67 519.25
58 408.45
24 984.01
23 728.84
64 827.71
89 346.57
29 403.54
67 842.56
94 152.09
72 308.72
90 436.99
47 420.27
14 756.42
17 467.91
71 625.49
75 867.71
50 106.12
4 286.26
19 993.78
4 584.33
58 251.01
60 694.99
92 600.22
76 365.91
78 689.54
17 134.62
96 738.45
46 203.79
59 747.82
10 274.20
73 917.57
40 266.64
6 872.95
8 487.97
92 934.08
95 337.86
14 751.05
63 411.16
22 507.13
83 800.75
24 506.61
18 949.82
68 942.12
67 831.12
65 570.48
30 564.56
48 260.81
42 387.86
44 889.29
69 958.54
33 933.49
65 465.75
48 377.63
80 264.50
45 263.60
74 172.87
17 631.48
11 160.06
50 961.96
23 290.53
76 899.08
70 529.97
69 720.12
72 205.36
23 224.94
88 755.28
50 479.58
71 870.13
29 147.10
82 696.97
82 860.29
43 354.43
70 329.84
35 600.73
86 421.31
91 368.34
46 710.67
80 433.36
99 198.68
99 804.65
34 922.12
23 976.91
9 356.98
21 967.50
38 436.53
31 578.10
33 806.86
99 726.55
22 377.65
32 658.82
86 139.43
84 252.24
36 774.31
43 324.59
54 990.44
9 134.93
5 977.66
97 928.04
24 390.66
42 262.75
50 425.08
63 199.78
17 138.10
89 928.71
44 175.06
54 809.87
77 817.90
96 169.40
97 830.59
56 569.09
24 521.94
75 916.21
58 215.31
35 543.82
75 256.78
42 438.81
61 311.38
76 836.24
95 715.11
29 592.02
89 477.30
47 983.22
35 566.15
77 488.99
40 232.13
73 915.68
51 159.30
76 977.99
93 643.37
60 806.05
48 634.00
28 922.91
42 584.00
82 580.88
27 840.19
50 432.60
82 272.73
11 991.18
40 832.67
13 991.34
90 447.07
14 706.72
53 211.54
14 212.03
73 454.71
23 107.35
96 245.19
70 891.24
10 634.95
75 406.01
58 548.53
76 172.83
95 307.05
18 251.13
19 336.50
21 162.50
58 559.81
26 694.65
31 640.00
26 852.00
59 176.53
80 367.89
38 259.59
61 921.26
45 286.56
74 419.23
48 929.46
43 838.90
11 247.55
31 303.82
43 343.25
6 601.36
14 781.95
85 179.66
32 101.19
59 373.78
8 233.65
26 548.65
83 119.16
77 204.07
41 165.86
38 750.27
98 615.85
70 378.68
78 104.88
28 115.97
19 506.58
77 670.66
70 392.48
75 259.79
85 256.53
90 928.30
62 554.57
89 990.80
91 777.04
54 228.98
88 251.65
44 546.76
42 267.72
55 393.43
23 229.20
88 360.58
13 698.79
44 177.49
40 917.33
100 245.76
5 871.93
50 578.55
49 871.33
51 397.96
60 745.16
50 513.31
56 927.17
16 279.82
36 841.82
40 790.65
94 399.32
86 345.50
22 528.26
100 231.02
75 931.45
49 461.37
27 173.03
36 587.75
97 960.83
70 237.82
95 694.08
16 473.75
46 935.17
31 957.43
61 307.67
88 781.80
20 219.55
13 571.07
100 712.59
20 787.75
73 734.48
66 780.81
9 946.38
53 117.23
80 248.77
31 957.17
28 231.05
90 737.90
73 402.80
93 242.97
52 859.32
96 372.24
97 714.65
15 631.96
84 803.54
84 202.65
13 768.59
90 614.39
33 408.22
20 458.34
23 248.25
22 859.57
58 210.51
84 321.32
90 442.17
19 455.07
30 807.20
41 206.03
6 730.91
67 435.84
65 722.03
66 735.01
27 828.61
92 397.78
22 991.07
100 382.40
27 610.67
37 274.22
39 737.23
70 975.26
17 344.57
56 179.64
87 705.64
57 375.30
95 451.77
88 776.01
81 790.57
33 706.24
81 826.07
32 748.85
65 107.35
7 806.41
9 456.80
43 977.84
69 890.84
88 235.52
50 485.76
35 379.05
96 643.37
9 249.81
73 994.38
58 155.89
77 104.02
85 456.46
10 436.58
16 961.54
50 318.45
94 925.50
67 142.76
65 844.28
8 509.89
72 221.15
24 679.14
75 629.41
92 417.72
38 444.24
85 654.68
16 856.94
72 201.75
79 747.22
56 823.83
57 578.62
82 907.53
79 131.74
58 666.32
80 616.77
61 135.93
66 175.18
22 654.45
15 172.74
23 793.03
43 992.22
81 606.34
58 400.68
79 250.50
99 187.24
38 254.05
19 790.08
95 877.00
12 787.77
11 873.12
1 573.49
73 999.86
81 660.18
91 483.75
62 318.64
88 837.59
40 930.86
18 510.11
70 230.67
68 430.31
15 635.23
26 688.14
65 769.44
44 815.98
47 557.84
93 553.74
86 891.44
67 560.77
44 551.29
74 592.34
10 614.08
80 317.04
98 689.37
1 901.68
100 320.40
81 763.55
48 884.44
37 220.47
56 550.76
22 347.74
62 130.71
20 830.48
33 227.38
59 882.81
76 411.06
88 862.39
37 809.83
10 388.04
23 444.32
47 859.22
12 101.04
45 450.02
4 341.26
16 625.84
5 338.13
48 329.37
57 705.73
15 402.91
46 996.31
17 916.47
74 715.07
55 423.81
54 876.18
11 839.22
61 811.73
7 955.45
29 404.46
79 594.81
46 585.27
13 496.16
93 365.64
59 423.10
70 845.11
85 895.44
68 199.41
98 461.74
93 313.57
5 959.48
23 411.61
92 519.36
78 862.57
70 375.95
37 709.77
88 583.12
18 631.24
60 716.95
76 816.47
97 133.44
41 681.51
92 152.84
34 169.21
2 941.98
41 900.20
15 915.02
61 224.99
54 673.86
38 421.31
44 511.80
74 529.96
99 376.15
82 926.06
89 637.13
99 591.29
10 525.97
49 138.72
28 280.25
88 672.56
47 619.14
30 102.99
39 520.06
32 615.87
60 791.91
85 121.83
98 983.13
83 878.76
95 170.56
22 197.07
19 319.02
1 440.71
33 788.98
51 272.08
4 469.63
79 412.80
39 594.32
13 458.42
40 645.35
95 308.31
67 536.48
34 332.26
52 173.25
89 863.10
67 542.95
37 781.32
4 888.69
5 921.18
95 467.47
23 857.97
70 966.24
4 584.57
52 479.97
59 768.55
88 873.32
98 312.89
52 461.74
50 299.97
74 728.63
42 639.88
79 874.70
74 285.44
2 762.71
48 991.98
60 689.35
28 764.65
73 935.39
33 872.87
20 746.95
52 262.63
34 111.22
7 310.56
78 259.64
3 159.50
91 824.90
33 521.24
24 997.66
90 350.46
74 237.64
15 747.19
63 407.35
53 737.63
69 413.84
42 568.90
63 144.43
19 607.42
43 334.29
60 358.15
97 551.09
63 246.75
80 925.79
17 331.67
77 785.31
65 643.01
100 442.88
63 399.09
81 472.27
87 605.05
29 510.39
14 262.80
99 591.66
8 328.30
43 768.88
2 284.50
8 881.93
89 120.25
79 319.14
59 517.24
4 974.80
96 745.45
47 467.47
61 850.30
98 546.06
98 716.70
83 931.87
98 299.52
36 752.04
12 242.31
45 315.59
26 881.70
87 887.39
27 285.45
77 536.01
34 806.31
45 357.01
42 452.62
16 888.41
9 213.12
73 669.99
24 289.14
24 425.42
1 153.63
90 331.17
69 799.32
98 546.56
69 137.46
45 144.83
88 593.66
66 351.06
98 227.33
34 265.93
69 104.84
63 753.91
14 562.34
9 669.99
40 560.25
10 168.89
55 736.09
66 607.86
41 330.40
19 490.05
68 318.60
42 645.09
46 117.04
92 677.24
93 726.58
13 738.22
49 490.70
43 955.70
25 696.65
5 372.55
36 201.68
89 686.25
24 447.03
42 158.78
96 475.97
45 902.91
39 389.79
72 328.16
92 857.41
97 971.12
24 110.96
74 270.97
64 986.02
10 707.35
16 180.59
27 331.35
41 929.06
87 268.77
32 285.42
67 603.43
26 689.33
20 499.61
81 159.44
7 428.95
19 442.08
66 547.98
63 479.84
72 567.09
57 591.02
60 258.25
51 394.81
100 574.91
59 759.64
60 425.33
25 110.08
45 127.84
59 119.97
46 774.63
63 434.09
99 190.36
19 828.20
37 129.23
42 436.17
47 248.41
63 800.45
47 888.47
61 935.80
33 450.73
73 702.63
22 125.04
27 299.41
98 833.23
54 169.11
58 366.46
6 393.63
85 192.57
66 942.95
50 618.74
81 496.56
17 801.33
51 955.88
83 400.10
40 287.21
67 284.53
51 394.01
30 357.85
90 983.28
36 587.25
74 471.72
66 605.41
54 393.72
87 170.56
17 933.08
33 547.30
5 947.41
14 226.96
43 216.72
63 630.12
96 620.84
96 608.28
46 738.96
49 195.81
9 800.67
79 928.48
78 448.84
12 154.71
48 229.11
48 767.68
64 862.70
71 981.81
19 497.98
20 263.58
86 756.02
85 875.77
42 490.93
27 197.85
44 699.35
85 900.17
61 608.20
48 584.67
89 907.66
60 689.25
20 284.87
83 819.57
3 119.42
21 240.44
17 111.01
39 780.90
1 606.80
51 808.71
21 146.17
80 444.23
23 643.90
55 198.63
95 986.24
87 489.39
21 150.04
52 980.84
85 772.61
76 769.36
14 264.71
16 469.17
62 871.65
49 884.97
87 747.47
48 514.42
71 204.52
59 943.38
94 319.21
10 566.24
44 217.07
29 108.10
16 613.86
59 590.82
74 135.71
64 536.79
67 702.51
83 186.74
19 359.04
93 107.40
95 279.18
22 871.64
12 550.85
31 447.55
43 281.45
86 341.68
52 120.29
75 806.13
11 708.38
33 996.89
72 816.42
11 858.52
13 372.30
27 509.99
16 278.06
92 650.90
91 581.37
87 733.86
27 698.65
84 259.25
74 467.87
32 310.75
51 697.14
43 316.09
61 391.06
26 550.87
70 519.65
85 545.78
81 598.59
79 100.07
40 822.22
47 190.53
50 633.00
20 590.55
58 329.59
67 575.93
33 723.57
55 867.23
61 670.76
40 209.23
81 971.02
23 814.15
35 300.69
35 399.76
97 326.71
7 298.41
71 839.21
76 444.00
84 803.45
81 435.19
70 195.80
90 878.12
19 239.10
30 711.23
72 273.91
81 565.35
11 250.08
44 459.36
27 872.63
72 383.66
75 280.66
50 984.51
7 565.77
45 341.54
66 879.07
63 834.81
59 800.11
77 838.42
55 969.58
99 695.45
85 368.09
10 945.32
77 620.34
91 539.39
41 109.73
24 152.20
66 478.83
87 548.51
91 759.19
22 770.68
83 553.92
77 857.45
86 156.11
97 443.04
78 482.49
93 896.67
79 448.01
32 893.48
92 695.86
77 718.29
78 348.67
74 508.30
83 268.76
1 521.62
59 229.59
49 562.96
69 588.16
38 979.67
32 484.64
5 135.95
33 157.94
98 109.16
54 827.69
51 838.58
21 816.75
5 483.01
97 621.18
90 903.47
98 509.97
49 488.80
34 358.13
18 935.28
15 440.69
30 690.20
40 499.73
88 663.75
78 115.70
80 193.74
38 792.14
30 384.51
54 769.10
41 429.95
13 482.28
32 925.55
66 247.80
35 417.84
81 502.92
96 726.80
87 800.89
67 151.45
97 548.59
5 166.19
69 233.88
73 302.30
11 341.19
76 872.35
71 557.23
11 626.37
53 863.40
75 793.18
28 888.45
31 293.83
3 552.14
52 784.57
57 789.84
69 820.18
12 594.22
66 166.24
34 235.82
65 432.61
85 926.95
47 273.39
93 335.76
65 892.31
13 631.96
2 742.98
86 965.31
47 124.34
23 514.21
65 475.65
71 635.78
68 289.01
94 881.37
83 961.48
49 751.34
77 259.05
91 979.85
18 390.13
69 855.92
47 257.51
99 583.90
30 227.73
8 438.58
29 974.13
50 237.14
83 234.30
40 189.10
92 691.28
57 595.51
26 585.38
47 307.15
48 285.45
38 853.16
40 323.89
94 560.11
29 217.78
75 377.88
85 461.13
42 311.16
3 418.69
67 833.69
80 893.54
53 370.38
75 760.51
11 971.00
14 209.33
100 625.90
82 632.18
90 986.98
31 206.96
46 413.58
77 524.80
75 520.82
27 189.67
30 194.87
88 345.34
91 642.39
7 731.34
70 365.00
48 959.81
20 837.62
77 465.35
20 621.77
18 551.84
89 369.76
30 783.62
3 682.42
64 666.90
70 602.67
38 273.94
32 524.44
37 761.51
55 319.95
65 359.26
8 553.42
7 883.30
51 640.81
72 518.62
22 285.79
28 859.91
37 192.50
24 370.28
30 651.66
18 487.90
82 374.20
5 684.08
97 530.53
30 873.95
6 109.92
59 895.60
93 245.70
19 986.63
96 644.37
49 707.54
50 473.82
67 413.52
53 986.71
2 823.82
86 545.62
40 726.03
16 939.70
18 837.67
96 748.54
22 769.52
86 320.70
59 904.30
15 478.89
5 576.86
89 664.57
60 807.60
40 303.69
14 389.43
19 754.35
31 537.02
84 235.50
78 451.38
97 570.19
1 847.31
32 242.28
14 899.69
43 262.77
4 450.06
11 946.87
69 768.72
2 313.58
93 599.18
14 535.39
99 703.06
97 618.68
47 249.05
9 434.23
3 737.07
95 792.42
44 959.42
20 249.96
65 900.16
89 702.19
74 933.14
95 395.93
56 312.83
68 974.28
6 342.85
69 302.38
94 866.58
89 404.86
6 920.39
50 859.77
72 884.96
58 181.20
96 764.87
13 332.46
41 721.13
100 176.62
71 936.82
15 615.72
55 969.13
34 351.74
55 673.91
100 609.98
43 395.36
25 440.15
73 976.18
96 669.63
42 819.55
34 243.11
83 438.91
84 944.30
71 288.23
29 870.18
22 881.14
39 133.87
62 188.95
53 520.22
33 875.20
47 684.22
74 459.76
12 326.63
5 698.43
34 288.62
19 742.33
6 522.15
4 401.78
41 595.38
61 392.88
21 203.10
21 945.24
24 672.80
63 796.91
49 857.88
47 605.18
48 927.54
37 494.36
41 192.03
16 983.95
21 154.80
65 562.45
1 199.23
89 446.32
47 375.57
49 729.46
45 264.35
75 247.28
29 288.97
22 265.06
17 531.32
50 824.05
29 237.74
64 771.82
27 857.58
8 586.72
86 844.87
79 153.12
100 452.39
47 146.87
16 154.14
5 778.03
14 345.92
59 225.86
68 512.94
55 335.24
96 761.22
45 864.25
49 426.11
66 758.12
40 489.70
12 745.78
93 292.12
59 190.69
45 134.68
81 892.23
61 318.26
34 197.10
70 837.16
24 302.64
47 469.26
41 505.81
51 384.64
66 460.00
32 749.65
61 655.65
35 967.78
19 197.81
30 996.81
88 804.68
37 217.15
17 279.74
43 984.37
45 333.87
27 383.22
6 228.81
41 606.45
29 423.04
94 610.94
74 669.35
46 726.52
34 592.56
2 904.84
62 389.50
90 778.93
94 288.84
10 219.94
78 478.78
25 707.98
96 814.60
5 642.01
12 731.56
50 701.10
11 747.81
1 714.28
52 798.08
98 993.28
33 530.70
28 143.07
21 805.81
54 227.37
36 417.19
58 882.84
22 130.60
69 438.32
34 190.00
90 471.26
64 952.39
24 697.79
98 899.32
74 490.63
13 902.97
68 116.77
49 700.37
74 108.15
83 460.19
62 224.33
24 342.74
40 863.41
3 652.08
90 220.35
87 321.03
17 914.24
71 747.92
57 682.77
35 783.33
54 510.86
74 191.64
35 801.65
89 734.78
93 281.79
42 411.23
27 219.14
61 885.89
98 801.19
57 297.93
41 934.43
60 985.60
25 661.19
84 600.94
74 811.46
21 957.66
74 577.05
24 151.36
70 939.34
77 299.53
44 480.27
11 632.84
96 343.09
32 157.90
91 267.55
42 328.91
28 588.65
83 145.39
13 862.78
66 803.57
6 107.39
10 309.56
63 790.01
83 862.20
81 900.58
8 935.76
27 901.98
40 914.75
60 760.36
35 801.58
72 133.18
96 578.47
8 584.08
62 826.17
15 747.19
84 425.28
51 397.63
2 485.54
40 565.67
83 840.40
90 106.13
42 992.88
55 417.12
22 364.27
69 675.42
27 700.67
82 690.12
54 532.06
17 933.43
75 225.81
14 995.29
95 616.30
23 559.85
85 573.62
42 339.56
74 181.54
20 591.32
9 670.20
84 231.21
44 680.60
25 780.44
48 277.36
2 399.32
40 604.01
63 132.29
32 376.59
45 409.58
97 434.53
22 620.65
36 146.74
73 157.21
10 105.81
67 941.20
75 751.68
1 963.48
21 430.84
67 947.36
31 472.99
36 592.04
27 254.46
55 820.03
72 493.47
95 743.84
50 327.00
99 827.15
72 991.68
39 801.65
59 562.13
78 583.98
32 513.92
74 321.52
43 613.61
28 176.46
51 831.95
16 752.97
46 328.51
44 958.29
38 129.61
15 876.87
74 423.70
71 784.81
11 739.58
57 366.69
55 853.62
95 100.36
22 146.65
72 794.68
36 119.06
13 974.44
10 476.85
11 207.50
64 116.36
62 408.37
45 559.61
20 322.97
59 428.97
43 870.65
30 505.03
27 717.88
57 852.12
35 525.56
31 980.17
70 175.72
49 144.59
44 320.70
99 518.95
97 281.69
29 151.43
58 984.80
7 491.69
37 410.59
58 695.54
70 963.44
23 884.20
98 311.52
52 326.76
1 913.09
28 336.83
80 903.06
57 481.89
30 139.32
4 199.09
73 343.63
82 834.76
22 184.67
44 591.53
43 924.01
10 851.84
66 981.15
40 922.48
22 378.08
31 731.61
81 203.49
16 922.11
37 801.02
35 888.79
73 193.62
63 191.92
28 606.58
23 675.05
25 792.19
79 264.03
30 984.16
61 686.36
84 976.98
95 119.36
30 389.15
34 344.59
96 556.07
66 841.31
84 974.07
42 638.30
30 453.74
61 231.48
74 621.88
57 144.95
35 216.20
67 842.37
12 648.67
66 272.94
90 370.21
7 865.39
30 398.31
75 514.34
4 584.94
11 149.32
88 226.63
33 933.01
49 396.94
18 478.14
55 547.32
44 685.18
5 998.07
6 896.57
24 496.14
77 817.32
37 682.42
75 235.41
86 383.30
61 685.51
62 539.20
42 254.36
7 581.09
20 724.78
62 403.89
15 528.86
14 328.31
55 403.55
11 583.91
51 810.36
15 542.94
86 897.50
78 756.02
16 341.10
28 959.81
8 576.63
34 406.42
49 446.31
23 765.76
19 256.83
44 221.56
42 465.70
58 802.08
59 285.70
16 272.34
85 540.98
68 786.86
42 855.95
69 594.42
79 731.72
49 966.25
65 757.00
55 105.31
11 969.04
23 324.57
4 248.37
49 453.50
34 261.47
95 177.93
60 674.26
30 880.91
53 471.71
22 100.11
33 803.43
90 338.42
40 967.20
34 786.19
31 771.42
61 345.06
90 753.24
58 366.11
22 419.30
73 446.12
60 260.04
48 644.13
62 105.56
19 907.51
43 321.77
68 682.72
25 373.58
35 459.11
78 741.16
60 788.07
4 596.39
84 267.43
93 355.46
35 185.45
40 686.51
74 428.33
10 859.74
70 415.39
73 802.53
23 811.49
32 465.13
25 189.96
34 861.70
37 260.90
94 594.24
67 974.45
64 160.70
6 260.15
23 713.84
98 856.54
54 319.07
4 723.49
36 369.35
88 540.38
27 263.16
72 706.97
69 408.28
21 988.76
28 287.93
27 959.82
89 504.90
69 595.30
27 466.02
66 476.92
24 904.30
46 277.20
71 979.09
8 100.99
4 897.83
61 692.16
10 684.86
47 531.24
82 839.70
18 750.97
17 403.49
1 554.23
85 166.48
48 176.32
85 986.87
12 707.01
83 329.13
100 736.86
82 829.27
38 657.08
20 359.31
49 430.38
18 672.21
36 537.90
10 403.93
24 481.68
73 990.19
7 316.54
1 212.97
93 641.15
66 757.07
88 551.31
90 221.55
26 318.13
2 855.39
97 997.21
21 577.67
1 541.72
64 631.72
21 319.91
20 640.14
35 365.90
97 697.75
34 580.57
19 981.68
50 886.85
90 772.05
15 782.06
21 678.61
41 263.47
3 218.87
78 566.62
97 377.56
85 644.90
40 650.50
77 264.75
3 660.60
87 768.81
3 291.87
7 216.97
40 466.27
96 365.94
22 257.93
48 947.25
57 146.95
2 349.40
24 748.51
40 959.73
6 252.14
19 337.15
21 322.53
18 537.35
3 377.97
92 629.59
72 266.94
83 719.86
75 192.05
91 685.46
37 488.59
26 519.88
33 667.02
84 816.64
3 420.90
73 580.36
48 988.56
48 194.72
19 628.74
25 593.39
89 179.62
90 745.02
6 800.10
69 563.00
72 698.96
89 654.66
38 804.16
18 387.15
95 490.78
99 682.98
37 445.71
63 316.91
67 702.24
20 666.01
33 331.34
71 468.61
48 868.27
47 321.36
67 376.63
36 966.88
83 126.01
74 977.08
78 330.53
36 209.38
100 334.78
50 322.09
38 919.74
37 105.34
26 864.83
16 532.34
79 131.44
69 438.41
100 499.44
82 783.83
93 260.93
57 107.90
83 742.35
55 444.36
73 233.10
79 888.48
20 643.90
26 483.29
77 648.34
38 840.63
1 984.09
4 204.36
23 825.90
5 296.66
13 373.19
30 662.71
40 650.03
63 802.41
73 767.69
54 108.67
26 383.74
25 112.33
25 806.80
79 722.82
99 401.18
21 473.64
13 858.10
47 668.18
20 533.62
15 994.57
82 357.76
49 671.49
51 625.80
1 272.01
67 621.40
95 206.60
27 205.36
54 186.15
81 362.70
83 221.04
8 813.95
90 267.96
46 982.43
12 473.17
99 994.58
86 648.35
90 373.15
17 877.78
92 763.89
28 984.78
87 342.61
28 364.22
72 763.19
93 761.31
100 918.82
10 734.92
95 404.73
92 728.71
18 938.10
31 485.08
8 925.73
32 127.40
91 520.52
72 854.94
45 666.70
72 104.10
12 259.26
43 305.57
89 733.58
61 850.79
25 863.10
45 556.43
56 820.23
85 626.13
57 528.76
56 235.73
69 706.51
60 170.07
30 356.48
97 736.44
21 771.35
25 468.27
50 124.80
60 296.66
22 491.91
89 371.15
20 612.55
42 579.20
13 546.55
58 674.05
33 530.23
92 168.35
52 547.54
41 656.46
51 496.53
23 530.62
95 997.34
35 417.60
42 666.50
20 611.39
54 907.87
7 827.46
53 448.71
6 279.07
28 831.21
54 204.56
75 331.06
1 667.77
51 449.85
5 327.92
19 602.17
30 293.98
75 711.66
3 152.52
62 336.92
46 680.07
43 263.21
47 352.48
80 689.84
17 914.81
99 723.70
69 716.87
19 259.41
90 500.39
40 935.60
15 606.60
40 853.27
95 162.33
27 524.80
58 755.97
49 323.91
84 524.22
40 417.90
39 268.31
55 967.96
87 867.83
93 172.71
64 403.61
50 378.43
32 405.11
6 653.41
81 993.88
62 884.15
40 532.77
70 354.05
82 922.78
39 267.59
53 786.03
46 571.90
69 691.08
45 477.64
23 989.93
10 186.44
23 729.83
21 554.20
38 196.63
36 157.18
95 929.06
85 611.18
72 812.43
79 462.36
88 933.66
100 617.04
45 817.32
75 358.89
77 268.90
19 916.66
23 350.02
54 125.68
96 243.94
73 393.42
51 894.11
61 331.10
51 185.78
76 793.19
22 860.69
15 457.33
71 311.47
25 179.44
29 987.85
90 575.92
25 516.19
85 741.17
40 652.31
73 990.83
51 369.19
97 163.33
68 398.75
40 614.70
26 488.56
38 335.00
81 885.88
18 575.76
64 683.79
76 484.37
24 646.47
75 104.67
62 831.95
8 429.05
65 628.90
73 395.25
40 999.33
59 722.95
95 410.51
24 311.91
32 815.67
34 763.66
70 169.90
99 986.22
97 107.50
57 689.40
73 969.48
38 364.54
75 351.23
76 268.07
71 978.95
86 166.40
12 943.69
89 594.34
20 428.85
3 686.87
86 390.34
69 288.23
83 209.27
6 493.10
28 353.81
49 298.93
57 442.13
26 565.43
38 265.53
16 843.69
25 822.70
69 497.20
14 203.17
22 690.47
100 483.96
30 447.68
79 669.53
63 407.19
62 910.97
21 512.99
50 913.83
80 824.56
36 888.44
1 444.70
13 447.29
81 564.45
89 675.60
10 696.52
79 479.61
67 525.91
44 717.94
13 793.48
57 582.98
70 327.27
36 387.50
63 342.35
39 618.16
6 544.53
30 262.91
93 864.53
40 941.26
52 604.68
70 635.02
86 957.67
64 988.16
80 579.71
81 160.73
88 540.47
27 786.25
92 287.93
94 225.38
33 816.14
32 423.24
100 838.31
20 211.44
1 927.32
70 471.11
74 454.22
69 990.37
41 157.49
95 414.95
74 382.52
69 233.09
49 458.10
68 447.73
89 664.75
59 396.84
59 974.90
87 931.80
22 768.48
47 997.12
42 303.40
40 269.40
25 401.33
75 677.79
44 916.32
34 258.29
36 580.27
45 209.27
10 963.34
42 857.62
72 803.65
88 764.91
13 625.70
17 707.50
78 217.96
67 686.40
38 396.99
63 580.14
32 303.20
20 170.81
93 150.33
46 666.32
93 384.11
28 338.14
40 699.26
3 607.37
38 197.38
72 305.69
43 741.50
15 272.56
40 524.97
20 906.07
75 594.84
47 805.76
79 499.38
22 381.33
28 418.51
9 499.66
85 527.19
63 746.44
62 819.89
63 738.67
81 344.75
6 119.17
44 964.01
52 762.97
90 578.59
3 640.95
18 592.78
7 837.00
62 235.81
83 250.14
35 884.53
61 805.74
41 792.18
94 596.39
17 703.75
34 834.98
14 859.93
23 480.28
92 146.10
20 771.93
98 499.79
47 602.39
21 347.51
80 262.35
39 409.99
69 336.47
53 266.45
76 236.45
76 732.22
43 680.49
46 694.72
89 840.77
23 899.80
2 965.88
94 541.90
31 413.00
61 814.01
100 223.82
40 394.79
84 784.13
100 571.95
1 502.36
32 529.76
48 414.08
84 304.38
33 499.57
75 369.57
81 644.09
85 378.58
77 254.35
89 367.43
78 104.17
34 365.05
97 292.21
25 955.94
29 388.60
95 114.52
73 967.05
56 585.00
21 753.30
17 706.32
25 753.93
75 667.18
89 429.55
100 772.52
19 394.33
82 217.39
95 377.43
28 309.61
21 768.48
58 568.66
27 783.45
12 779.64
6 148.19
55 702.89
59 488.97
31 430.43
51 483.64
39 476.10
24 346.15
77 862.42
13 780.94
6 922.89
64 176.42
64 170.42
48 274.29
53 851.57
41 669.88
5 440.95
17 956.65
6 505.73
84 412.23
80 129.53
3 884.82
51 439.30
89 544.56
30 395.88
18 265.83
79 638.19
61 905.28
39 569.13
21 423.54
77 430.71
17 906.28
1 298.92
75 357.62
49 897.24
31 930.49
97 857.97
81 736.65
50 732.41
24 401.80
10 434.46
65 871.10
16 818.18
14 513.86
32 150.91
71 990.40
3 434.72
92 444.83
23 982.51
100 747.97
54 807.69
42 283.24
68 677.64
43 144.53
77 150.98
57 750.18
32 323.84
1 205.36
90 590.03
39 655.17
4 449.86
2 336.68
42 820.19
29 114.99
57 909.95
48 614.11
64 646.92
84 500.71
99 553.75
98 338.46
71 400.20
27 873.68
52 702.17
15 504.01
9 630.89
9 684.11
22 840.38
97 252.38
20 223.87
96 355.96
30 698.33
23 857.86
71 716.85
90 365.52
71 912.29
69 176.15
82 165.06
81 671.93
54 890.38
77 372.27
59 825.36
59 692.18
33 642.25
16 579.95
38 165.30
49 492.47
63 147.53
26 307.08
46 504.54
70 461.60
21 868.03
84 156.86
60 871.87
53 161.80
86 122.56
4 423.60
94 640.06
59 101.96
80 137.73
82 712.64
9 133.50
60 148.39
3 359.10
11 776.84
95 851.21
54 164.54
28 143.66
80 638.48
26 385.30
82 675.25
25 755.41
33 487.56
57 961.60
75 333.88
93 920.59
96 427.50
57 454.02
3 861.69
2 572.72
70 606.92
61 903.13
75 473.17
63 130.02
16 635.25
80 338.73
18 673.31
66 903.12
16 169.30
39 949.86
76 835.11
90 843.86
84 774.01
59 590.02
37 478.34
31 123.11
43 203.12
48 326.15
2 783.14
39 631.83
58 166.51
14 210.93
74 114.50
44 544.37
89 288.66
30 406.16
77 976.52
54 755.79
96 521.37
73 476.21
29 988.17
14 486.13
35 999.56
38 267.09
51 968.17
90 374.03
71 156.13
40 155.83
41 116.03
72 787.46
83 393.84
83 944.51
41 776.63
25 720.55
60 555.55
89 149.45
76 432.57
15 560.50
55 235.44
37 651.24
29 177.80
16 932.22
4 219.22
40 452.99
60 899.24
3 715.60
84 482.90
73 571.40
44 791.01
4 678.06
77 125.57
14 239.72
62 623.78
44 789.24
99 115.97
73 687.61
37 974.42
4 567.69
88 146.40
57 807.96
75 665.03
7 813.74
60 194.48
97 225.86
49 459.24
60 888.86
84 585.47
54 971.55
12 147.09
38 260.56
31 141.26
17 116.66
10 252.00
82 254.80
36 679.40
11 680.51
62 308.48
40 998.88
13 538.94
35 305.02
52 950.92
13 322.66
46 877.48
39 491.98
74 415.33
17 656.69
59 748.61
49 220.94
52 333.52
3 453.06
13 430.73
52 969.24
47 232.82
84 850.27
99 687.20
18 857.28
55 193.34
69 537.38
61 866.65
89 290.25
90 649.75
35 513.25
62 585.08
51 768.67
6 325.31
91 501.88
25 959.06
27 774.36
85 863.83
90 822.46
19 362.19
83 726.60
42 910.80
49 720.49
82 543.66
91 631.93
70 571.97
32 194.35
59 152.98
85 406.32
97 763.23
16 539.29
67 506.77
3 758.96
7 380.08
36 917.04
34 741.00
59 993.69
64 120.90
80 468.95
53 464.40
77 909.11
70 108.25
16 945.18
36 135.86
83 492.80
37 728.87
74 800.46
64 517.98
91 220.68
91 384.60
96 486.04
85 577.29
58 867.19
6 898.52
48 858.42
54 427.79
62 971.67
39 304.28
37 524.15
69 418.03
49 636.96
99 285.00
82 690.36
7 284.82
69 794.58
48 530.28
41 536.31
41 456.78
22 537.32
7 581.69
90 130.50
53 509.05
97 700.58
58 575.39
38 211.04
58 362.22
49 639.64
23 521.93
98 694.69
64 956.30
52 436.71
24 324.24
79 156.92
39 638.06
58 242.64
28 926.48
85 218.73
27 709.28
49 349.24
94 854.90
31 290.32
56 900.62
23 733.11
50 442.24
28 332.65
40 348.49
73 963.31
19 104.42
39 664.66
43 224.87
38 945.82
76 431.32
72 790.02
34 474.04
7 764.85
61 556.11
72 197.42
22 295.24
62 720.65
3 622.79
3 561.25
41 648.55
2 738.37
8 805.05
7 106.93
53 662.22
71 242.97
40 315.22
65 386.52
32 742.83
11 153.23
95 228.32
92 697.29
17 675.62
66 282.26
91 403.04
38 637.92
36 397.03
29 547.63
39 476.37
66 213.20
67 471.27
20 947.45
17 844.97
45 835.05
90 192.36
97 197.09
20 901.21
45 264.56
65 126.24
46 114.44
18 207.35
42 582.02
1 879.33
87 831.86
70 813.57
89 211.00
45 762.15
70 581.55
30 667.18
24 735.05
12 426.99
60 273.48
40 606.83
89 924.42
19 502.38
100 684.23
33 584.23
83 964.25
87 833.85
98 338.48
41 486.98
81 708.90
52 986.34
67 150.68
56 922.44
20 793.08
21 392.23
45 779.99
74 537.73
68 655.55
7 149.79
24 261.07
6 906.30
27 401.58
20 682.70
4 715.39
94 861.81
14 841.89
5 129.76
75 368.86
2 578.74
6 725.58
53 709.08
39 906.44
57 807.95
80 672.26
69 912.98
53 149.56
25 499.26
41 833.46
84 916.17
28 337.43
77 147.23
43 231.92
99 810.90
6 583.55
9 545.49
25 523.04
85 726.32
63 811.91
62 558.16
29 912.03
88 588.58
74 824.21
6 196.72
37 871.22
62 416.29
62 622.98
41 938.00
76 549.86
62 518.82
18 698.60
40 574.70
27 755.74
90 337.49
15 712.70
89 858.22
83 514.28
11 275.68
70 787.06
47 867.49
22 987.32
5 291.60
75 680.38
47 371.37
74 252.66
93 850.96
42 604.68
93 937.15
65 687.33
94 413.92
32 173.51
95 987.83
79 709.60
100 681.50
27 998.77
75 122.82
47 952.53
18 719.82
13 622.79
50 830.94
90 997.98
6 894.68
65 713.59
73 321.84
41 423.12
76 681.80
11 912.83
47 944.15
36 435.70
91 437.19
84 374.06
91 585.49
8 640.37
93 366.86
27 537.78
57 917.07
8 517.61
5 441.23
73 582.61
58 677.30
46 636.67
4 848.76
24 925.20
48 194.55
56 631.63
53 248.89
22 901.92
42 297.56
39 796.96
70 335.43
35 631.61
91 678.07
43 914.90
65 370.51
4 128.39
79 723.66
69 674.80
61 284.53
67 548.42
50 851.37
49 832.50
79 932.61
100 702.15
38 360.31
4 997.23
95 133.98
74 836.86
40 422.83
79 693.25
90 950.13
68 296.51
76 935.07
4 624.79
58 667.27
59 328.36
50 931.34
65 863.84
64 373.57
11 104.53
9 911.87
61 468.09
50 125.85
89 194.54
57 631.52
41 516.21
46 277.31
56 768.23
16 895.61
97 573.47
14 622.22
90 580.74
57 139.70
85 941.28
61 850.64
69 312.14
77 513.34
86 677.48
83 498.49
60 776.04
32 104.41
11 480.09
96 111.18
46 544.34
99 643.23
47 661.52
78 594.58
58 996.83
97 244.30
71 530.14
16 235.95
57 703.11
59 474.32
85 180.02
82 413.93
67 954.14
16 699.12
76 482.70
42 610.87
96 808.65
79 307.34
13 661.80
82 265.40
37 545.35
89 428.04
48 525.60
85 969.84
66 324.56
63 893.24
25 892.89
64 767.96
80 440.81
85 288.25
4 959.32
14 814.23
77 966.00
39 962.55
49 436.70
22 401.20
57 254.11
43 682.68
86 661.60
80 215.09
86 126.51
43 570.23
96 375.96
54 734.98
21 499.01
7 640.75
42 386.60
66 938.42
11 855.56
52 563.23
80 237.88
70 404.48
85 797.35
13 695.01
63 431.76
22 637.20
42 328.31
49 988.41
51 875.04
89 121.04
2 130.32
17 742.50
28 656.92
69 163.32
13 867.63
35 593.07
71 522.50
70 782.80
89 652.81
62 985.82
79 928.04
59 207.76
87 861.06
24 372.92
46 475.21
24 275.32
85 728.23
13 119.54
99 582.13
6 735.59
81 524.77
80 724.48
18 746.39
100 883.95
46 253.72
62 513.60
28 920.83
48 114.36
56 940.14
45 275.94
68 319.75
39 377.00
56 411.93
16 430.26
22 667.00
12 803.56
13 676.28
93 465.27
2 186.91
24 379.16
88 734.82
38 597.17
54 852.99
46 110.97
87 972.10
50 791.19
78 935.02
29 838.18
76 768.46
27 750.78
58 401.66
77 896.01
59 856.25
95 260.70
4 816.91
7 175.58
77 548.31
10 441.10
78 580.85
9 653.05
32 690.51
43 667.03
3 142.24
38 879.42
63 398.91
35 895.93
24 964.38
27 827.89
52 973.01
54 455.20
15 454.47
57 863.50
55 752.50
22 115.50
90 316.81
22 914.43
98 956.97
77 258.38
27 427.63
35 259.20
64 911.91
10 326.35
39 751.77
13 587.43
38 266.51
26 860.44
99 889.68
100 221.30
62 294.41
24 817.04
50 822.67
46 276.67
31 907.64
63 531.29
74 503.30
7 389.30
27 674.60
86 202.09
23 746.31
5 484.73
24 556.76
89 140.38
18 437.31
31 207.42
75 908.81
11 130.38
84 506.98
3 105.64
17 453.84
34 573.57
97 687.30
41 507.32
88 515.90
16 811.67
69 951.46
92 842.53
45 196.06
93 971.01
40 315.07
21 672.19
21 235.40
70 276.53
24 598.47
30 505.08
77 936.01
29 134.05
80 839.26
8 690.02
33 950.53
75 337.54
38 831.82
13 157.72
8 718.95
34 513.42
12 161.95
55 275.29
95 858.75
9 862.38
79 982.20
59 247.17
58 407.40
72 852.30
84 884.32
62 539.31
8 361.68
89 244.32
75 990.79
96 840.16
96 881.87
23 333.36
19 951.15
36 783.55
46 827.93
27 404.68
30 541.61
63 676.13
39 770.35
17 664.65
64 217.48
2 476.58
85 630.67
75 657.25
65 108.89
53 340.11
51 201.65
62 191.89
64 938.49
3 754.22
23 753.78
68 812.80
26 339.25
14 978.24
21 553.13
91 488.37
37 237.32
79 428.78
80 884.75
52 378.50
16 466.10
61 724.64
56 928.91
96 835.49
45 855.74
44 253.22
91 548.09
92 726.49
64 667.87
14 504.54
24 287.07
10 951.35
10 762.41
54 196.18
75 474.56
49 412.93
26 754.50
96 412.21
34 758.68
51 781.91
71 989.67
38 794.89
34 458.54
5 816.37
48 312.61
63 660.38
45 271.57
15 593.02
2 448.41
41 480.99
32 559.08
36 400.22
72 863.98
47 344.94
83 745.98
32 156.53
62 274.50
96 826.48
64 295.20
17 630.01
47 905.84
19 379.19
15 256.64
36 582.98
4 541.06
64 833.60
3 554.71
87 767.64
25 814.34
4 954.69
16 846.11
49 550.08
87 142.91
2 487.20
18 465.02
41 129.14
65 635.56
20 357.99
44 805.75
97 469.48
95 254.39
96 905.51
75 238.08
91 915.89
85 988.95
93 291.58
72 227.62
82 214.78
81 704.05
16 844.43
15 606.05
36 224.44
12 627.56
92 721.34
62 841.90
86 403.06
21 714.76
20 777.00
47 498.61
65 529.08
95 281.93
81 305.83
24 623.70
51 161.91
62 283.17
9 345.74
76 225.80
59 997.33
43 587.88
30 712.62
73 250.55
54 756.24
37 922.58
82 479.30
20 287.11
86 712.98
100 593.50
44 955.31
50 215.69
81 627.76
56 181.68
40 540.57
96 933.50
28 608.63
59 779.22
86 387.09
44 904.47
21 779.62
66 936.62
84 204.58
65 363.15
29 664.79
28 671.46
6 397.99
49 195.92
82 150.58
16 597.06
90 319.44
58 386.34
77 905.64
62 141.89
72 950.86
21 254.46
73 551.90
69 616.21
19 170.03
84 600.45
99 915.50
8 223.05
20 981.78
43 875.98
43 260.13
10 141.62
57 622.42
62 213.80
99 806.41
83 104.49
74 865.93
84 674.64
40 121.17
7 284.06
68 261.47
18 882.01
75 420.43
54 887.00
35 306.86
87 119.05
27 641.64
59 815.30
85 258.00
64 179.62
74 471.11
35 930.41
25 599.81
39 777.66
46 121.69
17 814.67
37 676.10
88 472.25
66 919.60
66 995.50
31 177.63
2 741.07
96 390.35
97 234.56
61 993.59
22 687.70
12 741.83
29 518.70
27 443.10
45 269.08
96 493.37
45 928.96
84 936.18
9 408.28
1 530.94
16 383.31
70 561.29
22 648.73
48 921.14
73 621.14
49 511.92
48 667.52
81 259.91
40 688.13
46 642.65
38 338.20
64 734.53
5 716.37
52 737.80
34 459.96
90 796.94
65 196.40
51 968.49
91 358.89
97 494.93
95 841.90
22 500.20
37 311.91
100 490.91
51 457.84
29 742.81
9 901.28
39 602.28
15 373.20
27 707.79
50 957.35
52 563.83
48 175.94
13 535.12
86 972.56
64 304.48
98 272.89
69 922.49
94 910.65
71 237.59
51 989.92
85 807.27
2 624.18
51 786.84
23 788.86
52 732.99
33 744.98
40 836.39
95 153.05
4 999.46
92 572.75
45 964.34
78 692.79
81 365.54
30 262.82
5 450.54
52 825.79
16 225.60
6 968.57
1 993.80
21 655.29
44 495.63
10 595.22
63 999.58
30 371.12
53 948.90
58 207.73
21 403.26
16 649.98
70 731.72
63 252.20
41 123.83
43 788.85
14 174.95
100 884.82
13 302.94
41 456.04
93 531.49
82 836.65
25 223.67
51 730.62
60 508.49
17 284.39
87 440.29
100 591.88
73 918.91
21 130.47
88 152.34
94 929.77
73 679.69
47 721.56
33 336.29
73 759.80
69 896.67
47 763.54
21 760.59
87 717.54
75 689.42
53 882.75
77 721.68
36 474.10
21 412.85
71 843.29
86 736.23
89 396.40
55 762.26
70 617.07
78 983.34
91 233.34
90 472.67
48 273.72
27 510.12
75 157.90
15 662.34
63 312.26
23 567.46
35 608.86
10 729.35
30 505.11
27 882.37
49 622.69
47 155.50
56 958.37
34 235.70
57 815.86
89 978.29
65 574.56
16 767.73
71 487.50
58 996.14
33 661.53
30 538.17
84 546.87
38 955.31
37 519.38
27 151.46
23 892.05
74 124.62
14 963.53
86 289.38
82 505.46
86 957.25
22 160.21
86 118.68
61 204.02
60 301.78
90 100.36
99 693.66
54 436.99
40 444.05
82 745.90
12 399.51
9 259.29
59 747.87
98 250.74
19 459.41
69 247.99
57 103.94
43 600.95
74 568.26
16 157.77
3 194.71
85 643.32
18 595.27
67 519.09
83 938.35
48 314.64
12 592.24
56 984.02
64 492.71
75 247.98
46 165.54
63 120.76
91 144.56
11 824.09
11 676.24
73 405.25
20 406.97
1 160.39
38 592.90
92 937.34
40 306.01
86 387.14
56 198.74
81 932.76
15 735.71
20 859.71
16 323.83
76 350.21
80 615.90
33 591.24
65 807.32
62 351.48
66 376.17
81 505.74
2 571.18
96 794.51
91 150.49
51 799.81
25 815.09
82 943.64
63 436.68
28 562.49
84 649.83
23 559.00
82 831.80
41 612.92
26 798.89
93 611.39
88 331.16
32 207.82
16 247.52
20 840.87
20 689.83
68 535.87
18 516.13
2 302.90
61 124.99
46 254.51
68 157.39
83 838.68
3 394.12
89 306.98
40 150.07
74 277.57
71 441.24
25 451.84
83 665.05
12 529.31
62 132.72
100 766.60
29 996.82
60 581.41
36 241.57
13 716.17
68 717.88
5 118.44
70 474.53
51 313.48
40 393.96
43 481.73
74 809.02
97 391.99
43 178.64
68 396.36
44 244.82
84 241.81
62 123.02
71 496.91
88 679.98
2 717.73
96 310.00
76 929.09
99 388.22
26 602.12
6 434.25
60 442.35
98 877.40
80 735.58
51 951.32
30 161.77
91 794.94
1 213.94
31 677.13
1 266.96
4 482.84
39 234.47
38 635.88
8 616.25
79 784.91
81 525.79
22 246.47
97 691.76
57 531.20
20 849.12
36 794.62
51 988.83
51 856.63
21 360.58
98 837.82
62 656.97
100 825.04
6 415.11
60 451.96
57 964.45
83 955.44
98 288.12
50 864.53
57 287.07
19 446.28
30 596.04
36 402.23
65 833.71
29 402.11
65 785.95
66 321.53
99 149.43
77 993.63
34 158.70
30 134.61
76 613.66
71 414.06
45 456.54
75 346.09
36 660.22
2 965.52
64 369.60
23 112.76
87 824.74
26 423.36
85 517.64
98 669.53
48 236.07
49 498.74
2 175.98
46 933.49
2 635.64
8 935.12
45 437.50
29 970.98
91 325.62
13 573.30
44 684.97
87 482.94
38 527.87
66 289.12
47 646.08
24 359.92
94 945.18
95 225.11
80 417.97
35 329.17
77 637.55
78 612.75
7 624.29
3 934.10
80 950.19
75 169.33
23 791.15
43 973.89
55 464.52
80 123.48
44 271.74
35 941.48
53 419.15
4 500.87
6 533.27
82 325.08
47 520.72
66 781.06
66 202.15
61 798.57
90 135.15
79 723.31
12 599.28
45 892.20
69 937.59
33 209.43
53 820.43
51 579.69
21 165.46
78 455.34
62 806.10
93 374.82
36 225.27
26 826.48
44 679.54
25 219.14
84 732.04
49 136.35
34 940.80
28 306.77
69 781.42
88 549.08
70 863.74
50 891.01
76 556.07
53 537.64
38 202.17
86 210.27
35 821.49
19 490.47
41 470.58
26 777.13
67 711.92
59 621.33
32 170.06
64 421.27
45 938.99
77 441.63
80 491.04
16 791.69
2 424.36
49 627.88
21 473.29
38 927.02
49 982.48
23 745.09
58 554.91
26 503.02
55 266.59
22 426.13
62 286.12
29 739.24
91 994.07
76 799.23
92 623.59
67 456.53
64 901.80
2 238.95
29 108.06
37 165.80
57 930.51
2 134.08
33 859.10
100 942.51
30 694.62
77 564.17
40 340.48
88 882.73
2 711.02
47 231.88
52 604.83
75 125.89
15 160.63
72 706.02
44 513.70
42 314.17
35 526.57
69 836.69
62 159.23
27 107.24
22 445.57
83 144.33
38 167.37
17 116.89
76 222.45
53 419.88
85 614.63
17 895.63
94 933.41
16 851.64
97 604.47
61 484.20
89 409.96
88 560.21
90 845.64
10 334.38
24 459.78
98 487.31
14 106.68
57 718.73
74 406.88
97 190.50
45 616.57
49 196.30
71 772.67
88 447.53
19 662.82
66 387.91
99 984.22
98 407.28
52 256.97
35 382.26
68 253.85
92 153.34
55 617.91
10 137.45
8 347.76
46 378.22
78 470.99
33 524.22
61 233.18
25 709.56
10 190.78
1 647.23
44 672.69
3 498.66
97 870.22
30 793.59
46 601.46
95 765.39
68 864.20
34 283.52
41 362.55
76 393.93
30 281.71
62 443.80
75 823.14
1 687.86
84 253.29
12 526.39
2 711.35
75 504.25
75 673.06
56 264.47
60 925.21
55 168.69
94 218.20
58 964.41
54 899.50
70 877.67
71 202.43
44 606.72
79 734.11
15 623.11
71 593.49
60 421.19
99 764.07
39 744.78
49 877.36
92 116.52
50 132.47
78 486.30
44 319.04
14 958.30
34 829.71
70 211.96
47 667.85
24 762.32
74 977.16
30 901.92
46 600.28
54 464.90
28 413.17
68 494.32
13 315.41
19 259.00
70 216.42
1 324.99
47 666.37
20 211.71
55 921.01
29 803.35
9 161.90
77 244.29
32 985.08
10 177.29
90 865.02
79 978.84
84 346.34
32 242.61
89 327.99
82 816.10
6 743.81
12 113.45
96 420.43
25 591.72
48 929.40
18 735.70
59 428.30
73 575.57
98 791.40
63 699.44
25 909.70
19 102.14
99 136.15
38 728.98
35 384.74
82 856.48
28 974.29
89 480.86
62 690.03
100 418.78
10 136.00
47 523.21
67 271.67
68 437.63
31 469.74
70 816.21
28 876.32
9 361.19
7 763.39
22 896.91
13 728.37
26 646.26
12 644.36
42 746.91
92 893.35
29 534.51
54 402.55
93 498.68
51 311.48
68 617.45
78 357.58
28 814.92
66 643.14
20 855.02
71 273.36
35 205.01
9 196.27
97 548.16
6 499.94
69 307.00
74 474.75
75 266.82
62 586.21
85 251.32
90 559.99
96 912.23
22 338.26
2 772.69
87 836.89
64 695.49
70 957.65
20 893.73
44 116.48
86 858.77
3 454.31
34 436.04
59 964.38
35 931.31
11 781.06
41 919.59
26 652.21
84 802.41
18 577.99
92 508.92
66 224.09
32 858.08
91 681.32
98 160.03
2 672.57
79 194.18
26 244.18
85 369.67
85 101.62
21 172.00
24 252.81
47 963.56
28 596.09
92 396.18
59 860.12
15 300.77
10 990.99
43 923.34
82 691.54
48 679.62
46 107.28
97 680.64
17 224.30
91 950.98
88 724.61
27 620.72
19 488.92
35 190.62
41 342.18
85 803.86
33 637.46
39 807.56
16 328.51
98 953.65
28 715.17
35 247.79
8 649.54
80 717.38
96 891.89
2 797.02
61 612.83
31 533.88
73 891.34
10 342.52
14 806.78
10 492.38
4 478.80
71 571.30
87 245.03
100 331.52
51 604.57
37 650.24
80 753.58
74 109.11
92 257.77
35 338.11
12 217.61
84 700.15
2 691.60
33 220.30
53 430.52
17 441.49
95 409.57
75 805.02
25 657.99
40 361.47
95 661.94
73 366.49
71 830.81
33 897.87
94 506.77
91 540.86
89 296.11
87 190.98
16 419.71
56 196.54
21 972.92
11 898.44
26 815.49
61 759.72
1 227.58
55 825.69
71 968.04
67 657.62
29 744.34
35 374.31
46 802.65
41 617.65
94 733.23
69 361.18
9 650.56
55 575.15
93 593.98
51 121.97
57 788.78
82 620.54
98 340.39
93 125.73
33 673.67
3 100.36
19 738.18
1 794.96
6 284.29
86 340.08
80 746.07
67 934.20
54 809.14
64 249.10
39 325.83
49 157.26
72 675.54
65 727.33
6 829.21
94 883.50
34 251.70
17 993.98
94 772.57
41 466.67
4 146.01
22 105.59
99 250.04
51 164.33
5 198.35
42 891.63
31 155.68
60 776.63
34 628.87
33 795.02
19 947.48
80 578.20
86 543.76
5 989.49
17 453.59
2 140.05
45 167.62
69 944.46
97 935.95
14 244.83
28 299.64
19 973.05
96 353.70
70 788.66
52 100.01
49 123.34
27 913.09
11 701.89
82 670.17
52 589.55
83 119.53
82 210.07
88 519.23
19 811.23
62 671.11
67 379.74
9 746.00
64 981.82
73 603.12
72 428.55
66 156.32
63 583.65
3 870.93
82 476.64
54 859.23
95 379.24
18 857.10
66 638.33
90 718.16
81 709.29
31 242.22
96 461.75
25 960.24
66 902.19
36 151.17
25 151.62
69 725.11
43 402.51
77 199.98
48 777.18
17 975.69
61 770.85
66 509.70
47 100.21
44 453.83
100 271.76
64 646.74
92 563.50
20 586.01
80 691.93
90 239.35
7 812.10
21 704.47
80 421.39
42 348.18
95 526.81
79 100.52
76 302.49
79 760.40
57 488.33
28 545.83
6 524.00
72 706.73
70 301.54
52 349.07
75 849.45
64 952.13
75 331.37
17 289.81
64 980.82
77 880.83
70 830.29
77 440.72
37 163.68
29 801.26
31 932.06
5 514.56
59 241.71
43 359.63
75 539.45
75 805.98
26 608.16
19 580.78
89 884.73
8 554.67
46 551.99
79 164.31
5 860.85
50 947.70
61 936.49
65 935.70
29 501.81
73 572.08
90 843.33
25 751.23
82 389.31
95 972.60
14 725.96
44 678.43
88 463.87
94 510.77
36 523.40
86 423.34
15 432.47
40 878.29
25 771.32
22 868.08
23 381.35
83 546.63
99 398.66
7 628.00
90 649.03
84 632.53
16 230.87
4 168.79
96 233.24
99 129.66
38 429.66
85 304.01
68 990.58
33 249.48
13 128.33
85 549.33
17 914.71
33 236.09
76 184.60
25 115.68
31 866.92
40 104.15
69 515.82
41 940.04
78 671.75
93 599.92
64 736.81
81 305.17
44 324.04
66 354.38
13 461.42
32 104.61
97 128.47
2 460.06
38 241.65
98 110.86
23 403.67
65 697.77
89 312.84
44 850.29
67 987.43
34 140.99
96 793.89
44 314.23
2 802.85
94 725.48
62 206.06
52 708.91
26 712.25
50 379.81
53 347.78
100 802.64
44 411.27
86 128.66
64 657.94
98 441.12
86 854.17
43 586.15
56 702.26
27 612.25
90 979.48
78 335.01
66 988.58
25 641.04
57 360.53
39 175.55
50 833.13
76 236.54
76 382.82
50 695.96
58 641.21
90 113.79
17 767.57
95 899.24
56 150.10
47 917.14
71 136.29
84 494.69
80 357.55
97 494.79
73 372.71
87 684.38
35 604.94
7 594.48
49 799.92
64 288.38
56 998.07
29 881.90
17 368.61
6 872.78
84 404.98
86 352.43
84 847.04
14 483.82
4 348.57
82 708.65
93 417.58
42 146.29
36 714.46
25 861.36
53 763.15
99 358.48
44 181.96
56 534.65
65 991.05
23 612.23
10 833.78
90 781.06
59 334.57
18 956.29
4 510.19
88 566.11
56 696.28
29 658.83
59 780.15
32 312.95
39 199.29
62 976.01
55 615.29
33 447.68
76 833.00
78 912.43
8 955.99
28 937.52
67 757.98
89 158.21
29 393.10
43 714.92
5 344.60
10 940.17
2 120.59
83 403.70
98 678.66
76 954.39
23 292.01
79 396.48
46 995.12
69 504.21
57 792.24
29 808.68
25 109.41
45 481.95
44 593.39
8 523.70
92 345.31
96 295.49
30 517.26
77 765.00
39 243.81
81 378.04
81 239.15
96 898.97
91 835.91
8 850.67
67 800.63
2 401.19
9 713.07
5 536.55
25 200.08
36 715.50
32 815.15
55 372.43
18 946.67
38 622.93
71 974.15
45 139.13
18 786.77
39 969.86
57 573.56
95 454.09
60 228.89
24 957.18
90 471.71
85 158.23
3 449.66
78 442.86
62 449.16
87 928.74
20 417.13
81 229.75
43 286.14
51 939.84
21 231.46
23 783.40
7 890.93
63 516.08
51 183.29
49 157.03
29 639.53
31 428.37
2 498.24
86 896.91
86 553.38
76 373.01
18 277.48
14 535.17
13 464.57
19 364.25
62 551.00
25 619.38
87 993.79
39 142.02
9 545.66
78 608.34
31 284.45
68 104.65
46 545.96
36 534.69
84 135.42
41 983.56
99 633.67
26 935.10
65 477.27
5 417.09
18 450.83
83 128.95
63 475.88
35 729.60
74 142.27
67 862.70
32 120.78
13 511.29
33 301.89
67 601.78
92 455.23
18 735.90
72 176.61
79 330.79
18 619.81
25 939.39
74 410.02
60 706.23
11 760.87
92 707.66
11 368.17
32 760.32
9 221.62
83 418.12
48 494.14
66 867.23
19 248.18
88 253.23
48 721.33
62 783.91
35 723.90
29 487.03
39 214.46
96 709.37
54 915.95
35 147.93
86 947.07
34 297.77
32 399.61
12 247.40
53 436.78
49 891.74
56 529.40
8 284.69
31 289.80
79 490.80
6 422.14
35 422.14
22 523.77
100 215.75
89 680.25
83 857.97
94 994.07
4 370.83
21 238.51
72 823.73
3 888.71
20 771.30
30 942.75
88 983.27
43 453.27
35 788.77
11 414.45
43 774.32
58 627.44
35 502.25
3 742.57
42 892.64
48 292.18
87 917.39
48 642.77
72 147.01
90 222.26
70 696.27
94 937.40
83 462.57
81 508.32
9 360.49
71 416.72
23 357.45
89 537.85
24 655.00
48 176.07
71 499.62
70 200.45
82 345.84
30 155.47
77 616.92
15 175.50
25 866.21
70 359.00
100 528.11
86 107.67
39 570.42
74 654.58
23 123.78
86 877.46
100 902.80
73 619.83
57 855.79
48 721.89
33 448.91
47 511.53
81 404.18
11 760.05
79 607.10
70 395.96
64 300.67
53 872.43
85 369.69
29 373.35
36 144.67
18 430.11
62 996.81
50 223.62
83 122.57
78 880.06
67 795.43
1 774.95
20 519.29
92 529.67
99 570.65
42 107.83
26 691.98
56 798.34
9 838.14
63 267.77
76 697.58
91 229.61
92 707.27
52 387.31
83 478.47
94 487.03
87 840.82
50 285.14
12 253.45
19 567.66
24 600.39
59 923.18
33 847.28
81 840.95
83 623.44
73 230.96
44 702.71
67 220.43
14 827.63
30 911.32
77 460.52
100 826.97
42 248.62
60 490.07
91 380.86
56 215.24
6 234.23
33 632.70
57 253.36
68 981.83
85 330.99
78 724.82
29 711.57
10 262.36
59 441.01
65 170.90
59 701.04
10 546.50
45 680.32
63 172.84
45 322.30
29 673.30
84 604.96
22 712.54
71 806.06
43 786.95
59 815.97
17 490.87
33 319.12
21 838.50
43 765.36
26 960.00
28 637.72
81 605.58
9 855.94
28 940.96
43 146.14
43 901.03
3 632.41
87 782.52
55 647.35
74 822.98
11 723.93
5 583.00
92 149.20
30 877.74
44 546.51
61 713.20
63 390.21
46 210.97
78 258.90
90 785.68
74 208.87
13 702.08
98 846.48
31 656.18
33 882.89
53 112.08
14 646.10
49 872.91
73 612.69
26 599.00
39 593.04
34 731.60
75 819.32
8 804.22
95 726.24
77 879.11
73 715.80
18 387.51
44 281.49
97 103.09
57 614.28
61 110.30
2 841.72
30 635.84
10 103.30
34 791.49
21 227.73
98 626.20
43 327.25
72 128.45
14 424.07
87 368.09
91 126.77
28 208.95
25 514.64
55 883.53
23 217.98
18 983.82
2 316.62
26 969.35
50 551.01
45 253.15
24 252.45
78 352.53
44 544.59
25 847.82
94 848.59
56 650.34
45 458.41
95 126.61
100 837.20
33 827.27
60 186.76
11 544.06
85 439.05
35 454.79
61 779.22
66 126.52
12 992.23
17 136.28
81 229.83
70 133.64
66 281.53
50 164.23
88 271.36
16 497.39
66 609.67
69 582.76
95 107.83
51 745.30
40 652.66
18 305.94
48 913.19
14 496.77
89 814.18
31 991.53
60 719.24
79 735.92
32 628.41
100 589.52
3 667.24
48 721.57
34 313.29
34 962.28
21 437.07
58 173.29
8 609.05
96 275.37
90 707.30
99 705.08
22 791.45
100 801.68
54 316.13
23 965.28
3 193.41
96 808.29
73 509.94
89 929.24
49 568.68
29 701.92
50 375.69
81 316.36
11 896.59
37 180.79
96 105.07
58 546.27
77 686.25
47 236.31
31 867.78
82 892.69
97 656.90
77 422.25
91 241.35
8 596.46
70 585.31
41 916.72
39 812.90
84 667.76
29 859.86
36 204.53
53 171.56
3 621.67
88 624.81
83 472.96
82 637.91
84 959.56
46 463.95
52 861.62
54 103.58
74 998.90
59 564.67
48 642.41
42 819.55
64 967.07
25 745.01
37 668.08
63 698.12
84 813.64
99 308.33
22 763.26
57 365.16
22 244.94
7 495.56
3 369.84
82 609.54
89 214.06
87 959.60
73 904.51
82 740.16
46 363.77
30 492.51
25 575.79
96 514.71
36 765.73
23 712.40
44 622.93
75 124.56
87 208.41
83 915.93
73 711.33
44 942.16
37 276.43
80 307.64
64 723.61
38 613.18
49 690.01
95 398.92
23 705.86
44 166.12
5 898.77
50 633.94
68 912.94
15 327.42
97 687.33
70 979.78
81 203.78
60 589.20
45 926.75
99 854.90
24 669.53
47 112.09
98 241.03
67 960.42
63 899.46
64 319.64
53 821.63
98 276.46
61 755.90
80 217.57
80 323.01
34 229.23
100 486.75
93 631.40
51 128.39
52 471.18
29 770.50
59 161.40
45 149.08
87 472.45
76 630.33
64 124.57
12 703.31
43 142.07
1 461.14
85 708.92
73 895.33
9 155.07
45 146.95
91 843.29
30 961.02
58 178.69
29 690.86
38 741.95
75 133.04
29 910.82
14 844.01
3 392.25
1 101.67
43 762.52
37 823.68
1 775.58
49 113.38
35 726.44
82 843.47
93 224.92
61 543.04
76 719.98
87 553.43
32 398.66
64 527.37
67 533.30
95 974.46
32 137.38
94 557.71
66 345.02
84 963.51
34 814.97
33 910.72
30 150.98
73 297.13
68 693.86
44 766.88
45 107.20
52 460.02
77 934.14
49 902.73
88 810.45
91 223.82
95 337.28
8 744.95
32 144.21
17 922.29
72 205.55
64 486.69
97 169.64
55 287.92
69 121.67
77 716.85
25 362.61
72 620.25
97 426.49
51 183.72
70 798.48
90 576.06
65 956.78
76 812.45
36 559.40
47 163.79
24 169.89
35 946.47
99 277.64
88 485.37
9 875.07
75 431.15
32 626.77
61 679.51
87 291.86
72 194.77
46 796.13
78 442.47
38 577.16
10 454.17
63 584.40
16 290.92
2 525.33
42 969.27
81 298.54
18 344.21
62 899.90
3 479.34
30 673.07
93 149.46
87 852.94
2 703.83
54 733.76
35 757.30
72 305.28
19 909.67
91 900.69
52 839.69
29 613.06
77 640.59
35 766.01
62 712.16
24 887.99
4 463.86
60 743.93
72 931.49
42 566.18
24 497.51
2 198.98
9 826.86
98 256.61
40 516.38
40 739.63
88 431.71
39 506.96
19 410.11
95 253.10
56 659.95
21 826.25
21 638.62
49 564.38
58 813.88
41 600.51
21 684.59
62 815.34
92 913.52
44 240.72
55 771.04
47 513.05
77 924.27
65 929.88
43 392.58
75 412.15
7 914.21
58 706.59
23 683.28
62 833.01
90 953.38
30 845.95
29 468.47
77 853.88
14 365.69
18 428.95
66 532.42
31 336.75
21 408.67
32 251.60
18 783.47
71 416.31
56 210.16
25 779.76
30 553.30
81 318.13
28 346.33
71 742.60
19 403.05
58 351.01
52 836.45
37 544.06
34 975.80
17 319.87
79 312.03
51 512.85
83 583.47
36 599.50
78 841.57
43 989.87
6 472.31
19 900.68
27 497.41
39 437.62
95 362.27
6 806.47
8 422.18
28 879.28
57 861.99
37 253.58
9 376.72
2 148.35
32 863.88
96 281.06
52 269.46
51 627.21
58 755.26
32 419.74
87 464.42
10 517.21
44 200.05
77 213.32
5 800.05
39 131.14
34 604.34
77 996.63
11 937.79
72 861.23
61 137.78
92 472.34
67 827.47
62 174.68
78 339.42
96 442.22
17 613.19
20 906.93
33 593.37
100 113.45
30 679.43
11 337.91
60 904.03
84 790.24
79 476.57
100 271.15
50 170.63
40 797.73
38 298.20
66 998.07
60 440.09
91 322.12
16 113.91
34 117.77
64 417.34
73 664.07
27 893.18
27 991.78
98 414.13
57 499.12
8 529.30
67 833.10
8 368.90
48 897.44
56 598.93
12 172.53
82 890.93
14 817.23
47 389.84
71 728.91
3 323.06
14 672.24
79 827.59
46 953.72
84 652.08
73 597.91
5 622.06
63 217.65
49 137.12
86 994.07
99 194.43
68 151.16
33 635.22
33 653.98
67 700.86
16 545.45
88 927.99
38 250.08
57 171.82
30 777.64
85 705.76
97 999.33
19 739.76
28 351.94
83 726.33
53 559.45
9 908.52
81 649.42
17 521.64
90 647.61
25 407.32
100 716.25
18 220.82
1 645.72
28 813.84
47 987.70
56 965.22
79 832.74
6 401.73
24 832.58
57 623.94
57 598.70
73 780.09
95 851.42
93 988.28
94 633.11
93 932.86
29 836.86
95 429.06
85 163.11
52 448.48
63 552.45
50 131.73
16 501.91
73 620.46
11 672.36
51 441.78
100 244.48
69 556.62
64 552.48
36 734.87
85 820.75
62 673.89
77 793.30
10 210.82
32 242.57
49 297.80
76 848.76
15 664.45
17 875.52
49 758.55
46 898.71
67 197.60
75 619.63
69 480.49
23 624.87
51 868.87
59 494.51
92 392.12
86 835.11
2 253.75
70 429.99
18 997.34
83 573.56
67 573.28
96 963.70
80 602.30
14 795.03
12 682.13
29 295.54
74 783.24
30 833.55
27 594.79
3 729.14
99 331.47
26 928.42
22 112.40
94 756.75
25 292.45
89 364.72
12 654.54
82 350.98
20 316.21
69 593.27
74 404.39
83 296.88
85 671.72
58 152.86
98 300.91
57 874.09
86 645.49
58 889.35
60 444.95
54 312.53
33 113.98
81 291.04
38 708.35
4 760.80
46 112.80
40 594.12
100 337.65
20 133.85
88 991.19
78 153.37
4 527.22
52 830.32
42 246.86
65 820.51
44 769.38
77 404.16
12 572.73
93 791.29
6 707.28
63 678.54
70 888.26
30 722.12
75 535.87
32 530.85
64 629.11
95 944.58
98 814.71
34 287.32
13 526.95
84 562.33
65 364.61
4 608.64
92 542.28
18 481.83
53 923.63
97 779.65
96 857.74
99 198.89
8 956.58
85 657.39
57 380.10
52 557.61
37 894.14
81 367.22
7 423.37
22 793.76
19 133.12
54 154.56
81 272.16
33 407.64
37 999.29
82 381.30
46 345.02
75 487.43
24 787.70
10 242.10
1 758.75
86 268.94
60 898.56
82 368.64
6 860.86
16 692.58
85 727.91
6 654.95
66 661.44
80 578.50
26 796.73
96 641.10
87 324.06
70 925.56
80 309.94
42 815.98
79 422.18
12 723.94
15 956.04
23 321.96
49 320.61
57 347.38
28 477.56
5 281.37
67 762.06
91 774.44
89 420.56
38 224.55
23 251.47
54 459.76
96 938.33
31 739.08
54 921.09
37 188.85
68 335.12
61 290.72
42 437.60
72 979.10
96 809.74
5 118.88
53 430.00
48 836.42
4 650.86
19 832.90
31 905.38
12 511.06
8 701.41
44 544.96
47 228.48
28 987.13
40 768.34
62 803.78
2 745.42
63 509.13
100 726.38
79 852.36
11 524.45
11 268.35
100 346.93
94 864.61
11 415.51
42 588.78
5 773.70
74 136.95
89 129.88
58 708.68
18 199.33
92 786.91
73 544.48
53 627.33
28 645.88
48 372.89
5 624.02
3 838.25
23 696.80
79 528.30
57 387.22
28 802.21
59 526.19
73 492.04
35 322.01
32 669.42
18 488.14
54 343.00
8 601.06
25 403.93
9 158.24
79 610.46
17 296.01
6 169.16
68 348.43
8 434.26
50 673.47
99 989.82
50 518.55
27 586.52
9 198.04
31 357.28
24 585.34
15 973.92
67 270.32
73 770.83
50 758.16
75 812.64
72 296.65
26 448.82
79 490.69
45 756.76
32 839.38
22 739.95
51 997.07
72 973.12
74 119.33
97 578.83
11 559.26
100 723.04
99 516.54
40 489.69
53 119.10
5 362.02
33 233.07
57 468.95
3 939.34
95 347.49
58 100.37
21 969.64
15 573.35
91 461.69
34 554.15
13 149.84
88 269.78
31 935.02
15 443.82
8 460.22
4 295.37
67 373.38
31 259.58
40 963.62
93 209.84
24 287.53
25 185.74
6 437.05
19 689.58
86 413.81
55 540.00
91 202.82
50 857.99
75 394.23
79 780.38
55 955.95
94 207.93
26 233.72
12 876.32
78 392.25
78 821.00
77 245.41
94 526.39
86 845.99
53 957.59
34 158.36
27 295.41
78 337.08
29 752.46
51 282.98
82 313.53
77 427.11
35 835.79
3 928.43
10 200.66
78 909.62
45 902.76
20 350.74
15 626.33
91 646.42
52 470.57
59 841.29
6 180.57
59 372.30
94 455.65
10 933.24
81 409.21
46 491.08
58 667.88
70 663.12
29 907.41
53 179.61
57 797.59
30 149.93
97 271.86
52 572.70
13 983.62
75 202.88
43 838.60
39 186.34
2 970.53
58 455.35
66 713.93
94 999.51
24 986.05
33 871.71
78 848.26
65 782.91
45 972.35
93 329.52
15 142.30
32 803.95
30 898.51
1 571.08
92 410.77
59 943.27
36 174.40
5 776.94
54 326.52
34 545.42
39 101.89
31 973.19
74 817.40
63 633.15
34 106.46
76 879.55
29 314.23
16 721.50
90 188.19
89 721.80
17 602.62
56 285.10
26 186.28
45 766.88
94 301.43
37 313.86
77 139.11
91 994.36
40 406.98
95 597.22
30 256.07
89 241.32
48 548.20
82 842.26
35 475.60
26 300.27
11 289.40
92 470.54
21 858.63
15 447.02
43 823.04
90 320.88
68 893.78
46 939.25
28 835.58
96 411.61
73 549.69
18 928.10
86 691.48
24 144.62
70 453.52
22 591.49
64 608.95
32 170.24
8 249.26
90 460.53
77 740.90
35 959.98
40 325.77
50 391.29
26 838.16
6 362.35
40 353.74
42 393.88
36 334.11
47 313.22
94 459.46
32 166.97
27 109.41
77 102.93
17 580.25
54 576.04
82 653.21
57 965.38
56 802.55
22 607.08
5 347.66
70 669.66
95 758.67
57 143.80
90 418.69
72 103.66
66 201.61
66 869.52
26 956.81
42 906.71
52 409.16
33 366.32
95 252.87
84 848.24
82 517.58
11 464.97
96 192.87
7 171.39
62 278.47
76 937.70
74 601.75
68 902.22
28 595.32
94 577.94
63 813.92
55 504.72
38 142.15
23 413.37
96 935.52
83 772.25
75 436.42
43 606.10
77 211.98
78 377.72
42 674.08
59 470.43
89 136.86
61 258.61
50 870.03
68 224.00
3 827.36
91 278.31
50 732.38
25 893.77
15 896.70
18 658.41
94 769.99
80 522.84
69 438.45
7 365.98
58 727.43
7 360.10
16 128.52
71 754.37
10 844.98
87 989.79
84 879.41
17 302.29
20 200.46
1 791.97
31 762.97
65 652.17
20 762.84
6 709.49
87 584.05
34 385.58
37 707.59
98 831.13
83 802.48
53 576.54
40 227.02
4 148.59
93 470.84
3 739.67
60 953.53
69 973.37
80 929.73
1 568.43
81 969.10
36 391.55
69 711.89
89 775.53
61 916.21
88 119.66
21 965.58
84 831.35
91 948.99
2 647.27
67 531.98
65 846.01
95 544.12
74 737.19
2 666.89
72 455.36
38 923.70
42 788.33
49 817.94
69 252.07
21 529.07
100 545.38
94 266.16
92 193.10
46 479.65
3 982.94
54 697.58
26 978.02
25 648.24
78 569.04
86 436.75
95 437.71
51 481.23
9 821.48
35 474.00
36 256.36
73 663.45
75 249.44
55 481.23
100 960.72
97 913.57
87 135.11
38 585.74
99 858.07
77 882.36
97 291.85
88 892.76
39 269.37
66 987.19
86 515.19
91 481.41
99 608.45
79 675.57
81 159.18
42 435.21
42 489.64
21 410.78
10 842.75
67 255.31
25 806.07
48 903.39
5 362.81
57 934.02
28 285.68
67 533.31
95 980.19
10 891.97
43 672.73
18 899.66
85 992.86
17 611.61
62 219.42
87 315.26
87 803.37
23 848.72
54 935.59
2 454.32
20 373.98
34 387.54
89 934.76
60 462.05
68 298.77
96 802.14
95 647.05
58 142.72
34 457.41
59 184.78
17 126.78
60 300.02
80 670.28
59 851.61
67 187.65
95 114.45
40 877.34
3 629.03
27 840.64
50 125.46
87 603.21
19 292.38
27 733.28
83 151.58
99 199.06
70 708.02
31 161.84
92 595.82
63 109.34
61 562.08
4 529.66
27 766.47
69 101.48
2 820.63
59 839.94
97 497.27
46 787.15
71 770.15
70 173.29
8 151.43
34 620.45
25 585.64
82 493.56
73 528.16
26 955.54
47 996.29
44 740.61
43 358.18
13 353.82
71 984.58
67 673.80
34 685.11
57 632.34
51 506.17
94 633.06
32 988.14
58 159.67
47 878.58
86 645.98
9 694.33
79 556.85
76 395.15
42 295.62
30 728.49
34 104.81
38 972.37
79 212.98
98 521.46
72 981.21
41 328.67
68 437.74
49 740.75
51 363.32
68 195.11
53 714.39
93 522.83
38 879.34
67 747.67
64 876.79
99 473.99
68 488.36
21 767.59
59 578.08
57 810.48
71 126.20
17 919.28
77 899.61
52 629.28
99 554.98
51 767.12
7 150.08
59 212.14
15 173.25
41 938.91
35 523.83
17 468.93
28 112.86
53 597.66
56 761.60
66 111.37
92 640.86
11 432.11
5 399.90
81 361.96
42 837.03
63 170.08
91 888.19
60 813.28
85 751.60
31 374.06
36 296.83
82 704.28
28 355.89
1 736.96
50 828.59
5 633.74
94 152.71
77 975.25
14 670.56
33 912.06
96 603.68
9 620.55
38 724.01
47 357.62
31 340.70
67 399.51
79 919.29
80 603.55
38 660.57
19 234.07
1 494.06
76 415.34
9 723.66
54 728.52
75 211.01
96 129.11
18 719.54
93 367.25
1 491.44
82 793.46
95 540.72
43 700.64
18 830.93
60 517.54
70 567.00
45 681.75
38 934.24
42 278.21
80 927.56
82 305.81
69 674.14
73 266.24
17 702.37
40 301.04
8 304.74
47 483.47
70 416.02
57 792.81
6 288.91
69 659.70
60 229.59
7 405.78
72 852.49
13 834.62
43 516.80
87 735.12
88 207.95
73 854.64
19 511.95
73 967.26
4 158.91
81 703.90
17 261.81
27 124.22
9 642.01
18 631.61
57 702.77
66 696.59
96 937.91
60 596.93
41 223.22
56 869.80
88 338.52
99 770.16
4 161.75
89 881.38
54 285.93
91 464.07
25 567.41
54 382.63
24 431.00
79 401.99
58 398.68
60 535.94
46 130.61
37 553.80
20 859.84
79 657.99
66 762.64
24 597.99
63 242.03
29 374.24
2 524.30
54 498.06
54 870.27
59 973.78
6 652.80
36 360.60
12 959.69
16 876.43
82 838.59
1 271.89
87 355.78
29 742.21
17 380.56
31 792.42
17 521.75
67 386.40
72 528.34
85 320.38
74 236.13
20 843.49
91 485.84
20 131.25
86 451.34
73 215.61
97 710.23
27 209.07
84 458.63
98 400.27
75 270.84
48 794.27
8 189.47
53 410.82
45 843.67
2 323.80
74 147.12
6 799.63
48 462.73
55 459.44
57 638.10
23 178.43
22 464.37
86 498.59
68 118.08
99 336.86
11 253.84
18 639.30
33 502.80
80 854.57
34 470.37
10 832.13
22 107.24
31 965.46
33 370.89
7 321.37
29 526.44
57 715.56
4 602.14
29 805.17
15 713.84
18 757.46
64 875.25
62 189.96
83 261.95
63 756.74
74 106.23
93 786.42
66 588.54
85 322.82
46 989.01
86 457.63
37 447.72
51 822.05
54 197.30
7 283.27
54 197.56
57 372.93
44 947.83
27 648.31
100 753.07
24 918.01
51 707.67
78 584.84
83 496.52
84 965.10
97 902.39
84 564.18
59 190.81
72 978.11
82 614.43
70 956.46
96 704.20
78 624.94
72 107.02
79 677.12
45 104.98
16 598.65
37 965.70
42 608.93
50 512.04
49 212.21
83 756.67
23 768.64
98 635.72
86 180.24
2 726.50
67 422.36
92 829.31
69 517.65
29 439.25
18 119.68
43 836.79
61 657.16
87 542.44
95 526.91
5 765.03
45 619.48
18 861.52
34 564.63
77 216.76
96 468.16
71 779.39
27 721.96
65 439.84
68 500.50
80 349.87
47 483.33
91 759.89
50 788.79
3 332.59
5 463.44
42 138.32
80 183.34
35 592.82
74 848.91
48 995.12
12 567.30
83 358.90
86 117.17
68 486.68
93 441.02
16 724.42
21 658.11
85 370.27
28 541.93
34 908.80
84 830.39
77 843.57
6 666.78
83 257.21
72 587.77
3 435.26
49 730.87
80 469.84
27 971.26
54 995.06
4 396.75
49 182.45
63 451.58
29 988.91
35 882.94
41 336.89
19 537.88
94 796.35
9 112.41
53 763.75
55 693.28
75 635.61
77 473.42
44 194.14
63 868.85
43 119.11
97 952.46
22 194.50
73 116.08
45 886.12
15 934.46
15 234.23
37 577.35
45 528.98
2 278.56
58 870.04
80 412.32
25 897.25
82 282.40
97 479.88
57 430.93
30 554.70
79 867.58
28 395.51
64 636.08
61 944.38
21 643.98
50 589.24
42 539.36
51 191.13
19 649.94
6 782.36
56 212.94
18 364.06
2 133.27
84 441.33
16 869.20
76 605.71
2 435.19
99 990.23
72 907.73
16 237.01
47 183.99
50 323.54
56 347.51
37 155.82
97 478.98
6 420.62
73 803.89
75 585.32
48 452.16
60 369.22
40 113.72
82 167.53
52 708.02
68 254.50
81 633.25
85 528.64
63 490.18
83 499.15
38 658.10
61 634.03
43 821.68
28 783.20
95 408.00
47 530.84
1 781.51
1 834.03
82 220.81
18 854.61
90 355.85
85 221.67
100 276.71
50 469.23
9 937.71
37 784.30
8 326.31
29 109.20
91 218.76
67 824.17
2 862.68
47 691.88
16 442.23
87 546.69
88 646.66
68 390.10
80 381.81
9 700.92
50 955.74
25 925.16
30 735.92
52 775.09
79 885.29
21 557.42
41 157.26
71 331.13
92 438.22
2 808.39
31 677.26
18 914.66
93 632.88
24 483.46
95 153.63
95 728.30
60 813.54
28 514.25
52 590.14
43 705.58
97 222.88
93 260.53
77 908.92
38 812.49
40 981.92
4 181.17
97 533.33
62 573.24
14 324.84
32 960.08
2 388.81
12 586.65
34 354.94
25 365.46
44 566.86
98 188.20
16 659.34
81 375.23
89 151.51
77 297.49
68 254.65
76 390.25
28 872.60
26 952.82
2 409.72
9 955.40
62 464.70
71 508.57
14 769.62
94 975.05
68 116.66
19 819.74
25 502.60
92 180.31
71 393.50
92 839.73
75 480.67
60 985.73
19 368.54
6 356.74
14 398.69
66 587.74
51 608.83
11 872.84
92 806.10
35 159.57
25 868.85
58 235.02
45 381.48
62 388.50
45 833.52
42 440.71
44 791.97
52 799.23
7 693.81
23 105.24
87 636.89
14 158.85
92 837.68
55 854.38
57 519.31
61 625.62
34 591.80
70 807.75
56 535.27
91 379.11
66 779.70
36 715.94
33 464.02
30 687.38
38 267.72
96 300.48
19 494.51
37 290.10
85 888.80
85 244.22
77 871.23
4 890.47
44 446.22
66 889.75
89 992.39
22 776.14
89 642.12
100 542.73
85 481.38
85 590.27
52 529.27
89 868.64
69 143.40
15 425.94
52 195.65
82 559.13
91 908.49
75 886.33
92 123.25
71 656.28
77 794.03
69 772.03
84 515.22
5 295.79
84 847.26
58 560.39
73 628.99
45 442.72
90 461.84
44 370.57
70 635.85
3 563.80
76 991.77
14 715.89
22 873.22
42 148.37
43 947.04
82 538.52
42 358.36
35 624.63
2 943.17
52 378.79
98 835.86
28 913.98
67 684.84
57 825.63
65 714.93
30 486.88
79 367.92
3 727.51
28 832.62
32 264.04
76 172.58
43 286.17
50 203.17
82 944.88
74 676.55
82 169.78
70 416.27
13 713.11
85 107.29
36 318.45
60 437.55
73 266.46
79 409.68
1 996.72
1 840.42
43 779.39
98 117.27
70 441.99
66 648.36
5 747.83
38 471.99
69 318.47
23 368.06
18 489.66
35 927.16
55 661.10
24 411.70
96 591.38
25 442.31
100 322.22
38 141.60
13 777.89
93 368.87
91 633.71
13 378.09
8 940.55
20 114.84
25 349.14
75 853.71
87 918.20
41 358.88
30 797.34
22 714.43
26 164.27
94 307.11
55 875.84
55 292.23
4 250.60
41 728.65
72 326.87
38 395.19
52 509.88
39 642.17
24 310.68
38 687.11
28 291.21
35 509.91
71 822.37
4 359.19
94 124.87
66 350.09
24 638.94
5 449.11
81 440.05
50 459.58
62 911.81
31 301.40
26 199.90
37 295.10
78 579.57
81 200.29
95 996.09
19 105.79
57 945.10
88 771.97
15 498.99
30 586.75
27 732.02
86 439.21
80 847.93
80 863.21
56 367.54
90 383.75
1 472.75
45 319.86
5 611.77
79 202.78
63 442.80
44 108.77
96 179.02
44 728.94
44 205.72
90 597.80
69 353.72
45 136.30
88 777.17
6 980.87
8 701.01
9 311.39
82 661.16
65 160.24
75 523.57
58 851.38
67 230.17
96 953.79
4 734.74
55 493.11
65 277.12
27 320.03
85 275.70
99 427.55
67 704.77
51 161.91
61 977.71
32 140.95
61 716.23
14 851.00
37 856.64
58 844.19
87 985.87
33 154.82
93 803.25
82 316.40
4 942.84
93 117.02
39 906.39
39 372.75
20 871.12
95 611.12
71 150.99
73 480.71
33 897.42
43 877.02
21 210.58
3 706.74
80 637.98
37 351.10
64 533.52
49 413.61
84 762.21
86 636.11
79 389.97
18 562.14
66 649.62
91 480.16
62 620.47
49 758.46
18 372.55
32 490.66
22 894.86
94 367.38
30 805.04
26 175.02
69 530.52
76 697.66
29 246.25
18 290.38
32 433.15
49 797.99
39 358.28
49 521.72
2 325.61
65 172.22
7 612.05
91 288.00
13 697.48
59 658.27
83 587.39
17 173.89
94 353.02
89 458.32
30 970.75
8 808.18
29 988.03
71 462.76
82 597.61
26 829.23
4 278.74
15 829.24
11 597.72
40 354.41
89 611.68
36 672.97
63 323.91
36 317.23
35 529.01
92 867.29
37 456.59
95 392.22
24 513.75
83 780.66
54 159.98
93 201.93
1 211.26
88 301.62
47 211.87
60 281.60
70 235.79
41 642.70
68 844.44
92 476.97
13 903.15
53 110.83
51 500.64
82 113.68
97 461.90
76 388.59
45 533.62
21 201.72
64 592.92
90 321.99
56 739.86
3 856.88
92 332.35
40 581.33
53 550.89
27 840.72
30 975.81
92 215.99
10 862.06
45 326.53
69 304.53
59 772.35
63 318.14
7 225.60
54 507.66
52 280.16
82 380.77
57 549.80
40 895.07
49 895.67
11 684.22
31 110.95
2 805.40
58 941.67
71 703.43
73 360.44
40 542.34
94 584.88
21 726.45
9 783.27
63 686.98
27 852.86
77 678.03
33 483.84
4 200.65
34 269.77
77 460.69
81 701.15
41 978.27
48 429.60
27 734.00
94 941.93
40 707.88
81 753.10
100 286.42
56 137.69
76 381.12
78 692.33
67 906.36
76 967.56
45 792.35
37 815.89
65 496.99
48 441.38
82 369.26
97 161.04
31 220.33
67 863.20
97 392.19
97 403.15
31 778.75
62 494.57
36 590.50
57 233.79
93 417.24
33 315.45
71 859.07
81 569.18
60 628.84
99 657.49
55 323.19
97 854.76
22 172.93
48 517.03
85 304.96
36 532.10
59 158.66
92 718.50
67 431.05
50 248.07
89 969.04
29 617.52
18 190.54
32 360.81
77 239.77
73 428.33
89 598.36
80 105.45
43 230.18
89 290.63
53 476.96
15 182.39
40 133.74
6 242.10
48 293.97
82 314.74
54 569.90
67 351.48
85 427.26
91 662.25
47 532.40
49 153.44
25 709.31
52 389.77
37 399.43
77 696.10
57 453.06
90 974.17
94 551.96
12 254.17
83 387.96
97 203.54
83 615.67
20 169.13
72 718.00
47 162.80
3 306.04
63 522.60
55 364.38
83 430.10
9 769.32
33 314.25
6 312.61
55 305.72
13 114.78
9 302.55
14 245.10
16 963.52
21 570.99
78 770.01
20 521.20
69 673.44
61 678.49
21 957.08
48 458.96
22 274.52
32 361.68
100 931.80
93 239.58
25 963.20
2 138.99
41 821.15
31 523.44
81 525.37
8 689.48
75 991.91
98 164.11
63 443.56
98 904.88
55 476.20
4 523.68
92 545.49
48 493.82
68 157.22
33 538.77
49 723.97
44 493.24
26 736.14
84 791.32
49 115.34
27 410.02
71 492.68
10 432.96
36 416.34
88 725.19
22 275.08
40 790.72
22 993.13
43 743.40
8 948.95
74 485.59
46 259.82
8 369.10
10 529.35
21 128.44
20 270.88
21 916.83
89 254.56
19 571.43
60 162.92
28 627.23
70 201.74
79 886.61
97 686.06
38 380.35
23 337.16
88 880.93
69 156.51
48 541.45
93 604.23
24 427.00
18 223.78
44 424.05
17 918.25
75 722.33
2 970.51
51 293.87
4 708.99
92 809.44
92 635.96
62 180.82
98 585.01
43 559.14
95 715.60
7 263.85
39 634.44
63 938.92
37 902.51
36 601.01
17 331.40
71 446.74
42 285.80
6 224.37
76 400.78
78 718.13
54 712.21
93 101.31
49 725.05
39 155.53
80 965.75
69 322.25
90 490.74
20 119.87
93 914.80
88 126.31
18 937.53
88 184.61
59 765.31
11 796.57
89 186.76
25 807.91
33 618.79
23 161.42
53 567.41
88 630.61
58 581.53
21 551.02
31 794.73
85 506.59
93 608.41
74 630.21
57 861.02
23 937.18
90 276.35
88 944.62
28 829.88
59 392.49
89 201.60
56 354.27
75 859.68
83 564.65
42 829.99
12 659.70
65 727.58
58 321.43
50 333.57
43 255.62
85 162.52
25 590.59
55 996.55
99 978.98
81 794.73
100 386.25
80 537.63
81 660.48
72 394.39
61 566.77
64 441.25
61 717.24
36 817.24
20 795.05
8 673.54
100 583.14
5 750.77
30 779.35
6 670.86
43 659.71
14 126.72
48 565.36
10 110.11
29 324.32
12 219.37
73 442.74
36 217.90
43 389.88
30 206.32
75 244.43
92 286.19
100 317.92
11 418.31
65 668.05
39 250.20
76 145.17
82 888.17
51 744.50
67 490.66
53 837.12
57 881.26
100 626.57
36 456.23
53 543.07
90 993.44
44 228.61
77 985.14
60 202.77
5 642.47
12 994.24
68 706.26
32 123.17
47 608.91
48 147.78
42 359.77
36 524.33
10 705.46
20 507.88
18 900.35
16 773.04
84 270.29
44 334.85
31 375.50
6 705.10
96 225.64
98 625.63
52 283.40
18 143.81
51 627.11
38 352.91
81 934.95
61 238.13
58 770.39
14 792.31
14 867.76
6 941.28
45 790.84
57 429.61
48 648.51
23 800.11
97 170.77
8 910.19
8 809.69
78 681.42
74 391.64
37 897.97
82 344.83
4 978.52
87 243.49
26 732.73
36 234.87
41 175.99
55 503.49
29 410.40
41 750.31
12 337.55
27 536.64
67 413.71
62 654.01
90 313.32
27 256.60
26 168.62
6 121.84
73 756.38
6 841.52
13 887.20
82 148.29
56 635.27
66 715.84
80 517.19
52 385.92
94 839.78
73 765.21
29 403.46
5 513.98
79 815.81
17 629.81
68 227.23
81 128.26
4 267.66
67 258.31
80 875.19
7 918.98
76 257.62
30 299.86
29 906.53
77 501.58
3 521.70
53 534.54
84 526.75
57 503.43
58 886.31
67 536.20
93 809.16
35 218.91
86 713.25
53 173.54
7 812.83
11 163.74
30 586.70
34 810.51
55 634.06
96 627.60
81 991.19
8 190.37
48 634.24
64 859.84
1 820.00
94 878.36
9 228.72
37 673.24
7 843.27
52 200.77
42 392.53
75 476.73
42 376.46
21 674.03
2 714.49
67 703.08
93 374.47
33 100.84
1 845.99
63 895.02
77 866.77
21 620.10
35 117.78
81 415.56
98 550.17
71 644.01
1 716.11
80 992.56
65 291.75
93 155.25
85 471.75
40 649.01
2 670.18
81 288.59
90 206.17
14 460.91
84 313.98
45 406.46
18 444.39
21 141.22
87 777.12
74 721.76
39 341.96
78 202.92
6 484.45
74 795.47
39 639.88
68 950.14
78 367.83
80 213.12
62 721.54
26 455.26
75 934.80
24 617.84
40 327.13
14 535.46
40 878.94
3 663.86
29 105.30
26 858.71
24 348.38
88 213.10
60 640.97
75 563.56
89 830.13
78 554.71
15 245.31
35 739.91
85 618.87
51 274.00
14 636.40
82 502.54
24 667.39
89 400.96
14 274.53
2 678.32
90 433.11
44 707.97
19 603.84
83 207.91
43 155.81
82 645.66
8 288.79
25 864.95
56 486.16
5 550.12
79 550.62
16 188.75
96 154.16
6 715.85
45 854.46
10 400.10
25 934.10
62 958.83
38 436.30
3 219.52
66 389.29
34 263.50
60 166.83
83 784.77
12 254.17
84 600.62
86 739.67
91 599.03
5 827.85
13 651.23
81 260.91
17 284.10
60 894.11
35 363.18
57 198.64
61 761.00
15 735.60
22 444.86
98 107.01
18 641.51
85 196.07
79 684.53
64 184.51
11 586.21
29 444.25
22 436.53
49 749.90
30 833.00
6 674.85
4 117.80
74 875.22
3 716.86
31 310.51
62 468.40
81 248.15
73 459.38
96 918.31
81 999.38
35 702.19
50 280.76
96 615.95
89 949.43
74 520.49
89 916.83
88 635.93
84 631.79
50 913.82
28 421.27
72 574.24
29 299.86
6 123.18
44 156.89
16 534.19
100 307.15
60 939.68
65 401.87
99 414.90
52 576.34
36 863.76
98 636.91
64 417.33
72 757.34
38 745.60
84 454.48
98 145.47
24 765.28
47 346.48
13 581.44
76 416.66
20 855.18
29 676.01
74 178.48
23 434.71
98 383.26
31 743.44
13 791.24
29 390.78
51 543.46
26 146.65
67 685.34
100 826.44
4 323.23
68 543.40
56 731.85
55 438.40
9 620.06
76 682.54
4 182.64
45 971.97
50 527.64
85 259.83
61 503.88
36 372.69
98 749.04
39 784.30
12 780.14
16 781.46
81 800.61
29 666.06
51 742.76
80 936.80
30 982.40
52 897.64
60 501.63
80 603.23
32 751.52
11 560.03
91 996.48
84 834.70
23 351.07
19 521.92
59 570.37
37 264.06
53 583.49
55 181.15
72 385.53
22 698.16
48 215.32
40 836.59
73 101.79
46 342.65
16 898.90
81 861.26
54 624.90
40 591.59
6 948.08
96 734.86
48 236.55
81 730.66
72 149.62
53 607.88
59 802.34
95 639.91
94 455.13
54 379.83
81 309.80
79 611.95
93 476.96
49 465.16
9 961.58
89 836.17
57 943.82
21 176.07
26 710.14
21 423.18
58 409.79
2 728.04
86 800.41
27 349.42
56 938.61
29 156.68
28 222.07
38 462.39
88 153.64
14 604.23
23 917.06
90 118.20
96 188.90
28 566.60
67 436.35
63 393.01
12 825.45
31 903.36
5 122.32
11 798.73
53 471.86
38 425.19
94 318.43
42 721.34
31 437.70
3 800.33
40 104.11
77 971.66
6 621.01
83 473.33
11 327.45
43 848.02
32 807.92
27 669.85
11 201.31
81 525.13
10 102.79
17 553.61
17 272.19
29 699.24
39 546.51
97 560.12
42 918.10
36 470.99
77 628.31
80 983.49
60 819.66
84 888.27
100 128.45
44 477.70
17 944.55
51 798.27
61 808.40
89 498.64
24 646.37
79 702.83
33 921.99
63 698.45
23 644.71
97 409.60
14 459.12
35 266.79
45 320.88
43 894.92
83 960.47
86 945.25
36 873.23
90 854.17
12 168.36
87 435.65
93 378.30
83 338.90
82 917.46
36 763.04
46 658.60
13 516.32
82 341.32
50 907.82
48 387.65
15 444.19
21 480.26
48 131.86
65 993.90
33 187.51
12 935.13
40 544.27
27 209.71
54 937.40
64 361.37
49 328.01
8 690.82
60 986.25
88 800.05
26 778.31
57 295.57
85 545.42
16 273.17
18 759.40
50 404.34
92 922.89
16 591.75
18 594.97
80 245.15
88 337.74
29 578.85
29 178.75
47 866.79
76 613.28
83 610.01
49 910.94
78 525.75
51 395.89
61 181.05
87 736.32
3 264.59
43 894.53
14 255.42
24 325.49
31 900.52
83 102.53
3 114.52
18 810.25
4 634.75
19 664.08
8 589.09
65 901.85
31 514.32
18 803.72
77 185.88
63 681.93
97 880.06
13 855.83
14 479.09
80 451.98
43 329.45
12 147.05
67 432.68
91 916.04
35 958.96
37 210.27
56 624.72
91 271.59
11 803.61
97 697.74
28 868.10
39 581.41
40 626.62
18 534.66
33 724.88
18 699.99
71 301.34
29 757.17
10 523.87
73 564.14
52 483.43
81 849.33
93 117.19
28 579.70
7 194.80
61 401.56
62 538.58
50 872.58
71 388.69
19 123.49
47 611.73
62 596.01
82 960.97
1 227.64
78 149.36
82 497.86
17 852.41
71 681.36
76 812.69
99 434.02
84 160.67
48 289.78
37 827.39
97 136.36
77 177.04
2 603.29
79 198.73
56 766.34
81 854.39
79 689.79
2 774.07
27 405.93
23 424.12
65 949.58
23 194.38
39 664.52
91 702.11
27 391.03
24 904.66
14 519.17
27 271.04
96 359.44
59 965.93
68 916.81
71 298.72
17 380.39
92 203.06
87 750.44
66 168.04
75 279.44
59 359.76
8 445.38
82 814.82
14 741.65
100 181.70
66 469.01
47 584.51
77 980.22
19 581.75
79 336.15
99 188.68
16 859.04
92 541.00
91 404.43
38 423.05
25 183.09
22 397.28
100 394.82
45 265.13
88 499.97
19 973.78
6 578.38
61 785.55
16 175.23
52 500.38
93 918.44
52 127.58
10 505.47
92 652.05
29 545.70
16 932.84
30 618.71
74 848.44
30 322.56
52 342.39
37 149.28
65 366.36
18 958.85
41 567.24
58 682.87
64 950.91
90 281.17
1 628.17
19 351.19
18 762.09
90 716.00
60 746.48
42 633.69
19 161.90
18 160.59
78 695.19
13 114.19
74 249.68
9 321.90
46 475.70
11 538.39
5 340.64
67 560.14
48 288.64
24 308.47
64 690.17
5 945.58
21 937.99
97 328.41
21 713.51
7 626.73
53 246.69
13 330.74
71 204.95
43 749.15
66 175.98
78 199.93
50 657.11
18 114.27
9 404.43
19 342.45
55 252.43
37 897.19
96 912.41
10 403.77
96 976.40
50 426.17
56 546.87
90 896.90
28 594.40
81 321.23
29 254.77
32 307.83
25 436.01
19 479.66
11 509.87
51 154.00
87 129.22
20 485.22
55 138.89
79 359.21
42 156.86
27 739.83
30 821.68
54 526.30
55 721.13
98 368.85
82 528.37
73 750.43
42 436.77
62 915.94
83 510.98
50 175.70
51 386.26
17 246.73
100 740.26
98 639.64
33 818.63
51 192.76
1 763.09
96 714.83
34 242.32
83 677.11
21 247.43
85 127.45
33 938.46
72 731.43
69 515.67
73 528.71
53 299.81
59 880.45
59 959.50
66 896.96
47 484.87
57 404.80
40 511.69
56 320.95
86 115.45
36 908.27
85 171.61
18 697.27
81 750.97
24 476.48
71 604.56
36 375.35
17 222.26
62 344.71
42 904.42
36 140.45
38 660.67
44 599.95
59 443.87
21 536.57
26 607.97
5 668.77
78 863.35
93 962.44
21 508.25
59 164.93
21 350.07
44 675.13
73 732.77
44 628.57
88 769.72
10 663.54
44 753.60
19 178.71
26 628.44
78 522.08
100 850.83
43 311.38
95 613.66
71 865.55
73 452.40
26 617.57
55 818.30
87 322.42
18 854.92
29 976.72
55 435.04
40 265.14
72 589.54
5 876.83
62 140.51
50 145.54
89 778.18
62 673.68
47 223.09
11 439.97
54 820.10
83 346.59
2 341.40
4 980.11
91 390.65
75 460.69
31 132.93
69 455.62
83 962.55
37 448.73
25 178.91
78 914.46
26 574.99
71 655.61
79 811.66
63 896.19
75 112.76
42 274.12
19 783.69
67 844.51
81 753.26
92 129.74
72 434.44
12 299.93
67 924.92
73 153.43
61 373.93
13 335.42
55 377.37
14 403.00
11 819.92
43 143.87
84 613.94
80 435.97
100 433.29
63 955.89
73 549.09
84 522.44
98 452.98
37 534.03
93 463.73
90 440.35
71 244.06
61 188.32
28 771.77
78 506.73
31 124.10
7 401.89
90 450.74
77 495.34
90 996.27
16 418.58
95 753.87
90 747.60
75 623.09
10 424.52
55 120.58
66 348.68
34 756.05
84 150.07
91 795.35
60 737.16
66 818.35
13 588.59
26 542.83
53 159.70
46 193.27
81 345.28
45 289.45
77 297.75
66 889.60
25 691.91
51 543.99
88 975.87
56 315.25
39 971.64
55 474.40
50 900.24
86 294.76
74 361.58
28 862.00
20 636.93
5 100.57
63 805.54
58 474.22
83 912.84
82 750.79
76 472.82
85 742.95
15 932.49
58 589.44
49 899.53
100 469.30
23 945.39
72 465.77
86 279.36
50 623.68
55 503.53
28 487.09
100 629.86
99 551.74
61 266.58
43 274.60
67 315.79
36 365.69
40 397.78
86 242.72
89 571.72
52 843.50
88 662.95
59 235.92
74 853.59
73 303.56
4 272.93
100 132.35
7 828.49
49 958.52
40 471.35
51 191.68
82 791.81
31 387.15
45 649.18
71 960.73
61 305.06
88 523.00
54 305.69
21 622.37
32 851.63
4 464.52
15 186.89
12 963.26
56 264.41
14 300.84
47 255.46
93 800.65
18 350.38
31 894.34
72 116.84
72 587.14
15 249.13
99 197.23
73 676.04
87 882.49
34 942.17
36 476.29
78 768.64
45 232.97
38 210.03
45 977.88
6 883.37
5 305.10
88 329.65
55 933.73
65 299.81
65 575.51
69 453.02
51 779.21
43 937.39
52 456.63
5 782.52
57 997.94
81 816.08
36 302.04
54 519.69
34 112.81
62 316.74
9 211.57
61 759.19
74 385.80
70 366.26
2 402.58
54 800.71
79 245.85
10 455.56
93 734.91
4 451.17
50 107.41
83 822.21
34 893.66
36 641.81
78 416.03
14 533.67
73 128.40
43 999.75
28 352.48
73 351.17
17 884.94
26 619.96
38 413.04
31 828.84
49 182.35
16 608.97
91 691.61
26 491.88
93 416.97
70 808.32
13 921.51
97 461.95
16 150.69
59 370.00
14 186.38
27 102.25
84 333.71
68 172.75
2 241.32
47 786.65
9 261.69
72 557.49
44 945.63
93 725.25
94 498.95
6 270.12
23 713.15
17 485.64
61 244.34
90 212.29
66 854.71
97 223.59
27 481.45
32 855.64
42 878.59
65 273.00
76 519.39
12 356.38
78 463.07
42 303.60
57 421.27
17 482.01
48 423.62
88 982.43
94 246.29
66 926.79
91 768.04
86 738.82
64 553.62
5 743.61
12 235.82
70 229.43
70 683.63
99 863.63
50 911.19
10 984.47
80 209.79
75 215.22
41 347.07
20 761.62
98 782.24
70 946.95
35 917.34
22 358.14
46 823.28
67 288.82
41 629.83
19 333.69
18 305.43
41 644.92
51 211.90
10 267.77
1 353.72
81 999.24
92 379.29
18 974.25
83 421.93
49 271.87
76 285.95
29 630.50
55 226.26
100 154.69
18 938.48
33 432.98
11 830.11
2 870.26
97 260.57
80 236.35
91 831.85
28 827.31
18 238.84
23 994.82
11 688.83
80 774.89
74 870.45
72 830.36
86 749.45
88 454.53
6 533.74
83 250.81
74 473.07
76 343.64
57 883.05
29 137.62
23 724.83
79 372.07
87 736.91
11 287.58
64 815.66
18 374.29
98 211.29
29 754.30
66 997.83
34 689.83
31 911.37
35 567.22
11 203.68
22 782.15
47 869.08
67 786.52
38 396.51
26 166.35
59 906.73
28 362.75
90 193.46
41 877.36
28 639.06
14 844.14
29 879.94
8 454.92
21 986.95
48 736.57
100 418.12
39 419.84
94 603.92
9 657.79
64 202.39
4 439.24
10 642.72
1 357.23
45 576.85
82 615.38
100 926.18
85 939.41
97 526.96
58 281.01
51 864.59
75 193.97
28 255.71
9 314.12
75 777.26
82 652.97
59 749.15
66 406.09
65 327.05
82 587.26
56 702.41
81 161.39
50 805.31
10 601.86
45 864.05
67 840.96
47 859.29
86 689.52
89 492.09
2 292.37
16 977.73
37 647.93
37 599.11
30 751.12
86 933.14
40 806.52
38 716.08
32 448.91
1 675.60
71 254.27
3 821.23
52 171.59
68 987.43
94 385.73
42 151.01
98 959.74
42 681.57
18 218.66
91 670.34
12 348.24
49 368.67
55 523.04
79 922.28
15 945.08
83 710.53
1 424.63
5 818.40
46 204.71
59 103.14
36 786.16
51 541.36
45 145.16
33 275.31
49 406.40
28 860.36
68 411.00
48 438.17
43 241.13
97 782.95
36 721.97
25 517.42
34 945.55
100 146.20
64 844.81
97 255.56
70 283.14
72 331.85
38 135.00
35 568.61
48 418.91
16 211.20
3 360.75
47 554.84
17 104.57
65 763.69
100 935.02
47 673.16
91 216.93
41 802.78
80 470.65
47 588.01
31 585.25
49 663.12
37 675.16
82 561.86
86 369.29
76 420.93
85 319.28
1 957.10
88 599.37
10 984.76
66 996.53
94 601.80
97 282.96
14 207.67
69 506.83
64 564.89
20 542.53
27 970.10
29 593.69
100 874.19
18 145.86
61 273.68
53 667.98
57 791.77
87 719.12
12 510.38
49 982.50
20 509.54
17 982.93
69 628.14
70 665.28
78 935.88
17 178.52
94 550.71
46 513.67
71 796.76
83 244.82
64 179.06
25 483.65
20 604.27
99 251.34
68 876.59
49 418.70
71 249.59
82 757.55
84 310.39
34 208.81
47 703.91
61 826.41
89 761.53
10 198.14
70 428.51
17 640.75
42 879.76
16 805.37
84 283.67
94 141.33
55 192.26
100 849.00
12 286.26
65 593.77
71 383.95
96 126.13
33 947.02
7 123.33
65 503.87
82 759.90
30 111.61
77 864.32
29 600.82
38 528.56
56 995.72
42 243.14
62 520.48
50 534.96
95 329.22
11 715.83
56 317.76
40 818.65
50 135.26
53 463.26
63 297.72
37 246.90
91 594.35
74 956.99
63 921.00
58 412.36
83 613.08
92 395.31
71 676.93
43 332.07
33 120.02
50 865.33
32 344.98
38 827.89
78 564.05
23 198.39
31 324.67
91 863.58
73 400.45
94 418.12
5 440.71
37 917.59
3 392.19
74 537.98
44 805.94
34 323.74
10 126.69
79 607.45
28 687.18
11 395.10
9 408.35
46 725.04
72 573.61
69 961.09
14 286.70
100 440.91
36 472.51
20 529.00
12 445.82
44 825.16
45 232.64
14 117.08
1 930.34
19 800.26
13 707.97
94 734.53
53 990.64
62 529.90
30 726.73
53 580.09
28 932.25
25 856.29
66 598.66
59 922.50
37 215.35
87 167.87
65 662.24
93 409.66
35 353.75
32 775.27
51 696.15
73 761.78
50 889.39
34 469.25
80 127.93
80 141.82
12 131.38
76 778.70
81 830.34
76 940.86
30 297.94
44 658.06
71 846.72
15 359.15
29 169.13
59 384.99
100 413.19
17 752.58
54 550.07
48 976.62
67 477.22
82 619.09
94 253.92
61 905.44
15 858.40
71 888.41
12 991.96
24 720.84
86 772.34
60 943.61
25 999.38
50 357.60
24 888.51
96 825.66
77 134.60
36 359.73
58 992.39
84 865.43
36 120.35
19 107.34
62 360.16
77 165.73
21 748.17
14 934.45
19 929.04
77 426.39
93 897.69
55 851.27
19 961.25
26 269.87
59 351.32
16 444.55
75 961.21
49 378.70
39 465.36
33 705.19
54 666.75
78 501.47
56 778.48
70 978.10
35 581.83
96 448.84
75 368.28
74 556.67
35 791.82
45 414.32
41 726.04
94 759.46
35 878.14
22 198.83
30 532.94
75 363.82
33 615.30
73 966.21
86 343.81
87 521.43
29 634.07
90 848.38
25 824.37
66 598.92
5 480.90
25 446.39
11 422.98
51 995.53
68 835.82
90 658.66
37 721.94
97 973.53
44 289.28
5 774.84
87 768.71
20 426.28
40 869.56
65 700.34
13 120.06
30 544.05
94 630.64
46 116.36
29 842.25
1 897.99
91 524.21
48 694.24
11 510.99
91 458.13
74 257.57
41 481.13
100 864.19
76 198.48
15 911.17
27 892.32
66 892.10
2 205.25
62 543.88
86 603.51
41 774.97
72 209.50
61 325.59
2 669.60
82 593.49
9 437.61
34 222.66
27 490.49
8 909.77
15 187.09
70 116.06
100 284.02
46 997.51
27 846.72
25 190.29
25 699.94
8 954.47
93 548.23
67 882.66
4 546.78
62 337.49
87 146.72
27 937.26
14 528.13
28 638.34
99 256.75
25 203.58
98 801.47
23 492.79
79 448.77
85 565.75
66 662.65
97 652.09
73 176.90
30 917.32
11 201.89
93 534.17
65 636.36
22 973.92
6 321.70
44 924.36
71 928.91
11 583.23
7 921.65
4 814.30
90 859.47
46 381.58
43 123.88
49 102.85
81 790.68
90 110.19
48 914.97
83 865.89
5 614.03
47 114.82
48 755.91
38 281.49
27 608.14
14 581.67
47 188.38
76 912.35
94 396.82
72 416.31
60 968.70
58 417.89
49 703.01
42 335.50
90 635.66
7 726.96
17 792.42
99 123.94
34 361.86
9 887.76
56 893.84
51 524.26
2 310.62
38 449.49
52 944.34
27 820.23
74 142.98
89 467.81
58 781.66
91 181.70
20 615.16
34 543.32
68 764.71
53 307.99
4 231.87
71 992.06
3 259.81
29 336.70
27 523.56
90 557.33
56 338.93
59 918.57
75 510.86
80 310.26
78 529.99
41 514.89
83 986.05
68 430.90
8 634.24
20 979.81
91 260.40
4 917.13
26 738.94
65 489.71
65 393.98
9 366.81
27 527.80
34 950.65
35 181.19
50 258.93
37 940.39
29 826.29
69 747.08
58 760.53
35 377.23
38 503.99
72 498.87
95 666.35
8 174.43
41 458.71
24 133.53
16 792.18
38 351.57
37 259.31
44 684.00
41 562.77
51 198.08
82 379.16
97 778.98
17 288.14
85 612.43
41 309.11
2 532.14
57 317.38
24 537.40
99 157.11
22 612.50
3 349.05
45 882.16
40 545.12
90 597.26
5 204.36
4 232.43
92 278.39
14 299.68
89 864.06
50 425.02
72 705.42
86 461.52
80 611.13
38 573.63
20 131.71
30 184.62
75 586.32
30 224.54
75 599.63
53 835.57
70 827.90
51 606.39
55 431.91
68 953.56
40 678.61
77 471.14
48 153.93
42 494.94
25 687.74
49 775.97
40 246.43
67 703.91
98 566.30
72 321.37
78 852.64
68 585.18
45 325.85
67 633.00
35 746.92
66 566.85
71 953.76
74 483.15
90 710.57
20 734.40
86 478.71
77 523.03
22 903.72
9 139.07
37 852.53
26 941.99
9 649.22
28 685.51
57 146.10
87 971.96
92 991.00
83 115.81
76 867.46
77 893.77
1 342.29
72 581.17
6 188.95
1 428.80
48 346.47
52 273.50
4 839.99
96 478.56
4 909.97
26 859.31
96 458.85
79 747.59
81 999.34
97 344.09
23 484.82
1 137.53
60 516.29
31 270.58
81 507.90
93 462.62
91 602.18
92 676.83
88 516.01
70 837.96
41 330.20
96 596.72
19 526.25
2 343.75
44 479.98
67 382.11
89 694.56
37 881.33
97 854.32
62 153.21
61 432.29
62 982.08
71 939.91
5 996.98
62 205.98
38 724.91
72 507.05
70 426.93
76 543.96
50 714.76
67 955.58
15 229.79
15 138.14
28 617.21
53 944.27
44 331.97
44 217.11
19 478.58
100 270.31
75 991.68
95 562.64
3 121.47
93 707.10
46 215.80
67 288.50
54 905.88
30 121.53
5 245.93
46 989.99
38 996.42
95 453.03
8 509.47
3 820.21
35 890.76
36 513.33
47 999.41
74 377.36
5 494.40
2 382.92
31 587.72
30 955.18
9 917.60
51 802.42
60 172.22
76 898.78
77 807.40
3 141.14
11 892.50
29 112.67
11 532.93
4 926.94
100 606.10
61 300.41
47 983.71
1 639.02
22 444.34
67 744.69
91 447.03
95 211.98
91 553.85
76 652.54
78 843.62
88 148.22
86 659.52
74 894.38
3 559.66
83 500.92
34 971.32
54 476.11
21 807.14
96 668.90
24 421.09
38 165.45
78 815.58
66 109.10
18 179.37
68 706.27
18 310.51
41 801.35
9 899.28
100 263.70
13 787.03
99 291.09
33 815.57
65 121.02
23 381.64
68 146.92
64 713.39
97 446.98
37 726.82
80 803.87
53 953.16
46 486.63
36 972.47
56 605.51
66 451.15
64 560.22
6 109.72
46 128.95
12 764.41
46 362.50
86 783.88
65 301.73
84 811.66
72 180.30
74 823.29
1 337.12
63 770.35
40 642.41
78 502.71
53 350.91
5 459.09
41 379.25
76 742.49
33 623.49
39 588.61
66 689.16
50 251.55
92 324.71
29 425.30
36 104.24
50 622.52
43 441.36
43 752.13
96 242.57
74 170.17
14 699.64
89 766.91
1 248.77
95 212.11
94 128.87
19 692.08
95 843.59
79 915.50
94 161.81
1 785.54
93 166.80
23 218.08
91 512.04
77 750.96
67 192.13
68 830.53
10 633.20
46 840.43
91 907.85
1 712.79
84 157.21
96 991.03
47 862.32
5 832.02
10 691.21
95 886.43
74 260.49
100 659.47
70 889.05
97 869.26
91 341.89
71 360.85
67 615.04
85 598.47
96 444.37
13 713.62
97 395.02
58 342.99
29 259.09
68 917.99
23 528.72
51 519.03
80 549.10
94 136.10
17 625.22
27 706.22
18 100.04
83 593.25
17 277.53
27 291.88
73 250.90
59 322.96
5 899.22
60 745.51
45 508.63
81 442.78
34 691.40
88 634.31
80 413.27
63 842.99
95 820.66
90 499.06
40 207.87
70 530.60
37 731.83
76 305.09
55 449.02
22 563.68
83 770.02
11 399.03
4 444.36
42 987.38
39 571.95
26 645.15
83 878.91
19 189.75
14 524.73
21 485.97
56 450.75
33 935.39
73 963.92
17 913.23
36 201.02
24 367.33
74 152.90
36 904.72
78 618.78
72 983.95
38 488.15
44 354.51
46 444.92
39 557.67
52 623.08
57 617.74
55 789.07
31 143.58
98 891.81
29 578.84
41 552.75
2 901.50
48 885.91
65 756.71
20 964.84
79 967.85
24 759.82
51 242.42
37 364.03
54 566.22
44 744.38
10 398.36
60 310.73
3 429.46
70 569.75
86 285.20
20 899.82
53 932.26
25 755.49
65 230.14
16 304.11
73 567.31
60 261.44
64 783.67
67 624.77
79 258.36
16 705.94
37 920.41
36 558.41
23 155.95
10 513.09
32 968.85
11 659.22
42 584.50
1 620.58
11 552.16
25 556.68
25 805.16
16 743.62
76 444.60
67 491.15
60 561.58
99 540.76
72 295.96
50 934.59
59 788.22
98 776.23
88 666.04
61 551.00
72 995.94
63 652.76
14 431.94
85 777.45
52 587.00
40 486.43
18 357.04
88 588.89
97 156.28
6 621.50
28 136.77
65 285.44
51 705.02
70 146.97
55 110.15
32 247.46
31 936.21
63 173.17
6 982.18
85 654.22
14 386.73
48 988.47
44 123.48
54 674.42
5 237.21
29 783.93
12 495.72
28 919.86
16 818.15
13 603.95
43 124.16
73 979.73
84 653.98
67 168.67
16 927.22
32 677.64
18 869.36
25 949.75
22 243.80
53 484.65
86 312.27
69 251.47
62 521.97
69 656.26
48 592.51
46 746.14
20 800.46
40 492.81
89 785.56
65 207.16
88 164.98
28 934.42
30 613.53
89 421.86
65 551.99
74 396.51
35 143.76
13 770.28
19 102.80
40 356.26
44 442.40
75 676.64
29 545.29
75 495.45
32 592.63
29 210.04
41 507.17
55 418.10
11 172.20
68 744.71
18 680.15
47 282.71
16 348.62
21 138.72
84 235.42
3 581.94
61 133.02
83 898.92
49 186.35
73 294.30
15 764.80
80 242.74
33 629.62
74 849.08
73 668.00
81 798.37
99 428.96
76 360.91
50 950.69
67 130.97
56 175.07
45 441.08
9 997.69
6 305.90
53 776.18
75 613.14
54 668.86
38 273.70
30 460.04
79 525.77
42 791.88
90 540.22
45 411.57
64 236.33
58 976.64
53 984.25
81 298.47
72 422.10
75 116.83
47 616.98
27 524.44
92 828.53
17 152.22
89 402.85
22 505.64
59 173.37
17 353.19
61 916.59
69 213.47
20 554.29
15 630.93
92 737.33
33 471.65
15 758.22
71 186.14
59 339.12
57 385.47
65 788.89
17 440.38
78 708.92
29 862.82
83 775.42
53 213.75
58 708.95
27 999.87
35 829.15
87 341.87
9 535.91
18 677.20
39 295.05
43 473.60
53 601.49
17 653.28
2 723.51
6 196.80
58 962.78
87 769.46
66 462.49
21 583.20
62 834.55
32 349.50
73 557.29
71 411.87
24 798.37
7 197.05
6 326.64
87 979.35
25 935.20
53 256.98
56 330.13
61 225.93
28 506.26
95 193.52
99 876.73
87 749.53
69 786.99
23 430.58
45 679.00
19 939.08
67 557.17
48 944.53
12 257.15
52 491.96
25 106.98
19 824.35
29 328.83
21 721.78
41 502.70
28 274.02
59 888.79
63 684.31
24 206.74
36 101.62
32 439.43
35 649.52
52 865.59
75 925.44
92 525.86
82 627.01
100 592.29
95 521.76
55 250.81
16 973.86
51 314.19
15 513.45
40 951.97
35 924.32
97 755.60
47 689.51
4 412.74
53 331.54
42 707.77
67 393.90
32 754.75
26 662.87
27 721.73
34 745.93
20 361.32
9 535.29
47 863.41
84 896.82
84 140.13
84 303.85
8 991.06
23 432.37
8 303.61
31 999.39
40 283.66
94 104.35
72 274.57
10 408.38
63 501.69
75 966.29
99 799.14
27 989.37
4 543.68
72 437.58
4 863.93
21 821.63
14 358.54
55 261.52
84 691.44
82 905.82
85 983.36
50 783.99
41 770.59
4 445.59
31 548.43
64 717.70
1 878.21
23 644.52
58 987.07
100 401.14
2 235.46
28 979.60
15 583.29
56 587.89
9 922.66
97 461.32
9 565.58
17 945.48
63 717.85
25 408.45
98 506.76
70 450.03
76 714.29
30 974.39
82 914.53
98 308.97
78 289.51
57 197.31
74 586.58
89 882.02
59 946.72
49 847.52
27 800.70
67 779.62
88 201.68
15 105.18
39 422.43
30 173.88
82 450.83
52 927.74
100 924.02
99 357.88
38 156.52
71 399.90
22 755.33
36 612.14
50 443.09
92 100.81
97 456.41
39 401.68
98 393.50
20 708.36
75 202.90
65 775.17
47 414.03
21 768.46
53 465.20
25 384.64
59 651.01
96 601.15
6 263.64
78 773.06
34 937.59
11 587.37
53 970.62
7 635.64
18 193.89
83 925.63
87 750.54
43 909.31
10 847.17
22 833.64
80 666.31
69 783.10
17 838.67
7 605.61
12 890.92
67 570.63
93 850.34
41 126.26
44 532.31
29 384.45
53 259.47
57 978.68
2 678.58
52 944.76
85 382.26
96 261.18
27 429.50
100 704.89
56 253.38
77 241.55
98 895.13
95 455.38
37 939.51
44 783.27
29 486.54
54 128.64
5 378.14
30 290.84
52 354.96
9 447.15
15 917.53
31 744.31
26 370.72
37 506.76
60 227.98
33 785.15
32 854.21
13 578.79
83 776.69
25 291.22
82 225.32
69 817.59
7 850.77
5 829.47
20 961.48
35 583.27
90 384.42
5 110.87
40 835.75
83 897.91
13 348.05
28 720.35
52 364.41
85 765.63
83 198.69
6 404.08
3 698.64
87 352.16
80 738.73
79 366.40
77 491.97
36 114.08
78 524.06
32 609.95
62 876.01
97 404.86
31 871.31
89 655.55
29 136.38
39 592.97
18 773.84
29 438.19
2 978.76
93 534.18
36 462.39
1 164.01
87 664.16
64 477.67
94 610.73
99 299.28
94 535.76
79 394.81
46 510.10
28 413.18
65 974.39
42 548.55
70 928.22
16 893.24
38 658.99
94 275.79
75 533.81
11 712.91
55 761.64
30 544.66
24 844.69
45 618.67
19 386.44
12 820.24
17 813.10
49 810.92
86 410.64
2 429.42
5 319.69
82 893.37
97 109.51
5 339.08
83 448.82
50 947.60
15 850.87
1 608.50
7 604.00
87 461.44
27 656.23
79 860.10
83 416.73
29 304.28
90 723.41
34 546.55
3 111.44
91 686.32
31 677.18
95 119.20
4 190.93
10 462.86
25 102.71
99 347.37
99 917.87
6 872.04
56 753.66
77 413.31
31 205.02
21 537.32
60 157.12
50 114.98
81 579.89
89 920.39
24 609.10
61 775.91
21 172.48
79 655.98
98 735.46
1 612.46
93 984.71
25 649.17
46 284.45
1 906.27
100 925.98
12 947.16
2 681.48
21 318.89
6 316.72
74 249.94
88 652.88
65 885.66
73 180.56
72 354.97
49 521.84
13 642.15
8 297.94
62 412.51
51 910.09
39 588.40
7 795.34
82 627.17
21 556.20
46 303.76
71 439.77
91 858.72
46 796.56
12 624.07
66 865.08
8 402.59
44 805.65
33 690.42
34 591.79
29 199.80
65 140.28
18 371.44
1 355.52
41 553.80
69 832.14
11 149.18
2 374.96
95 260.30
49 513.95
94 296.31
43 764.86
92 384.95
99 385.06
71 307.39
76 261.56
28 431.20
91 349.07
77 310.72
56 350.49
49 132.78
39 576.11
30 851.04
70 886.42
12 389.80
81 509.19
56 350.01
36 768.93
4 583.36
29 117.23
98 385.85
24 987.05
78 485.95
75 711.20
22 845.65
3 326.85
95 191.87
63 827.57
72 803.13
92 372.98
44 797.38
24 549.26
3 351.48
63 814.18
73 460.32
21 306.67
61 349.40
15 758.47
59 911.75
21 485.75
20 245.57
13 644.68
39 715.99
76 466.31
20 632.43
20 901.69
41 895.78
73 290.88
5 744.44
89 315.27
39 242.41
53 306.20
68 625.97
99 757.52
83 626.10
98 697.15
58 390.29
100 104.24
65 177.05
36 284.12
12 730.04
59 783.67
60 768.06
54 233.21
20 716.00
18 159.93
88 923.31
44 583.71
25 383.62
91 593.92
64 914.21
74 718.55
25 416.91
68 266.24
20 297.26
92 144.04
42 710.01
77 189.88
83 490.05
18 161.72
11 372.47
5 980.66
91 294.15
40 857.78
20 325.14
76 177.61
94 228.80
100 395.24
93 833.74
57 894.56
7 976.88
51 166.40
3 201.51
48 688.21
100 875.73
62 818.07
55 832.39
86 903.76
97 698.64
47 866.63
67 593.26
8 472.51
7 106.10
96 796.95
12 500.72
12 952.26
52 976.39
23 668.47
46 462.82
47 728.53
37 287.49
68 892.57
33 923.64
68 844.31
44 702.66
18 461.04
13 978.59
33 859.26
58 925.34
64 658.75
98 155.74
16 678.17
100 785.93
58 755.45
40 847.04
11 203.69
44 952.00
59 780.22
45 641.85
82 321.89
25 584.93
34 771.66
33 462.52
48 666.24
95 877.30
7 476.45
32 608.79
23 822.38
49 867.72
31 662.28
58 325.05
4 653.22
52 196.51
18 813.97
55 339.32
27 521.87
5 590.01
37 221.44
20 403.00
59 361.36
22 137.47
69 193.75
72 897.29
26 796.28
62 267.95
2 421.62
22 656.88
51 574.60
72 372.96
94 754.78
51 686.95
92 645.19
47 105.33
9 151.14
84 346.50
87 247.73
77 445.07
45 147.45
64 562.07
15 669.18
46 381.79
58 143.69
32 422.26
90 241.37
25 345.74
2 553.07
61 852.72
2 410.04
99 191.45
62 295.17
17 461.78
84 529.91
61 795.68
51 371.44
48 369.19
39 524.37
91 975.85
15 106.38
79 524.01
50 123.97
88 445.65
59 695.91
40 616.23
22 886.53
12 359.12
91 493.08
24 522.96
9 351.72
2 446.23
64 841.15
14 281.29
21 996.98
41 242.90
25 325.92
62 585.35
49 592.75
22 861.36
69 273.46
28 283.80
12 848.19
92 745.34
31 543.11
10 785.91
5 201.31
100 550.78
37 446.63
55 131.40
40 479.98
28 999.40
62 418.43
65 346.00
40 620.88
6 747.98
94 164.17
51 145.35
42 768.85
82 316.95
62 706.09
7 705.93
41 400.58
74 237.64
53 875.41
63 539.66
66 580.18
27 661.17
40 604.30
27 583.98
20 523.84
30 967.42
91 183.75
56 313.50
98 204.94
94 654.07
1 609.01
4 849.25
94 866.66
16 134.67
78 179.01
57 874.10
93 917.51
77 245.08
82 909.58
51 804.23
98 381.67
6 525.01
69 255.03
4 792.67
40 704.02
58 606.55
37 691.86
5 502.34
86 567.70
83 274.62
84 826.52
98 793.45
61 691.09
85 226.82
27 589.97
72 335.04
100 438.02
9 752.31
98 804.36
17 626.43
28 170.08
5 960.05
10 198.24
53 887.16
96 758.75
100 734.20
11 269.37
64 927.05
51 936.58
90 934.00
44 648.09
33 491.15
33 503.09
53 533.02
95 521.42
43 252.94
76 688.60
49 103.04
65 551.14
29 412.70
15 762.55
79 502.89
66 462.17
37 689.44
100 718.12
76 641.78
93 733.22
4 476.53
11 195.93
17 797.84
37 418.91
48 102.13
3 293.68
27 793.51
54 134.41
78 160.28
50 167.80
89 152.02
37 973.68
14 236.29
98 972.05
52 794.72
29 354.57
89 389.60
78 112.72
23 728.94
23 944.99
80 286.00
61 241.56
23 188.32
82 219.98
64 503.60
19 719.26
20 516.54
71 415.83
40 809.84
86 833.21
72 572.42
37 659.21
9 214.90
58 403.92
22 217.01
90 285.88
19 278.42
14 888.43
69 220.04
38 524.74
17 157.50
50 440.61
32 730.54
16 206.25
23 552.50
80 123.36
54 408.99
97 630.53
56 220.94
46 804.73
32 592.67
83 386.93
92 490.01
87 586.25
61 778.58
98 295.23
46 321.03
57 770.06
31 893.79
72 368.43
42 363.00
96 264.34
33 557.67
16 453.42
49 625.08
37 663.66
14 664.53
41 861.08
7 969.19
30 621.53
73 658.19
58 825.01
17 144.91
77 851.44
78 352.04
29 684.65
24 921.40
38 275.80
71 662.76
15 908.72
26 377.34
66 959.20
3 539.38
74 352.44
50 628.78
38 902.40
50 590.12
41 911.40
92 809.01
41 932.98
45 232.41
79 723.15
81 624.72
11 709.79
33 261.22
41 965.38
53 617.97
4 309.54
97 201.55
50 912.94
98 489.75
52 453.80
34 815.96
91 700.74
98 961.76
61 454.32
1 967.45
24 444.13
19 876.69
59 491.40
71 935.05
54 221.31
64 753.08
25 279.62
64 438.50
88 879.99
75 547.87
83 299.00
4 385.11
20 515.08
95 273.80
15 884.89
70 772.28
98 548.81
27 135.72
87 267.99
75 566.29
35 381.32
58 806.10
50 696.41
13 211.70
40 780.65
12 210.87
51 225.04
42 328.58
61 247.39
97 513.51
84 725.74
12 987.63
99 397.82
65 356.47
17 396.42
42 361.28
29 219.01
46 481.68
98 853.38
37 592.38
53 607.55
45 766.68
7 214.25
33 357.16
88 344.36
17 164.10
43 714.94
78 924.57
100 736.71
31 555.74
28 195.86
7 341.84
63 988.46
37 603.28
34 531.03
35 305.84
56 824.35
53 782.82
29 124.64
91 381.92
23 280.04
39 470.19
34 694.15
74 708.19
77 955.20
29 921.39
71 468.11
24 674.78
69 627.49
81 503.24
82 767.42
25 435.49
10 567.65
9 124.91
61 116.59
63 667.24
53 840.95
100 341.62
14 421.43
78 816.57
79 975.29
29 197.43
22 884.17
63 694.21
83 704.15
64 980.74
88 479.46
87 219.47
50 466.65
38 991.30
76 437.06
18 676.56
27 588.40
93 906.82
39 954.33
47 938.89
33 114.85
99 503.36
88 276.37
91 236.89
67 829.43
40 180.36
69 289.31
28 150.81
10 728.05
53 921.89
92 905.38
82 161.99
87 619.87
44 781.20
94 408.66
60 267.29
95 961.52
48 273.51
27 899.69
55 772.50
92 831.57
79 620.31
98 312.41
56 922.88
66 513.00
67 313.37
42 553.28
65 458.09
93 182.74
34 458.59
13 557.05
21 617.04
40 906.41
59 593.82
52 617.94
66 287.49
70 957.05
2 463.99
66 699.21
65 609.64
26 504.57
49 768.19
88 955.00
54 558.69
35 927.88
27 510.72
3 858.40
32 573.79
53 537.93
62 743.92
58 114.09
72 384.13
92 492.87
36 995.14
66 148.97
78 327.90
85 796.60
64 543.41
63 666.40
72 514.22
3 970.52
36 163.22
68 277.66
86 884.12
69 205.10
59 493.84
69 712.40
86 323.13
11 244.20
61 661.17
22 405.42
35 493.91
6 416.71
75 848.91
17 483.38
1 998.52
45 469.23
9 565.52
26 309.97
97 162.28
81 667.64
2 314.13
16 254.40
7 541.72
81 736.97
55 689.63
80 219.90
31 538.98
87 112.10
4 140.63
28 423.97
96 709.20
57 427.57
46 529.75
90 365.21
62 531.66
93 155.02
70 633.31
1 720.86
9 391.03
55 855.01
61 354.46
99 368.57
6 401.95
90 714.51
77 814.03
84 448.50
35 749.04
78 137.08
23 381.99
28 808.44
39 969.86
52 280.84
27 679.90
3 507.02
4 859.01
38 885.15
48 368.76
14 323.02
28 548.80
62 247.56
4 571.33
60 280.48
78 224.29
16 808.45
4 202.12
1 265.32
20 380.05
4 219.22
46 689.77
18 192.81
71 344.92
18 143.59
76 547.69
38 491.69
49 640.11
1 794.61
38 101.79
23 888.93
43 897.31
90 775.40
65 253.41
1 686.01
50 611.18
4 308.72
44 209.08
17 284.29
58 137.09
48 620.69
99 967.32
80 931.73
14 947.94
59 988.13
28 216.89
91 611.26
9 451.58
78 768.56
29 109.23
13 563.88
23 379.02
22 258.60
33 702.54
1 660.75
68 652.64
41 516.74
3 323.67
50 446.18
87 504.39
98 516.51
16 643.28
84 495.71
28 732.03
93 126.75
35 928.22
37 844.36
12 167.13
17 131.30
23 686.23
93 985.51
56 167.42
47 442.30
2 644.05
86 921.01
56 615.40
72 565.42
3 400.15
68 290.03
5 478.98
74 766.68
89 938.44
85 341.90
57 364.45
57 594.07
39 816.66
2 158.25
4 906.48
35 235.05
98 777.40
14 661.56
74 908.31
63 865.63
1 972.38
7 335.18
4 102.71
76 525.17
9 170.70
93 275.83
77 106.71
30 821.33
50 727.76
77 944.52
62 769.15
72 970.72
36 228.94
49 316.22
40 624.30
32 413.38
41 297.21
69 132.77
81 870.51
41 276.20
76 241.03
21 569.62
12 761.14
93 626.07
44 908.06
99 668.64
6 710.69
63 923.97
3 349.88
95 628.59
23 621.10
26 963.73
35 270.92
91 577.63
35 433.20
60 130.63
79 195.89
62 294.10
37 268.55
29 868.05
41 673.82
70 323.16
96 741.16
28 954.60
37 727.91
75 111.20
35 622.39
95 905.34
89 756.41
23 978.95
97 930.97
21 352.68
68 729.17
60 857.57
58 824.43
20 564.94
15 185.22
95 257.01
94 277.75
48 223.51
14 616.34
19 281.81
2 250.70
84 447.73
87 283.67
67 749.16
26 636.08
54 457.72
59 160.02
20 464.29
59 627.94
47 321.92
20 119.21
20 724.77
78 377.09
13 800.70
93 475.65
46 202.08
92 167.97
19 673.33
55 682.63
57 690.75
64 581.51
22 412.16
78 494.66
81 480.98
62 521.71
3 954.52
35 947.09
82 682.16
96 196.37
11 591.62
4 140.10
4 536.72
70 419.14
73 197.95
53 632.57
1 435.13
22 155.54
88 928.04
99 741.32
87 163.43
25 438.21
42 890.65
9 988.77
60 473.08
15 753.91
27 460.44
46 117.12
53 553.52
22 314.06
40 734.49
81 428.35
46 453.06
53 858.65
29 321.78
40 316.36
8 557.22
89 352.99
58 519.94
63 261.55
17 121.74
81 252.96
69 612.82
16 972.32
58 757.79
23 530.84
88 287.35
40 209.08
79 743.76
23 616.45
22 273.25
82 310.38
59 878.20
64 299.79
44 898.82
86 709.39
2 221.24
70 446.61
45 281.91
53 317.93
23 594.06
100 116.79
39 916.80
64 273.28
85 854.74
43 954.22
99 790.14
43 564.89
51 672.35
16 936.31
96 626.93
23 702.93
79 854.39
55 657.11
7 509.65
49 582.81
53 898.77
50 960.85
16 289.84
3 756.14
34 246.49
83 899.20
23 122.46
59 309.93
66 988.95
23 725.73
38 477.97
32 540.45
89 141.88
14 147.59
97 128.77
28 442.03
37 272.29
88 201.06
5 535.60
56 383.75
84 711.88
17 284.80
53 857.22
25 125.61
41 191.51
92 644.14
37 791.39
46 584.10
87 406.28
79 286.79
15 215.84
83 122.00
20 459.88
95 118.94
9 247.02
13 594.05
13 661.83
82 846.90
8 570.92
88 428.43
6 708.81
14 221.38
2 427.88
70 138.14
31 107.95
55 318.54
8 410.49
89 129.43
12 281.01
78 986.63
35 558.44
82 192.58
93 105.68
41 743.99
31 992.91
79 195.43
45 589.89
1 243.21
80 572.72
34 617.14
38 261.15
23 115.49
90 436.69
21 209.19
24 326.91
84 437.66
49 652.73
82 311.00
37 344.94
76 328.30
74 199.39
36 647.54
27 293.97
70 911.79
54 946.51
22 930.28
62 623.92
59 430.12
84 327.75
94 837.72
52 253.01
11 843.04
59 808.02
64 529.34
98 386.53
36 913.90
90 899.18
3 506.79
98 948.75
57 372.20
41 386.67
17 230.00
83 418.70
47 821.02
24 697.58
40 260.08
16 688.40
32 519.93
11 918.48
95 350.53
77 666.50
76 750.84
45 117.08
26 230.16
89 967.48
35 746.21
81 475.49
29 467.52
16 361.86
68 138.54
88 861.39
57 352.89
50 450.95
2 753.68
98 225.70
43 884.84
21 478.15
25 429.49
83 636.78
64 758.27
77 242.82
79 615.92
5 256.05
59 966.20
3 256.20
58 956.26
38 587.60
56 393.63
42 447.90
70 201.87
21 675.78
63 113.10
33 101.09
3 584.50
42 594.05
75 289.68
52 583.74
41 541.82
12 455.63
64 384.78
61 759.19
15 603.38
13 734.98
65 284.23
50 216.28
33 862.78
16 768.66
63 557.51
12 804.15
17 331.75
33 928.45
71 196.90
73 621.10
46 265.62
82 632.67
16 992.66
10 472.89
75 306.36
50 422.77
71 250.11
51 864.71
76 105.68
4 841.53
57 403.21
11 861.32
8 669.37
60 442.02
88 657.29
11 503.88
49 356.98
27 456.14
24 515.26
70 133.82
10 144.94
22 839.23
92 597.63
83 355.21
50 545.11
45 156.40
96 569.59
10 597.57
41 591.69
51 155.37
38 303.30
100 224.23
2 519.64
29 521.22
33 157.47
96 927.62
2 346.01
95 124.32
3 954.12
9 877.01
56 127.49
7 301.28
92 913.86
67 500.17
9 396.98
24 805.58
9 608.67
2 849.08
75 952.12
91 468.68
38 484.35
25 858.21
77 983.56
22 463.24
49 850.56
28 447.11
4 448.44
33 800.72
27 351.52
2 548.55
65 362.35
65 737.80
3 243.81
78 500.94
98 513.82
23 347.65
50 274.59
95 803.71
39 354.06
33 828.79
85 758.56
7 152.04
91 509.23
27 459.18
30 328.05
32 890.94
48 666.20
63 629.65
91 390.15
40 141.55
72 354.16
97 218.03
91 142.69
28 954.93
59 863.03
31 557.08
74 671.41
54 760.54
53 923.66
54 118.55
70 273.71
59 489.83
38 323.26
44 387.80
64 371.75
85 610.10
86 847.41
9 951.73
9 809.39
95 361.85
27 743.65
27 991.67
34 551.76
8 399.58
34 952.55
95 404.84
27 687.01
95 868.23
12 892.53
92 208.54
82 727.16
29 924.67
29 433.19
39 968.93
33 124.20
12 403.56
43 194.10
9 918.94
25 680.39
29 517.39
83 945.01
24 479.82
45 135.90
51 632.69
93 630.03
6 172.18
80 947.62
33 618.01
81 514.21
37 239.37
93 494.17
96 429.18
74 156.67
14 643.21
36 759.68
68 455.30
50 598.21
45 858.99
20 634.77
34 127.18
78 755.48
11 624.78
48 164.22
77 242.08
77 259.34
89 326.81
90 501.86
34 950.64
58 377.07
60 593.73
11 676.99
98 922.75
26 629.02
9 841.81
75 911.84
22 230.77
30 795.31
55 769.38
70 445.01
87 523.01
13 564.65
79 122.46
91 201.39
91 154.13
48 171.58
15 350.11
37 707.10
29 268.77
96 434.34
61 877.23
9 986.61
30 323.57
81 824.32
15 854.15
52 469.35
47 273.01
13 608.83
4 830.99
56 112.74
61 484.20
71 679.36
93 215.81
99 276.87
73 458.02
61 692.81
71 769.27
5 947.78
6 299.48
52 697.39
100 975.74
81 858.21
93 106.66
50 416.65
48 463.77
64 300.25
5 310.42
33 106.16
81 393.07
26 880.37
18 749.25
57 760.75
38 324.45
16 882.83
58 528.53
80 170.46
100 707.65
46 294.42
92 229.04
52 511.30
33 857.94
60 737.04
88 683.11
58 643.40
94 202.39
7 564.43
71 377.03
21 984.41
55 317.50
42 634.61
32 912.50
94 650.49
29 528.85
57 894.96
50 871.30
4 236.38
86 584.77
10 964.43
2 357.44
83 653.19
97 214.24
45 667.56
79 943.47
56 601.78
89 128.87
53 502.65
24 715.56
63 375.48
32 997.12
32 434.74
69 905.89
88 708.78
97 389.80
30 945.19
58 355.28
52 890.72
60 992.35
4 110.38
18 921.98
87 758.10
51 719.57
65 724.34
81 881.84
65 513.23
24 453.41
43 261.66
65 434.78
39 797.71
80 580.32
18 352.72
4 796.52
6 940.00
4 306.04
19 110.73
21 762.23
27 351.16
11 609.50
38 198.14
53 177.05
35 138.61
21 317.18
93 730.96
94 822.62
23 446.58
76 466.60
64 961.29
65 853.67
16 878.71
53 954.11
69 998.84
73 940.28
3 377.61
30 425.78
71 556.70
60 875.61
71 595.86
13 428.36
37 432.56
45 198.35
96 985.47
18 323.92
79 598.55
76 909.39
8 553.73
99 984.86
4 373.66
39 448.40
79 585.68
11 735.62
39 743.39
49 454.89
60 832.81
17 572.48
82 414.40
31 238.19
51 290.40
72 186.37
20 466.91
72 283.38
82 930.99
6 652.17
43 459.93
95 147.78
80 323.91
62 680.34
17 188.83
99 500.22
34 350.01
43 566.73
100 505.24
61 549.20
99 189.65
36 701.40
24 961.88
25 309.99
89 243.34
69 839.72
62 390.00
28 940.36
89 939.51
26 133.12
86 513.42
20 911.29
68 212.49
23 273.23
88 709.68
50 388.52
40 665.68
39 421.02
85 584.31
49 908.76
25 236.65
83 303.40
6 176.39
44 787.60
8 681.78
84 770.46
82 319.79
41 704.75
97 430.24
21 227.92
80 631.63
99 678.63
17 637.39
72 439.80
71 475.21
94 974.38
11 179.02
15 546.86
96 714.93
82 404.02
29 663.89
50 173.92
94 265.12
39 309.80
29 857.73
83 674.35
12 419.15
92 537.61
77 250.69
11 576.83
5 693.67
85 179.10
35 736.14
34 428.24
57 363.09
68 717.42
70 367.37
93 965.79
59 992.37
95 858.92
99 529.08
60 381.82
18 381.21
13 520.72
51 150.43
98 762.09
87 808.16
78 304.15
41 862.36
4 800.45
25 938.49
63 985.24
77 983.43
99 677.58
26 399.51
91 463.58
62 295.67
46 156.63
73 447.91
89 595.10
100 183.03
87 613.02
59 435.26
28 431.94
35 801.23
23 214.09
23 332.05
60 883.36
12 604.08
14 376.72
40 681.68
57 850.63
33 674.74
23 148.54
7 973.88
97 736.00
51 764.60
58 181.74
45 406.26
21 339.82
43 123.76
79 702.01
21 209.37
91 407.44
29 340.96
58 613.92
97 846.65
46 423.27
2 510.28
55 523.62
23 717.62
53 552.80
47 373.44
63 788.92
36 438.19
87 573.93
44 168.95
18 217.81
5 371.40
100 712.66
18 706.52
97 696.85
69 944.38
2 571.16
25 129.03
27 120.14
39 873.19
12 642.29
8 857.09
42 310.75
73 608.58
9 301.43
7 654.93
90 866.01
65 988.95
90 991.65
23 659.79
87 500.87
43 349.98
20 472.23
28 304.71
66 474.24
100 542.66
61 364.27
76 508.05
61 477.25
3 932.50
24 219.94
59 580.96
16 416.26
66 218.60
38 669.44
29 541.66
29 530.97
56 592.08
33 850.87
89 805.01
94 931.26
100 845.39
77 729.52
81 900.64
38 989.02
76 565.56
100 651.16
48 569.50
79 973.30
60 787.03
28 582.99
74 571.38
94 381.38
57 271.69
3 545.48
40 361.44
73 614.92
64 993.80
4 456.06
96 582.74
58 494.00
67 797.84
35 532.64
68 576.98
33 555.68
16 287.54
8 944.48
47 399.43
33 309.79
60 715.79
46 244.02
80 972.87
22 834.96
92 225.07
29 780.35
43 771.06
89 934.46
97 537.21
15 299.70
90 116.70
39 995.78
46 974.05
79 834.15
99 832.33
51 304.24
81 770.78
81 286.95
59 878.37
58 718.83
41 693.79
35 450.71
19 834.97
3 445.68
12 413.47
62 340.59
35 960.14
10 882.58
98 466.29
33 699.94
2 569.74
50 446.98
62 696.16
44 919.81
7 700.87
4 363.83
39 195.80
99 364.38
43 197.12
3 537.70
29 921.48
78 571.76
24 159.33
94 814.07
24 368.11
1 973.38
29 868.02
93 941.90
23 622.33
40 783.96
54 278.16
93 380.27
38 758.96
78 710.70
92 659.35
97 191.82
13 643.36
81 318.77
53 869.44
21 770.41
12 737.97
94 981.95
51 975.04
7 838.16
44 879.08
2 545.84
74 659.85
49 493.89
40 169.13
46 207.65
28 214.57
11 312.48
31 574.83
58 966.19
14 754.64
17 453.80
33 495.81
37 670.09
17 854.36
63 870.87
40 553.59
7 785.72
36 161.25
85 218.53
9 577.33
88 247.96
72 404.30
78 622.09
74 101.61
95 585.77
45 429.09
81 386.99
52 260.33
55 443.14
12 332.31
60 247.62
77 190.93
53 655.12
96 910.04
47 461.52
38 271.28
45 609.47
33 353.27
87 392.73
62 950.69
84 282.87
59 443.62
36 526.54
21 927.60
61 773.57
4 981.97
93 541.65
15 859.82
63 107.44
3 682.69
19 887.86
63 758.22
57 166.35
12 557.87
23 470.33
67 775.24
39 423.28
23 454.24
15 757.44
13 809.81
97 430.15
33 988.28
62 884.25
75 852.80
34 612.90
32 935.03
94 219.08
56 600.59
21 569.66
41 695.24
39 243.84
78 463.02
9 985.61
82 838.14
11 311.87
78 292.27
34 954.61
77 270.22
66 322.34
60 755.41
27 453.34
77 351.08
63 986.04
55 226.46
36 836.54
15 534.37
41 649.34
38 437.73
39 327.51
11 296.22
78 752.49
25 267.21
24 102.49
29 169.70
53 973.84
59 513.28
8 368.10
1 353.04
75 847.13
71 802.72
38 112.50
87 889.33
54 966.77
95 702.57
18 935.27
18 648.54
73 374.92
74 119.42
79 442.22
60 442.65
84 517.11
23 867.34
53 382.59
67 546.49
69 778.27
66 425.97
73 752.80
33 119.46
62 414.94
62 242.54
49 907.68
64 264.03
94 331.68
36 890.91
33 988.42
65 852.31
18 485.86
21 136.30
52 525.19
78 282.97
62 750.30
89 860.74
6 873.04
17 416.06
49 988.02
18 354.88
69 348.67
100 520.86
10 677.26
65 782.51
2 267.16
83 701.18
34 797.78
15 304.63
5 207.22
6 320.51
79 799.48
10 888.85
12 556.25
87 882.90
20 642.66
55 137.17
35 558.42
96 615.24
80 767.28
73 815.32
21 457.26
68 750.03
81 265.61
93 461.62
41 322.85
32 718.41
79 389.22
41 733.64
39 177.24
8 809.05
21 947.09
22 715.58
19 284.39
20 812.98
97 179.03
31 867.16
49 185.37
80 574.31
5 484.86
16 112.23
27 866.37
56 535.45
21 331.72
22 482.72
93 360.85
58 576.75
22 574.73
32 355.67
96 439.03
83 162.24
93 933.19
69 519.54
86 126.99
51 550.60
88 687.63
87 296.32
42 393.66
86 631.13
42 934.38
16 324.29
64 674.42
66 847.76
87 335.80
79 394.39
91 411.77
10 795.94
57 306.90
16 846.69
81 360.55
64 946.90
63 768.67
88 549.54
58 892.43
27 253.92
1 190.77
52 841.21
23 625.16
30 320.89
20 522.95
29 549.36
87 247.47
27 618.20
61 964.51
98 252.13
2 650.60
81 903.94
78 854.16
76 921.90
58 461.46
97 941.24
85 418.66
37 456.71
48 324.37
79 842.77
71 646.47
59 669.46
49 786.57
16 964.36
59 627.39
10 547.46
90 901.00
80 649.08
97 425.11
89 412.89
89 766.05
91 747.17
90 876.39
97 828.15
31 282.86
9 580.70
35 925.30
95 828.27
12 818.03
13 754.33
94 138.68
7 939.78
77 443.55
35 301.49
34 382.29
25 791.91
72 966.09
47 475.45
57 847.29
66 209.70
89 924.10
46 820.81
65 177.97
12 234.76
90 321.60
31 609.02
16 977.30
19 736.49
28 194.91
93 877.99
43 553.35
47 964.70
48 246.22
95 850.62
48 892.40
18 741.07
16 555.42
56 418.82
42 198.95
65 831.99
80 723.37
80 592.68
3 775.92
56 227.80
5 812.70
99 975.97
53 813.18
28 350.10
71 734.12
77 368.97
48 147.01
43 833.35
94 397.71
50 168.50
95 492.82
57 931.03
26 106.00
71 978.40
86 532.29
16 301.09
41 463.17
16 882.61
75 980.47
16 103.82
21 330.98
59 293.76
11 243.20
15 813.05
66 309.55
51 120.53
24 679.44
22 200.52
32 177.44
27 260.75
69 834.55
85 202.29
32 827.92
15 314.78
55 775.62
75 181.67
72 845.20
2 627.56
14 680.45
29 406.15
55 274.93
11 366.91
57 750.60
3 996.89
44 953.48
6 233.89
15 944.20
9 222.57
76 542.70
66 437.47
49 238.02
94 572.28
100 110.44
35 247.93
89 655.57
34 974.82
85 277.24
16 889.98
93 213.98
65 487.15
72 694.85
14 455.36
32 242.85
80 359.25
73 810.70
34 118.87
84 117.59
66 270.86
72 976.89
16 666.36
59 806.12
40 922.86
32 220.72
15 801.37
40 223.70
85 918.95
100 113.67
23 349.26
42 474.44
90 645.06
70 132.95
79 752.83
39 648.27
83 354.27
61 704.89
82 903.74
21 137.84
32 610.14
96 153.93
23 467.20
56 244.15
35 478.54
100 403.50
19 813.21
34 619.99
38 420.38
42 316.78
64 400.58
15 646.38
81 260.66
35 716.77
23 488.12
24 970.32
7 168.10
77 151.65
34 364.07
48 595.34
16 868.93
57 632.35
67 961.05
96 759.10
19 896.09
24 865.35
99 777.66
6 255.58
92 349.19
94 690.20
81 735.89
21 709.25
47 423.12
63 422.41
91 686.97
24 542.15
76 556.43
37 767.27
69 212.84
8 127.14
99 274.62
61 590.39
82 677.65
78 539.26
18 831.95
63 662.50
62 443.45
5 692.96
3 919.21
56 602.72
87 966.66
14 805.12
21 651.42
94 497.76
20 584.04
97 583.01
53 673.53
52 512.99
65 266.67
61 911.54
81 360.06
78 613.53
98 420.19
37 409.09
78 256.91
67 292.41
97 117.94
16 272.98
93 255.61
43 224.37
87 458.84
56 711.01
96 639.80
22 898.04
9 161.01
58 264.50
96 215.10
87 885.78
83 528.87
72 901.65
98 657.00
42 662.13
25 296.67
30 463.67
69 534.48
2 395.45
5 774.20
32 240.42
100 472.53
10 262.28
40 885.66
86 612.54
22 875.39
11 911.89
40 470.46
97 987.67
82 179.43
29 892.19
20 358.69
15 368.44
66 683.27
47 582.47
6 944.19
100 366.34
90 961.87
38 251.00
33 804.10
34 747.25
39 904.17
85 642.98
39 570.57
58 504.59
20 881.92
96 894.38
77 271.18
9 811.14
1 706.20
73 889.92
51 353.66
96 837.70
98 420.29
13 339.73
18 672.69
96 749.09
98 240.99
25 502.53
57 905.95
89 119.67
5 674.49
81 520.71
31 739.30
60 467.96
93 840.87
79 308.06
96 160.10
76 153.05
86 678.01
94 755.85
46 281.49
49 925.85
27 807.58
60 966.20
45 514.80
76 249.88
64 227.40
71 342.73
13 269.99
7 443.79
38 307.19
81 422.13
91 542.88
36 799.19
32 175.73
73 455.41
68 420.50
52 183.27
88 833.13
4 515.86
41 891.80
6 953.27
2 420.78
58 320.04
2 916.14
36 845.44
48 126.89
93 454.90
82 400.66
28 418.45
35 198.71
7 377.21
43 785.48
68 664.15
7 727.15
72 216.11
55 652.67
29 974.40
8 779.86
21 228.82
38 169.98
40 236.23
3 242.41
61 520.03
92 865.66
6 440.99
34 775.30
78 171.94
24 986.54
39 289.58
85 929.63
80 789.75
72 943.12
43 603.85
2 443.44
86 328.49
39 412.67
71 379.98
4 683.93
84 168.02
93 607.11
97 473.55
100 994.53
100 513.06
78 598.23
37 719.61
46 363.13
41 431.88
64 509.93
41 126.88
92 345.26
51 129.88
2 487.80
59 853.01
61 772.55
10 438.23
66 962.28
3 753.10
91 790.66
55 558.12
3 317.47
51 722.38
87 975.96
92 287.06
47 225.71
90 774.06
69 473.23
91 821.25
58 949.56
9 337.84
56 503.62
83 110.25
98 761.88
30 289.74
28 122.15
12 256.24
58 631.14
72 556.44
65 920.94
9 934.33
77 639.27
60 696.54
35 389.17
9 925.48
61 158.95
84 396.10
5 387.66
91 892.51
18 876.05
67 843.89
98 727.82
92 687.33
70 391.09
60 209.16
12 137.94
62 539.82
47 240.35
12 332.59
97 955.76
20 559.85
83 220.98
68 705.13
5 134.78
23 978.80
16 146.07
59 430.34
55 762.08
33 614.11
81 435.42
4 142.41
18 363.17
6 858.62
47 750.01
42 988.25
29 735.31
33 318.46
50 690.62
17 528.14
40 549.35
72 254.16
52 882.65
36 655.08
93 619.80
13 618.92
77 586.81
81 515.89
40 591.85
2 585.06
13 402.79
40 951.16
6 894.79
80 695.70
38 457.32
23 538.94
60 779.08
53 299.39
91 377.12
96 967.63
47 657.74
64 693.05
24 104.88
6 816.02
90 734.41
1 485.63
55 707.12
92 285.16
71 756.76
5 468.67
92 988.29
58 597.49
98 990.08
16 106.36
89 626.18
11 938.28
47 671.32
56 772.33
52 485.47
83 523.88
26 117.07
78 221.70
25 446.18
68 659.55
72 762.63
7 687.53
20 417.78
42 209.69
24 533.53
25 315.16
9 650.74
91 742.43
9 907.06
47 241.09
15 923.82
2 592.77
87 173.79
21 944.09
20 686.17
89 124.72
37 991.45
45 139.88
38 778.50
62 634.15
13 995.24
22 948.19
16 391.06
30 729.36
21 780.97
25 168.11
97 292.69
12 588.29
51 591.40
15 343.05
31 251.75
89 174.47
52 750.57
33 807.05
65 712.94
67 687.54
78 921.86
78 943.99
43 578.30
86 148.90
31 604.87
84 713.82
16 476.71
30 417.56
61 713.98
50 204.01
96 457.56
82 885.40
36 749.72
66 214.97
21 836.33
12 842.85
36 308.92
92 617.35
83 222.39
18 674.12
68 408.59
21 429.89
86 530.80
82 224.54
97 717.69
49 146.06
38 854.46
50 814.36
67 272.44
5 570.14
53 872.36
91 522.70
5 166.85
39 935.34
32 293.21
14 879.05
92 941.45
49 670.76
5 315.22
80 808.11
55 926.52
40 345.80
79 925.44
28 482.51
63 977.88
84 702.89
53 288.21
18 454.66
29 960.66
73 567.31
43 298.87
18 105.18
19 706.73
28 123.88
85 224.93
72 684.50
51 635.60
76 610.68
1 988.10
99 655.67
62 159.99
59 199.10
96 865.62
37 571.67
76 524.35
8 798.00
35 561.69
18 279.20
30 292.41
21 629.93
25 852.93
84 534.10
56 461.92
26 737.10
19 995.33
69 935.57
89 865.28
76 655.25
25 526.58
85 239.38
18 137.58
2 531.57
99 861.38
9 463.00
67 697.68
3 545.57
22 224.56
44 748.13
91 290.40
29 566.81
2 354.10
88 655.00
87 403.84
1 675.69
40 122.03
13 869.63
37 397.29
47 684.21
60 856.52
2 715.54
35 734.21
31 969.45
11 128.98
1 212.13
1 238.81
45 963.19
92 966.53
45 267.11
15 478.62
55 106.22
89 951.84
11 300.15
15 823.58
88 753.69
10 532.68
94 478.70
33 275.79
10 812.08
42 571.82
17 859.68
59 852.84
80 472.28
62 474.95
89 970.22
87 574.06
100 953.61
56 351.57
30 730.52
37 986.37
91 221.56
2 861.24
95 958.33
13 243.79
33 635.94
2 527.84
25 468.61
39 141.20
48 517.64
24 504.02
9 390.69
2 703.50
4 823.38
70 827.62
35 275.13
14 365.45
57 858.26
13 674.74
53 697.27
96 487.80
67 315.42
57 437.14
11 335.89
43 779.99
31 836.90
35 243.97
44 521.39
69 373.06
26 919.56
10 479.00
76 561.57
72 191.05
48 926.57
69 615.71
75 130.87
89 942.83
22 919.83
74 591.98
61 994.28
24 264.50
77 397.99
11 437.33
8 654.98
60 262.91
18 874.27
56 367.05
69 259.12
49 529.88
17 844.83
50 492.10
18 414.56
24 338.27
24 124.98
30 608.14
60 768.20
21 579.02
94 844.32
31 545.43
19 577.06
80 273.47
8 956.88
5 296.44
59 326.63
78 217.20
61 600.82
22 292.80
21 933.66
88 496.20
73 805.01
51 740.30
46 900.99
69 973.36
10 287.45
30 115.51
7 371.63
96 298.99
80 835.55
98 104.21
47 479.13
99 405.95
20 524.31
93 826.79
3 710.53
15 309.62
27 828.38
47 705.00
3 855.42
43 533.87
84 581.52
35 381.46
86 812.93
25 301.91
86 536.41
19 903.29
94 191.79
74 116.58
87 444.42
58 237.18
18 909.16
85 487.01
13 269.61
70 910.92
40 999.04
71 830.21
69 509.20
38 528.79
30 110.62
41 766.33
37 688.20
47 506.09
100 316.10
28 231.54
62 620.35
51 334.51
54 247.73
68 631.05
91 224.14
76 469.01
51 204.74
78 488.66
42 772.75
44 680.20
48 683.14
91 579.94
6 460.31
35 143.26
21 127.21
80 242.55
37 181.38
91 470.96
51 641.72
35 849.87
31 699.84
89 350.61
20 394.99
15 667.45
39 493.97
10 526.01
9 514.52
37 158.46
10 959.35
2 674.14
94 165.83
74 179.22
51 160.73
95 314.39
26 868.89
28 542.28
33 184.07
96 336.42
66 959.46
25 512.20
20 573.26
98 945.01
83 683.71
13 369.37
32 909.54
86 505.61
22 168.49
98 252.33
89 448.61
54 583.15
10 148.37
24 352.72
68 233.06
58 686.69
13 657.70
89 984.90
6 524.96
57 433.32
2 100.71
31 146.63
58 628.42
67 682.34
45 380.99
67 450.30
76 931.17
17 745.70
12 577.10
67 299.21
83 273.86
84 662.82
24 130.07
85 458.48
50 767.69
89 972.76
89 365.89
54 274.97
5 540.57
53 862.72
7 626.58
83 834.17
19 940.57
81 840.45
46 210.26
39 628.10
73 518.94
69 839.97
44 445.15
68 580.67
60 454.68
49 389.54
11 408.53
3 215.82
15 740.24
21 776.81
86 693.30
46 534.73
42 334.62
21 387.91
80 415.49
18 235.34
5 468.95
52 907.53
79 989.17
4 908.99
56 448.63
52 601.44
80 893.75
26 132.53
98 412.34
73 582.22
74 480.50
97 197.88
4 528.62
33 179.70
50 567.56
73 598.58
75 384.56
57 783.56
62 659.57
91 956.73
95 742.81
12 491.69
10 815.86
67 778.33
2 418.03
48 254.14
21 450.85
93 949.81
91 842.05
84 610.95
12 261.18
11 817.84
23 749.09
58 452.05
73 415.49
58 142.72
70 103.32
25 538.43
54 227.92
94 372.44
63 666.87
18 653.86
91 270.97
96 826.01
53 311.46
74 805.17
75 951.52
83 840.64
11 422.40
17 484.42
33 703.38
68 502.39
84 698.71
27 464.39
95 156.25
25 169.67
84 906.33
50 330.67
80 674.44
70 194.18
37 791.34
100 182.98
89 388.80
62 294.84
47 980.59
85 603.17
84 542.88
96 384.86
15 582.69
48 380.90
93 320.99
58 746.42
61 270.88
35 254.94
95 399.89
2 806.29
10 996.93
47 596.66
54 637.96
83 575.44
6 944.03
56 295.80
5 644.25
11 932.59
58 683.55
42 405.50
40 905.03
25 338.21
97 811.16
71 703.83
84 711.16
31 430.69
71 210.06
57 925.62
15 943.87
85 633.07
1 723.59
69 767.42
6 136.59
59 399.78
2 733.33
18 491.88
63 575.48
1 563.14
34 290.73
3 313.37
23 204.85
17 703.30
87 830.07
4 373.41
23 751.79
60 694.23
53 432.44
43 963.02
29 665.53
62 686.60
69 457.22
75 294.77
79 534.80
95 613.00
45 740.93
23 339.68
93 357.76
87 759.42
22 726.73
21 376.89
93 184.95
6 981.26
45 217.30
84 419.80
70 246.66
47 734.75
47 352.20
98 283.52
49 500.14
52 536.34
24 811.17
27 143.26
3 916.41
33 270.28
45 833.03
36 227.65
56 987.78
67 483.20
9 466.05
94 522.80
17 482.04
47 393.97
59 171.50
63 796.83
28 844.29
14 180.26
38 964.92
39 107.11
41 608.72
88 407.63
28 663.82
9 421.05
45 171.38
7 191.56
61 521.55
21 813.63
28 783.43
66 578.59
3 750.88
48 393.17
10 115.81
53 930.91
49 142.34
78 289.13
50 159.07
27 606.66
38 962.60
15 205.98
65 527.62
84 295.82
18 586.04
67 167.53
87 253.75
43 495.60
51 580.34
53 280.93
40 760.11
23 403.63
39 820.95
40 266.08
99 880.54
66 284.39
16 774.48
30 215.94
90 829.57
60 223.00
26 841.44
63 848.77
60 774.77
26 164.11
1 601.39
89 531.06
36 799.76
52 421.20
43 603.50
42 236.30
88 938.19
79 326.71
24 995.41
95 804.82
37 866.01
44 563.32
54 207.79
66 865.69
72 982.46
19 942.42
99 264.47
14 150.60
53 653.39
26 417.89
6 925.65
81 741.87
84 449.59
62 763.90
44 268.92
67 977.90
67 352.50
64 126.58
81 413.25
60 727.23
44 524.33
8 805.01
38 177.48
4 115.89
33 248.01
59 257.37
49 608.90
65 725.51
66 732.40
97 891.96
15 365.60
40 243.36
10 889.12
10 135.44
89 840.83
65 161.25
4 346.62
18 222.77
19 313.68
76 226.05
46 364.84
36 551.44
14 320.61
31 775.48
48 313.85
50 445.74
59 788.22
37 133.88
97 648.76
63 905.27
80 933.48
62 752.42
98 522.05
73 131.00
22 442.24
61 170.01
17 429.97
69 793.46
33 994.17
66 636.95
44 693.75
22 924.64
68 283.67
54 237.03
73 651.18
80 566.04
9 752.30
41 255.17
99 279.83
33 890.23
2 793.39
30 212.94
48 867.55
2 890.40
73 548.70
49 142.84
72 200.86
50 921.70
53 194.17
40 161.18
68 993.07
96 438.78
59 569.52
84 734.66
69 897.50
90 973.62
10 708.92
54 503.09
60 563.90
36 599.60
83 509.01
63 333.84
54 130.65
95 835.04
72 113.08
58 456.69
76 546.64
2 201.62
8 715.59
43 978.35
72 585.56
31 531.15
62 853.99
24 129.06
9 786.41
12 849.06
84 943.56
51 143.43
72 141.23
96 152.69
99 658.33
45 510.49
13 322.47
11 651.93
53 229.88
15 977.41
60 794.17
58 583.77
59 300.94
65 513.67
46 137.80
74 180.67
22 856.09
41 545.12
29 882.50
43 439.01
14 555.52
88 539.28
33 567.47
78 412.59
25 579.25
57 126.43
6 606.99
5 654.77
16 938.31
6 772.47
46 582.61
33 325.29
27 753.37
94 500.18
44 595.32
100 754.57
94 718.60
79 833.83
69 679.42
26 987.48
8 210.37
36 499.47
14 584.53
26 548.10
53 150.67
100 155.00
5 374.92
57 613.66
8 630.13
62 572.47
15 767.76
75 666.16
74 955.00
68 550.81
32 138.00
65 492.10
9 669.49
30 845.33
31 562.16
72 788.83
98 993.93
38 108.32
20 738.40
90 114.51
24 693.44
59 118.89
42 110.05
83 366.86
52 450.27
4 447.69
92 863.39
28 493.64
48 724.12
13 166.90
11 213.40
94 745.35
39 758.03
60 245.50
75 865.47
48 652.84
22 932.46
92 559.35
90 212.59
71 187.73
2 710.17
98 479.90
66 698.39
19 686.97
51 717.50
71 716.33
19 581.69
2 919.87
67 703.25
78 228.16
86 725.90
59 794.54
53 758.48
71 369.79
63 982.74
25 622.29
71 833.04
72 145.56
47 252.43
48 815.38
99 297.10
46 127.27
17 549.14
84 346.05
33 642.98
29 335.82
1 973.52
38 281.61
8 472.46
51 842.91
76 644.74
17 508.82
39 472.85
71 465.95
46 491.48
74 780.10
35 116.88
30 975.51
45 890.73
25 417.40
70 484.33
80 690.85
74 347.17
19 747.12
61 253.35
47 707.35
26 595.33
46 383.76
41 687.36
53 575.04
18 453.25
5 452.28
74 663.38
1 885.57
51 160.15
6 992.80
29 260.34
56 808.73
76 261.68
50 299.47
87 522.73
54 161.01
4 523.07
37 198.39
72 518.58
61 118.09
87 804.86
88 659.98
72 334.58
86 122.50
19 228.41
94 332.79
55 328.43
59 372.75
6 348.20
15 933.14
68 904.78
37 646.66
7 663.73
27 974.08
25 529.35
34 868.68
99 634.72
44 783.84
37 173.98
18 398.67
6 610.01
97 579.03
40 402.92
94 868.60
55 330.54
89 460.29
23 554.05
12 431.54
71 792.83
28 262.65
30 674.40
5 618.16
40 182.17
78 585.32
15 159.43
92 272.52
55 130.24
87 141.33
56 384.16
26 404.63
97 194.25
76 377.63
50 876.90
46 283.37
74 498.04
72 595.09
50 360.84
83 738.52
84 208.18
9 913.52
26 840.01
45 110.66
71 705.67
90 238.27
8 904.94
93 332.80
10 692.60
18 123.11
80 651.59
80 580.61
49 479.38
27 921.07
75 235.97
78 600.68
78 484.11
42 148.66
63 864.17
33 520.49
80 260.27
50 645.46
87 830.83
54 320.63
7 182.55
28 651.44
68 950.19
19 233.53
23 954.38
88 944.20
96 483.34
51 960.91
52 315.20
35 458.48
8 935.65
82 571.80
3 251.83
37 917.21
86 558.14
2 484.74
21 267.86
80 847.12
39 598.07
65 243.45
34 577.14
60 379.13
61 777.54
1 337.86
8 294.03
93 353.06
16 121.56
52 898.58
94 809.27
83 867.63
81 990.77
47 726.40
73 848.68
33 738.94
29 818.94
68 484.59
83 894.19
88 276.59
10 135.26
43 533.80
70 354.43
29 498.05
69 802.70
14 887.76
65 132.16
9 122.00
11 470.32
11 167.87
81 862.83
17 174.68
82 519.68
86 241.05
39 375.90
22 135.20
5 563.95
83 786.09
89 526.43
18 136.44
90 322.66
63 610.08
33 465.25
59 665.60
66 256.14
17 511.28
90 256.65
22 653.63
44 990.80
55 623.69
48 198.38
72 132.00
12 924.98
8 205.59
65 390.90
62 171.07
35 233.20
6 899.07
30 699.27
39 179.08
38 937.97
89 368.00
100 704.24
98 963.57
98 486.46
34 188.07
84 493.68
61 954.65
84 919.98
62 385.41
73 106.38
94 509.20
1 300.81
83 863.93
51 740.94
42 728.60
55 461.47
28 611.72
71 738.69
23 531.53
46 694.67
21 663.65
74 407.20
25 729.95
91 302.56
72 135.07
13 110.01
55 528.43
23 264.68
84 886.49
54 577.68
84 420.12
52 297.43
19 409.95
76 955.15
94 678.91
31 686.82
10 734.55
72 173.21
61 510.94
80 860.43
11 575.36
52 128.95
5 482.73
86 755.27
54 426.01
68 941.25
4 520.60
21 861.04
2 605.09
40 171.58
11 586.17
50 461.80
72 698.18
16 989.44
53 255.13
66 478.90
94 580.24
94 628.16
26 844.73
98 538.38
71 291.18
78 186.52
89 409.35
12 588.72
63 946.80
72 669.70
73 377.85
24 633.96
11 346.42
17 186.06
34 711.61
74 227.25
34 355.18
71 641.86
13 966.20
81 194.92
84 327.06
18 295.55
88 259.17
53 321.41
11 859.94
88 325.21
49 430.29
91 513.36
68 430.91
39 768.73
72 251.32
6 767.07
56 428.33
22 350.86
53 160.72
84 133.21
81 276.70
4 717.55
8 387.30
99 371.20
28 104.06
52 851.72
23 164.61
90 690.29
19 273.75
76 760.53
93 247.56
81 586.36
44 516.76
50 559.66
50 145.47
78 892.77
54 351.77
74 928.52
65 885.43
83 220.93
100 797.17
62 546.11
41 684.96
71 102.11
62 846.92
35 760.71
21 567.61
17 940.66
28 752.55
71 459.38
49 382.68
34 187.78
42 703.66
17 248.26
94 277.15
3 834.19
42 795.29
6 804.11
84 507.09
24 564.85
76 601.16
51 872.90
9 738.69
19 250.14
31 439.10
42 887.63
16 732.17
1 824.71
54 760.30
58 912.00
8 401.19
49 564.63
44 400.93
22 241.44
40 422.72
19 120.88
84 947.42
48 277.08
17 952.52
72 877.80
20 141.90
32 408.87
49 135.12
96 439.18
78 186.15
33 562.64
80 367.56
12 877.95
63 348.19
39 798.74
6 843.27
5 803.96
40 490.22
85 841.89
71 473.93
35 832.54
58 680.38
53 805.77
74 690.24
41 375.44
80 871.71
80 855.37
78 852.16
47 874.57
95 165.17
48 668.54
16 839.10
4 233.44
47 253.56
84 230.40
60 246.45
76 855.86
94 682.18
17 356.62
7 142.26
58 470.04
49 766.40
10 363.92
90 881.35
22 914.36
13 574.75
93 816.22
58 630.88
85 348.66
41 105.05
40 120.73
61 545.21
79 545.34
61 884.70
55 710.37
9 774.71
53 976.23
27 284.28
10 395.32
17 511.54
14 955.75
77 253.31
19 627.10
25 672.10
45 899.43
28 138.57
47 115.84
26 710.40
9 425.40
34 439.83
41 281.22
37 404.91
33 308.81
85 508.28
8 279.77
80 229.04
8 880.31
60 972.60
86 257.41
68 752.62
60 640.21
81 738.76
73 796.92
77 522.63
83 616.13
69 987.14
80 418.65
61 128.53
53 949.02
17 910.84
14 627.38
76 744.86
23 277.84
40 386.77
49 447.96
9 246.84
7 567.94
67 802.97
94 262.30
35 725.76
38 415.06
85 205.57
74 351.11
70 181.31
44 898.50
72 473.20
67 376.42
23 431.89
8 470.47
75 517.86
27 689.30
96 472.97
26 357.14
100 117.71
80 942.44
19 149.57
97 239.16
44 430.18
71 463.74
34 200.16
93 536.30
92 364.69
34 928.74
34 883.91
47 294.77
46 321.26
48 948.72
21 460.71
85 153.20
70 784.80
1 478.77
74 269.49
19 592.61
12 186.42
20 481.50
95 572.85
26 727.79
80 585.97
18 230.20
52 923.42
86 224.73
93 838.84
11 759.45
77 770.10
79 752.37
84 822.42
58 146.13
27 581.03
82 923.69
28 329.77
37 896.19
22 212.91
38 729.22
63 610.24
9 934.59
88 435.87
9 351.86
11 770.22
69 698.68
53 129.58
39 175.87
66 289.88
95 958.40
96 967.36
21 812.25
61 521.27
98 642.38
29 190.12
99 817.45
11 962.48
22 944.98
13 671.79
82 900.72
18 486.05
87 906.23
21 646.92
14 692.68
74 528.08
47 626.20
66 439.91
70 107.91
78 326.88
43 473.83
15 908.83
88 764.49
49 929.71
14 780.98
13 604.92
83 722.90
76 266.15
76 411.32
11 734.29
75 207.87
64 348.70
65 667.58
26 479.35
87 484.41
19 740.53
80 879.85
62 896.44
48 851.99
42 813.31
73 107.57
12 778.01
72 514.31
15 924.16
57 551.96
56 986.63
64 373.10
37 351.60
2 330.23
33 655.32
62 939.52
42 323.69
11 628.95
12 167.76
61 701.53
88 923.03
52 137.70
42 266.16
38 331.36
13 593.18
71 398.12
65 384.80
81 786.40
74 981.61
97 597.82
97 808.19
24 481.87
21 918.31
97 356.52
16 106.81
34 695.10
57 827.86
36 370.08
96 248.80
18 193.17
26 836.16
89 198.87
32 823.59
10 864.74
31 825.53
80 279.34
80 362.91
24 124.58
12 313.51
87 145.45
36 528.74
34 731.30
68 111.50
99 258.23
68 604.95
64 174.40
21 482.35
66 804.51
54 138.72
21 473.06
99 960.49
75 251.80
11 521.04
72 401.62
38 925.27
51 384.01
19 500.48
85 674.13
34 935.68
10 107.65
90 777.29
48 182.72
80 766.28
1 543.73
9 887.25
89 283.72
38 356.79
16 989.26
76 937.64
24 352.00
69 258.23
35 897.57
38 689.37
19 286.97
2 202.84
18 631.97
37 250.18
7 440.59
63 698.26
52 716.58
37 103.03
64 721.95
54 286.89
58 882.12
12 602.38
10 999.21
1 129.51
44 159.01
76 156.94
35 112.10
30 646.43
76 712.63
100 389.70
69 428.02
27 746.60
84 327.71
32 206.52
11 463.76
53 554.36
49 238.28
29 289.49
79 602.35
18 363.02
35 260.61
21 646.45
63 204.40
90 535.64
75 745.05
24 653.69
91 109.25
97 698.72
99 491.23
75 181.46
23 955.07
75 614.25
18 431.89
75 865.37
72 338.15
64 349.97
52 944.56
37 866.24
42 499.80
11 482.78
65 682.73
77 366.19
83 208.70
38 464.73
4 426.00
22 914.85
43 741.03
88 641.22
52 173.36
52 289.45
81 545.85
72 915.57
49 807.04
90 582.19
7 294.60
28 806.66
49 144.79
67 640.79
4 391.26
99 557.05
19 213.22
95 572.42
98 324.65
55 137.63
95 756.47
7 561.62
67 891.65
4 654.86
52 353.23
16 521.56
52 910.27
48 976.92
44 181.33
84 354.48
31 907.33
100 144.70
14 415.88
11 644.10
45 419.99
99 124.41
82 974.43
5 202.47
37 456.33
93 896.80
96 570.16
32 954.99
2 981.71
76 399.36
71 160.75
52 880.01
46 545.94
55 399.86
58 550.68
54 855.57
39 799.88
77 981.90
16 508.02
59 709.38
46 189.52
28 961.69
75 995.69
40 519.79
32 245.70
93 463.01
51 578.03
17 117.61
5 905.55
25 284.51
45 473.43
69 408.73
4 797.14
57 284.76
69 971.83
5 894.32
70 668.38
45 490.86
96 158.81
1 510.53
29 784.85
66 633.73
32 445.17
90 345.09
29 129.26
52 812.73
51 550.46
64 788.84
91 536.25
45 677.40
55 393.20
35 603.65
100 222.05
61 552.21
83 507.80
84 648.76
98 590.43
72 126.99
6 549.79
11 453.64
100 535.39
79 271.10
38 252.80
2 990.86
55 220.01
77 171.44
26 536.95
15 895.65
15 963.56
12 415.71
26 876.08
88 609.76
72 699.84
59 838.21
17 716.44
73 462.93
94 683.32
28 894.29
36 673.01
84 590.19
36 746.02
86 392.81
44 756.54
70 601.54
48 604.59
59 439.54
38 493.93
1 792.05
93 253.05
81 787.29
36 507.14
79 831.31
85 546.31
64 699.94
41 646.07
83 623.94
39 526.27
88 956.94
52 755.13
52 412.37
77 537.68
25 262.47
20 258.75
67 796.25
61 966.89
85 248.34
29 373.27
90 203.53
69 727.64
57 234.11
86 566.72
86 966.59
95 656.82
72 845.51
12 734.19
98 304.93
82 485.30
64 549.74
76 798.10
45 220.73
22 545.93
86 178.62
62 808.92
20 427.87
60 542.77
10 109.89
94 938.50
9 178.20
6 611.10
91 288.63
34 839.35
25 991.35
8 927.19
98 919.10
6 273.35
29 125.36
22 508.67
11 452.33
61 208.53
45 941.14
15 478.08
8 230.23
27 952.46
30 627.59
65 848.40
72 954.73
83 774.48
6 515.43
47 446.05
11 550.89
38 135.50
21 129.77
93 107.90
42 785.02
60 519.42
69 810.27
86 847.41
99 826.17
82 495.14
54 552.77
44 881.86
84 294.58
86 103.66
27 105.36
44 249.88
96 691.70
86 245.28
9 706.84
55 125.75
57 908.99
36 515.14
65 219.65
68 432.05
62 198.84
88 781.22
16 955.63
66 304.48
88 981.25
99 563.13
79 457.89
25 131.58
96 829.63
67 664.99
63 355.06
3 683.49
91 474.33
65 771.13
88 392.71
26 935.87
48 626.94
59 360.85
62 257.57
65 355.92
35 123.59
20 785.95
30 231.53
72 639.61
46 593.68
98 775.93
58 894.65
18 979.62
95 796.08
13 421.31
77 430.97
63 397.35
10 721.85
21 945.67
44 332.06
90 731.72
99 586.81
77 839.95
68 347.79
92 234.31
65 612.03
26 313.06
54 286.19
2 600.47
95 142.49
79 674.49
26 399.92
63 182.85
81 653.85
48 328.55
43 774.86
31 636.41
81 696.95
98 717.08
86 167.80
98 677.12
90 947.13
59 614.97
36 982.91
1 588.25
62 783.44
88 321.38
15 398.35
4 561.43
19 823.33
63 467.55
37 107.65
64 953.55
90 454.58
81 683.94
78 882.09
80 559.19
92 495.86
54 704.42
77 478.29
49 718.26
65 126.47
41 312.16
26 402.00
90 207.20
3 262.58
9 830.72
42 567.32
62 628.88
51 244.24
72 665.14
5 468.93
17 322.34
69 930.33
37 642.03
93 564.49
81 869.17
35 579.54
88 852.01
9 893.70
94 157.85
80 342.60
32 581.27
87 302.07
7 494.58
52 406.77
62 774.15
27 913.18
37 984.55
95 418.39
71 325.20
16 944.02
76 338.38
23 684.29
96 766.55
48 544.61
22 490.46
82 636.67
66 785.43
61 270.39
24 216.75
92 675.18
15 496.54
37 808.69
59 881.66
29 825.73
18 163.66
65 717.02
66 671.03
49 933.69
59 440.93
65 478.00
19 931.02
40 999.49
99 948.44
54 134.70
27 651.78
94 158.88
13 227.13
65 420.94
70 740.74
85 274.82
90 539.35
79 353.81
66 487.39
52 295.76
38 492.27
35 243.62
23 576.85
69 983.64
84 894.44
27 674.32
91 944.15
60 281.25
14 942.12
82 410.65
27 775.88
51 196.85
36 444.68
19 882.27
23 297.87
57 406.33
37 695.06
25 771.07
7 474.18
91 798.26
27 668.44
86 955.73
92 697.79
24 316.07
76 115.96
79 614.16
85 590.64
41 653.10
69 849.09
41 802.53
17 711.61
86 159.69
36 904.22
49 179.94
14 699.16
51 924.81
16 274.08
95 856.86
17 218.98
92 502.64
58 697.10
62 710.25
39 844.94
65 704.53
96 207.79
55 271.52
11 321.26
50 894.99
69 450.66
13 341.29
95 185.48
84 643.25
53 613.82
72 858.90
54 218.29
24 416.33
51 982.54
54 451.03
37 997.54
45 887.17
5 142.51
7 700.40
45 325.09
85 497.68
70 487.43
74 541.56
84 139.46
30 928.00
47 395.49
25 351.79
97 696.48
57 827.46
44 616.67
9 214.65
100 686.09
3 103.76
5 698.05
89 772.28
90 393.43
71 241.12
36 572.21
14 133.19
51 628.21
63 266.89
28 332.73
81 451.45
31 456.93
76 331.29
41 602.69
36 738.97
47 985.16
54 646.10
40 379.59
62 835.55
7 637.07
49 277.30
71 334.55
4 628.90
39 938.96
25 902.10
92 205.74
82 787.59
61 356.33
50 837.27
65 269.14
44 467.41
79 836.97
13 656.80
97 289.00
56 370.57
100 827.67
56 883.62
55 315.55
49 728.25
7 497.75
83 846.80
56 989.13
66 402.49
52 827.87
99 268.63
86 379.09
87 552.89
44 432.56
35 743.94
42 847.51
74 297.25
72 947.54
50 214.01
73 359.35
75 367.63
28 913.76
94 686.29
55 917.51
22 907.54
78 307.51
40 685.22
61 268.49
51 643.21
38 264.29
97 873.62
21 336.35
44 773.97
32 406.12
18 398.17
26 729.52
92 686.70
41 662.93
26 615.55
41 575.50
78 688.16
96 339.96
34 865.16
44 631.44
8 658.67
83 880.76
6 379.94
7 304.27
57 431.32
11 536.73
7 768.13
26 323.79
71 118.02
91 747.61
85 909.69
34 356.54
4 102.29
17 677.39
38 458.34
4 853.40
85 979.46
65 551.90
40 564.51
53 620.95
83 419.65
66 606.51
23 952.80
44 300.78
56 821.79
18 485.01
40 119.01
90 948.72
47 165.04
39 783.43
93 697.18
46 512.86
23 969.63
59 569.56
39 919.80
30 273.51
85 826.16
14 757.40
81 645.89
31 806.81
85 849.44
56 752.05
100 691.81
47 624.78
13 619.35
2 265.06
28 940.95
29 400.72
25 545.64
57 110.58
81 486.17
69 755.38
3 580.97
4 142.48
84 281.81
38 633.78
76 779.46
54 833.09
78 793.17
16 236.08
100 303.46
77 416.26
27 332.17
42 202.85
73 899.44
34 636.95
35 520.35
42 902.50
1 451.51
98 167.53
92 113.37
59 966.91
45 177.59
32 502.50
65 722.65
66 262.48
79 204.78
55 278.73
45 351.68
100 356.36
95 789.71
59 929.65
23 171.92
20 770.40
34 472.40
3 769.77
87 870.45
71 512.03
82 361.24
40 151.55
46 911.93
34 367.28
53 431.28
54 418.20
57 127.72
6 274.69
43 527.33
98 536.19
56 634.42
49 820.00
18 999.72
44 752.17
46 406.33
36 163.16
68 809.18
65 528.84
87 414.77
79 382.89
39 912.14
27 549.34
12 901.33
45 156.06
43 610.44
92 147.77
76 578.29
62 466.00
42 384.56
50 677.84
4 365.28
87 694.46
50 222.60
97 213.64
76 745.91
55 794.72
49 559.64
72 372.22
84 228.03
8 740.45
37 911.04
87 115.28
18 271.80
78 494.05
78 402.81
10 645.80
74 525.37
32 109.02
61 275.10
19 819.10
85 229.62
20 122.16
94 736.20
27 743.59
80 600.69
84 546.24
33 187.31
18 564.49
46 796.87
11 869.79
45 901.59
61 737.65
72 255.93
36 630.42
37 217.90
63 988.18
29 400.08
23 248.80
43 987.36
16 493.63
24 600.93
65 528.47
47 313.62
8 549.71
50 923.95
69 111.42
47 723.75
49 781.65
76 838.25
59 650.36
62 323.22
24 530.15
16 518.58
73 976.46
20 418.19
78 302.75
78 755.38
50 777.79
39 450.24
67 126.44
56 458.60
41 834.46
12 669.83
45 810.05
47 671.40
34 350.23
77 764.18
22 686.44
54 787.51
100 194.98
82 724.67
75 849.07
35 217.00
19 271.24
65 170.44
51 745.87
91 762.82
38 657.18
86 400.29
59 115.86
77 105.50
27 893.38
80 841.18
39 324.55
95 212.27
82 564.94
44 154.92
81 121.94
5 571.89
64 321.48
71 200.99
69 847.04
82 537.11
57 501.13
15 772.59
14 443.15
47 221.30
29 617.94
62 642.09
8 254.64
25 743.09
21 374.82
58 493.65
12 953.09
14 596.66
100 523.28
26 919.75
11 884.62
39 501.40
84 219.75
43 187.60
26 610.60
73 209.06
50 347.78
39 643.78
98 188.21
6 809.07
67 414.19
6 796.09
7 955.22
59 560.35
65 590.78
48 885.35
39 669.02
69 342.92
15 563.18
48 691.25
65 756.35
30 990.01
87 583.89
8 882.06
20 831.42
41 816.10
45 900.52
15 673.52
98 602.77
51 934.73
82 477.08
11 443.90
38 632.57
70 473.74
50 190.71
79 828.89
25 787.93
37 570.63
41 283.63
1 460.23
76 273.69
42 911.10
49 830.58
82 998.17
29 992.47
50 584.44
75 506.63
19 526.38
39 300.60
8 113.78
34 154.29
65 132.25
19 430.30
86 289.34
9 399.64
44 892.63
90 804.04
85 300.82
30 394.00
79 209.23
64 939.56
49 579.11
50 159.27
75 319.39
14 692.87
88 972.25
86 960.52
24 822.97
6 394.09
85 913.55
42 245.36
78 232.40
70 819.92
32 760.79
54 276.17
91 604.53
41 964.12
93 213.25
68 171.26
90 280.82
64 582.64
68 547.14
33 714.14
71 826.64
49 419.16
50 965.61
45 574.47
85 805.08
20 652.10
83 422.34
42 661.31
9 699.59
7 785.19
30 586.08
26 121.70
65 318.32
24 505.14
16 446.41
76 713.35
19 247.95
97 963.55
30 501.29
7 587.29
92 834.22
39 310.05
15 352.08
91 985.62
44 432.44
79 927.85
44 887.77
21 678.74
78 772.59
43 489.79
97 940.28
74 473.29
52 766.41
6 890.16
19 935.54
88 912.53
35 682.38
100 329.61
58 241.80
73 984.56
7 384.65
17 185.47
79 160.45
29 393.56
65 218.65
38 875.05
13 625.62
96 424.21
34 124.71
73 562.54
20 217.33
94 824.44
75 254.89
22 464.62
37 659.30
92 673.97
100 511.83
24 742.88
99 161.73
8 706.66
72 647.44
65 939.46
93 974.03
29 731.31
53 421.85
98 118.76
15 470.98
22 278.42
58 535.82
7 985.42
19 970.31
13 910.77
98 153.20
6 178.43
38 510.75
31 231.68
27 994.41
28 172.93
78 323.88
53 809.22
100 240.50
44 249.69
31 385.25
6 166.48
42 881.32
72 148.84
57 771.88
100 580.58
81 280.48
98 572.17
35 602.08
27 563.97
76 917.05
24 924.31
72 806.26
39 839.37
73 766.71
79 488.28
44 579.11
44 690.82
88 321.84
11 493.33
17 205.45
35 915.07
34 461.79
75 264.55
71 234.08
14 532.10
84 735.53
92 957.36
31 446.27
16 868.48
24 264.46
93 499.32
99 249.68
87 509.99
29 904.22
3 495.02
24 668.28
48 796.26
29 427.04
65 858.86
28 301.21
87 865.72
54 307.65
1 146.21
11 523.40
11 580.43
3 429.31
64 624.11
88 139.04
6 429.74
96 562.02
54 708.54
66 628.98
66 820.78
16 201.24
42 547.90
84 805.62
4 862.84
22 851.51
5 513.40
23 146.33
69 162.52
66 790.45
67 869.19
59 150.97
35 518.47
26 521.07
65 639.93
7 576.93
40 560.86
60 651.81
40 538.91
94 578.23
4 348.65
91 925.80
31 606.20
78 594.90
26 722.49
31 404.74
45 521.61
23 122.59
16 205.28
42 189.49
22 539.35
41 425.94
27 140.90
52 410.85
31 364.57
62 852.00
64 848.60
95 409.40
89 186.27
43 982.77
53 769.42
93 117.28
84 717.97
55 464.33
41 153.24
75 838.18
60 799.97
80 437.44
59 972.56
31 839.57
57 783.12
57 343.41
52 846.63
67 260.32
39 255.60
2 636.99
42 863.39
82 555.88
32 219.55
3 360.21
14 574.93
75 777.17
88 393.63
61 261.15
85 998.87
12 668.24
60 693.33
3 216.82
89 340.24
14 816.48
12 990.68
17 705.18
65 333.56
98 551.83
40 422.63
80 879.15
7 810.25
6 873.82
60 686.39
11 576.06
96 358.66
29 571.66
83 335.28
37 783.85
34 925.18
79 158.80
24 800.40
34 179.19
65 614.06
52 990.82
52 226.70
25 746.91
76 134.38
50 761.38
56 805.29
3 734.82
74 740.24
30 681.13
68 159.02
93 955.57
31 800.94
23 613.53
8 556.03
9 889.69
36 187.21
90 966.58
29 592.39
18 480.39
53 778.24
54 324.48
25 226.86
52 151.77
34 782.06
36 204.29
27 215.39
89 592.35
48 506.07
66 877.15
64 552.42
93 930.21
66 589.97
30 952.66
33 566.43
32 304.96
46 367.20
62 225.68
56 381.34
82 101.13
71 117.64
92 420.35
82 140.87
100 265.40
44 143.07
10 319.93
81 726.60
93 180.85
92 295.53
96 786.18
35 789.97
5 577.52
32 510.24
43 255.03
72 282.77
56 513.90
12 616.74
69 981.21
24 814.31
80 426.50
15 222.19
6 312.91
46 527.22
69 105.59
87 876.65
16 406.81
36 674.70
76 373.56
35 738.90
55 801.84
77 105.91
63 304.96
100 536.08
11 720.02
58 792.86
58 185.08
26 281.42
53 982.87
17 876.21
13 711.93
80 936.96
31 732.33
74 854.43
61 269.43
39 262.44
11 145.44
72 738.62
87 423.35
76 888.32
85 733.63
67 233.26
71 875.98
12 775.79
14 645.22
9 423.70
75 381.29
1 637.08
13 523.36
53 950.95
86 687.37
68 542.19
68 535.22
75 304.66
24 671.67
29 453.06
20 517.51
67 110.96
69 686.57
57 471.09
13 843.99
29 731.66
50 147.60
77 154.46
57 666.81
78 122.92
97 255.27
73 934.61
28 334.44
19 518.01
69 306.01
93 106.35
68 710.44
76 578.07
56 965.28
19 119.97
92 692.10
7 669.08
14 593.34
45 949.58
9 277.22
48 815.04
36 962.90
19 974.59
39 844.62
87 637.95
12 133.48
44 697.15
54 298.39
38 941.90
43 232.57
89 172.62
64 444.38
96 731.40
48 262.21
98 712.01
72 716.75
3 996.03
37 351.08
60 661.42
68 951.10
41 406.76
12 927.65
64 560.44
72 447.74
34 555.78
85 196.68
47 806.66
77 903.97
27 793.13
4 501.40
30 788.35
28 934.38
40 444.85
73 917.64
7 732.48
26 260.46
16 707.84
63 116.54
75 194.41
98 309.82
32 309.15
28 277.49
85 504.25
80 150.91
78 954.39
52 805.76
93 258.96
35 467.18
83 327.36
82 367.09
4 167.29
70 147.57
4 590.00
94 557.42
58 901.94
16 966.16
46 694.89
4 693.38
63 762.68
55 445.81
81 741.08
79 356.11
56 239.99
92 915.95
30 411.89
7 147.48
29 683.23
7 727.07
90 359.37
95 170.24
89 958.33
39 519.47
92 326.69
87 805.89
71 268.70
26 507.33
47 587.84
83 392.25
13 341.98
84 627.69
23 588.26
7 257.06
85 696.85
20 609.83
33 536.75
14 312.37
18 419.47
80 902.49
8 265.88
44 572.66
72 734.81
9 861.83
45 205.92
92 978.54
83 349.88
41 649.00
50 571.88
41 823.97
90 484.95
56 360.90
45 961.79
72 412.19
24 417.13
95 606.95
39 643.34
76 733.33
98 688.01
9 353.43
52 856.58
44 948.19
67 491.42
80 870.63
75 488.45
65 947.53
64 367.05
72 915.23
38 106.60
56 102.91
16 510.86
2 518.42
73 549.40
28 593.59
54 556.75
13 284.61
13 964.95
83 301.97
28 421.21
89 546.97
91 881.92
87 844.09
70 895.67
1 831.92
96 902.02
5 510.60
90 199.06
44 721.78
20 305.62
49 137.35
78 325.67
65 367.00
35 573.00
22 974.07
42 118.55
3 390.36
60 645.19
34 282.69
3 786.42
30 624.57
63 373.46
97 103.94
52 694.74
60 604.56
14 172.68
10 292.66
99 808.03
95 388.30
62 683.50
88 160.67
71 572.32
18 875.20
14 561.35
96 495.25
32 512.31
65 395.04
9 821.32
91 269.92
73 430.87
22 950.54
48 534.74
60 817.12
2 547.91
19 106.83
16 725.77
77 701.49
53 777.21
73 796.21
42 295.75
76 286.42
89 640.10
69 344.07
67 372.43
82 516.75
25 953.63
97 259.55
90 890.18
28 939.24
15 973.46
41 655.40
54 932.89
56 806.95
63 791.34
91 950.89
43 789.15
31 866.11
6 681.21
36 893.68
72 568.74
54 338.93
89 827.95
2 992.16
7 998.30
14 595.26
37 760.04
60 822.80
98 793.79
47 495.04
70 702.83
1 657.00
68 165.21
87 230.58
81 853.10
85 698.41
42 290.61
47 616.12
69 641.47
7 372.36
21 640.57
62 428.33
4 119.81
96 180.28
7 522.23
69 947.04
81 375.61
78 941.70
87 717.68
2 306.62
12 737.12
37 584.58
39 651.48
43 944.15
30 558.16
24 473.47
45 229.02
15 129.95
47 491.95
39 923.20
72 567.51
4 959.59
52 796.94
3 691.67
66 696.24
84 914.35
77 360.91
77 765.32
88 224.70
4 290.89
70 975.85
3 597.96
90 583.03
38 964.80
63 683.96
11 125.44
76 880.83
39 651.07
56 519.76
76 674.99
80 948.48
7 728.86
90 875.40
21 798.67
52 308.51
50 737.17
51 253.53
22 442.94
47 689.79
45 525.66
1 286.86
38 107.49
80 968.40
43 219.97
47 663.56
7 477.34
36 234.48
95 520.18
33 475.19
12 602.58
86 144.65
34 227.10
99 376.37
28 873.50
81 455.82
75 697.26
84 999.97
7 420.10
81 765.20
41 187.10
60 241.37
10 459.18
43 748.38
78 443.88
16 989.83
99 471.90
83 127.68
70 277.34
24 244.63
74 830.72
95 382.18
22 499.39
45 894.63
4 460.56
55 364.47
62 421.32
69 853.38
27 311.21
22 464.21
29 413.31
65 801.85
69 583.05
79 300.21
53 654.47
66 907.75
45 458.76
100 543.57
78 621.28
2 524.73
5 220.23
91 642.94
41 696.83
100 855.93
91 538.21
24 224.92
98 777.90
60 978.77
18 156.15
52 797.81
54 789.05
13 375.70
92 302.64
60 678.29
65 149.68
37 606.50
16 634.75
61 691.17
13 763.24
59 230.99
55 478.45
73 671.68
83 144.16
76 445.30
84 570.21
5 317.46
12 644.51
4 384.89
50 406.48
47 456.04
61 347.62
15 906.20
54 864.90
75 199.69
100 651.92
47 929.70
12 908.96
8 381.76
34 403.30
77 733.15
23 985.98
14 701.20
8 220.69
96 629.63
47 398.83
88 450.43
75 303.60
36 826.74
26 297.94
82 932.24
60 747.02
76 761.95
88 882.80
21 470.43
21 959.98
87 256.31
70 431.49
18 739.30
40 414.97
41 848.90
94 173.85
82 720.55
9 675.35
63 786.93
12 329.75
57 481.47
32 779.69
98 124.50
66 553.56
21 688.78
4 292.99
85 226.67
41 285.50
86 360.27
9 956.08
95 262.57
95 420.37
35 787.93
46 193.42
79 151.88
12 617.15
98 727.35
69 799.40
29 323.81
67 485.07
15 721.54
37 456.88
85 361.33
33 165.76
51 482.23
55 726.58
46 341.00
1 974.22
48 327.39
69 739.88
60 160.51
39 512.50
61 760.84
80 664.44
99 514.98
50 817.79
12 262.89
83 849.22
11 287.17
21 841.54
82 750.53
71 932.46
65 506.96
75 992.97
17 322.39
95 188.81
33 889.44
70 912.03
65 643.45
98 419.66
92 627.40
89 472.57
66 129.91
94 230.25
16 735.35
27 209.99
55 857.27
79 780.96
48 534.03
69 981.27
62 846.37
6 630.71
2 125.94
65 350.32
12 743.85
66 385.11
29 665.46
13 646.82
99 956.84
50 594.44
45 366.38
34 775.00
76 450.54
72 382.63
88 626.62
85 996.46
4 508.07
5 339.75
54 559.99
60 668.72
64 794.29
14 525.70
6 265.84
96 787.81
17 811.82
24 192.47
60 512.63
14 449.58
52 195.37
68 666.84
49 325.31
37 124.23
56 743.18
30 226.00
98 971.40
29 609.83
25 723.21
21 755.00
51 796.41
64 876.41
95 366.73
29 489.69
35 390.11
38 701.45
42 894.48
2 271.62
17 159.23
80 421.01
55 310.64
57 536.63
27 208.08
45 524.87
67 652.74
32 679.39
91 495.93
18 205.67
62 149.81
85 878.59
29 229.92
6 193.57
80 670.21
96 510.36
84 621.90
7 916.82
33 316.21
86 653.08
24 646.31
33 680.81
52 967.63
13 874.74
57 738.64
12 256.78
32 173.94
57 905.55
9 667.76
73 155.73
50 267.44
6 403.86
52 819.59
44 504.83
1 473.57
37 317.80
81 237.67
72 708.50
91 830.19
81 679.74
46 252.24
65 485.37
48 346.12
6 620.51
83 407.00
32 291.08
66 368.49
5 441.12
7 982.17
44 198.32
37 401.76
80 490.60
93 819.51
30 113.73
70 441.09
60 752.98
12 375.59
96 762.91
57 208.75
41 250.37
61 759.44
52 674.34
14 576.14
59 790.38
6 808.08
87 479.73
90 680.04
25 832.61
96 788.28
54 694.42
16 269.11
17 211.36
21 163.44
45 971.52
19 153.71
100 288.79
89 289.35
100 989.63
54 540.28
97 736.91
14 566.88
93 173.12
100 978.24
54 591.03
32 865.62
3 318.65
82 402.68
77 129.87
39 177.23
90 626.16
98 402.21
24 608.06
46 509.86
78 360.27
18 944.83
22 234.67
76 185.56
74 324.50
1 936.86
14 343.58
1 149.56
31 307.73
100 681.37
78 568.96
89 204.01
23 764.93
20 688.58
98 841.12
84 483.93
86 420.01
64 161.70
22 752.17
45 824.48
16 821.33
47 208.65
14 208.22
43 901.71
72 756.56
53 549.82
87 817.86
67 384.90
47 862.17
61 998.56
75 775.21
62 722.91
76 178.30
5 496.33
15 145.17
10 281.89
22 631.67
41 428.82
23 600.78
73 796.19
43 188.81
3 509.24
49 109.00
93 262.42
60 698.14
21 223.22
43 749.78
16 602.78
79 778.11
61 696.73
100 576.80
52 617.84
68 859.59
78 861.40
58 137.60
55 449.42
83 896.20
75 139.76
9 453.53
33 343.05
67 954.18
22 425.87
20 305.96
2 544.52
68 882.03
45 549.05
98 907.09
66 899.63
35 372.92
17 195.91
16 309.85
42 164.88
49 370.85
35 133.34
30 120.72
93 463.46
98 551.74
9 813.22
25 164.00
91 569.59
74 292.24
35 425.42
42 840.84
18 801.86
79 642.47
78 739.85
86 310.67
18 302.23
25 253.54
17 850.04
4 697.39
48 905.56
45 889.88
86 587.06
65 645.46
46 852.20
50 528.49
47 192.40
38 837.94
96 358.95
21 975.79
67 820.46
80 274.45
67 732.30
42 857.37
34 556.45
5 177.56
68 813.33
6 330.07
54 881.34
22 463.57
38 785.96
4 283.82
33 337.54
1 402.35
27 916.56
18 251.71
26 321.67
69 674.48
19 671.11
9 956.89
74 210.40
67 925.79
43 543.77
81 598.61
93 558.51
76 468.22
15 992.05
91 718.06
13 383.40
92 928.60
82 564.05
68 536.72
6 295.79
14 978.46
93 469.15
16 550.81
64 925.86
80 581.92
45 161.65
66 665.58
18 718.70
23 434.30
54 701.72
76 147.45
10 617.81
44 228.61
58 395.06
11 896.23
8 154.46
46 417.63
97 922.02
34 784.89
42 916.97
41 497.33
16 153.70
48 911.94
70 384.30
71 239.86
65 367.69
74 381.38
37 412.70
24 608.20
91 964.70
50 823.27
47 265.09
8 153.32
99 154.62
35 457.37
22 741.16
70 326.80
93 951.94
62 743.97
8 190.80
20 903.43
45 747.64
91 262.24
99 918.38
75 186.69
63 373.57
20 647.28
34 656.74
7 561.40
57 519.89
23 164.44
98 293.60
79 899.17
49 548.94
53 465.96
80 732.67
51 440.81
29 117.82
45 407.98
23 656.80
91 169.74
24 786.72
95 849.80
37 103.75
94 730.86
91 377.85
40 112.37
53 114.62
74 829.40
61 534.06
96 323.85
45 339.07
63 673.73
93 656.75
27 261.79
86 309.46
34 673.86
51 642.60
53 969.91
89 891.51
49 638.48
26 809.14
14 499.98
4 419.74
72 757.91
18 821.99
31 302.52
7 667.17
25 552.47
62 818.88
84 967.31
25 684.76
51 370.23
12 271.60
46 481.53
14 922.27
95 890.88
2 102.39
52 562.32
79 457.41
97 771.75
15 742.89
34 304.48
81 771.34
4 815.17
52 137.22
27 131.45
18 474.27
62 475.95
61 471.31
29 969.47
22 642.29
36 776.60
62 447.12
90 415.58
16 916.00
72 556.54
92 811.96
6 342.62
62 149.70
23 631.50
50 675.01
29 839.99
53 688.07
28 599.61
27 540.56
40 115.35
5 720.14
55 167.94
85 930.76
59 716.47
31 213.64
69 371.13
56 872.39
97 616.76
13 604.57
84 272.23
41 379.59
5 945.15
58 650.24
65 802.05
32 854.90
54 986.96
56 473.27
50 741.06
82 538.53
25 190.77
46 658.72
45 597.84
88 366.60
44 138.04
6 921.85
89 368.80
33 840.61
10 329.63
20 696.56
45 542.60
90 533.65
4 878.07
50 446.00
67 151.33
44 695.60
30 389.84
35 566.26
31 983.69
79 361.80
12 825.68
37 333.68
56 597.74
41 883.70
98 600.19
92 337.36
13 315.64
43 551.57
13 924.89
24 691.37
92 948.06
48 920.06
26 109.98
81 616.45
19 512.74
49 569.96
41 310.45
63 751.57
75 296.70
97 554.47
94 184.51
84 729.85
40 816.53
4 136.24
24 501.84
23 540.44
98 578.88
88 818.37
51 676.72
77 116.48
97 397.98
52 605.49
73 579.29
67 389.49
80 385.37
81 716.10
10 555.86
83 800.33
29 707.73
63 191.64
7 800.84
17 420.98
5 561.11
60 923.09
73 503.29
13 193.51
25 639.33
91 967.21
87 905.28
49 193.75
93 183.08
59 198.32
18 494.19
60 609.45
57 123.60
75 376.82
42 926.15
16 452.98
48 746.52
6 542.60
98 304.99
62 742.27
95 746.69
26 251.14
62 650.02
48 757.67
55 968.70
91 390.26
18 922.61
31 708.59
61 793.83
60 394.33
53 529.04
47 516.86
40 865.91
45 183.41
54 259.63
61 337.59
21 225.02
43 255.42
34 901.67
28 907.40
39 351.11
52 625.86
71 859.09
25 722.86
15 157.48
57 507.10
9 617.03
42 100.49
71 421.99
21 838.05
64 642.58
16 971.23
86 215.17
95 196.85
12 557.42
61 681.40
81 674.44
48 276.05
31 519.18
36 905.33
31 473.86
41 414.23
39 566.43
94 982.40
76 256.30
43 952.21
51 980.34
31 180.62
1 204.27
44 380.95
45 556.70
53 602.59
69 362.90
22 522.11
9 815.38
2 800.74
44 650.80
19 279.16
4 704.95
32 809.53
96 969.15
42 625.26
30 108.50
12 619.73
24 223.78
25 345.70
5 921.50
54 560.52
37 987.78
20 828.42
1 805.72
10 246.13
15 650.71
19 582.12
20 380.34
31 873.61
46 720.15
23 600.75
30 303.10
89 183.29
42 345.18
89 601.54
8 601.03
1 692.68
23 418.52
32 201.33
66 359.50
83 841.56
14 537.99
70 298.17
32 127.10
36 769.45
72 380.70
8 224.48
65 898.56
85 295.33
35 543.60
90 218.68
69 593.26
22 993.74
5 549.51
92 648.14
15 938.96
61 321.44
32 467.54
19 303.97
74 330.98
52 127.81
16 553.04
27 579.23
30 251.73
31 418.23
47 411.64
55 190.88
21 324.96
2 115.39
62 729.49
34 657.19
57 115.61
75 763.13
83 933.41
78 863.23
51 181.52
4 205.46
47 866.70
30 395.19
47 804.61
29 545.17
26 698.47
34 233.65
94 667.09
19 433.96
49 872.98
5 898.65
72 530.12
32 196.35
16 333.24
4 197.20
80 243.52
31 591.78
73 269.06
84 350.09
22 943.47
3 401.57
52 399.08
69 847.14
36 872.68
4 716.40
40 258.34
98 856.53
74 515.19
91 728.82
81 819.36
8 968.76
51 276.87
67 284.59
45 892.59
20 807.34
16 112.30
57 355.95
25 179.77
36 863.41
63 897.28
74 571.93
2 990.67
54 154.42
89 600.47
56 652.09
45 784.96
71 549.26
82 193.65
96 498.08
75 552.43
60 691.32
8 979.22
25 891.16
97 831.33
78 161.93
39 841.07
20 493.71
31 505.15
80 835.79
22 807.16
2 972.98
18 151.24
86 131.48
63 876.13
90 736.20
14 730.40
73 915.69
23 574.64
91 361.82
57 833.39
3 471.90
50 858.78
70 612.77
26 302.38
23 194.28
98 356.92
67 403.70
23 933.06
3 579.55
71 843.77
77 102.03
32 661.81
48 967.58
14 164.84
94 259.56
80 950.26
57 459.20
22 969.80
33 394.82
86 105.92
60 475.78
65 815.44
18 473.15
5 591.02
27 413.51
60 348.30
50 752.06
59 392.77
44 747.10
28 111.77
43 150.59
4 615.47
21 662.28
38 624.99
10 255.80
60 656.12
12 427.40
68 883.78
25 554.82
59 507.53
82 435.84
32 936.84
14 357.58
50 299.63
82 128.42
3 676.25
73 790.44
7 308.74
78 162.48
68 185.37
28 244.84
83 776.59
100 806.32
11 918.73
19 578.23
50 666.77
96 198.32
95 355.40
54 781.03
38 486.98
45 935.32
30 332.65
48 538.37
50 661.53
33 938.44
87 335.85
93 139.40
68 675.89
47 563.03
38 660.42
6 929.87
22 223.36
16 705.38
33 225.43
11 332.13
19 326.55
91 258.68
70 672.44
50 612.85
13 311.62
64 995.58
81 935.00
94 610.94
10 829.73
89 755.03
50 549.11
33 718.22
10 892.04
34 650.56
10 233.48
61 113.88
82 457.72
29 737.49
68 867.92
40 932.09
34 620.04
16 270.53
88 459.58
86 102.17
70 883.32
84 275.73
37 909.52
76 929.28
87 995.65
19 925.62
37 623.84
54 634.37
84 745.94
57 129.30
59 926.02
75 261.10
91 490.14
74 775.54
11 745.75
16 401.48
37 149.34
47 522.53
46 230.81
74 838.48
9 853.87
42 183.64
59 523.03
91 798.89
20 756.27
14 251.48
81 260.88
34 176.39
27 694.92
57 585.79
76 831.80
62 182.33
30 971.78
36 955.86
49 576.31
99 840.01
44 527.58
43 980.31
31 624.73
74 906.49
13 962.06
42 857.44
97 568.49
68 955.53
51 350.46
5 156.54
82 792.97
16 686.67
57 534.12
8 703.52
89 427.64
73 350.71
20 214.43
28 467.93
83 111.76
51 719.74
26 777.11
45 255.31
90 367.17
98 273.07
27 631.90
78 445.58
20 268.02
27 630.64
76 135.09
36 215.40
20 887.98
67 754.25
46 403.86
8 506.43
77 372.47
51 895.92
17 958.86
76 481.40
84 962.13
24 522.47
24 655.46
58 202.16
26 361.32
78 890.72
36 227.22
49 798.32
70 128.39
67 343.89
19 763.06
66 775.21
17 736.52
18 206.89
44 141.71
54 877.92
3 100.94
43 660.54
68 405.33
51 489.99
9 354.52
71 387.16
18 183.64
84 944.48
92 220.77
74 143.18
46 304.78
10 704.28
21 392.86
81 743.02
45 749.89
1 410.87
30 666.54
91 984.84
13 850.32
92 152.50
33 528.56
32 945.66
8 631.44
88 414.00
94 163.32
68 556.27
10 923.86
92 109.87
35 439.81
16 344.04
73 244.64
9 168.08
31 192.09
68 130.25
4 321.18
36 422.32
36 162.44
51 663.91
82 898.87
71 380.43
24 914.70
15 189.91
16 147.06
62 221.02
17 335.46
15 852.92
6 309.29
97 267.03
30 321.81
65 522.89
17 924.87
12 510.95
40 625.56
32 207.96
22 427.58
62 389.53
66 788.26
98 923.49
36 431.95
92 895.32
90 121.97
16 324.28
27 296.02
48 855.04
66 971.77
41 406.30
37 584.42
54 337.96
26 107.47
96 804.23
96 789.96
35 354.19
89 410.64
63 834.56
74 864.74
76 261.20
39 747.90
98 659.46
13 495.94
28 933.37
21 215.04
6 673.42
89 333.71
13 655.63
8 834.98
70 361.80
53 193.09
64 927.72
6 703.98
24 307.72
84 983.07
48 797.47
44 143.87
36 500.29
36 821.90
41 939.78
86 161.83
45 215.46
65 835.84
83 375.72
9 243.77
62 952.63
98 700.16
79 256.39
58 917.98
48 164.74
82 765.25
89 107.93
92 936.66
1 497.78
4 908.32
57 834.44
97 932.00
67 306.90
61 795.38
3 485.79
69 716.12
77 537.92
39 842.41
57 695.99
4 966.70
42 896.11
28 769.06
83 613.50
62 988.47
65 948.29
30 847.01
39 377.88
9 766.16
26 390.55
39 682.60
45 673.27
79 517.91
88 163.81
41 615.72
87 368.45
18 516.71
26 858.30
9 960.62
82 957.58
5 926.88
71 772.01
86 310.10
53 991.27
11 272.36
17 299.61
40 718.71
24 390.94
30 919.10
81 767.69
67 919.84
29 483.30
61 613.75
37 422.31
25 608.77
86 529.26
83 392.14
88 327.98
87 986.84
91 954.90
37 993.72
33 368.25
95 652.67
14 737.12
15 905.57
58 960.17
32 667.16
79 585.42
6 929.40
13 892.46
57 624.27
60 167.95
83 700.69
5 885.67
25 614.18
27 850.28
64 713.03
85 424.62
46 933.32
54 936.19
83 188.96
17 893.56
93 577.92
85 876.22
27 913.80
14 247.27
86 236.19
39 286.71
47 502.89
99 438.66
73 982.39
51 583.10
49 425.05
35 139.49
39 541.25
25 511.59
34 659.39
4 892.63
68 935.71
100 580.96
20 931.53
90 147.75
44 869.95
22 723.88
97 723.53
75 889.74
54 242.57
22 735.51
95 746.58
8 824.19
89 116.46
14 521.36
13 305.35
84 858.61
5 166.49
77 873.32
20 629.70
25 870.84
47 339.99
17 856.86
17 909.75
4 545.06
24 121.47
53 505.11
30 189.37
40 204.44
20 630.15
55 429.63
15 324.79
18 544.83
53 195.07
61 261.07
55 686.80
31 840.98
17 155.11
66 789.27
75 612.01
87 206.39
40 707.58
80 365.99
53 675.14
67 150.71
30 712.82
10 172.23
55 205.83
93 883.20
69 398.73
34 466.03
8 344.56
61 451.69
19 205.28
2 230.06
69 624.69
23 243.65
58 396.28
88 866.62
15 491.81
19 524.03
75 236.70
5 154.25
64 116.67
57 767.58
97 306.74
40 895.47
3 994.94
4 842.52
61 972.65
87 910.79
28 867.54
92 886.26
86 630.18
96 367.82
46 803.61
80 842.44
99 744.63
95 581.16
60 460.97
58 914.41
40 134.05
15 992.51
31 651.60
66 298.18
20 405.24
83 645.76
98 830.49
17 825.83
8 324.42
100 515.93
10 203.79
79 172.73
40 732.46
89 382.04
88 950.58
14 663.62
4 598.43
20 609.44
72 106.80
40 602.54
90 293.45
98 764.07
74 460.18
47 101.49
92 512.69
71 151.47
77 710.07
26 725.82
74 140.00
17 496.43
75 923.67
100 159.37
12 657.87
96 783.99
12 195.03
10 708.07
91 443.40
48 936.47
63 217.78
76 993.67
49 708.63
11 886.29
26 408.32
46 575.13
91 499.19
68 471.90
7 741.66
73 935.22
53 137.90
40 565.33
16 495.20
45 893.01
68 505.54
37 558.24
16 648.57
24 248.50
66 689.66
46 264.98
56 820.90
6 830.81
45 141.83
7 195.44
100 111.66
55 657.80
23 357.34
27 246.17
68 498.87
23 137.47
95 973.10
88 278.58
7 436.39
65 520.40
15 507.25
37 854.96
4 516.31
82 584.75
36 275.34
48 948.37
75 922.63
92 543.78
86 714.81
86 209.59
24 501.19
51 522.18
96 939.69
93 747.16
75 932.37
92 706.85
2 819.19
29 412.25
3 661.96
31 476.98
33 927.73
49 942.97
84 706.47
34 531.33
82 304.99
76 241.26
34 205.09
8 882.93
9 765.54
33 701.69
42 443.57
23 702.84
78 814.78
60 737.37
49 557.02
46 332.30
75 429.97
9 684.94
62 196.46
61 634.85
26 784.06
58 356.21
48 809.88
55 279.58
61 608.41
73 548.91
16 753.07
59 878.47
36 280.12
93 568.08
19 542.48
26 499.21
66 851.94
9 968.76
23 959.13
3 707.27
60 177.43
16 340.22
36 797.81
48 269.13
88 424.13
23 905.43
40 219.70
85 446.19
8 863.24
58 923.78
18 227.96
39 874.21
92 792.96
88 854.18
10 415.23
86 182.77
34 638.88
36 870.32
27 201.43
99 322.74
23 985.08
73 927.97
8 488.23
77 421.16
97 587.35
9 492.64
76 552.22
10 759.75
9 151.02
73 446.90
19 354.84
54 880.92
70 633.76
97 873.11
53 796.31
61 955.02
61 394.96
35 149.97
3 364.69
55 481.23
3 826.98
30 152.79
96 416.46
90 210.56
4 787.01
20 968.45
2 926.40
23 375.35
52 826.66
30 101.02
56 563.68
44 490.82
59 489.21
50 969.45
37 202.57
75 820.41
39 184.43
39 619.94
83 167.20
37 339.96
15 505.46
13 325.79
96 712.47
32 197.52
43 311.70
42 962.36
61 330.25
40 109.23
36 726.70
59 825.92
68 171.75
22 769.88
67 330.12
38 282.58
96 531.49
41 601.48
68 516.10
62 659.36
60 349.60
89 424.60
31 796.89
71 355.62
61 206.46
31 929.62
59 130.31
14 160.19
29 444.03
97 605.83
90 927.93
66 807.07
36 564.97
22 995.06
56 527.88
56 136.60
64 227.94
18 548.92
76 679.24
19 623.06
37 337.18
61 401.60
53 310.09
43 532.79
64 917.75
98 712.71
41 806.67
64 286.97
31 466.85
27 194.67
18 595.84
49 831.18
16 512.80
98 282.15
76 275.95
55 371.11
83 912.64
26 998.53
66 204.12
66 401.88
73 998.10
60 506.05
72 140.69
67 862.64
1 978.51
38 359.22
12 196.91
69 225.79
49 424.31
56 310.24
61 135.68
23 978.74
9 284.08
5 266.88
70 144.08
35 802.15
55 878.10
50 682.65
40 155.99
3 738.89
76 842.58
66 156.55
52 447.84
75 263.89
3 239.42
75 360.59
1 352.73
57 522.02
72 728.08
91 111.30
99 504.70
97 342.87
68 562.23
76 954.76
22 486.12
67 258.08
13 810.13
27 186.88
63 412.62
60 494.04
17 955.90
73 495.99
80 812.62
16 712.81
10 121.05
89 669.49
28 191.62
90 574.83
4 518.11
55 286.99
56 326.95
94 861.30
98 132.31
27 867.43
34 467.60
49 509.78
32 513.69
27 557.14
41 191.72
100 893.81
67 131.13
95 136.01
99 904.31
36 562.21
79 711.37
38 752.01
42 809.28
55 203.74
97 509.40
33 603.89
75 621.05
15 982.63
93 709.89
92 282.51
48 848.40
56 368.91
42 405.40
84 829.56
72 642.70
49 354.64
54 462.88
46 600.82
6 224.44
74 710.39
29 680.91
91 543.35
78 515.32
87 428.90
77 575.15
94 648.00
65 831.03
45 814.97
88 116.15
26 234.52
60 782.71
30 378.49
43 247.68
6 385.14
97 889.91
88 710.57
94 676.95
73 970.93
37 988.68
75 269.36
19 371.48
40 431.63
14 201.32
34 719.86
67 110.72
66 253.07
87 329.59
