20000 100000
60 463.29
93 204.77
3 660.25
86 757.86
37 147.60
83 939.75
56 374.59
72 224.25
95 637.70
82 392.09
8 678.58
37 854.67
73 823.74
9 753.17
45 205.53
70 369.00
14 640.07
45 830.03
80 979.46
47 184.82
24 756.28
73 422.32
82 954.42
18 714.04
56 384.57
53 374.21
96 784.41
13 634.05
74 151.86
85 463.67
49 821.46
59 547.60
1 221.06
16 884.98
63 376.93
44 344.11
96 967.43
69 227.51
82 643.88
76 196.20
90 233.60
33 321.36
64 434.64
32 447.72
37 668.26
20 999.09
17 567.26
47 456.56
18 510.64
45 164.74
96 992.21
46 521.48
91 467.23
60 195.65
77 265.10
93 597.63
71 748.24
1 178.55
75 937.91
86 404.75
97 247.00
53 690.31
52 152.81
90 546.25
52 328.75
30 678.15
53 892.07
72 789.93
58 906.94
20 599.04
58 781.94
100 343.57
89 237.24
47 275.74
65 382.50
72 887.96
76 457.61
64 111.20
88 847.23
72 825.88
39 790.80
2 363.03
44 380.75
38 150.73
78 963.57
42 696.01
93 865.40
64 539.35
50 556.79
44 507.05
89 830.59
29 655.34
93 472.92
29 725.73
68 981.44
64 409.27
93 235.88
85 105.18
6 842.79
82 239.59
45 979.82
51 763.29
27 339.02
38 788.83
53 718.79
26 598.21
53 623.67
28 330.99
95 675.41
68 121.37
54 911.06
54 918.18
82 157.40
50 972.85
39 535.67
100 298.98
97 599.02
49 130.94
7 772.56
38 263.52
37 832.66
15 310.83
50 665.82
11 937.13
9 135.33
82 718.21
73 686.21
58 688.31
60 201.04
48 828.04
9 210.26
10 415.33
91 736.53
50 335.28
6 860.19
84 199.00
35 802.12
79 435.27
34 195.98
54 461.96
12 159.13
61 981.19
17 442.64
51 458.54
75 967.14
63 483.81
67 591.11
54 105.20
33 702.86
68 869.91
48 803.67
40 348.25
89 101.50
44 468.35
9 594.04
43 826.40
35 103.93
53 767.08
1 912.44
11 520.19
50 193.56
21 152.17
34 589.38
5 787.73
83 479.71
8 474.35
8 656.09
43 279.20
72 933.00
19 657.56
40 132.87
84 964.98
46 615.31
85 356.40
25 316.63
99 263.51
75 341.28
90 164.73
86 376.43
12 219.31
88 205.13
76 509.71
11 768.95
18 830.23
23 274.35
79 247.72
82 808.28
20 933.39
38 318.39
45 669.90
34 166.30
74 747.47
34 842.55
31 423.06
60 643.87
65 257.96
2 490.42
6 997.37
22 796.83
14 687.69
89 839.22
30 813.12
55 872.06
11 131.10
39 853.63
76 743.84
52 787.01
50 536.32
54 526.03
58 485.74
69 243.01
51 170.69
51 761.70
69 914.58
22 529.20
95 239.83
65 421.89
11 256.70
86 678.68
50 106.56
6 783.54
73 844.06
59 195.54
88 804.12
44 864.10
46 424.94
83 298.66
71 614.08
20 396.33
88 679.88
30 528.70
4 706.42
52 148.88
56 552.36
76 355.79
21 429.00
27 706.40
81 913.46
34 742.37
81 966.13
47 873.00
20 161.74
39 104.49
84 680.53
58 269.87
43 759.12
62 798.63
86 757.17
16 499.81
20 156.11
89 814.43
51 960.07
63 488.65
27 954.37
72 432.33
13 143.09
36 431.73
24 401.37
85 611.47
27 450.15
94 636.08
79 457.86
84 122.90
12 746.49
61 341.27
5 256.11
58 179.71
92 101.92
25 802.95
23 877.71
84 958.09
65 247.04
30 829.81
68 905.54
12 839.68
77 289.27
58 787.47
90 979.74
76 953.32
59 622.79
87 416.14
70 145.01
47 912.79
43 863.54
16 149.98
77 280.99
17 230.19
66 877.38
38 333.27
6 562.44
41 502.85
17 539.27
61 846.59
33 345.23
35 461.13
2 841.37
43 621.79
35 306.60
78 264.96
81 124.35
66 368.04
88 642.62
73 135.64
77 537.43
17 553.31
33 567.28
94 193.65
5 514.81
59 724.29
92 418.27
16 709.61
7 650.70
79 552.45
72 113.45
53 584.52
22 627.09
89 114.51
5 175.26
60 457.76
69 171.64
30 341.85
8 363.78
51 361.31
56 976.77
60 767.36
100 893.94
11 567.12
2 633.11
69 834.78
64 984.83
63 491.58
87 617.58
97 130.01
56 516.36
81 439.72
75 634.45
97 507.41
80 627.48
1 817.15
31 927.27
13 947.85
17 782.83
27 348.20
55 434.54
60 773.71
45 377.97
59 758.55
27 751.54
25 990.37
26 901.15
94 722.73
81 413.01
2 582.09
8 172.96
10 469.79
79 438.16
41 614.16
82 269.27
14 393.33
44 661.43
27 795.71
87 212.52
12 530.89
6 191.06
55 795.33
98 860.42
68 721.93
94 287.99
56 936.24
85 664.71
6 422.06
88 973.90
34 166.54
31 499.53
89 270.37
62 567.70
37 543.20
12 558.25
23 892.90
68 352.37
62 371.96
2 952.57
3 130.02
81 161.23
5 234.49
54 791.02
56 551.72
79 745.58
36 820.13
17 783.36
1 129.52
41 434.95
37 112.75
10 486.70
49 774.74
85 649.13
8 631.77
18 639.99
8 883.46
89 943.23
50 827.63
13 798.63
62 203.84
2 567.21
27 198.08
9 905.15
35 291.09
8 233.24
46 184.58
96 529.51
47 634.56
51 583.64
65 557.31
100 226.84
77 557.74
40 641.98
29 826.69
14 586.50
11 207.73
41 727.93
76 295.89
99 224.72
90 938.14
83 460.77
30 432.11
32 933.77
88 217.78
60 473.00
6 126.12
37 346.11
25 526.12
57 390.46
91 491.24
73 131.53
30 865.46
13 759.11
60 546.16
59 871.02
5 230.59
15 346.91
85 452.10
12 731.69
60 341.47
6 241.10
4 255.71
53 117.24
50 811.50
14 182.05
59 562.86
31 693.17
46 882.22
48 396.28
16 684.48
43 859.50
40 466.20
1 697.57
20 975.38
32 698.20
97 443.26
4 222.98
61 560.81
66 776.65
32 794.50
50 386.84
61 635.75
22 992.04
27 326.51
19 961.70
92 600.94
26 756.54
71 579.49
45 400.31
83 953.76
78 298.03
25 786.05
54 453.36
54 682.42
87 106.22
68 902.94
20 335.75
49 153.25
46 526.11
52 333.96
29 581.51
9 678.79
90 345.04
14 913.27
79 380.99
20 262.76
66 542.06
35 459.84
31 613.86
31 851.01
55 582.56
3 620.70
30 936.98
69 976.86
39 391.45
83 203.54
36 670.27
96 547.20
53 292.68
28 446.20
97 765.10
7 153.94
60 641.16
71 194.03
66 630.05
10 138.71
72 694.87
14 987.24
4 847.74
31 637.57
64 512.91
38 336.23
25 500.95
90 272.39
2 977.57
79 588.36
32 557.48
59 299.10
32 857.71
10 914.45
55 208.82
54 753.58
32 228.77
77 800.48
86 686.48
18 211.20
4 962.90
70 247.71
54 745.55
8 933.49
17 398.33
95 640.36
34 900.99
92 793.06
11 542.59
38 974.89
77 745.16
61 525.46
24 952.54
84 362.82
2 890.09
50 772.18
90 994.22
82 410.98
65 816.62
72 923.72
34 431.22
72 325.02
24 968.78
76 667.72
93 868.07
73 461.19
29 693.23
17 339.75
37 402.02
43 885.45
5 890.90
65 837.70
50 937.04
74 667.92
69 927.51
48 710.01
99 142.27
30 276.61
48 894.82
29 896.43
79 446.88
39 994.56
88 502.09
93 446.99
55 705.18
50 457.13
9 779.56
9 751.17
57 979.05
88 157.79
99 593.18
67 373.99
25 760.58
99 315.58
3 885.09
29 576.64
61 673.09
33 601.55
43 894.83
26 948.01
9 812.44
15 368.45
60 972.11
13 745.53
84 902.26
11 531.39
53 234.75
41 415.92
75 934.94
49 975.07
2 600.31
61 906.33
36 428.19
63 504.34
2 362.22
59 485.68
45 237.85
83 278.00
67 186.74
99 129.63
66 197.62
56 682.90
66 745.00
74 804.25
25 571.84
10 105.49
33 516.60
95 293.22
25 415.60
82 950.74
65 468.36
40 207.04
13 990.68
22 105.17
94 795.11
38 808.40
13 178.37
71 881.07
65 796.56
28 861.38
49 660.79
60 802.55
65 824.79
48 603.47
12 446.84
3 336.98
11 483.86
33 101.36
80 697.36
96 776.79
16 154.16
94 492.62
1 306.95
97 642.76
3 423.65
62 250.95
96 822.33
74 461.38
27 259.67
95 977.25
49 379.21
3 400.12
56 857.32
75 425.09
3 166.94
66 575.42
10 617.99
31 984.88
43 888.87
47 529.49
87 755.54
50 869.11
9 192.62
39 192.54
86 963.64
5 266.52
93 173.03
25 993.67
1 824.42
79 372.67
90 177.88
15 369.76
93 548.96
36 372.88
40 349.24
27 263.36
88 880.14
41 177.89
51 227.76
33 737.36
98 575.01
16 202.15
27 550.55
24 372.78
33 918.30
82 832.33
99 597.31
47 617.83
19 324.68
37 271.43
84 996.64
21 905.35
44 502.31
94 960.98
32 922.46
5 771.94
45 148.92
79 252.18
63 733.48
93 524.25
79 352.00
88 533.58
23 441.91
19 918.58
58 955.27
93 241.06
23 322.24
75 930.38
7 221.07
91 201.11
49 383.50
98 957.81
19 577.70
79 343.49
38 915.08
56 207.79
16 414.62
14 455.02
72 210.98
21 142.56
84 883.37
32 329.72
86 907.26
4 321.17
15 444.59
95 177.19
67 978.26
40 387.75
50 929.37
67 738.74
70 854.83
8 730.13
93 110.40
23 226.91
46 963.93
71 519.54
98 606.57
68 160.90
75 354.54
43 589.91
11 896.99
65 243.03
29 216.46
38 540.41
5 672.20
8 380.99
100 279.30
92 243.80
88 381.97
17 255.30
76 140.53
3 608.26
7 654.30
48 100.21
38 182.99
12 896.22
65 889.38
60 634.35
57 502.83
85 926.23
47 309.95
71 816.43
62 962.26
1 701.17
59 712.88
25 718.63
40 312.03
53 904.97
5 329.42
58 190.79
37 698.75
81 496.24
16 228.72
18 598.57
34 223.21
24 878.50
31 202.53
65 676.93
91 746.01
94 734.39
38 263.65
68 567.13
59 670.52
28 835.88
50 694.35
51 398.59
2 919.30
64 776.63
38 420.27
90 672.03
49 942.36
34 295.64
52 637.25
89 212.07
99 995.34
7 706.41
23 142.94
56 159.39
79 261.03
33 163.83
94 402.29
4 555.67
49 415.17
37 544.30
25 868.13
77 213.85
47 866.72
39 756.27
100 599.98
62 251.85
55 309.17
79 148.10
59 808.35
17 594.02
71 489.05
71 882.45
40 813.68
22 756.17
58 195.32
83 666.88
65 234.53
41 698.88
7 932.32
54 210.59
69 304.21
18 729.30
97 304.46
5 689.62
80 663.24
50 692.58
32 135.54
37 861.25
35 983.51
3 726.81
13 296.36
60 744.99
97 426.91
60 666.13
32 519.67
78 142.53
58 924.36
43 403.67
58 497.14
57 966.85
29 496.82
20 488.94
60 266.57
44 964.36
18 193.83
78 654.86
49 197.93
71 470.09
55 375.01
14 816.07
44 499.08
36 992.71
16 441.62
10 332.71
61 547.48
25 772.83
87 792.92
93 722.17
38 931.07
21 660.21
30 590.85
1 414.40
67 387.46
34 877.31
46 985.41
16 847.32
54 345.98
75 753.45
51 858.06
65 990.31
48 113.68
6 522.62
53 644.72
5 143.81
55 290.24
4 300.79
39 344.82
75 450.72
63 892.28
47 522.21
24 940.09
20 180.39
7 338.15
48 687.97
35 744.52
85 946.82
24 536.23
24 840.11
81 271.54
18 925.97
63 792.89
5 779.43
69 791.09
86 948.53
14 185.20
91 403.11
16 623.48
36 160.46
48 127.52
50 852.78
91 863.22
10 295.95
44 370.45
52 295.35
18 659.91
57 787.70
7 549.70
19 526.43
52 381.18
80 160.23
2 198.47
67 465.36
3 572.42
62 540.44
30 174.72
21 758.69
73 634.09
15 512.08
13 953.14
58 193.26
65 528.93
68 983.45
18 787.20
66 181.15
45 951.71
77 540.72
79 725.94
53 204.76
85 976.44
57 836.68
86 391.25
14 419.72
31 797.67
55 546.31
36 321.96
71 428.57
54 800.21
98 972.46
85 334.35
45 742.54
31 463.28
54 838.05
43 588.12
32 987.29
96 245.33
70 297.54
28 371.67
26 779.94
52 921.10
53 588.72
65 697.99
43 509.88
21 194.30
25 986.17
20 794.85
73 792.49
27 463.52
27 519.63
92 290.52
69 938.41
55 509.62
32 547.02
74 900.32
50 269.14
41 841.85
18 636.53
28 900.42
44 625.96
15 262.59
87 694.28
75 138.18
84 526.46
96 214.24
15 429.21
5 289.86
39 845.09
91 277.24
66 297.75
44 413.01
37 360.43
40 163.50
5 969.45
11 300.63
73 134.22
39 150.25
69 388.05
78 181.99
93 551.10
71 297.51
45 165.09
56 891.31
6 938.93
15 498.60
92 779.58
90 114.71
53 328.36
8 590.51
60 577.85
94 736.66
86 453.11
76 601.89
69 220.71
34 256.96
77 380.02
11 325.17
46 647.00
44 581.71
30 312.48
59 645.60
1 367.69
11 197.28
42 569.46
36 903.22
20 528.65
35 318.13
55 828.04
12 863.34
78 176.33
40 346.64
77 752.80
30 206.33
26 415.28
93 586.41
45 132.68
99 499.86
44 868.83
20 133.71
30 830.52
56 931.86
97 949.38
83 526.89
21 664.01
58 855.53
84 261.83
11 684.84
66 360.58
18 676.10
98 926.36
25 501.32
28 872.85
25 835.40
5 625.95
27 238.54
35 289.26
79 953.63
23 237.40
74 272.68
57 117.92
62 354.82
9 708.23
69 893.81
56 928.58
55 230.69
22 728.98
1 383.37
86 717.80
76 222.97
35 289.22
69 689.83
98 904.85
7 616.59
4 500.85
43 922.00
62 243.86
27 540.03
16 790.74
95 750.84
43 403.13
28 129.20
79 562.75
43 958.14
15 846.80
74 936.88
95 220.49
7 782.04
18 869.06
44 959.70
26 851.89
39 293.40
32 921.47
85 446.60
4 931.58
69 653.34
57 737.00
20 977.30
18 421.93
11 987.07
45 328.39
55 515.07
24 189.31
99 381.37
58 904.69
62 925.09
2 447.78
47 120.39
70 357.61
41 232.54
58 754.19
9 603.31
86 902.07
94 249.23
12 144.27
18 311.80
86 569.83
53 125.78
41 826.99
74 954.59
16 925.72
21 110.17
18 203.54
54 966.81
34 209.99
23 176.78
69 355.61
11 572.56
68 626.31
62 390.03
10 236.17
13 423.34
58 661.03
4 903.39
47 447.89
50 863.74
86 357.20
35 898.85
36 925.34
16 377.06
75 171.82
41 928.95
53 213.46
17 591.72
22 425.81
82 188.50
34 259.02
41 451.97
99 793.75
27 552.18
11 624.40
97 712.60
76 640.48
48 835.74
46 724.03
25 267.46
77 442.93
83 114.16
67 436.83
52 489.49
83 612.92
33 587.99
66 142.53
37 562.91
32 884.19
8 349.14
26 922.14
98 854.87
38 351.02
93 310.37
8 517.48
39 510.33
57 878.07
9 790.78
57 925.61
51 427.20
97 507.64
40 723.75
32 947.21
33 649.63
60 600.56
87 334.06
57 263.33
67 681.74
71 727.04
90 931.96
17 601.43
98 221.18
60 981.49
75 520.00
95 394.04
66 948.44
88 368.17
9 272.83
49 259.16
48 946.13
6 857.15
5 159.06
99 441.40
87 462.39
76 308.83
45 849.45
10 120.96
71 561.20
25 700.86
19 479.76
13 959.52
65 847.52
91 989.44
84 957.83
23 171.04
19 308.87
17 379.64
44 960.41
30 422.70
16 399.11
37 536.32
99 587.66
39 126.40
53 135.99
65 553.97
94 623.63
84 899.51
62 460.56
72 844.51
56 570.52
29 683.37
6 647.82
47 309.97
15 629.25
42 799.75
80 566.34
12 547.33
57 326.73
54 877.83
80 163.75
40 381.53
15 682.67
7 642.55
2 297.25
39 460.35
70 789.40
95 656.36
97 545.52
98 580.05
72 214.81
54 759.83
84 428.57
77 690.08
74 741.37
74 636.16
28 166.17
9 228.84
82 423.59
81 840.63
86 857.77
58 676.01
48 692.84
59 539.84
46 311.55
42 299.81
16 919.78
14 340.60
79 140.08
64 360.65
86 614.65
70 727.82
56 666.32
7 104.64
81 152.51
97 958.73
50 555.73
95 978.45
16 790.83
17 552.74
15 385.85
92 716.61
90 255.48
34 765.15
47 416.11
25 255.58
43 476.95
12 647.78
89 574.11
75 912.13
71 177.72
14 451.93
75 790.61
62 392.36
95 620.37
15 236.91
42 122.96
43 761.95
84 174.86
87 300.12
42 220.18
82 181.40
14 486.11
53 991.07
95 156.55
19 624.61
50 854.55
14 706.25
33 724.88
71 370.50
93 538.34
11 600.21
17 526.55
63 546.65
16 797.14
38 659.64
93 714.09
36 956.45
68 208.08
100 365.77
68 184.83
64 519.23
66 700.42
27 103.67
94 323.79
35 290.36
60 973.06
58 270.13
24 398.01
78 917.38
100 495.06
16 381.03
2 941.11
25 715.32
67 918.05
98 994.06
76 958.22
71 922.06
59 493.98
94 812.89
41 331.69
67 425.42
52 850.88
20 960.92
55 660.89
57 596.32
97 407.74
26 205.37
51 526.39
92 895.83
86 375.54
61 924.69
30 872.90
36 974.07
65 629.83
78 794.90
65 107.72
69 677.71
66 600.90
95 955.15
92 401.18
35 302.87
28 307.19
98 583.01
34 209.30
98 735.86
49 405.07
97 849.02
7 731.07
28 345.08
41 797.55
29 288.68
19 374.23
41 419.13
80 579.29
54 920.43
25 181.60
78 158.64
72 294.59
72 214.78
49 940.22
76 464.84
52 819.77
10 482.46
90 491.21
62 156.03
33 721.75
55 148.88
84 965.41
19 428.95
43 657.40
26 208.56
95 130.84
89 998.07
47 696.62
54 725.15
67 295.16
45 672.62
46 197.42
52 828.94
20 474.44
71 810.16
94 272.15
30 763.92
72 571.48
57 424.79
5 997.18
24 163.65
27 128.53
77 348.65
87 549.69
93 869.26
41 573.73
25 372.52
66 965.19
73 752.50
60 441.54
5 711.62
16 440.04
87 141.26
61 333.46
100 414.61
100 281.52
25 841.11
19 871.71
52 290.06
81 247.51
78 338.13
99 750.69
58 514.50
61 354.20
43 433.52
15 943.84
4 383.52
53 538.35
80 832.83
65 675.67
47 172.05
69 766.84
72 431.18
6 603.73
66 276.69
28 515.50
29 691.61
20 915.91
60 626.79
83 984.88
67 477.80
99 947.74
90 207.92
33 695.84
53 104.26
17 775.95
20 433.16
94 930.59
33 188.57
76 330.15
41 670.99
78 222.42
9 652.90
26 455.98
41 359.78
73 275.30
26 922.31
90 492.02
71 145.55
78 165.35
83 299.81
68 195.89
36 916.39
26 712.66
43 402.34
74 705.46
21 412.17
47 973.62
89 832.50
86 169.77
9 338.05
17 494.05
24 314.18
88 433.46
21 646.25
89 587.79
53 215.14
91 866.93
84 477.07
61 706.44
79 171.37
60 821.89
36 455.30
35 826.40
67 587.35
27 861.71
4 476.90
74 358.73
87 572.51
1 386.98
99 614.18
81 943.59
51 898.53
26 791.94
50 815.17
76 171.66
37 726.28
100 915.38
94 317.30
1 431.18
8 946.44
10 116.48
34 321.42
62 388.54
52 226.02
3 466.06
59 846.20
47 344.42
59 803.46
39 883.20
65 583.87
64 279.36
69 179.69
49 296.37
89 331.53
79 146.27
81 642.24
49 832.73
99 189.32
62 487.49
78 277.96
25 383.03
39 483.76
8 990.48
36 758.83
86 510.42
20 834.07
95 123.61
27 227.31
3 825.48
31 880.20
44 627.76
92 520.62
12 696.34
28 210.64
94 952.51
19 604.13
20 119.90
31 355.24
71 862.42
2 110.22
84 331.71
93 610.17
46 232.46
31 334.05
56 747.83
17 864.16
27 213.29
78 775.52
84 358.00
73 900.91
20 474.29
99 304.79
8 413.78
88 825.28
2 462.16
12 124.87
28 398.97
63 898.94
82 664.74
87 400.41
29 491.43
9 663.07
90 440.33
86 634.30
73 648.45
7 417.52
83 533.85
34 566.37
78 898.03
72 260.15
23 134.45
9 418.98
80 471.81
75 771.81
7 790.41
61 306.15
34 397.09
28 617.17
77 747.59
25 721.55
91 829.02
77 467.38
59 401.83
27 100.35
30 962.83
37 845.40
98 308.84
66 412.84
77 633.83
3 570.56
15 963.83
81 588.09
62 767.47
24 667.59
63 174.50
79 675.80
74 371.32
9 493.44
81 624.31
59 958.19
44 326.82
80 355.93
55 378.93
85 581.25
20 368.56
7 632.83
29 472.67
57 951.16
43 112.34
93 480.91
12 175.21
49 457.13
73 820.61
43 234.11
92 558.39
37 600.10
39 856.87
57 307.82
56 533.99
94 448.30
85 972.94
94 791.82
32 172.10
67 316.19
57 388.30
86 231.83
7 597.65
11 774.42
27 246.53
20 129.61
54 808.54
26 824.49
88 717.70
41 568.87
26 155.48
48 857.06
53 824.21
53 469.28
2 709.34
3 336.51
44 450.52
98 251.09
48 581.58
32 852.76
12 193.09
31 887.79
27 560.19
40 419.58
51 303.28
71 987.36
49 875.09
74 810.44
67 889.12
87 530.32
41 143.58
72 182.04
87 755.82
65 272.76
48 838.93
91 455.96
19 165.68
44 237.38
78 129.32
34 855.33
59 659.39
67 761.38
77 983.47
84 925.41
89 214.43
33 142.22
28 221.42
68 619.79
31 341.64
51 114.35
46 892.34
31 934.01
30 934.70
30 973.44
68 903.01
56 726.20
43 126.20
83 482.92
69 382.18
64 192.63
5 958.68
33 616.12
23 783.75
33 246.46
24 900.18
67 642.58
42 784.43
35 382.06
9 496.45
73 507.41
50 794.08
72 579.36
61 574.78
20 879.05
17 287.59
21 327.06
33 674.22
16 156.37
82 302.48
70 811.77
34 482.02
79 230.46
20 127.24
35 362.15
42 618.91
83 270.87
67 628.67
53 375.81
46 818.69
69 491.23
90 945.81
22 664.02
94 772.50
11 586.23
92 548.06
43 488.47
95 283.51
98 184.89
57 758.62
52 788.30
96 459.17
97 187.02
82 433.61
28 211.59
91 234.04
66 871.02
52 871.03
10 263.79
78 872.57
98 260.96
7 272.04
90 380.77
56 254.30
9 771.43
70 271.85
17 194.46
89 276.77
77 787.62
84 395.02
32 808.87
68 207.87
65 500.89
35 536.38
36 725.97
6 561.76
97 499.27
26 832.23
9 260.07
24 810.40
43 973.57
9 536.28
41 793.94
11 206.44
2 706.25
25 130.83
53 870.56
50 450.85
66 817.57
70 775.59
52 615.69
29 765.77
73 618.21
46 546.11
76 363.74
49 760.24
59 627.11
67 482.39
62 767.48
36 747.98
59 505.61
76 434.47
8 396.80
92 759.06
45 417.18
82 278.71
45 600.96
39 652.05
64 913.47
14 399.11
48 294.26
43 264.75
62 271.93
33 340.56
93 887.99
99 380.61
29 472.73
91 824.20
91 261.26
44 199.18
69 641.03
11 855.81
93 594.12
53 307.23
10 192.54
100 112.20
14 987.87
5 531.51
78 469.83
17 155.29
27 776.64
57 919.87
53 769.39
10 460.05
36 155.84
51 408.85
97 333.06
80 357.09
25 127.13
20 866.71
61 647.09
11 273.04
56 336.64
77 427.93
95 583.05
25 743.16
35 698.56
59 707.12
72 656.08
44 329.10
49 436.25
41 611.30
75 975.15
71 427.37
61 405.90
20 648.71
74 669.85
91 458.93
32 328.26
15 199.19
71 207.66
100 290.13
16 993.38
14 177.65
84 258.87
74 365.93
52 882.98
49 949.02
93 837.16
26 637.37
2 224.18
59 477.28
96 274.95
18 595.67
83 256.18
40 981.62
30 742.59
73 574.62
100 901.59
30 371.57
92 441.31
28 422.99
1 720.06
1 641.00
81 136.40
81 462.61
32 259.10
69 408.07
23 990.55
26 907.25
14 369.55
16 760.72
53 905.89
52 206.07
73 279.63
57 510.27
57 193.64
44 374.76
94 332.52
93 880.30
45 621.28
64 120.60
69 507.57
52 913.54
94 352.24
34 357.69
93 773.67
75 119.99
100 876.75
16 207.70
81 580.08
98 804.29
12 157.74
86 800.93
21 694.18
31 479.29
63 606.39
4 920.78
95 433.52
47 293.79
62 456.19
71 177.24
63 698.05
27 920.37
94 452.29
47 831.76
53 273.11
5 641.67
53 884.06
2 519.31
85 254.76
52 470.98
65 256.44
62 791.87
61 129.63
39 236.66
16 129.36
19 122.80
1 766.29
79 284.85
7 805.95
19 621.22
1 589.01
7 131.19
91 717.60
50 438.82
2 720.72
49 977.94
22 200.17
82 458.59
72 340.36
34 468.61
14 450.83
13 706.55
86 679.20
8 697.74
46 810.95
6 576.90
58 244.07
100 213.10
6 870.08
54 411.43
64 138.79
44 930.51
25 281.76
33 919.92
40 366.19
27 812.30
30 284.18
33 279.56
87 516.47
23 932.62
72 233.95
19 807.95
92 381.84
53 765.69
76 339.31
15 291.55
4 122.25
59 332.50
92 439.38
49 584.20
9 326.50
32 727.99
44 518.01
33 996.21
13 482.96
28 905.30
30 470.85
5 528.35
92 811.40
4 690.04
13 731.10
74 440.98
76 905.70
4 717.35
50 785.29
28 762.30
66 175.84
83 319.92
74 146.20
61 701.63
64 729.97
8 367.51
31 359.05
100 538.17
9 718.91
6 979.37
64 365.38
16 917.31
4 209.24
75 375.43
81 528.53
9 487.54
20 559.79
70 758.09
86 382.21
56 954.63
44 510.11
27 654.10
92 407.77
62 536.26
87 627.12
39 309.65
6 378.70
78 516.43
37 687.04
10 518.25
44 927.03
82 486.12
41 412.63
17 960.98
43 221.19
62 628.44
76 934.67
15 481.46
70 388.02
81 909.30
85 377.05
23 423.65
90 217.42
58 910.88
54 882.72
73 946.20
86 694.77
68 374.28
14 204.56
11 849.57
83 381.19
43 503.26
80 472.47
53 603.88
67 408.63
66 634.31
41 868.05
81 757.34
31 212.24
80 507.02
62 169.77
62 915.96
42 670.63
51 897.55
18 118.35
37 129.38
26 651.81
28 519.52
30 979.65
26 219.86
71 829.90
97 667.41
11 758.65
13 556.69
74 653.31
89 485.89
59 793.73
100 394.39
12 658.21
25 498.41
42 988.75
39 400.56
25 413.97
23 545.56
60 272.81
83 814.88
27 732.41
5 546.58
97 939.02
36 284.29
62 790.59
62 731.04
98 574.33
32 675.86
74 889.87
18 634.80
24 525.37
7 491.43
99 365.01
70 203.45
61 774.79
94 848.67
42 703.39
48 420.36
91 277.17
1 402.02
8 566.18
91 341.20
3 731.39
56 270.04
68 445.11
42 943.74
58 847.03
84 855.77
14 416.57
14 751.48
1 840.39
3 873.19
8 185.56
59 916.71
21 126.37
37 841.22
15 950.03
83 719.77
9 717.46
63 541.80
44 235.29
79 654.25
65 252.32
17 310.21
12 653.58
63 875.99
57 164.32
87 805.21
77 464.26
34 937.04
82 151.70
22 625.50
47 257.54
5 661.72
31 323.65
39 170.35
21 177.15
33 760.72
96 909.34
71 285.07
12 165.09
66 235.67
22 737.36
7 780.88
25 987.43
93 302.25
62 432.13
53 391.84
55 895.56
90 661.50
42 602.83
54 419.65
92 502.63
68 125.73
66 624.09
6 712.93
26 805.44
92 121.78
37 576.06
83 212.53
36 482.36
99 202.59
69 507.15
67 272.54
82 860.26
14 866.10
81 469.02
6 921.19
77 462.04
64 477.62
3 339.02
84 316.15
81 779.25
38 522.14
40 480.98
82 651.80
25 160.63
96 815.08
9 284.24
23 367.89
16 584.83
1 934.51
82 200.07
46 428.77
14 583.25
1 124.59
58 620.76
79 610.60
70 324.15
42 177.88
87 821.26
10 474.64
88 534.54
36 952.08
87 830.35
92 282.91
4 171.02
55 959.89
6 204.00
85 107.87
7 753.39
5 395.69
86 625.78
40 728.23
18 190.64
89 654.01
27 714.43
68 536.10
49 826.73
64 601.89
44 738.08
78 597.83
79 691.59
16 468.69
53 642.99
75 711.80
76 986.95
84 469.37
83 130.88
18 883.13
30 375.99
36 405.90
44 369.10
53 127.52
48 948.15
57 993.83
12 549.90
24 182.31
39 825.14
65 165.96
61 468.54
68 730.25
50 876.13
13 275.02
15 343.92
59 419.96
54 764.46
94 524.86
89 639.35
25 434.11
22 331.44
23 137.83
25 615.66
6 566.05
92 621.26
44 485.43
9 983.77
50 285.78
84 994.41
82 640.54
56 202.94
13 464.90
58 778.47
65 841.04
60 149.96
43 955.20
37 545.90
80 617.79
71 842.46
71 463.34
95 987.70
10 110.85
82 220.29
4 151.15
42 203.46
51 825.90
92 639.88
19 665.38
30 311.48
39 447.49
40 860.44
93 216.44
41 620.16
37 257.01
26 421.90
53 351.85
98 948.50
63 966.80
64 212.87
83 876.71
53 872.82
32 705.28
84 250.52
47 448.14
24 126.41
23 100.31
30 345.61
38 114.82
7 682.53
59 103.70
41 848.28
13 611.79
64 360.90
86 529.27
31 207.80
72 699.71
39 155.94
70 911.63
23 877.26
54 221.44
42 858.91
53 627.15
22 919.58
60 124.64
82 488.03
43 191.89
91 850.80
91 289.38
39 488.24
40 504.71
65 751.26
98 240.57
10 635.48
100 481.59
31 564.84
59 730.30
46 457.53
97 701.87
35 879.02
3 635.41
78 105.32
84 923.71
76 342.62
87 981.42
27 772.75
61 403.14
59 820.55
100 541.46
55 947.67
81 976.36
5 201.89
54 858.22
23 472.07
23 792.75
4 375.43
74 611.93
84 988.23
68 819.96
36 271.57
91 103.33
91 840.88
79 215.80
48 717.10
19 876.07
58 996.54
40 919.72
39 407.35
35 424.45
40 684.04
96 927.73
36 721.86
11 531.57
98 238.92
93 594.75
18 236.39
25 838.73
11 131.52
19 135.50
94 960.73
21 363.62
35 298.50
68 459.72
76 565.29
89 807.97
5 672.47
70 328.98
73 842.49
4 597.81
42 460.83
74 804.39
40 386.45
44 633.78
29 666.75
22 580.58
81 544.39
44 467.64
88 925.18
98 960.63
48 701.78
55 930.34
60 247.05
46 596.63
62 637.63
60 282.08
92 905.67
97 147.82
14 280.91
98 952.02
31 536.96
92 424.82
35 279.09
78 158.04
18 342.58
24 795.96
31 174.73
36 212.51
59 511.12
42 566.90
78 246.66
98 206.67
96 779.81
98 774.48
63 247.16
92 281.63
67 429.66
37 215.59
78 594.03
64 814.32
81 761.61
67 138.04
6 578.80
32 467.35
20 897.64
95 807.05
94 432.01
100 475.84
32 160.53
71 264.17
64 762.46
25 699.42
62 440.97
73 541.10
14 781.83
2 976.45
1 416.68
96 964.55
62 724.68
82 112.12
54 278.69
73 192.75
34 450.73
42 586.91
3 976.67
33 406.50
83 866.97
74 811.14
51 968.64
26 289.41
35 325.20
90 931.04
71 274.60
38 861.89
62 409.73
24 879.75
2 175.62
34 366.60
79 462.20
91 754.75
36 198.26
79 119.31
30 432.21
90 773.88
45 996.19
52 383.02
44 591.66
97 516.44
96 171.20
31 319.67
77 921.24
8 681.66
35 346.07
25 963.59
31 206.79
78 261.34
28 203.34
67 656.77
54 811.43
83 917.01
97 730.09
15 276.31
30 809.30
62 239.17
55 918.27
74 342.45
31 743.22
71 207.98
78 492.67
82 372.48
19 947.31
39 354.58
95 312.27
26 116.68
28 697.16
98 654.68
24 363.19
41 729.97
6 951.67
95 278.78
54 171.17
71 866.80
4 815.28
97 939.26
54 789.61
59 189.33
72 647.55
5 410.95
57 312.80
78 729.37
44 719.55
68 561.97
14 913.33
49 115.50
14 183.13
71 365.04
55 714.51
52 521.48
100 678.19
66 377.32
68 198.44
95 633.55
74 981.26
74 809.73
4 620.58
68 860.07
50 739.96
40 244.22
90 515.82
40 748.74
75 254.34
96 484.36
47 305.59
39 168.20
47 357.16
78 984.69
70 153.66
1 778.33
68 390.10
7 861.64
84 177.58
93 991.44
15 775.48
6 586.40
45 214.65
16 704.75
24 477.32
75 716.17
44 866.84
24 757.38
42 596.49
32 305.39
75 675.06
68 213.86
14 768.93
28 224.06
8 679.80
81 843.55
24 117.49
84 960.18
70 682.42
81 827.44
38 807.98
13 855.32
44 394.34
94 143.40
74 109.23
34 243.41
73 420.92
68 130.96
7 672.12
57 825.38
81 626.67
60 427.65
34 887.13
44 290.49
47 753.45
92 700.84
72 497.03
90 154.71
43 636.02
3 447.14
45 526.72
74 885.57
83 473.49
20 252.07
26 906.00
57 718.12
50 249.74
27 326.63
17 804.71
38 475.19
38 941.87
85 253.61
83 896.62
81 761.48
46 481.62
99 171.53
17 526.51
8 118.26
71 924.25
56 368.29
43 362.68
23 571.59
49 751.12
95 936.85
32 663.24
76 636.91
18 822.49
46 401.02
71 476.32
12 442.44
6 291.23
36 517.86
46 516.12
23 967.79
12 259.53
94 534.10
90 316.10
35 277.04
63 528.76
72 622.39
37 831.99
43 276.48
98 291.91
20 472.88
79 331.34
61 489.51
30 127.27
15 929.81
96 263.58
45 102.27
44 863.13
25 950.14
16 900.29
95 144.07
39 353.74
87 421.39
46 545.25
87 111.25
36 186.59
60 897.21
40 451.78
59 498.78
44 675.15
44 875.75
59 934.46
2 695.86
47 204.79
14 561.25
18 841.54
96 620.75
63 532.45
19 868.00
57 735.47
44 528.92
99 659.00
91 539.87
75 541.90
15 195.24
59 359.43
52 640.09
14 703.29
41 206.88
84 247.01
84 886.53
85 880.46
21 721.17
76 171.83
96 453.49
57 550.44
66 113.04
94 906.70
79 486.90
80 193.14
57 965.05
25 812.20
94 149.13
46 426.23
81 393.71
40 639.22
45 807.21
84 935.85
94 874.74
51 270.26
36 394.46
98 767.61
52 943.57
74 530.49
74 198.33
95 421.60
88 955.22
50 936.77
62 405.89
24 424.94
54 430.77
82 343.32
92 465.43
2 748.59
60 126.18
31 221.27
88 278.60
16 683.01
57 367.37
79 976.83
99 630.49
71 638.77
28 263.24
22 306.14
56 221.81
42 504.27
49 741.40
69 109.80
59 544.26
21 887.04
57 582.08
30 442.01
54 362.54
92 444.64
68 179.91
97 708.53
56 278.07
100 494.37
32 871.26
62 734.02
39 792.39
59 827.70
67 962.47
75 266.00
3 655.49
82 229.21
98 634.41
39 805.98
75 855.20
55 765.76
39 648.55
10 426.33
74 472.63
52 335.39
86 523.16
66 444.79
27 275.86
96 295.04
93 823.41
83 809.86
94 181.69
33 109.89
22 835.85
75 937.67
56 908.01
40 344.58
47 190.49
17 128.75
4 492.57
23 532.86
4 546.07
87 840.81
100 413.57
59 503.29
96 711.97
67 410.06
56 505.92
32 350.87
44 319.10
58 162.55
4 676.24
86 412.08
94 453.89
30 644.90
46 174.52
1 654.84
15 549.26
37 862.26
85 833.67
85 106.62
67 239.95
85 236.13
56 192.78
81 322.57
92 995.06
77 558.73
91 854.47
91 269.21
78 470.06
66 217.71
23 852.23
57 201.87
67 939.85
16 528.99
27 145.01
21 171.32
61 247.22
59 146.47
12 463.38
48 591.26
55 307.68
41 438.18
12 906.97
70 847.75
1 933.48
21 277.18
67 600.42
57 966.94
28 178.54
6 840.96
51 791.40
6 833.96
18 378.88
63 344.41
98 953.57
68 126.02
36 210.62
40 261.37
23 477.15
23 657.90
86 563.72
59 198.78
32 657.96
54 741.34
59 950.02
9 911.28
97 440.43
69 264.93
17 728.10
41 906.31
25 838.40
25 573.05
28 900.11
22 189.27
63 976.25
32 470.24
85 374.90
57 405.15
45 509.09
85 137.24
64 395.00
42 687.38
61 338.98
92 545.18
1 122.03
77 506.86
50 388.02
60 253.70
80 381.68
12 777.85
59 598.40
1 240.63
55 956.39
42 256.40
10 125.72
23 225.76
13 136.28
53 650.33
47 943.93
36 625.47
36 342.65
47 253.03
62 746.30
76 628.72
5 979.90
16 557.08
61 949.83
8 120.94
2 494.98
68 374.70
48 446.33
13 847.66
33 959.49
85 390.28
2 879.55
54 689.38
70 144.23
22 715.67
94 946.40
29 663.59
1 843.01
95 841.29
95 230.20
33 913.46
44 272.26
19 185.47
68 967.37
11 796.71
9 927.28
99 923.35
11 447.67
28 326.56
94 466.65
24 105.95
16 523.11
91 580.26
14 867.01
16 371.87
37 266.08
20 177.03
96 934.19
19 364.34
82 244.69
24 975.01
73 450.98
11 826.46
62 557.58
82 746.66
28 873.14
33 446.65
98 601.18
86 377.86
19 631.71
46 647.11
73 419.17
25 442.46
82 764.14
58 142.39
41 982.67
25 176.17
67 863.71
79 656.82
1 390.04
18 269.43
74 580.78
1 915.91
68 515.72
100 279.93
12 329.86
60 780.63
34 721.85
45 567.10
37 399.26
15 902.29
78 793.28
13 900.27
46 138.25
53 222.57
17 786.23
86 602.20
57 320.73
32 925.67
7 934.47
23 964.37
15 596.61
82 740.73
28 718.91
31 715.62
94 826.58
34 780.04
36 474.15
11 193.88
40 376.66
1 249.03
94 993.71
67 517.66
14 361.86
54 735.63
14 194.38
65 227.74
73 307.33
47 384.94
17 105.80
31 185.48
85 639.60
36 902.28
62 525.65
10 620.39
10 353.06
47 421.86
29 922.72
83 927.71
57 305.20
5 444.56
89 907.55
88 209.63
69 192.71
51 298.24
68 822.33
69 672.31
50 459.76
48 114.13
56 781.35
17 144.61
41 115.94
73 584.08
98 845.34
97 450.49
17 414.02
5 644.24
81 714.19
97 538.65
47 846.08
42 681.82
54 998.16
56 739.42
40 152.21
66 513.12
89 892.55
93 972.55
66 950.64
26 546.83
2 934.32
52 554.72
33 618.86
25 160.13
7 111.20
54 320.83
27 301.22
85 685.16
89 822.10
75 719.39
55 793.56
70 625.49
60 750.15
13 387.48
85 226.68
84 463.58
16 171.49
2 861.35
20 917.32
21 642.29
48 153.14
45 810.42
18 505.56
7 692.94
51 620.30
20 133.45
67 370.55
67 775.62
26 178.86
40 152.28
55 898.18
40 576.89
36 382.38
20 417.67
95 346.88
51 661.91
69 504.62
70 334.38
44 985.79
31 471.93
99 882.85
71 143.20
15 253.99
6 421.68
73 600.85
24 677.21
67 579.64
82 493.78
6 470.77
59 419.61
21 964.19
64 317.56
96 960.77
85 715.80
26 762.46
92 273.54
89 180.71
65 954.47
5 422.47
61 759.37
74 314.13
93 426.58
63 647.06
6 932.19
23 123.69
41 708.02
18 886.97
74 280.86
79 422.47
41 213.82
75 901.70
49 658.92
34 577.02
19 485.04
68 298.27
74 442.81
39 482.05
94 114.26
63 652.96
29 134.75
74 414.00
100 886.98
28 425.32
40 640.01
11 984.08
3 334.10
79 799.01
23 438.78
3 600.93
14 195.18
64 219.35
16 736.23
40 859.50
69 894.30
56 388.98
82 334.64
9 954.14
2 498.16
85 750.56
23 122.72
10 113.77
98 696.08
12 645.68
48 167.36
18 589.80
78 930.85
41 859.00
84 361.16
7 736.99
32 534.40
65 776.84
60 226.38
89 611.88
39 712.14
84 520.08
77 378.11
53 981.80
46 273.84
68 774.43
15 990.71
27 296.23
63 155.02
26 864.51
18 392.63
72 730.08
50 112.96
43 666.53
3 949.39
11 434.01
20 516.62
66 320.20
79 925.24
28 290.70
58 131.81
61 552.30
76 523.54
52 971.09
75 692.42
93 313.15
40 251.19
3 291.69
2 836.47
38 797.86
74 524.59
10 287.50
94 194.31
1 659.60
66 892.74
30 539.27
13 653.48
81 136.75
2 614.06
86 393.45
41 675.97
5 316.19
19 183.44
80 407.78
69 402.10
32 378.95
32 997.82
85 702.86
43 969.25
23 789.38
30 919.31
86 455.14
29 891.70
46 420.28
29 890.08
4 956.32
87 775.23
19 429.15
40 404.78
32 609.59
55 888.03
49 525.34
11 205.71
95 825.01
70 296.96
82 679.75
95 761.82
11 373.56
65 881.80
5 263.55
54 378.05
52 808.92
23 136.09
83 110.91
51 881.73
28 118.03
10 470.89
2 204.26
62 112.00
45 670.96
27 217.98
29 240.79
27 926.81
51 701.66
34 313.53
28 224.08
91 247.23
51 166.32
73 969.06
91 368.31
71 848.63
75 150.61
44 200.34
75 717.23
56 652.53
41 896.66
71 432.11
40 732.37
1 798.64
97 569.91
44 381.50
81 279.82
50 202.74
4 959.08
48 883.37
100 170.41
14 435.52
45 978.95
39 153.74
97 964.63
43 402.44
86 179.91
100 474.53
64 399.65
89 228.85
22 592.63
19 120.06
64 925.57
36 635.28
62 984.64
91 603.13
88 421.02
34 564.76
92 962.55
53 235.69
66 508.27
32 721.10
63 811.57
27 279.18
88 540.54
32 472.19
4 130.79
58 616.17
64 628.00
3 473.07
97 552.84
15 596.44
25 526.98
5 258.56
50 937.61
96 321.21
38 283.71
81 830.58
53 701.32
16 135.54
100 819.32
19 949.93
7 504.56
54 865.57
23 531.38
3 713.19
7 460.69
78 386.69
96 698.15
71 419.77
66 369.29
83 108.50
21 402.64
62 853.33
56 774.19
13 166.45
96 223.05
90 712.00
30 400.57
9 552.13
11 868.58
85 246.54
87 614.20
3 905.54
67 116.49
57 661.06
82 807.12
86 968.05
13 821.29
4 358.85
2 980.01
73 399.42
45 182.98
8 498.10
81 484.89
70 646.89
78 890.51
84 129.06
91 358.22
6 467.27
89 978.55
47 898.40
47 714.88
62 448.93
21 225.81
98 445.82
9 522.72
95 562.62
54 754.85
29 325.01
20 927.26
8 869.19
88 419.98
70 445.51
24 962.85
6 126.11
48 444.12
5 653.11
88 364.79
93 362.64
11 509.30
37 341.58
40 837.55
45 482.35
29 536.05
97 439.38
58 493.36
49 251.79
77 920.77
89 380.47
22 870.26
2 736.06
83 937.31
56 531.51
45 376.21
78 553.90
47 446.03
80 224.67
31 131.68
37 154.60
97 385.12
43 773.95
68 115.04
5 536.04
88 869.18
92 240.36
41 827.13
12 436.97
46 772.85
62 155.22
80 648.67
42 199.26
83 883.96
75 746.72
31 450.02
92 877.15
2 324.41
92 647.69
3 609.71
95 108.60
45 893.73
9 919.58
64 870.17
5 936.20
45 100.18
55 686.04
52 540.43
10 161.23
76 189.89
50 703.46
41 187.87
81 387.49
57 559.50
59 465.81
19 958.31
37 803.16
10 480.49
14 640.69
10 532.48
33 198.70
98 624.12
35 798.05
95 129.25
40 828.77
70 658.60
20 890.78
42 987.75
96 360.66
46 466.27
45 952.77
79 974.34
93 137.17
21 181.09
31 222.94
50 655.66
94 920.08
14 671.99
64 939.12
55 853.66
12 654.92
54 794.12
8 295.44
95 162.08
17 430.99
57 932.49
42 735.94
41 906.02
17 786.77
25 610.18
67 978.03
31 747.58
85 902.61
93 692.93
17 614.87
84 459.37
61 479.16
16 187.54
6 451.59
3 769.99
90 808.35
34 494.27
8 167.55
24 658.44
49 371.13
78 882.11
65 200.46
6 582.47
47 838.12
41 189.14
43 558.69
63 455.18
3 295.56
38 325.88
30 692.96
37 890.02
100 150.39
68 760.98
98 952.15
43 696.33
53 224.34
18 781.60
53 859.16
49 810.24
21 168.30
35 164.71
32 999.27
54 273.53
12 647.17
11 934.05
97 945.59
38 682.75
55 364.79
15 477.99
51 181.19
53 764.09
5 971.60
57 448.94
49 811.83
84 433.46
38 560.21
65 167.51
40 302.92
13 995.01
54 335.85
11 627.48
38 905.47
72 695.42
14 488.26
94 446.61
37 618.79
54 524.76
14 550.25
75 391.40
97 371.24
31 434.42
94 308.82
44 451.48
23 213.54
93 854.47
41 484.07
70 408.63
10 941.34
8 996.93
62 822.35
86 723.28
44 499.96
51 176.99
89 389.05
71 557.61
20 427.20
49 369.48
42 460.77
25 330.54
6 585.42
2 111.55
64 221.03
27 139.52
50 586.33
65 531.28
40 117.84
54 658.75
84 196.53
3 274.71
92 132.01
65 444.56
35 211.55
95 578.49
79 497.96
86 637.16
35 490.29
4 499.15
80 857.27
70 300.10
86 960.54
100 484.34
27 415.86
22 646.25
99 533.05
13 317.88
41 482.07
15 297.00
28 508.54
64 955.95
83 482.14
71 520.46
60 472.33
95 250.47
1 814.90
4 515.21
35 515.68
8 847.41
69 569.85
69 851.60
66 955.18
88 237.81
99 203.28
33 166.44
5 871.35
71 410.92
43 859.09
74 739.54
58 202.97
69 107.52
92 786.00
21 758.12
54 874.15
26 855.75
13 676.17
43 701.14
70 899.22
16 456.96
44 361.68
78 780.92
60 124.24
1 457.12
41 421.21
42 511.42
86 861.47
66 166.17
16 844.70
76 395.23
8 365.29
90 421.83
71 426.21
65 455.23
55 781.78
61 513.59
46 690.67
33 776.69
75 159.55
79 894.54
59 791.24
60 195.59
45 966.95
40 576.11
19 296.39
76 729.20
98 769.05
53 585.62
64 624.00
54 354.31
25 174.38
45 752.97
90 362.49
73 706.98
77 622.81
16 990.41
20 436.01
42 617.28
84 202.92
83 235.39
39 272.80
54 492.95
32 212.46
79 874.00
29 359.02
72 762.51
65 603.17
23 937.06
48 851.90
15 425.97
36 265.20
43 310.39
68 782.81
54 156.99
55 459.43
54 991.51
76 759.36
69 886.52
29 296.59
40 483.19
16 631.13
37 110.68
86 369.30
48 743.88
53 834.18
85 624.48
65 680.49
46 310.62
54 139.76
54 960.20
90 775.61
17 321.45
30 112.95
19 708.91
39 140.68
41 161.64
96 895.78
54 162.73
53 517.94
3 123.79
48 500.53
50 611.96
63 706.32
58 768.26
96 209.93
65 488.65
5 837.66
98 680.15
32 501.74
64 656.25
64 345.48
63 229.77
60 115.92
38 854.12
50 783.87
52 876.89
33 513.37
77 366.64
90 979.15
57 575.18
38 783.90
51 369.18
8 329.45
99 198.92
40 936.40
4 459.40
63 174.90
30 982.29
91 297.35
12 113.86
53 859.00
94 568.13
3 579.87
22 168.07
92 660.27
92 758.79
74 406.10
60 335.39
97 451.39
9 180.30
10 973.58
30 878.14
66 408.07
89 287.50
23 285.85
70 269.41
57 956.03
88 352.62
32 519.38
85 960.47
80 112.25
75 311.14
34 949.03
6 645.11
59 323.43
78 850.17
4 493.02
50 449.28
66 596.00
62 161.65
93 861.90
18 640.83
88 652.70
73 198.53
33 485.78
44 729.10
78 674.99
82 662.29
62 144.56
33 189.89
34 852.77
52 405.37
75 404.04
45 711.16
55 493.03
53 426.91
16 937.55
23 454.70
58 658.41
72 841.45
75 677.50
52 724.85
83 931.78
87 955.06
99 103.95
72 334.66
86 674.60
90 525.37
28 271.33
66 159.42
24 661.83
59 738.81
62 533.87
37 487.94
20 347.27
47 201.49
17 437.15
77 886.99
27 931.18
3 391.63
84 471.30
44 726.79
85 483.22
47 220.87
88 687.97
36 407.76
70 838.80
77 403.54
53 301.56
97 364.03
97 653.48
47 409.54
55 168.57
55 624.83
60 287.08
6 263.53
43 917.13
82 185.84
16 337.48
95 251.85
35 965.03
98 350.54
31 382.54
15 710.05
58 446.84
81 202.63
60 965.38
75 126.94
70 426.40
66 335.54
18 650.15
79 767.89
58 962.97
83 901.67
48 387.65
87 677.90
23 421.68
45 724.95
28 944.45
2 371.84
71 605.64
93 593.63
95 231.46
64 741.30
7 620.34
23 400.50
44 729.06
25 451.30
74 834.16
29 271.43
69 165.87
84 335.30
64 403.35
91 529.49
61 982.42
36 381.87
94 657.30
94 548.39
92 391.12
51 375.91
29 654.10
100 354.88
61 216.88
65 222.00
10 716.12
42 594.60
92 114.60
54 495.55
60 758.05
66 737.16
99 552.27
71 966.68
26 259.86
74 812.67
54 458.58
20 487.53
51 722.67
58 469.53
71 175.63
93 411.69
78 375.72
69 266.56
100 966.50
78 929.85
38 835.34
98 396.62
25 104.82
85 646.42
53 739.55
27 563.09
28 235.39
17 842.74
37 722.52
5 137.26
3 957.57
100 560.19
77 532.67
92 534.57
18 734.16
87 272.55
3 425.91
74 299.72
5 523.76
97 470.61
67 859.38
90 329.53
92 734.70
26 473.10
99 772.90
98 319.60
44 304.85
7 178.94
52 565.43
24 389.01
40 325.21
67 695.06
44 598.80
74 961.92
31 596.11
78 427.98
21 668.42
53 353.31
33 176.94
55 531.30
99 719.65
9 536.80
15 575.91
78 603.61
51 592.37
65 390.67
12 283.19
71 521.48
14 627.10
92 486.69
95 926.08
14 863.38
56 646.81
53 611.73
47 247.44
25 710.40
62 619.58
52 137.09
63 542.93
22 957.65
39 131.81
57 254.45
18 967.71
12 398.69
66 955.15
17 977.99
61 177.05
41 871.33
73 200.35
38 891.71
88 490.42
9 475.90
92 351.50
61 322.55
10 349.58
60 433.86
59 258.99
96 441.63
9 158.70
61 381.94
21 524.96
16 480.16
71 996.02
11 619.54
94 319.06
17 912.77
5 476.71
58 328.51
51 110.89
22 792.58
43 829.23
6 973.84
69 945.71
60 330.12
79 892.18
41 261.40
47 878.38
49 277.53
79 511.18
19 228.62
21 709.74
24 205.51
82 531.57
69 141.73
76 368.61
35 584.56
85 272.95
6 728.26
8 998.10
69 690.48
96 784.08
73 756.52
66 397.80
86 782.05
49 682.79
41 214.23
54 503.80
34 105.94
20 893.10
97 897.75
39 616.45
18 640.74
14 330.17
26 779.54
65 633.10
28 930.96
99 456.74
4 187.65
52 288.11
45 870.42
36 234.18
90 471.31
69 151.95
32 187.31
91 446.88
62 195.23
42 645.06
32 341.13
47 719.35
22 504.33
11 587.04
82 501.30
87 979.87
14 956.55
89 567.54
62 972.69
88 432.46
94 473.17
33 129.76
86 209.60
8 475.82
41 781.83
65 463.16
82 117.64
26 780.71
24 625.63
17 171.47
71 643.38
21 302.78
60 687.93
62 821.24
61 238.67
74 325.84
67 480.95
85 137.57
99 472.39
74 419.61
34 952.16
88 486.91
81 615.31
8 877.18
9 264.91
25 365.16
68 132.65
19 625.06
62 950.62
87 466.75
96 761.71
43 917.72
21 993.82
94 599.88
22 843.31
8 906.76
53 865.89
53 810.13
31 659.31
54 324.26
16 612.05
4 227.77
2 973.12
97 392.82
35 760.94
6 872.52
67 313.53
89 840.85
8 122.02
93 819.17
9 855.72
73 966.02
68 560.86
68 219.38
7 902.34
1 320.47
59 245.10
37 593.36
99 638.27
36 550.31
46 389.86
34 871.39
35 180.70
44 492.41
1 926.20
8 238.48
18 791.12
56 204.60
88 419.90
51 880.70
3 621.29
78 965.51
10 904.85
38 214.57
10 709.50
88 284.64
15 216.22
40 652.02
57 984.18
63 986.30
34 630.49
5 110.12
54 938.59
6 563.59
66 594.77
1 101.60
98 209.30
76 164.31
94 427.46
8 837.05
60 886.06
90 858.76
90 119.57
11 517.25
71 826.91
57 324.79
80 924.21
5 448.68
88 919.10
47 392.82
78 727.58
63 316.05
81 355.69
18 400.09
52 438.60
85 915.87
44 771.34
53 738.57
95 878.12
54 552.26
63 297.89
51 605.65
4 413.04
65 337.28
100 980.51
99 983.24
24 560.00
2 226.26
77 132.88
89 642.41
20 627.55
2 941.06
6 771.74
32 247.35
66 567.97
91 700.17
16 711.50
14 752.16
96 372.99
97 425.82
14 752.81
40 691.02
71 699.48
18 549.46
52 437.04
64 705.95
25 485.91
74 618.28
76 991.32
81 447.97
26 928.76
95 314.15
35 225.46
4 954.45
93 802.19
42 565.24
63 219.37
64 898.88
53 493.36
33 322.43
4 721.24
99 801.35
82 650.70
97 300.56
65 376.02
6 520.60
53 806.79
5 712.15
82 539.10
3 170.02
49 437.91
3 121.78
43 544.95
46 671.99
66 974.20
45 855.96
17 109.14
67 542.21
24 282.10
4 812.65
64 797.94
51 927.02
23 782.12
72 421.58
4 209.86
22 633.08
1 796.82
86 781.43
1 135.90
18 127.02
43 897.73
57 739.14
58 988.41
94 826.01
62 403.68
17 967.00
25 920.81
2 851.18
59 489.71
40 621.73
12 827.72
3 880.42
74 326.28
27 619.01
10 622.75
81 495.53
34 688.80
40 728.24
82 790.62
98 299.45
92 551.49
7 125.22
52 298.77
35 899.51
64 765.30
26 382.92
17 899.74
70 240.05
48 927.98
58 676.74
94 529.42
76 969.49
13 995.20
2 761.79
32 581.91
21 100.42
7 539.92
35 644.77
88 318.21
22 344.39
59 560.40
78 606.19
76 596.60
18 911.84
9 429.26
100 118.01
33 564.53
83 136.75
99 868.26
98 293.25
36 718.00
100 837.16
35 116.46
14 644.35
86 766.58
32 218.76
79 886.56
84 538.06
23 649.11
83 119.29
47 242.88
60 731.48
32 753.23
85 169.77
93 219.07
21 285.17
55 751.88
90 723.39
86 492.44
67 102.09
92 443.78
34 278.57
43 458.60
68 371.85
65 426.17
24 801.61
29 800.25
35 617.59
48 987.62
58 565.63
16 206.21
7 537.65
82 731.98
81 947.08
60 967.17
31 848.89
2 963.10
100 646.72
89 153.96
77 372.72
58 297.87
25 832.29
11 168.65
43 425.04
87 637.04
49 865.30
23 346.56
52 707.85
44 803.82
71 163.87
62 739.20
87 391.92
100 166.37
62 625.60
91 192.62
66 412.97
79 824.81
24 275.73
13 466.85
53 143.20
33 820.92
79 990.39
41 947.66
74 392.93
63 538.09
50 323.36
14 783.81
35 140.56
54 645.54
50 184.21
69 988.87
84 442.05
60 847.63
1 813.45
75 942.52
64 340.41
75 480.53
36 724.92
97 401.37
42 492.46
29 594.76
19 866.80
47 165.33
75 425.48
30 551.52
99 615.73
78 986.49
57 191.97
11 758.02
12 809.10
43 478.56
77 714.11
47 603.58
17 275.35
89 740.80
14 755.21
57 650.61
90 493.02
63 707.22
51 567.35
38 222.68
64 880.22
31 369.92
14 480.36
72 589.85
48 444.38
24 191.88
49 236.27
45 430.68
38 506.32
26 739.47
96 523.67
54 138.02
28 217.87
45 921.46
53 865.48
22 816.23
42 661.55
8 654.65
12 869.57
25 520.89
89 889.60
99 679.80
40 468.25
12 573.99
77 641.15
93 967.66
83 421.39
34 466.60
34 468.48
20 160.81
65 691.43
100 886.61
92 259.53
10 828.16
22 112.49
80 209.85
48 309.57
70 734.21
2 983.05
43 115.97
73 321.07
41 527.13
52 175.27
90 784.67
2 377.24
88 387.36
31 528.91
27 550.66
28 527.45
81 533.62
89 767.97
86 619.98
51 342.31
99 626.69
16 298.55
78 656.68
70 245.14
47 709.29
99 783.97
44 198.77
18 533.41
61 705.24
64 998.94
62 580.26
31 612.29
56 951.11
27 484.49
85 835.34
92 916.38
20 604.53
64 588.61
9 592.51
22 169.23
35 307.50
69 926.10
82 832.94
55 945.01
52 244.60
13 351.50
6 306.66
61 723.86
27 917.69
38 176.13
78 879.41
30 203.79
90 953.26
82 384.41
29 259.65
61 138.76
37 481.67
4 660.36
92 151.75
54 138.14
31 696.67
58 863.24
98 667.91
8 277.06
90 739.11
43 406.86
100 591.03
30 770.11
34 281.46
53 823.42
57 934.03
95 756.97
68 745.64
91 125.87
75 482.24
9 774.84
16 762.60
89 380.55
73 654.62
1 504.19
95 513.65
46 782.89
94 586.14
33 293.65
48 528.75
71 234.61
46 882.22
91 288.01
41 829.23
62 483.20
49 552.91
26 493.87
35 455.21
45 990.46
22 735.98
44 939.14
98 217.63
43 238.23
40 787.89
12 540.94
70 379.98
86 463.47
100 639.48
50 726.82
47 600.03
6 790.55
57 543.47
21 386.93
64 416.80
44 592.57
28 905.14
49 260.34
9 932.93
15 743.02
90 594.32
60 678.93
40 386.88
52 402.25
66 768.35
51 216.11
50 575.97
38 887.56
51 909.58
85 389.38
19 766.24
36 922.87
60 806.90
55 462.91
74 418.84
54 758.31
71 178.31
23 411.69
55 389.75
42 465.00
76 674.28
66 852.28
32 891.29
23 453.46
1 997.61
24 520.13
59 559.58
10 721.15
36 346.56
29 665.21
53 261.21
11 265.42
29 170.44
1 485.63
48 678.94
19 561.34
17 272.97
42 462.91
59 234.20
72 542.48
22 160.07
95 317.70
15 469.71
46 842.42
42 948.32
40 443.12
16 156.92
91 624.89
81 352.71
89 622.21
73 780.31
81 663.40
81 358.74
15 342.34
64 371.41
12 636.51
62 423.51
94 995.54
16 772.80
52 653.81
55 426.54
80 210.85
84 241.62
32 266.15
57 709.53
25 598.06
76 859.85
56 346.27
58 761.90
64 668.68
91 237.79
68 384.59
38 937.57
13 858.24
26 954.69
78 877.02
95 482.83
74 662.62
32 706.17
28 634.84
81 829.34
19 157.38
60 454.44
2 609.59
32 230.68
46 626.39
59 104.02
52 546.55
23 481.22
56 865.60
50 231.03
3 352.79
53 690.70
19 844.17
60 496.00
32 590.44
78 135.35
83 669.69
48 402.37
73 427.13
81 667.91
72 123.34
15 518.36
56 870.09
30 647.94
30 827.78
14 234.15
94 442.54
62 195.57
96 301.71
57 400.64
29 510.06
41 658.38
13 542.71
5 239.14
59 854.26
65 155.10
59 702.10
32 494.18
34 361.79
9 847.03
21 132.89
75 960.52
51 141.95
49 730.60
60 728.40
61 746.15
12 990.33
24 736.99
94 184.25
50 166.18
53 134.13
51 131.69
85 464.60
91 102.22
71 292.15
52 364.07
77 659.75
80 382.22
80 498.47
44 584.95
19 948.26
75 153.93
74 814.73
94 617.21
76 168.31
69 439.89
55 893.87
83 640.27
16 108.22
58 744.99
99 624.42
33 521.98
88 199.91
73 604.42
44 983.91
57 770.16
43 771.03
99 575.50
67 237.29
36 250.85
65 451.81
54 359.18
8 588.32
79 484.56
63 699.36
35 543.59
83 594.10
73 645.80
4 859.20
37 761.53
10 452.54
33 490.06
75 772.97
13 582.71
13 681.82
53 313.08
76 691.54
70 250.73
13 185.85
63 228.15
89 797.72
83 373.04
16 505.72
14 107.74
40 449.44
18 727.12
50 931.04
47 342.65
81 124.57
22 233.14
45 940.14
41 373.80
8 922.08
8 594.15
39 916.22
8 129.37
100 987.49
1 894.40
98 884.03
49 574.33
28 617.68
85 718.29
68 532.50
69 455.17
21 196.05
35 344.69
87 177.38
48 679.75
96 383.47
23 704.07
8 388.31
18 889.23
20 962.56
2 703.18
88 195.17
81 822.53
58 802.97
51 608.75
63 780.37
51 229.77
49 114.79
11 344.05
20 920.64
28 615.76
7 143.95
25 169.98
98 915.16
54 177.42
59 881.36
56 307.50
96 384.07
13 761.18
58 530.05
74 753.01
50 559.69
65 991.58
33 187.22
53 779.10
100 824.10
13 317.38
19 573.53
25 895.00
72 702.62
46 853.12
8 399.65
37 326.00
9 432.31
45 775.68
8 603.87
53 671.66
99 675.22
37 787.22
93 588.38
57 339.95
67 398.76
27 480.49
20 168.12
24 961.64
81 546.18
5 512.01
41 987.53
39 197.54
88 818.27
27 158.00
11 169.20
84 682.25
85 495.26
82 225.26
11 923.75
8 727.89
57 824.34
70 326.95
49 335.94
69 236.25
1 416.54
74 966.38
38 434.02
51 242.92
26 163.76
40 300.53
26 309.71
10 230.22
40 294.41
88 990.89
12 164.18
78 684.57
25 851.95
20 371.86
38 774.76
34 342.87
96 754.32
10 107.59
97 991.64
18 648.64
1 977.82
95 561.96
50 139.14
62 576.02
71 221.45
34 489.88
11 798.99
3 433.83
37 882.47
31 561.64
36 449.39
50 296.91
100 937.29
77 916.93
98 639.16
80 495.34
99 106.78
41 220.98
59 569.17
73 208.27
27 696.07
92 594.21
67 992.49
65 376.41
49 644.11
81 926.52
14 545.91
75 215.80
97 823.46
24 148.21
82 505.43
21 355.59
60 620.18
33 214.71
10 712.03
100 407.30
29 980.23
35 443.88
50 250.79
73 368.78
100 328.76
4 627.59
50 291.73
70 685.82
49 775.96
88 343.11
42 788.33
95 830.11
39 641.60
29 593.39
90 930.21
34 752.51
83 510.20
31 621.58
18 353.03
93 658.24
31 934.32
95 482.55
98 757.88
55 281.43
18 149.55
17 966.34
99 119.44
63 180.85
7 785.97
75 252.64
2 321.49
94 682.90
26 867.39
99 914.92
59 639.10
88 242.45
45 144.33
98 285.27
74 881.62
56 162.84
12 360.77
7 793.92
33 377.60
6 180.80
63 593.36
1 765.98
86 759.71
43 406.02
39 343.14
6 582.79
86 550.11
67 553.62
59 379.93
46 636.86
91 129.57
14 953.81
99 231.96
20 125.34
54 510.77
18 993.80
90 269.36
80 808.45
57 758.98
58 116.13
51 919.11
76 753.72
80 397.08
78 360.09
32 260.22
16 865.18
59 505.59
31 621.48
70 472.25
38 376.17
100 758.53
22 631.94
1 458.64
91 601.72
48 724.58
54 323.04
2 615.24
64 136.41
32 807.90
14 398.32
66 192.77
18 427.04
84 661.78
63 102.35
29 223.81
47 282.50
83 520.87
59 970.14
48 858.98
54 126.85
18 745.26
73 811.12
17 495.62
39 548.63
96 436.93
83 336.81
58 716.55
46 273.83
72 899.13
7 737.86
76 383.92
32 128.28
64 858.92
81 407.33
57 431.63
34 233.65
51 661.44
22 800.97
100 129.14
4 935.56
58 854.65
8 932.76
73 885.54
11 222.16
76 459.27
39 536.05
23 275.97
55 553.72
55 673.20
18 529.26
84 257.17
60 448.38
31 977.72
60 397.56
99 662.66
88 606.85
47 508.12
61 627.48
82 506.42
82 260.02
61 848.78
51 577.93
85 327.25
86 181.35
20 227.87
8 627.88
50 959.84
61 207.60
63 521.81
11 592.36
10 782.07
64 845.35
85 619.29
28 553.72
54 448.41
29 332.52
10 515.87
78 707.25
89 326.87
85 902.75
65 156.38
82 456.53
6 584.37
34 663.28
74 361.53
2 777.46
84 357.24
19 832.20
26 181.60
55 442.86
90 921.85
41 265.13
41 539.74
94 947.48
86 271.46
54 308.82
13 472.69
51 900.12
74 383.93
2 708.64
19 118.73
78 520.03
13 872.30
99 674.95
7 871.67
43 219.73
72 707.07
38 806.41
55 801.70
88 809.47
27 685.97
88 843.19
73 156.25
3 844.64
47 886.04
62 615.98
30 761.41
68 647.32
70 743.10
92 897.74
83 264.54
36 862.93
14 515.95
64 493.06
55 402.52
34 966.04
17 386.25
80 992.64
79 610.85
2 646.71
18 812.77
2 790.21
50 170.33
21 353.06
60 437.34
10 291.40
4 402.87
13 828.50
46 881.72
66 898.35
28 233.20
10 381.98
58 613.29
9 748.94
63 818.93
96 591.26
70 217.48
20 822.27
32 108.59
31 685.60
92 442.74
57 335.54
81 240.41
31 492.94
27 243.42
10 122.73
64 190.17
35 318.61
18 930.85
81 354.25
52 254.89
42 617.89
9 354.27
66 222.19
76 994.15
32 699.52
100 590.60
38 561.94
23 486.82
37 791.85
21 122.37
43 512.26
12 828.59
76 794.98
5 250.39
81 163.79
61 791.44
1 197.04
13 886.35
38 136.09
72 200.47
51 145.27
56 800.82
54 801.93
56 673.40
22 719.56
81 478.33
79 625.82
52 781.63
39 850.87
14 527.65
18 541.83
94 645.02
56 538.51
17 398.09
47 511.57
2 825.95
11 494.42
49 682.76
67 790.83
95 901.95
44 618.93
62 449.38
8 884.98
18 122.96
92 678.12
61 138.52
96 639.21
64 855.74
4 686.74
54 620.88
69 149.85
28 601.24
99 129.30
99 102.77
92 139.15
52 806.07
9 200.70
62 363.53
16 959.00
26 597.82
56 117.22
89 915.91
89 792.34
77 985.97
57 361.90
92 892.49
18 329.13
50 204.64
70 841.65
89 181.48
28 915.81
17 558.80
72 108.22
75 359.68
21 376.38
19 407.61
1 407.66
52 397.56
76 399.19
53 353.66
67 494.22
31 248.58
2 878.71
99 984.16
83 953.83
71 709.94
60 956.78
82 381.16
47 812.38
29 588.63
59 636.25
17 832.26
24 519.81
51 908.26
46 577.10
87 645.03
35 480.21
69 887.79
65 933.46
35 765.40
96 279.01
76 349.93
70 732.72
5 765.65
11 859.89
1 781.88
46 933.01
46 117.41
9 409.17
48 555.16
82 932.49
20 135.30
38 980.98
43 440.64
28 951.16
3 998.79
16 308.23
37 395.62
9 519.59
19 417.42
73 147.06
32 357.96
27 586.48
100 588.11
15 926.37
2 726.29
71 702.36
4 817.41
67 675.88
38 444.35
28 114.81
2 506.92
64 601.03
78 225.19
11 401.54
1 664.39
22 315.75
65 126.05
23 664.56
73 839.49
68 462.51
44 166.61
89 124.71
58 245.73
67 819.98
1 789.71
77 431.67
67 275.73
81 359.40
49 413.73
23 822.93
1 966.63
53 629.92
2 814.87
13 911.68
64 225.83
43 798.57
61 940.77
59 230.62
19 245.54
38 721.91
48 231.71
98 950.21
70 293.39
14 662.16
77 374.92
68 829.03
61 657.74
24 624.82
68 200.52
55 884.13
33 599.86
47 495.75
38 800.30
93 964.56
3 106.29
35 526.66
77 435.62
29 279.42
24 980.39
29 314.84
47 164.14
95 253.33
54 758.67
87 139.72
4 564.48
95 265.40
94 928.96
59 271.31
97 713.06
11 539.10
66 340.27
19 122.66
20 152.38
72 503.62
91 343.81
67 397.77
61 532.87
90 114.85
41 997.90
30 375.09
50 917.99
85 759.58
68 534.73
10 124.89
77 707.82
97 100.06
2 990.25
65 429.01
27 977.65
100 910.48
98 486.96
91 334.17
33 278.69
66 235.55
31 518.28
38 230.15
34 938.76
72 534.61
96 806.40
70 661.35
46 336.51
82 392.73
1 174.28
89 175.70
67 428.07
16 877.10
11 576.69
78 236.14
36 379.16
19 163.28
84 839.39
59 970.74
46 608.24
21 793.62
40 287.50
52 827.95
17 394.21
60 168.58
68 903.81
54 466.49
59 222.33
13 229.08
58 195.46
38 877.70
38 465.64
29 519.80
75 390.95
72 150.06
9 145.18
10 341.35
45 133.46
4 121.40
54 744.48
40 841.23
52 200.13
38 544.39
73 758.43
41 959.37
83 362.81
12 201.53
26 679.33
85 299.77
91 110.05
31 404.75
64 140.59
3 746.43
78 396.38
7 541.18
85 242.62
68 904.61
28 140.28
85 510.02
92 197.78
86 776.18
54 180.07
86 372.28
41 643.12
44 715.23
100 895.88
92 683.01
96 844.39
6 916.32
73 690.66
2 122.31
23 644.09
3 489.21
50 932.91
68 163.31
43 284.97
38 524.37
77 957.36
62 450.01
97 965.97
2 179.48
1 155.95
12 136.77
17 878.68
52 401.11
60 423.22
88 388.99
86 230.71
36 239.15
85 308.58
96 938.72
21 396.52
80 699.63
85 993.99
35 626.05
11 139.81
65 730.72
95 995.27
86 599.61
50 808.37
13 876.81
6 967.64
18 310.61
93 329.09
55 760.09
33 459.07
79 182.72
29 992.69
100 323.78
40 471.22
10 943.66
43 303.53
96 543.24
35 869.18
8 175.96
78 775.66
26 462.68
22 950.55
84 259.53
88 982.51
20 252.97
37 995.84
40 477.61
88 489.61
56 712.46
70 103.35
45 513.41
6 405.09
75 241.14
1 856.59
74 594.15
67 483.71
37 970.73
46 523.36
2 475.12
6 426.97
66 304.91
82 670.70
66 430.15
15 833.94
38 677.61
50 864.63
22 945.64
55 938.45
67 256.17
79 813.75
52 970.83
22 892.07
6 758.47
35 301.78
54 358.10
97 257.19
76 581.23
42 416.82
15 155.85
27 866.06
52 805.26
72 468.75
78 994.77
66 164.75
37 500.56
11 756.75
6 464.02
50 563.25
66 272.94
5 919.95
52 898.62
50 359.63
38 258.36
68 762.84
17 368.28
56 543.12
70 383.48
59 386.58
95 590.65
85 954.79
35 455.38
22 424.52
9 577.34
77 680.19
86 768.26
2 488.67
97 664.29
87 718.01
13 467.48
80 712.27
92 250.88
54 680.99
13 623.38
75 954.97
90 898.04
13 439.00
44 941.65
11 516.35
6 825.33
12 923.74
49 177.77
4 177.39
43 433.58
65 591.72
78 428.04
43 380.40
54 103.75
57 574.32
5 533.12
6 399.28
34 193.68
14 712.25
41 464.15
89 878.06
14 903.13
53 118.90
48 912.89
39 954.46
53 971.43
92 916.76
90 211.35
2 806.37
2 706.59
38 754.41
33 235.58
43 364.93
88 668.62
68 318.31
35 564.56
19 648.49
67 822.15
90 645.63
85 750.08
74 169.25
27 685.35
23 805.69
94 398.02
5 771.73
37 880.99
64 166.80
36 859.96
100 811.82
97 496.75
71 258.17
73 974.18
12 146.78
71 847.70
11 729.59
10 560.62
63 775.20
47 909.23
94 418.40
17 652.69
50 769.30
56 383.16
96 865.44
42 966.04
30 355.86
33 957.87
67 228.99
41 799.89
80 112.90
24 722.67
6 378.41
2 525.36
71 885.11
3 209.51
85 428.39
66 536.70
26 358.82
54 524.60
15 142.39
50 648.17
83 917.96
5 495.26
38 561.01
80 540.88
88 103.94
63 409.38
16 255.16
54 250.99
19 167.02
99 298.74
18 232.12
2 260.34
9 142.19
43 484.36
7 466.88
3 450.81
52 139.90
82 141.12
93 716.93
1 773.51
59 568.82
43 721.88
32 598.40
89 800.43
71 802.88
27 235.07
54 201.47
20 519.29
19 299.82
68 480.39
5 354.02
47 819.78
69 290.48
16 519.32
96 745.72
17 545.91
81 629.16
47 609.91
10 457.00
88 811.57
94 487.07
44 537.11
48 675.82
11 253.56
75 486.03
9 754.49
39 481.49
69 156.02
56 225.79
63 970.36
15 882.32
4 431.83
96 994.08
16 938.55
5 878.69
29 585.07
61 495.41
25 437.35
7 668.64
98 554.96
17 844.92
16 589.79
55 897.37
89 601.82
94 421.49
36 334.06
32 371.75
87 725.54
69 901.85
62 520.72
79 594.51
79 978.90
63 713.27
32 565.49
93 127.98
13 881.97
74 426.45
64 281.86
88 210.13
84 415.94
37 255.04
35 468.26
80 661.69
51 818.66
19 663.40
41 694.59
38 183.04
7 572.25
9 403.17
61 549.89
95 899.97
39 160.56
10 839.20
50 375.71
49 409.18
80 600.42
96 134.87
95 673.30
43 603.23
55 925.50
71 653.21
73 189.83
15 525.23
72 997.54
31 647.01
13 875.13
35 697.14
53 545.78
17 277.84
55 865.91
16 860.78
4 809.63
22 567.38
70 840.81
83 207.44
52 342.57
92 743.77
57 925.53
27 434.11
37 433.02
5 881.31
84 250.56
92 545.39
40 336.15
61 849.31
42 488.14
62 243.35
57 893.49
74 867.66
35 492.75
72 769.95
41 183.02
42 109.09
26 720.86
21 320.72
29 186.20
45 206.81
86 931.48
34 532.22
52 275.50
86 951.43
81 325.69
30 425.49
97 160.24
92 674.03
64 760.40
76 532.18
78 687.59
4 923.17
39 947.41
94 845.97
52 944.32
91 791.86
52 999.35
43 869.52
82 944.32
46 170.19
18 248.47
28 790.17
88 483.31
8 965.12
36 456.56
11 430.79
35 656.95
74 378.11
11 755.10
79 247.33
81 574.81
40 805.05
24 907.23
42 281.18
99 800.17
25 559.84
49 793.19
89 418.09
90 242.07
60 725.39
27 511.93
23 164.98
96 116.66
96 938.66
90 161.83
35 811.42
50 831.67
48 737.30
71 777.32
76 334.92
54 452.80
87 403.79
48 340.59
80 795.76
15 459.57
82 716.62
7 590.72
24 740.07
8 513.68
63 788.85
96 514.12
65 171.85
56 736.18
32 991.52
6 980.46
21 616.39
19 249.44
16 144.23
39 996.25
80 414.43
40 687.45
87 625.31
1 778.18
93 634.67
50 656.05
63 516.67
65 827.89
49 444.78
8 772.16
46 994.00
100 244.56
91 105.46
40 843.17
96 324.83
6 858.71
73 365.87
9 797.78
70 290.30
50 861.41
59 546.80
96 507.32
12 687.19
72 960.20
52 411.16
44 521.95
16 519.28
71 985.41
65 344.36
4 699.13
40 852.01
62 961.01
66 244.21
53 236.63
30 939.06
23 407.78
32 357.65
96 186.21
68 931.00
99 654.47
18 682.51
12 294.92
15 224.47
69 123.72
98 899.88
47 517.94
8 513.36
66 501.16
19 504.22
78 969.57
59 222.95
10 922.38
25 449.72
53 965.80
70 187.83
54 717.66
16 170.06
32 535.73
35 788.15
21 480.18
66 667.49
46 438.53
26 828.38
49 106.96
98 524.52
88 743.92
26 248.67
50 198.39
89 621.59
45 984.77
10 326.02
66 885.83
65 344.90
88 870.63
70 531.35
80 820.97
79 525.34
44 651.04
39 652.25
71 367.34
5 425.05
72 893.93
11 119.36
53 110.71
77 216.23
30 154.53
41 343.41
23 206.79
11 983.36
40 983.18
68 759.92
70 247.65
68 219.77
31 317.53
89 537.31
43 239.31
49 407.71
93 386.33
24 796.04
3 614.34
61 758.59
72 668.73
20 551.89
87 391.34
80 279.25
6 367.07
17 852.04
12 194.18
38 469.54
97 667.27
28 683.82
44 860.68
61 376.23
86 423.94
65 103.67
49 157.07
64 287.88
46 480.35
82 525.86
5 880.47
27 855.90
18 853.11
59 256.78
34 425.31
5 599.13
47 350.08
48 265.95
24 377.73
52 365.70
30 683.00
36 975.70
39 131.02
31 782.97
6 654.94
70 783.13
70 892.90
48 230.57
10 547.60
28 993.79
7 438.56
62 447.65
85 902.86
33 261.13
20 846.00
36 306.14
12 521.75
69 659.19
37 278.18
78 711.51
100 934.13
49 246.82
83 340.38
32 381.77
75 995.30
56 589.26
85 472.23
71 908.98
20 384.21
18 848.27
60 717.76
36 139.52
40 361.03
69 130.28
87 905.21
67 721.90
3 825.78
59 989.19
56 750.58
60 365.76
96 393.65
7 574.26
72 991.96
75 746.19
96 325.41
88 307.64
57 544.08
91 204.18
48 190.24
4 287.81
50 333.46
20 545.60
60 416.01
35 261.71
67 470.78
24 783.31
41 574.69
46 518.49
52 280.69
89 326.78
94 775.75
18 368.36
28 351.35
94 346.95
43 364.93
23 764.76
52 285.34
82 150.02
95 315.15
72 389.25
70 331.49
93 927.81
64 528.65
74 840.49
100 144.03
19 229.23
53 855.00
2 361.07
62 318.62
92 952.52
43 160.77
17 641.25
34 234.12
61 227.78
59 817.89
80 584.00
94 853.04
6 794.62
38 391.84
12 391.55
16 527.84
34 438.45
54 101.62
49 812.31
58 694.75
92 653.98
47 254.34
14 380.64
95 167.05
3 881.43
73 877.20
52 635.53
15 175.35
81 849.17
20 468.98
29 855.25
43 241.85
85 469.67
26 714.15
22 380.06
44 538.52
22 210.95
78 873.47
13 907.79
36 285.62
53 302.05
5 979.52
64 951.72
15 791.45
73 779.76
69 673.04
76 748.26
25 779.81
45 123.90
96 400.92
91 541.94
84 684.72
98 306.77
10 876.28
44 403.52
20 498.76
35 927.03
9 563.90
29 550.57
30 390.38
1 600.39
58 180.80
82 224.80
80 964.50
50 806.05
24 854.42
7 333.38
38 981.66
38 759.35
44 870.49
65 649.29
75 557.81
74 496.83
88 619.75
25 356.30
67 523.94
93 312.27
57 478.42
70 297.40
82 501.71
65 175.56
67 263.84
22 651.20
6 143.41
74 592.77
70 103.32
48 369.29
93 662.67
9 894.85
87 333.14
19 369.11
99 636.01
49 528.82
16 814.67
1 631.13
76 149.29
5 194.35
49 934.33
80 971.19
87 882.46
15 641.64
10 365.95
74 155.23
15 881.61
4 814.98
45 710.58
95 325.67
37 371.84
78 518.06
17 297.58
93 711.64
1 692.07
17 915.11
47 792.92
77 786.92
62 380.71
58 503.77
76 486.03
7 896.78
37 485.13
63 719.25
83 637.98
71 426.01
53 215.82
72 409.46
20 948.89
3 426.03
27 134.99
83 415.53
30 169.84
52 945.57
68 175.42
7 902.30
31 573.45
80 852.24
100 638.47
92 701.96
52 497.64
22 387.82
16 477.40
86 781.18
38 694.70
55 367.30
6 420.25
39 679.62
93 608.61
19 246.41
33 522.59
50 322.42
55 909.22
60 448.07
84 456.69
85 528.38
61 946.49
73 663.67
18 107.51
50 694.35
70 577.78
81 449.76
99 990.07
62 156.74
36 920.43
94 633.81
93 706.57
63 975.79
11 271.94
28 584.71
42 329.54
25 184.48
95 672.03
30 467.33
48 515.00
67 475.15
12 667.28
34 870.72
48 951.31
91 482.49
14 117.14
5 924.17
62 270.50
22 878.32
5 315.09
72 280.54
6 281.35
41 863.35
59 564.25
73 668.72
50 476.32
9 808.26
95 222.53
7 944.67
93 766.50
30 363.61
49 301.87
76 705.06
20 636.02
85 983.24
93 565.17
68 452.85
58 164.70
64 982.57
47 707.16
2 252.22
45 697.03
11 619.99
84 350.23
99 867.28
75 410.47
38 729.66
98 716.34
38 277.78
67 412.69
53 465.10
38 738.81
64 127.85
93 395.09
22 433.15
30 854.18
29 561.28
16 619.70
15 849.52
27 692.72
9 623.85
47 690.15
23 273.79
23 988.83
94 134.19
2 168.83
8 262.31
90 947.69
37 647.32
50 987.13
53 626.00
39 271.92
92 582.70
13 989.02
44 904.72
7 634.97
9 329.05
53 402.71
70 554.69
100 827.49
53 165.40
35 293.06
29 416.50
13 580.92
43 310.81
22 447.58
53 404.55
24 639.04
22 118.31
85 964.47
1 938.33
40 150.75
67 474.16
47 426.48
95 160.90
86 435.15
50 896.25
84 887.62
78 748.87
5 761.19
29 386.88
93 383.25
96 632.55
36 601.12
12 975.45
81 383.92
73 791.55
77 416.58
76 287.86
78 261.71
46 297.49
20 556.91
55 994.46
56 792.81
19 889.92
93 991.50
31 404.53
78 156.69
67 446.41
11 670.51
42 404.44
97 594.36
82 507.11
46 208.55
34 937.80
22 992.44
29 189.78
50 498.50
35 974.08
56 989.77
60 378.38
62 519.93
60 454.78
94 936.82
61 321.93
5 148.84
91 794.06
96 708.15
80 748.28
59 272.55
58 977.64
14 751.68
44 258.33
22 362.97
78 498.77
44 491.21
4 805.25
66 382.99
90 474.91
61 302.60
14 152.53
32 738.22
50 931.39
94 628.80
33 462.30
69 624.60
37 582.91
36 431.01
70 609.88
71 131.10
1 271.18
5 475.12
80 984.00
100 465.39
78 586.77
65 453.88
52 812.36
89 351.22
84 982.63
13 550.08
34 342.40
93 869.70
13 962.92
55 251.24
9 898.51
81 752.86
36 351.40
41 867.26
56 624.39
96 763.82
35 380.54
5 883.46
87 650.82
96 324.47
40 166.07
17 722.65
31 629.04
3 469.58
57 218.84
60 561.45
60 110.76
30 913.72
26 442.02
90 175.09
15 766.40
30 294.96
79 444.10
86 118.51
58 783.71
72 946.95
71 586.27
46 742.13
73 191.72
76 717.03
92 799.01
80 395.05
28 919.54
99 622.43
34 665.55
84 798.72
94 117.92
32 607.20
59 171.46
4 609.99
82 128.53
1 461.72
33 567.63
58 611.45
56 378.89
76 572.28
33 489.86
6 178.33
79 917.22
10 580.95
54 974.55
88 561.58
91 196.69
73 144.67
63 527.89
86 527.56
50 825.48
23 397.75
35 482.75
74 334.52
73 455.91
23 959.37
35 678.02
34 561.57
51 988.97
37 866.25
72 556.25
4 379.66
62 354.65
57 475.19
86 240.83
54 955.26
45 466.86
72 690.07
75 513.67
89 902.39
60 283.95
61 489.92
85 612.61
76 398.90
36 532.73
66 906.95
57 689.20
77 615.23
32 749.90
64 652.80
86 126.50
83 910.96
90 792.52
14 378.51
10 959.18
78 211.17
75 315.94
9 297.55
23 759.38
57 558.01
47 179.12
47 834.72
97 396.90
4 690.84
52 242.31
91 186.08
83 195.70
9 615.49
16 688.05
29 878.29
19 187.43
38 711.05
50 714.55
18 409.73
26 326.50
7 195.14
81 597.67
90 887.63
79 457.44
84 503.26
32 913.75
88 701.71
91 579.94
76 849.96
42 995.30
26 461.40
97 603.85
92 881.71
40 913.40
11 513.97
45 647.60
20 444.00
32 940.92
39 221.51
47 601.83
29 482.76
43 677.64
47 206.32
53 848.24
53 943.85
76 946.16
37 728.58
96 669.70
98 503.59
91 481.52
26 252.68
44 475.41
11 813.83
86 285.16
13 940.88
21 230.12
26 580.20
36 877.98
4 354.79
50 560.13
37 214.42
49 617.11
100 375.69
59 316.78
63 410.88
83 767.28
72 669.26
61 396.38
58 151.39
36 557.01
55 498.31
15 406.79
73 365.20
59 905.53
49 224.75
95 143.97
83 996.76
58 160.32
67 602.36
49 374.07
40 827.36
18 854.39
100 924.21
19 833.00
72 380.10
11 304.63
92 632.73
30 207.25
55 898.74
54 653.80
60 453.69
73 497.71
85 524.41
41 147.45
28 587.23
92 813.88
18 406.02
53 221.23
83 673.06
94 847.53
34 117.33
97 794.48
92 943.87
84 792.73
84 675.46
72 361.19
54 954.74
38 402.73
5 982.56
83 474.32
69 922.16
52 957.59
79 240.98
79 286.93
72 707.36
19 499.17
80 538.95
51 468.82
79 454.89
57 204.32
47 642.99
75 113.14
42 965.46
71 319.09
51 935.67
17 737.66
28 370.97
32 326.25
21 347.14
91 332.11
58 460.11
71 319.29
22 430.82
4 560.64
17 856.49
22 788.89
32 430.53
8 472.36
88 668.22
72 628.92
40 439.22
61 317.57
55 292.55
51 591.14
85 696.36
26 185.02
65 872.01
20 401.21
61 175.30
59 178.43
46 288.72
62 702.06
9 362.23
36 332.32
10 124.62
64 473.05
36 898.54
38 637.04
53 401.76
46 189.76
43 158.42
33 254.50
64 409.04
66 704.44
32 241.61
93 143.95
79 294.37
36 976.78
23 693.24
10 813.01
55 478.63
67 682.09
51 988.89
29 646.06
39 366.25
100 504.33
38 330.42
28 701.56
8 444.45
36 535.89
47 352.70
20 192.30
15 854.90
2 786.93
24 974.07
38 263.16
81 193.15
24 909.76
66 459.35
79 491.32
31 225.28
16 568.12
12 417.40
61 370.54
4 574.25
55 635.29
79 834.36
22 407.13
62 936.22
88 191.47
18 280.55
82 328.59
97 659.26
26 542.79
45 301.13
29 884.24
56 598.53
55 871.52
40 138.62
35 899.24
55 323.54
36 605.64
57 240.38
96 692.15
61 361.84
86 109.65
68 938.34
58 386.01
27 738.44
39 692.65
59 138.61
89 550.05
97 773.60
40 407.25
46 543.90
87 120.09
91 242.81
97 136.09
99 847.11
54 876.98
17 389.07
92 293.33
22 974.38
65 155.11
36 424.16
37 738.98
2 503.28
88 866.85
95 336.27
85 796.54
85 220.94
82 457.42
20 865.56
91 314.15
80 707.03
32 391.88
23 177.59
31 116.71
24 644.81
51 470.42
80 124.32
54 179.69
88 922.14
57 811.64
88 281.34
28 170.28
76 955.91
89 603.16
37 900.92
61 294.98
19 724.69
27 257.99
64 730.00
47 806.49
93 982.90
99 600.16
47 206.13
76 316.08
82 970.51
58 333.12
90 271.22
89 846.53
15 461.07
26 436.77
65 568.80
87 358.60
78 578.57
35 794.35
40 917.87
73 462.96
71 532.84
85 842.19
29 888.48
95 303.20
96 962.65
14 845.05
46 417.27
36 850.77
73 770.04
53 267.92
96 908.93
37 136.48
88 671.64
92 707.42
93 350.89
26 612.07
28 859.51
61 351.45
30 394.53
92 764.52
52 498.64
88 532.72
79 386.92
5 710.79
39 632.49
35 782.24
16 421.77
95 898.24
26 399.76
7 211.96
17 729.27
81 474.48
5 259.26
4 796.75
16 438.92
24 623.89
20 506.94
71 987.28
44 741.74
83 658.58
35 271.10
4 298.36
24 875.41
35 232.01
62 991.27
83 745.58
98 579.51
9 466.90
20 111.39
64 685.10
87 969.02
77 853.65
83 384.35
51 792.99
50 210.76
44 217.01
61 743.87
51 550.77
98 690.45
55 598.70
44 277.88
23 881.55
100 339.33
85 971.36
88 113.82
21 435.11
99 271.52
93 797.73
30 662.00
62 216.35
43 278.83
54 487.01
36 668.63
26 907.88
87 736.39
61 804.58
39 939.32
50 996.11
7 555.24
71 882.71
67 404.02
8 560.98
88 308.05
64 600.75
41 240.41
22 474.87
94 382.31
65 445.08
87 943.88
3 630.26
86 277.99
10 973.52
5 298.96
25 715.52
21 950.13
49 388.53
23 522.24
20 982.13
90 309.57
15 971.41
34 668.64
36 392.40
71 410.75
96 950.18
36 638.83
67 170.49
58 116.46
86 542.33
10 483.87
47 793.44
58 711.52
78 591.96
53 597.78
82 320.60
71 835.28
45 859.08
18 386.14
39 438.21
59 239.43
53 319.82
39 756.46
4 332.22
9 786.17
85 226.76
40 665.56
94 628.70
2 887.09
91 872.44
97 370.54
61 283.35
78 523.16
79 726.86
77 317.69
63 100.14
1 394.82
58 310.96
57 840.86
61 826.91
38 248.92
25 299.38
74 846.94
93 244.65
1 312.28
26 435.29
12 106.28
79 231.67
24 946.63
79 449.97
18 999.05
37 855.41
76 165.23
98 720.02
59 981.61
49 909.90
26 945.28
36 277.21
13 661.74
47 249.64
16 474.80
14 775.83
32 564.45
8 928.36
36 876.78
47 203.48
19 488.58
37 478.97
67 190.86
81 818.20
52 278.77
60 487.40
58 502.97
57 812.03
57 213.77
36 435.28
94 675.72
50 718.52
56 224.52
43 185.19
45 380.90
57 921.75
100 289.67
10 543.24
88 754.43
46 180.73
29 181.64
2 110.08
16 653.03
41 691.64
44 901.97
13 292.82
4 735.11
78 812.83
22 536.90
77 890.58
70 610.22
48 437.01
44 838.67
35 473.56
56 887.51
7 300.19
19 188.29
49 931.98
21 425.04
1 851.53
2 449.57
65 254.21
51 985.49
6 389.65
86 471.31
59 997.19
88 303.94
53 651.34
11 268.74
73 164.23
4 751.93
24 996.00
52 970.06
100 612.55
55 270.57
2 513.55
43 469.98
24 708.37
11 903.95
63 333.12
35 621.26
50 405.24
6 786.10
8 524.55
69 281.48
27 382.52
44 384.05
64 294.88
13 741.13
73 397.24
7 911.27
74 914.01
15 604.25
61 814.65
28 365.39
78 421.47
52 385.23
35 805.23
87 453.00
68 987.97
67 703.32
27 282.00
68 920.72
37 692.68
88 168.68
5 314.51
79 597.49
11 818.37
67 850.89
93 640.94
21 333.53
54 625.70
71 967.49
82 580.27
33 991.38
79 881.53
90 126.74
94 895.37
42 745.76
61 274.80
29 319.86
44 986.96
22 186.52
42 742.92
24 722.65
11 667.39
49 677.80
59 291.07
18 151.43
11 720.21
79 722.65
49 870.85
23 921.59
5 860.35
55 869.69
37 169.83
6 470.06
75 419.81
2 819.23
60 419.74
44 194.41
3 273.47
30 708.76
71 494.95
52 671.10
2 790.33
50 519.48
49 793.13
96 117.16
9 763.31
44 638.43
39 973.07
83 470.54
3 129.19
69 727.32
8 294.63
95 632.00
15 764.32
1 685.98
37 724.11
19 691.18
42 581.29
58 168.16
30 430.91
72 347.80
91 932.42
51 664.82
60 503.75
54 955.23
89 889.16
34 424.09
54 843.72
55 128.37
98 464.77
74 787.06
2 678.42
88 738.21
37 412.38
36 608.90
11 952.36
7 510.99
29 276.63
15 223.93
80 850.70
24 155.86
12 923.88
79 577.68
88 883.28
60 556.95
20 737.01
39 561.73
17 844.53
79 719.29
26 643.93
1 603.34
31 271.30
92 378.48
29 204.52
50 499.72
36 131.51
6 595.96
12 450.91
93 906.53
89 174.34
82 733.00
80 590.32
7 461.30
71 323.53
56 279.56
3 625.58
61 154.29
44 357.95
14 707.80
60 346.17
30 551.93
3 129.81
100 168.42
41 880.04
11 317.56
71 183.35
66 375.21
52 315.36
87 671.10
90 190.42
75 303.31
8 831.23
21 307.32
89 618.18
62 293.37
79 452.45
6 260.28
79 761.37
59 914.39
71 241.20
23 844.25
79 732.50
58 808.20
92 489.96
42 876.47
96 931.41
48 219.37
92 786.01
50 332.43
61 957.45
26 207.86
27 600.61
37 265.09
50 694.14
21 600.49
46 355.08
12 302.39
62 162.63
94 690.17
14 800.15
41 131.16
95 755.28
6 186.11
81 153.06
26 170.99
53 469.14
90 465.23
74 127.63
5 397.75
89 800.00
91 126.22
31 840.96
40 104.81
70 272.26
7 156.51
12 856.79
76 337.70
57 389.92
22 314.34
64 794.30
81 489.55
3 324.49
94 736.08
47 176.62
60 969.44
57 541.68
55 561.35
74 145.02
25 475.24
100 919.49
39 934.00
19 664.46
57 546.37
38 999.18
19 264.24
83 697.25
23 803.21
66 355.96
41 460.44
80 455.40
23 583.82
23 592.05
70 770.67
27 505.01
97 277.58
67 132.96
4 422.88
85 124.49
71 154.38
75 233.87
67 413.46
34 941.24
81 443.81
63 682.63
58 768.75
52 541.38
27 943.53
69 724.06
33 933.15
53 238.28
83 569.28
84 850.31
29 527.34
85 672.51
11 161.20
4 824.31
42 440.38
18 297.01
25 516.99
32 374.81
64 388.97
38 842.29
59 825.44
62 401.93
16 490.55
67 456.29
77 682.52
88 222.69
26 101.14
15 631.67
100 538.41
61 629.49
15 753.52
3 130.88
97 441.47
51 680.44
58 119.24
13 441.91
31 439.60
11 638.70
39 602.02
83 503.19
22 238.42
10 806.27
18 925.01
81 659.47
62 845.30
31 687.42
15 774.11
99 544.88
52 787.44
78 458.73
18 702.83
26 543.57
14 984.34
33 722.27
96 582.95
13 445.24
99 568.09
92 317.36
75 752.47
50 424.07
36 961.77
89 753.24
46 661.38
98 106.18
98 165.65
49 902.13
22 710.41
8 910.17
60 715.89
82 947.41
100 999.97
89 817.95
33 237.89
29 988.28
87 797.71
24 305.83
78 542.70
5 125.52
97 262.19
2 772.79
100 800.01
88 895.14
69 741.64
71 888.63
28 755.66
45 554.65
91 266.29
87 521.65
51 368.96
42 767.50
82 480.14
52 362.28
12 224.03
62 659.14
20 486.57
43 158.22
59 848.72
25 404.94
2 589.50
75 509.31
12 814.25
43 451.64
44 647.53
47 511.30
59 739.10
85 377.70
38 197.28
26 972.02
27 185.87
30 546.89
61 749.65
68 138.10
47 298.77
31 235.83
69 116.73
58 537.94
70 297.50
28 361.58
89 762.22
89 892.88
77 188.14
39 568.12
13 689.16
47 582.04
65 522.82
13 992.13
16 649.70
26 807.01
82 484.09
80 806.16
38 627.29
40 515.48
62 506.11
97 550.45
48 663.72
61 243.98
19 349.12
6 795.25
22 270.32
26 961.20
7 584.34
60 671.16
94 211.95
78 145.29
29 427.22
10 206.39
88 665.30
84 329.25
38 329.97
55 433.75
44 686.45
59 597.96
80 400.43
18 399.14
46 858.65
92 630.54
2 876.01
10 398.75
25 798.62
68 526.55
40 411.67
13 419.72
10 228.32
68 876.43
37 447.77
99 463.87
25 759.36
61 161.20
35 247.16
4 790.12
75 594.12
62 178.13
99 371.86
61 767.43
2 700.59
22 840.73
36 942.74
97 563.43
16 640.82
82 249.49
88 762.41
99 557.33
6 622.24
80 525.79
98 539.91
92 401.05
20 180.72
89 735.86
50 401.79
21 239.57
83 108.92
32 107.82
72 609.95
1 260.52
51 993.70
30 347.75
83 946.20
43 643.85
23 100.55
43 662.39
98 359.53
70 537.46
1 667.15
20 157.81
17 753.03
33 777.12
9 882.04
29 349.58
69 291.48
86 542.53
95 694.03
2 277.28
15 818.67
1 300.51
87 586.83
86 548.50
67 897.10
44 225.75
3 233.79
6 500.48
26 596.11
22 547.18
92 248.93
74 758.80
88 212.09
36 528.23
90 898.78
60 919.13
28 739.15
27 918.71
27 323.83
81 902.70
10 464.83
54 296.70
24 572.41
54 512.04
10 627.58
34 228.64
37 604.09
44 214.92
69 169.70
21 872.57
21 958.82
70 813.22
63 607.17
54 807.87
7 938.68
39 536.43
70 619.47
76 608.39
51 920.36
8 921.90
32 733.90
9 821.73
45 653.72
26 301.91
86 259.97
98 930.04
31 884.29
93 760.90
97 234.24
28 636.45
60 453.07
28 192.66
15 427.13
86 839.21
94 143.22
36 475.53
7 859.41
51 431.32
64 217.89
76 280.83
16 925.26
63 832.54
68 867.35
31 859.61
5 651.58
17 352.75
36 601.04
100 656.03
40 678.14
72 664.21
45 187.54
88 574.04
67 364.94
47 239.31
77 151.67
30 459.36
77 618.93
7 274.71
44 628.61
34 792.39
56 726.99
18 670.97
96 828.62
86 874.80
14 355.03
13 706.56
51 243.67
28 802.97
74 706.92
82 422.13
56 895.89
3 175.79
85 270.73
37 199.69
42 572.88
20 972.36
39 431.96
96 545.11
37 926.82
40 193.27
51 881.75
7 356.42
65 592.35
79 385.81
1 660.73
96 918.78
53 430.51
59 266.29
29 981.06
18 645.11
47 751.14
6 966.84
1 162.52
47 873.48
75 244.22
49 526.54
24 756.64
90 490.54
19 637.70
47 532.50
86 347.62
76 985.57
88 541.45
78 704.36
71 198.74
62 510.65
76 932.09
26 203.78
70 272.81
62 119.33
62 785.53
59 740.06
1 840.35
19 861.67
83 670.16
31 231.24
82 394.38
4 119.99
94 734.64
58 357.65
27 484.75
76 961.65
50 531.12
23 922.04
57 897.25
5 892.75
47 902.49
6 524.48
52 128.25
100 331.37
43 256.90
38 842.69
9 606.83
34 711.18
72 256.85
10 931.17
93 905.77
47 556.60
33 659.84
74 217.16
47 853.72
52 304.59
59 603.02
44 912.55
39 109.03
39 582.97
81 481.67
52 208.48
74 589.63
19 579.10
14 632.59
82 733.97
60 951.90
48 471.66
97 283.85
18 596.82
52 569.20
69 826.54
82 406.36
56 955.98
67 938.50
80 250.23
80 880.91
76 157.43
83 961.37
39 580.52
57 502.91
86 760.28
9 899.69
57 334.45
55 533.75
24 674.98
73 367.09
9 466.18
88 655.99
63 201.41
26 592.01
43 256.37
45 968.89
86 889.22
22 360.14
90 409.37
82 461.67
4 629.56
73 321.39
24 305.43
81 542.45
34 458.12
82 589.35
38 587.21
38 854.12
88 986.98
31 812.74
85 940.91
68 903.10
13 946.98
59 103.75
78 330.27
50 815.58
37 156.15
19 134.73
86 279.40
72 547.19
48 771.91
12 380.28
2 186.16
23 805.78
69 915.01
99 402.82
38 877.40
17 552.03
73 650.45
73 441.75
99 428.53
88 286.28
99 805.94
53 223.69
20 604.54
8 492.10
40 283.14
13 812.82
35 550.09
13 317.52
84 837.89
64 862.93
59 728.38
28 613.47
15 614.09
72 172.27
84 899.00
89 744.46
79 327.24
6 224.62
41 765.40
82 816.68
79 574.93
57 630.16
12 194.52
97 760.46
11 721.62
31 704.39
41 833.69
35 867.12
74 903.59
48 196.52
46 354.64
77 267.50
5 619.54
100 434.64
7 768.09
27 532.77
50 837.01
97 379.14
24 590.45
77 652.11
9 116.84
47 953.48
3 559.82
84 647.61
64 213.81
69 601.01
33 577.83
15 910.93
77 697.27
38 367.20
40 869.61
71 102.96
49 997.95
90 375.98
55 118.82
19 788.46
62 669.33
29 193.96
16 485.07
24 463.46
44 924.60
26 937.70
8 944.32
60 132.99
53 989.42
25 714.50
99 705.08
54 261.46
7 702.43
67 174.25
51 486.77
36 713.30
68 144.81
87 128.48
2 871.57
28 473.65
47 421.59
2 534.14
36 173.34
3 600.56
36 254.69
4 803.67
55 920.14
84 116.01
76 627.34
68 697.00
53 655.84
56 616.60
48 724.23
41 958.71
8 506.04
50 286.48
78 689.98
28 579.01
51 554.05
66 828.11
20 416.02
91 251.80
86 841.00
24 246.69
56 967.92
94 557.66
38 531.70
50 472.98
75 466.85
87 795.82
32 260.05
53 656.44
54 210.34
89 589.21
59 750.13
38 569.31
56 384.45
92 724.99
29 984.60
25 876.23
79 490.40
3 687.96
81 701.80
31 802.92
44 865.17
84 351.61
34 673.16
84 444.97
40 614.91
18 777.78
75 232.43
10 326.21
41 223.74
57 183.91
26 635.87
92 538.69
15 199.17
76 674.34
31 393.00
41 186.82
48 967.56
8 741.62
40 732.58
67 665.16
9 525.84
59 591.70
68 645.24
36 803.47
80 359.04
68 605.49
68 684.71
61 647.28
77 544.69
43 787.60
69 301.52
48 503.75
78 761.38
37 706.89
20 775.66
12 839.01
82 460.36
77 693.99
48 302.67
30 525.61
24 375.17
6 394.80
5 521.10
26 875.51
93 730.47
85 973.53
61 555.12
95 394.31
3 807.90
25 422.77
8 692.26
46 488.95
81 691.67
92 862.92
51 336.40
96 929.54
16 139.32
78 225.72
19 299.34
29 992.98
56 881.33
25 563.79
30 885.69
53 598.95
8 567.21
61 639.72
24 879.98
23 498.94
36 462.64
56 124.69
13 138.39
15 393.64
49 791.20
99 456.26
54 447.60
85 944.85
88 919.11
51 108.29
89 119.58
59 332.16
57 750.90
80 883.27
69 195.64
54 180.65
12 221.72
32 757.73
82 730.88
55 536.78
12 255.44
16 533.01
99 846.51
68 680.40
91 191.40
11 642.67
48 123.34
91 553.91
80 908.13
18 881.55
4 982.34
76 153.32
4 278.08
83 578.97
85 334.86
12 226.52
18 173.33
10 983.86
74 917.20
74 376.33
51 569.26
51 197.84
80 744.99
15 763.40
57 938.15
28 565.26
30 372.96
51 202.66
46 362.79
60 211.53
56 991.20
57 814.63
99 922.94
68 369.11
26 277.99
9 736.17
78 812.78
34 899.07
18 814.68
77 488.58
58 336.25
79 265.03
55 175.74
74 866.24
30 748.15
56 223.42
25 978.52
66 203.23
8 797.17
98 550.08
95 896.49
73 596.66
5 671.41
58 155.88
59 274.85
59 905.31
19 280.14
91 823.30
2 396.75
54 815.75
34 510.41
30 282.99
87 599.56
84 173.80
45 932.94
45 350.94
87 784.45
2 525.78
99 965.58
53 642.95
49 438.18
52 765.17
22 965.74
58 674.30
18 937.72
44 501.31
84 773.11
44 784.72
42 975.95
17 865.10
57 811.37
96 870.85
77 914.22
30 482.97
23 478.80
79 821.44
36 304.25
54 239.71
39 814.14
11 312.75
86 433.66
54 619.21
76 396.17
20 934.66
55 628.22
83 805.17
86 899.70
46 988.59
61 883.65
8 327.30
63 282.46
96 465.75
85 557.37
53 127.36
26 837.50
35 727.29
86 347.87
71 375.57
34 237.74
67 626.13
90 312.21
12 974.99
14 577.19
66 460.55
92 225.55
39 297.08
48 289.81
71 997.35
3 791.07
8 118.00
6 567.21
16 773.38
57 677.96
24 688.05
32 903.98
24 332.34
25 335.88
99 817.95
44 679.88
84 589.17
61 856.35
15 965.81
87 318.91
74 789.48
32 297.66
70 401.30
24 774.94
84 958.23
1 582.10
27 995.31
11 156.64
43 965.67
17 671.67
34 378.21
56 980.80
45 820.97
92 761.15
62 519.80
54 500.49
6 214.64
33 174.20
60 504.72
81 415.50
58 532.56
60 752.91
23 853.66
52 340.88
96 339.87
53 987.65
48 182.55
55 886.49
71 267.89
96 169.77
71 750.10
34 663.44
75 405.24
63 641.01
85 628.00
4 739.65
46 736.67
44 152.60
49 885.75
84 160.77
60 529.94
23 633.32
93 613.01
41 795.56
67 701.43
29 969.30
31 601.33
42 121.07
71 786.38
9 553.25
87 304.65
11 602.48
89 529.65
38 534.15
13 668.12
95 824.43
48 645.43
86 828.94
74 691.06
94 733.51
74 215.58
59 313.76
36 450.41
3 719.59
75 125.41
67 922.59
35 963.52
55 829.49
43 316.80
16 925.32
65 441.81
93 730.52
67 743.20
90 206.79
91 585.33
90 702.91
17 149.29
41 519.02
82 855.76
40 320.67
7 592.81
41 953.77
54 570.91
29 236.93
81 693.76
52 891.43
16 710.25
30 865.07
7 865.91
8 224.63
8 116.00
6 290.57
23 105.79
14 488.82
81 613.25
92 457.04
16 777.63
10 600.94
91 507.94
52 214.87
72 428.94
9 385.55
17 864.13
52 807.11
59 414.87
73 799.18
90 929.71
88 864.25
88 521.45
47 783.31
26 781.13
29 999.71
11 626.07
37 305.07
23 917.53
24 538.27
1 765.68
27 307.85
49 908.82
49 894.42
54 827.59
45 381.04
22 506.87
6 461.89
33 730.86
75 184.43
16 395.95
74 272.89
85 895.78
78 221.96
84 793.62
59 231.99
78 866.74
10 598.75
17 826.62
85 548.30
92 379.05
62 634.58
59 181.91
59 220.07
93 271.77
41 916.44
23 838.56
20 862.29
65 627.23
70 495.67
65 135.48
64 760.09
81 740.16
37 175.10
33 513.07
76 501.29
36 152.79
83 628.38
37 398.43
32 267.03
2 756.77
51 753.37
25 998.18
39 773.65
93 998.56
47 889.69
2 654.57
80 629.04
29 181.42
96 769.67
92 471.44
36 119.31
5 638.26
61 502.93
95 298.83
54 517.58
62 916.74
1 733.76
28 975.79
27 882.10
43 993.97
62 550.79
30 393.41
56 245.41
58 845.49
2 209.68
65 913.94
36 186.24
21 576.16
43 431.50
29 495.36
46 532.80
41 773.61
38 476.36
37 275.81
23 142.46
19 845.89
42 530.32
17 668.16
94 299.53
21 140.49
72 151.43
94 631.30
35 391.11
87 940.81
56 342.25
65 440.81
37 411.13
46 419.44
19 974.29
4 150.08
98 294.27
65 620.39
11 681.81
7 969.79
4 425.63
29 714.38
1 877.64
16 591.69
17 771.15
21 829.74
64 683.65
47 698.19
89 176.19
93 957.97
88 481.97
80 117.11
94 657.78
90 698.78
54 821.96
40 868.04
98 865.96
31 253.11
55 406.26
49 613.92
44 772.79
78 211.38
88 525.81
27 343.96
28 693.10
52 305.23
88 362.33
63 893.72
44 724.61
86 973.95
86 853.39
4 869.29
60 170.73
10 150.81
21 361.00
66 496.61
5 761.15
89 962.85
86 216.22
3 978.34
32 856.45
84 866.96
57 547.18
26 686.47
65 836.32
8 857.98
23 694.65
43 987.83
38 969.05
22 861.45
87 221.22
19 655.80
55 511.57
91 279.07
68 877.89
80 871.96
33 644.23
17 466.44
3 525.55
99 684.56
13 481.42
7 315.16
50 774.53
8 576.95
32 645.07
82 223.52
42 358.81
3 797.73
90 128.24
65 605.27
2 765.59
82 321.63
15 834.53
69 959.14
51 850.10
94 298.48
86 252.80
44 499.81
16 811.97
95 813.25
99 996.21
96 672.96
41 112.73
91 485.85
33 404.88
20 843.32
73 725.51
87 194.09
61 422.46
39 400.17
73 345.59
92 735.54
78 315.78
4 290.67
55 963.54
23 300.25
69 664.29
38 883.74
79 687.48
14 522.56
25 517.01
94 362.95
72 619.83
18 709.32
71 274.10
84 397.08
63 274.25
12 498.55
99 234.65
98 354.39
17 928.92
21 848.97
91 833.61
64 474.27
23 182.25
46 206.04
3 209.76
77 389.53
69 241.09
3 434.25
21 875.63
71 956.20
24 322.83
63 391.41
34 821.56
52 371.32
90 541.79
52 558.05
100 177.80
80 527.28
75 537.54
43 305.62
13 736.70
4 345.57
17 802.19
32 250.67
24 373.38
55 151.98
100 205.85
11 653.85
56 196.26
50 301.52
56 923.99
78 242.71
74 746.70
83 552.61
2 470.52
90 492.80
59 262.79
52 676.31
43 226.50
1 464.51
63 388.79
6 267.71
93 794.80
42 105.34
88 893.30
23 270.22
9 870.95
95 671.22
5 638.28
57 889.20
73 574.43
63 352.85
54 133.17
54 399.97
41 734.53
1 414.13
46 799.34
44 654.06
30 243.42
31 531.96
58 676.33
37 282.77
60 679.53
71 886.80
7 561.96
1 795.68
31 693.64
10 537.83
68 142.10
92 357.73
26 844.32
43 255.58
75 318.18
52 774.86
56 931.02
15 648.64
22 634.29
36 828.20
29 723.66
48 134.15
82 936.79
15 433.45
64 945.07
29 509.77
10 862.33
86 759.26
81 478.35
20 867.17
57 885.74
29 952.05
5 502.70
45 999.47
43 820.33
9 750.98
79 729.49
71 623.34
69 565.34
21 319.96
79 212.70
78 223.94
75 326.65
95 568.30
71 836.55
64 919.46
36 708.83
34 637.99
35 390.92
23 308.25
63 462.64
58 556.17
32 354.92
84 967.90
79 794.13
99 179.88
100 525.76
67 850.40
89 434.33
23 455.46
39 297.81
50 147.04
46 816.74
34 377.04
51 871.32
14 258.81
52 335.95
29 757.58
65 426.97
37 430.19
22 216.12
41 465.74
92 291.92
70 667.69
59 335.02
92 550.73
46 220.37
13 187.41
45 866.38
65 792.48
16 405.29
19 990.11
48 681.38
63 412.35
56 521.51
30 244.42
35 126.89
47 936.22
17 203.48
12 262.01
18 820.24
84 742.65
40 423.01
65 726.98
25 352.53
70 521.82
42 179.96
18 766.27
66 861.32
7 974.03
59 618.00
51 666.19
16 898.37
40 313.72
94 848.68
6 964.13
12 354.48
96 741.76
18 271.34
87 466.78
72 495.85
42 497.52
60 595.77
38 282.73
82 127.77
12 575.87
2 534.87
61 993.95
3 467.61
80 700.02
31 798.42
38 689.38
25 988.49
69 581.58
86 949.22
38 939.97
17 667.58
56 938.94
57 489.47
61 665.71
3 588.63
80 751.69
71 662.13
49 318.61
54 861.16
92 535.51
16 507.65
99 119.22
94 643.65
17 886.98
19 107.88
28 474.22
96 664.86
15 624.62
7 558.46
51 598.75
9 534.76
24 676.05
18 539.61
1 193.82
48 274.99
10 497.84
8 931.36
44 586.54
89 744.33
74 422.47
81 450.31
4 545.66
57 396.91
31 473.46
61 184.73
4 721.80
80 429.12
31 703.18
84 117.72
32 337.27
8 873.26
98 763.60
18 467.36
42 245.59
8 844.39
93 740.82
39 765.54
43 511.21
82 331.87
14 122.41
19 971.28
61 242.13
89 408.15
35 147.45
32 457.11
37 818.12
71 550.44
71 462.76
43 412.48
11 646.35
92 628.92
64 312.35
71 936.95
99 168.51
72 138.70
26 999.06
83 928.84
15 581.62
68 648.14
2 167.94
29 787.03
36 206.94
36 888.32
5 542.70
37 228.85
91 825.74
16 377.23
66 319.91
60 441.04
86 700.56
45 225.97
28 699.12
10 375.88
36 855.81
43 169.43
53 839.30
74 149.89
50 428.12
74 883.11
49 726.22
12 431.36
97 788.09
46 914.30
53 783.51
94 747.90
48 136.18
14 885.29
38 591.16
77 585.34
92 210.46
62 837.81
32 974.17
62 176.66
74 503.60
99 437.61
46 936.67
77 506.20
2 465.66
38 920.86
24 314.78
65 882.38
31 762.30
95 576.23
86 395.69
32 723.66
11 708.02
80 981.03
11 763.83
63 223.38
2 696.67
60 999.08
2 666.48
80 382.90
70 757.19
50 351.27
62 185.26
9 919.42
14 984.32
31 869.99
88 861.70
55 748.35
80 890.15
89 476.59
4 356.13
95 514.29
47 667.33
22 327.83
18 505.57
8 949.76
82 196.24
30 388.04
67 980.75
93 236.80
98 733.05
20 677.10
65 374.21
8 789.83
40 642.72
43 956.43
30 146.17
13 638.76
96 756.74
72 802.92
67 951.50
4 105.21
66 644.26
54 463.01
20 214.90
89 591.38
70 707.31
87 298.51
44 789.62
72 333.62
58 200.01
38 241.22
46 878.88
72 702.29
14 392.22
36 257.65
3 786.93
3 231.96
7 462.30
89 569.16
5 795.14
89 250.24
75 478.23
15 570.22
37 926.97
38 186.23
76 749.27
69 748.40
73 831.08
31 877.47
59 616.15
66 358.53
92 626.80
13 759.24
19 738.92
96 324.74
68 373.40
54 143.41
14 556.90
63 149.12
49 427.35
8 232.60
36 407.36
36 673.40
64 292.64
12 384.71
16 399.43
22 391.71
21 274.10
21 622.83
46 998.89
21 773.79
83 488.29
96 450.44
87 744.79
39 432.14
59 961.07
65 371.03
91 795.85
22 584.05
96 436.67
71 570.75
79 324.68
89 255.76
11 926.98
33 648.46
100 787.80
83 126.67
56 590.78
35 694.63
33 928.73
20 788.54
45 911.24
45 128.08
67 604.37
82 303.61
20 667.09
91 500.77
95 484.74
19 320.81
76 337.46
80 618.62
86 879.52
26 935.58
32 608.40
56 961.45
13 476.84
75 336.73
29 121.37
31 902.13
63 505.92
63 675.76
7 849.96
29 918.68
77 328.71
81 265.69
37 515.64
51 959.01
87 649.85
18 141.10
48 713.84
68 651.53
75 501.98
17 950.61
28 760.26
54 225.59
3 183.40
99 898.13
37 926.35
2 369.14
5 610.98
25 430.50
50 653.05
91 299.83
29 122.21
75 869.05
59 437.97
6 950.68
60 904.33
62 958.19
14 258.06
81 936.99
67 509.29
24 476.08
6 725.50
93 882.74
19 816.70
21 633.97
11 136.28
55 793.59
75 330.37
2 132.36
92 659.27
1 694.46
40 237.74
11 842.68
37 938.49
75 803.91
58 644.56
17 113.92
20 219.86
27 474.76
89 526.21
56 762.71
90 697.64
13 142.47
18 890.95
50 649.47
22 434.39
43 896.05
43 703.00
47 853.27
8 690.84
96 955.52
12 954.56
95 584.45
83 871.68
82 136.72
94 841.00
62 752.85
42 504.89
2 185.10
40 487.62
25 165.14
7 187.57
27 464.76
39 563.91
74 732.42
22 818.04
99 798.54
16 521.22
30 922.11
60 849.27
39 211.44
36 299.61
72 976.59
7 144.23
82 118.19
22 804.90
7 311.23
44 967.42
67 825.84
42 883.06
47 586.09
81 156.80
46 874.79
35 861.73
34 518.43
74 907.48
39 523.52
43 551.06
98 246.45
76 953.27
67 598.73
13 662.81
70 245.33
61 854.31
99 710.91
84 733.38
77 261.97
59 936.66
36 306.06
56 351.38
18 347.10
51 646.83
96 846.71
38 946.86
18 339.99
68 127.04
64 925.29
6 459.27
43 532.40
17 490.12
61 399.29
2 451.64
51 440.89
52 981.28
13 801.97
100 612.15
7 613.38
15 342.73
74 478.02
46 832.62
3 101.98
67 119.12
43 401.82
73 710.80
81 498.35
41 573.22
10 314.22
45 391.89
67 688.70
19 391.50
91 771.93
42 267.19
19 892.66
55 839.73
88 296.59
85 564.04
98 301.15
83 703.60
30 429.70
9 511.89
46 800.26
21 759.73
70 537.71
96 363.68
32 195.15
90 889.41
9 489.85
65 232.21
73 603.38
17 393.00
95 982.04
9 394.58
61 197.12
5 630.82
64 640.95
55 177.25
31 692.05
82 228.93
45 566.59
96 262.27
36 721.25
83 647.88
69 907.89
47 278.84
30 806.25
56 703.79
40 541.70
99 611.53
57 849.34
77 362.31
32 954.71
92 570.67
63 705.89
33 359.79
75 410.23
10 923.33
49 995.60
6 390.85
99 340.16
80 967.33
44 338.69
23 541.22
62 580.60
31 277.43
63 400.19
81 443.23
49 671.21
46 535.64
71 490.52
69 258.96
11 501.39
83 616.73
32 953.71
12 684.63
42 346.19
59 474.10
42 326.35
27 916.76
43 152.16
71 133.58
32 765.49
42 589.10
58 726.36
25 351.57
34 790.11
86 192.28
45 474.45
73 127.18
13 206.38
76 898.07
30 295.74
81 592.26
5 631.47
43 753.64
75 549.45
60 547.43
54 744.92
50 578.59
69 551.28
17 151.35
95 517.97
82 102.68
7 578.55
91 952.25
55 916.60
7 913.31
31 659.93
71 567.66
2 909.13
19 730.42
8 467.27
71 409.68
10 572.58
70 374.73
83 904.16
23 410.81
7 377.18
96 753.11
69 834.25
33 281.84
93 852.81
81 853.84
45 344.61
41 574.81
85 829.20
78 416.56
70 903.84
69 797.15
40 728.18
72 895.63
62 863.36
28 792.14
85 597.42
59 107.15
63 967.34
38 840.90
5 758.86
20 452.39
40 309.41
34 743.92
92 349.48
32 750.39
25 899.34
14 551.89
25 552.89
18 152.31
62 458.41
14 411.76
16 188.35
6 545.62
48 692.05
81 583.51
11 874.04
92 607.99
96 515.29
82 787.45
37 414.44
77 966.25
70 202.11
53 134.82
68 962.31
20 520.09
58 485.13
15 325.96
50 314.74
59 382.70
81 264.58
6 619.75
23 510.68
79 295.21
85 509.70
3 715.35
3 845.40
13 631.10
93 574.28
58 344.47
80 826.41
71 634.24
41 857.92
30 506.98
30 904.93
33 381.60
93 977.71
95 245.71
95 340.70
25 148.71
69 893.61
100 698.57
44 497.52
57 714.38
12 839.45
56 893.01
92 711.80
88 398.32
52 726.00
45 510.44
100 201.69
1 876.52
15 785.02
26 561.56
96 751.19
45 929.43
2 241.22
14 157.36
6 326.00
80 643.32
81 645.02
31 528.78
40 280.82
96 902.07
82 674.60
51 770.15
57 862.38
32 603.93
95 349.24
23 861.47
92 155.50
35 928.72
54 985.99
50 529.82
49 170.44
28 309.08
37 961.18
61 208.24
28 286.19
20 610.99
29 507.20
100 771.70
88 770.03
98 708.58
34 399.10
76 377.84
13 857.35
27 339.00
5 677.35
33 958.17
9 410.48
68 878.98
49 329.58
25 440.60
59 102.03
100 361.86
8 479.05
75 596.32
94 671.44
27 456.98
59 531.11
5 377.82
11 871.60
21 324.03
18 739.05
16 875.99
91 819.01
24 768.89
73 318.71
98 597.05
15 975.25
55 546.44
68 564.66
18 515.63
87 266.18
86 742.22
7 221.39
48 626.51
21 286.36
82 515.97
58 702.13
70 102.41
35 240.71
1 293.26
98 155.03
15 976.05
30 357.58
36 860.55
24 668.25
12 737.99
39 726.31
82 629.21
87 791.67
92 405.98
19 816.56
14 831.43
49 168.06
98 538.05
13 522.22
12 822.51
45 557.70
13 109.80
41 820.57
2 383.68
65 395.37
19 953.11
47 757.52
91 680.73
27 474.34
25 339.17
36 551.97
26 756.75
20 313.13
74 967.39
7 299.05
53 142.64
73 546.07
40 598.31
92 328.94
57 838.34
36 431.93
54 491.26
2 187.23
95 309.32
10 530.63
17 700.70
19 648.89
87 511.46
61 290.07
63 983.78
17 355.73
64 896.80
6 777.58
8 116.59
17 770.95
12 612.80
44 315.41
86 501.53
83 898.25
77 615.56
34 419.60
35 159.59
67 867.31
57 592.48
70 901.30
44 422.63
84 831.93
100 217.60
19 394.93
94 177.80
54 788.69
18 129.76
36 554.00
85 582.28
78 480.74
6 653.54
77 218.51
34 397.64
3 480.74
15 834.57
7 163.56
64 201.44
26 577.98
97 877.93
9 295.48
29 690.27
25 262.93
59 127.92
31 892.33
55 806.84
84 510.81
48 143.22
58 939.92
91 560.27
91 266.47
58 573.42
46 455.68
43 634.11
96 639.90
48 265.29
43 164.07
19 506.62
46 569.01
30 396.47
48 900.18
65 267.12
79 497.99
83 409.04
51 430.34
27 141.35
50 366.82
99 776.37
43 824.88
48 626.22
19 841.35
52 866.50
12 701.25
87 447.30
99 686.61
39 274.08
54 448.30
41 764.41
43 558.55
70 625.24
81 628.60
76 744.61
54 774.93
66 391.81
58 988.61
7 699.29
34 662.95
55 661.91
57 883.87
96 561.97
10 820.23
35 906.15
76 962.43
22 383.41
64 685.41
32 289.79
30 645.50
51 406.50
73 667.63
50 119.66
27 181.41
93 213.56
57 561.49
87 329.53
95 849.61
46 557.07
11 635.86
94 301.69
12 832.62
9 428.35
60 828.25
52 197.86
65 908.71
95 417.79
44 854.55
9 338.09
87 699.43
82 734.95
44 675.96
62 259.20
90 154.65
48 337.87
59 963.44
6 997.32
98 578.73
70 704.27
60 591.14
32 588.78
60 505.69
74 618.64
59 657.52
53 117.90
74 948.64
5 413.55
50 564.46
26 669.80
10 525.94
16 697.03
22 638.42
62 576.71
94 677.08
62 968.08
19 341.28
14 200.56
74 984.48
2 334.87
34 146.17
76 599.81
85 565.37
31 667.44
14 870.46
95 931.91
84 288.99
74 421.32
58 726.47
27 635.64
47 897.79
9 612.78
43 968.57
83 688.31
76 132.41
7 709.91
32 405.82
86 542.30
100 732.64
86 510.84
78 705.60
84 615.91
73 422.26
8 875.63
9 384.26
79 672.20
81 353.61
66 517.03
29 728.01
46 662.08
36 936.71
33 254.27
32 757.35
74 817.36
49 184.87
30 942.16
13 774.73
95 134.66
78 784.29
36 859.02
15 279.75
88 760.74
65 494.20
6 965.52
61 818.54
44 428.06
60 227.15
43 153.68
22 747.48
77 262.96
81 231.17
92 124.48
28 878.35
74 834.18
90 724.06
47 623.46
23 846.44
76 149.50
36 817.61
59 837.96
54 108.93
100 733.13
55 334.98
97 913.60
60 948.44
87 841.27
90 904.94
57 587.84
11 118.18
20 271.89
35 711.03
78 725.81
83 863.09
95 758.40
86 868.47
97 494.96
30 201.40
6 434.84
88 142.88
51 185.79
57 701.90
34 770.94
9 386.25
38 905.80
1 637.52
6 371.45
15 823.16
34 517.40
15 358.05
64 241.13
91 791.74
12 258.96
100 146.32
24 247.21
48 713.29
11 368.50
12 851.76
73 399.48
98 382.68
51 985.52
54 759.55
54 923.03
95 571.85
31 961.36
42 210.67
26 974.78
50 661.33
17 825.81
68 684.60
36 516.95
94 513.48
2 977.38
57 677.59
17 738.83
78 603.68
63 186.46
31 690.48
36 259.62
49 387.75
90 766.99
86 161.45
88 370.27
22 451.16
72 340.35
100 630.97
20 889.11
54 847.78
68 424.34
75 380.87
21 418.22
6 933.50
4 530.67
74 749.64
66 144.52
72 155.78
63 794.56
58 576.13
56 120.90
35 508.24
21 388.28
79 871.39
68 494.22
81 502.70
36 323.57
57 190.98
56 651.28
19 348.22
44 685.27
6 883.48
9 762.54
3 593.62
24 315.93
8 999.60
73 575.56
24 937.18
8 787.75
57 681.67
38 393.55
11 929.44
18 986.45
59 301.03
85 394.75
21 682.22
67 942.37
64 739.90
72 633.57
88 939.66
47 964.61
68 198.35
60 510.03
91 790.63
19 677.23
88 392.34
83 100.82
32 682.95
92 874.33
48 518.72
59 284.22
13 366.07
11 154.29
92 105.10
45 413.79
77 797.47
98 895.80
38 844.38
72 250.78
37 532.02
26 874.82
26 453.58
100 367.19
4 846.19
51 521.25
14 645.53
71 750.60
44 895.49
75 270.09
63 354.98
75 794.83
34 774.14
34 807.73
28 270.02
98 243.78
31 122.51
10 245.40
29 195.55
70 518.73
91 792.74
76 252.27
68 841.15
20 247.82
15 657.87
50 891.51
4 576.98
45 651.12
87 189.92
63 125.84
54 541.26
24 323.47
15 163.83
19 677.59
34 806.33
7 776.77
81 403.45
68 650.24
8 185.98
54 827.59
37 667.24
4 166.60
6 107.95
68 682.23
10 274.87
14 192.00
64 637.75
18 213.60
34 706.74
16 226.66
7 195.91
27 386.05
90 764.52
10 485.95
71 207.60
39 594.36
32 874.81
8 826.18
82 269.35
16 646.83
42 123.12
10 235.38
18 853.18
67 720.19
31 701.40
16 686.02
93 729.06
54 277.69
75 664.22
9 195.76
57 903.00
24 411.61
9 953.32
66 283.00
33 118.95
29 286.94
46 425.92
56 440.62
43 821.84
96 941.34
46 915.88
9 794.74
26 722.77
97 273.16
50 438.04
50 986.24
32 965.56
27 584.20
75 634.35
2 711.18
10 721.62
40 254.90
32 341.20
27 297.78
24 560.38
53 406.14
14 205.71
94 158.28
40 523.64
100 920.39
76 611.44
70 813.56
80 944.52
16 861.67
19 852.93
41 469.25
68 496.22
57 780.81
49 176.80
75 143.99
16 372.14
79 167.53
93 783.51
2 180.26
10 667.72
54 828.75
63 368.58
40 786.79
94 306.70
8 379.08
84 312.55
60 778.21
67 257.04
12 772.93
43 983.34
22 548.75
3 299.84
56 558.17
90 903.55
72 246.05
16 758.73
71 202.98
9 980.18
65 942.91
93 609.87
36 149.31
29 684.97
35 234.76
77 968.72
12 201.79
68 912.10
96 245.51
2 981.74
8 790.56
93 619.07
21 157.97
94 264.18
27 114.52
64 477.37
30 558.66
6 112.47
64 109.68
53 110.85
51 201.48
38 132.72
49 508.57
46 974.87
95 674.18
24 642.38
58 323.70
93 856.19
92 804.77
85 287.51
35 491.28
48 176.14
91 943.86
30 254.84
21 269.82
95 858.54
46 541.89
22 133.27
1 159.77
13 907.74
96 962.86
69 743.73
50 783.33
47 683.64
82 351.95
11 789.31
63 119.71
92 898.74
31 306.77
61 860.79
47 602.50
84 412.23
76 660.80
38 854.49
83 598.04
75 714.16
61 392.02
79 290.26
22 390.67
62 865.78
91 723.41
96 254.66
1 375.62
3 739.18
49 568.39
53 557.98
35 269.63
14 285.57
24 969.17
54 633.09
75 707.57
36 753.81
3 977.23
69 390.58
71 442.31
62 880.22
94 637.10
53 164.39
28 829.96
20 870.41
99 295.73
49 285.80
71 336.11
57 825.82
70 816.36
28 911.86
46 195.84
9 260.15
19 487.20
98 730.56
21 809.31
49 925.07
71 190.47
71 260.40
17 170.51
2 214.95
61 706.01
43 579.22
29 911.29
50 931.99
9 961.27
74 736.41
87 318.96
19 364.42
13 876.83
17 957.78
99 820.46
61 779.04
100 788.33
34 791.75
66 609.30
24 253.67
57 661.42
46 394.55
69 120.08
31 727.40
89 477.86
69 124.82
35 421.80
67 300.55
47 610.23
70 197.70
24 660.96
73 582.94
83 716.35
37 629.17
9 134.23
3 940.64
93 611.50
13 304.58
68 878.40
15 936.12
32 622.46
38 881.65
96 583.09
21 767.26
32 472.19
93 835.00
99 567.43
96 189.01
45 799.02
71 678.96
44 548.86
87 787.02
64 917.96
31 234.95
96 843.25
36 448.09
4 243.45
82 729.77
33 317.44
48 429.26
81 272.89
50 587.47
17 960.82
51 610.59
49 398.20
95 805.79
21 955.96
51 438.57
88 683.17
54 371.22
95 394.89
26 973.69
8 821.81
39 540.60
78 116.63
21 533.21
48 547.39
31 726.27
66 760.26
15 546.98
10 749.56
68 919.56
97 541.49
83 703.88
13 213.39
21 142.54
10 795.61
63 630.60
9 296.24
65 848.70
88 236.58
90 863.17
12 985.13
8 994.83
27 666.75
13 530.38
30 389.67
69 115.78
78 629.89
98 679.17
49 840.11
46 335.66
30 719.55
62 340.91
93 844.31
28 277.07
18 675.55
58 454.80
93 558.08
22 948.66
9 698.07
76 833.35
52 696.16
85 103.76
10 197.29
23 489.85
50 783.94
31 171.87
1 380.78
67 803.73
62 112.18
71 988.38
14 946.50
33 893.49
9 710.13
21 601.55
92 131.46
73 971.58
50 157.53
81 403.62
41 304.96
72 598.86
85 314.68
89 534.32
27 992.43
52 992.68
58 405.97
8 353.77
11 170.57
73 875.97
20 975.25
69 725.28
60 884.26
94 595.70
23 234.84
85 821.99
81 938.74
21 447.74
47 316.77
44 214.82
22 544.49
41 674.55
94 618.80
56 805.55
40 374.23
60 759.56
16 647.60
79 807.74
28 180.68
41 459.40
45 437.01
30 978.26
42 728.29
66 516.62
69 384.42
62 521.83
13 296.16
44 693.87
5 660.30
23 361.76
44 452.11
48 734.15
75 858.17
77 898.46
8 568.20
61 403.79
68 864.36
61 668.57
12 155.97
14 590.73
79 863.46
84 510.73
42 903.83
15 787.11
3 318.33
60 963.55
5 419.92
23 865.72
58 430.84
58 995.14
58 150.51
34 383.55
7 979.94
39 279.01
82 392.53
98 416.02
39 494.78
63 838.63
29 971.37
19 779.28
92 643.43
72 726.13
19 981.55
2 153.57
44 912.56
18 962.36
13 273.86
46 801.41
73 634.77
65 475.37
65 783.12
69 542.69
36 918.44
36 800.36
79 499.69
17 750.09
31 939.07
99 429.73
63 488.97
68 283.11
39 712.63
26 253.82
36 655.46
51 916.95
78 299.36
71 595.64
51 782.02
51 355.33
17 918.67
99 191.06
63 712.99
1 821.84
70 426.18
41 196.59
94 895.32
18 529.06
91 961.83
35 546.81
66 914.88
100 668.58
4 215.14
47 368.13
49 510.81
28 880.21
89 116.20
5 167.53
52 305.19
97 674.27
87 973.41
42 203.28
18 380.86
62 577.01
44 637.97
66 895.87
82 930.89
13 555.60
1 837.80
66 393.37
37 730.03
55 937.40
61 482.90
33 326.24
92 797.76
81 733.12
2 817.58
35 352.61
25 125.85
4 244.65
52 848.44
16 107.90
41 120.07
18 108.08
70 403.96
71 400.25
98 741.22
45 701.85
85 618.46
75 267.61
42 390.33
50 435.37
96 779.91
84 870.13
40 466.59
18 537.52
95 204.51
4 476.27
83 690.74
82 948.89
49 811.95
31 646.35
47 798.13
11 447.57
70 662.52
54 418.89
53 729.38
78 604.07
31 403.11
89 729.01
89 508.48
87 794.76
1 961.77
53 206.71
79 483.19
79 275.80
67 557.24
16 840.14
13 602.73
42 303.48
29 831.23
100 515.41
17 453.64
33 424.34
12 255.21
20 848.07
28 248.91
26 718.68
37 136.14
90 367.85
66 585.10
67 711.90
60 967.05
97 242.75
40 240.90
9 737.02
81 783.48
33 168.57
77 374.34
53 195.72
32 707.52
86 338.76
47 280.83
27 224.94
82 624.11
87 779.23
63 934.67
26 531.38
8 613.32
39 289.74
100 256.17
73 856.81
57 433.17
38 630.36
14 204.46
55 232.06
95 284.28
97 108.42
54 560.52
58 141.01
41 159.38
87 825.96
27 716.41
7 618.42
11 921.35
57 460.63
43 639.38
63 396.81
30 515.22
4 714.37
36 297.95
25 467.56
97 488.05
69 357.63
48 934.22
77 553.83
24 323.54
13 284.90
62 492.46
44 801.05
81 245.76
66 633.09
18 399.09
99 708.59
21 995.20
7 534.17
14 839.52
43 926.14
35 236.04
95 218.60
51 742.26
5 823.20
80 252.92
45 126.13
67 117.68
82 258.46
57 145.19
99 584.48
65 462.32
93 438.00
27 503.25
58 104.97
27 927.28
91 898.57
77 981.58
24 919.80
29 861.62
79 693.49
8 134.15
41 232.14
32 296.40
52 154.80
62 660.58
100 619.53
38 304.69
34 551.97
55 290.98
64 437.53
65 478.11
74 972.20
27 611.33
69 819.24
83 838.91
75 278.16
45 483.82
92 979.01
49 706.14
17 265.35
74 282.92
45 451.87
63 449.49
2 752.40
54 815.69
71 402.47
7 672.49
17 270.31
59 340.71
2 688.80
50 221.73
5 580.22
99 550.02
37 297.12
42 226.74
23 408.84
39 306.35
21 808.87
15 624.41
19 919.49
45 668.01
87 381.78
45 156.81
63 402.77
11 646.31
69 374.11
12 560.25
77 838.68
88 591.32
81 735.56
94 279.50
5 393.30
59 452.68
62 109.40
6 577.35
33 333.74
95 768.36
69 430.60
43 608.39
85 634.66
59 820.58
40 914.48
80 243.16
54 999.01
24 971.46
1 384.38
9 139.05
90 357.72
23 176.71
3 506.00
47 367.48
32 965.77
65 191.25
79 832.96
72 604.44
64 940.64
96 873.50
94 878.81
51 387.30
43 875.07
83 413.82
22 779.94
93 664.52
18 411.73
1 301.77
7 625.00
39 914.83
12 626.57
28 990.67
62 766.76
47 774.01
74 518.84
62 854.59
63 390.92
44 452.80
81 676.51
69 868.18
89 534.77
22 299.17
94 623.39
37 809.63
10 194.81
20 239.47
27 322.41
83 886.75
67 715.05
78 624.33
49 645.21
51 716.80
72 339.42
63 677.72
32 713.01
68 826.99
94 660.02
87 832.71
44 379.78
66 715.23
79 336.70
33 674.21
34 465.11
71 602.08
30 924.06
43 879.37
74 376.84
56 159.74
62 529.91
61 691.84
20 348.31
100 611.35
25 335.07
5 498.26
52 509.86
32 279.10
56 550.88
14 535.13
87 261.50
50 863.15
56 304.68
42 580.61
96 342.07
58 784.19
27 305.29
78 990.27
85 883.10
41 448.36
70 162.00
65 305.13
6 740.19
64 526.78
24 176.54
60 388.92
94 887.02
71 756.00
64 131.61
94 993.97
70 103.58
82 614.37
48 598.64
48 365.11
11 956.09
74 241.81
35 180.68
44 533.16
55 395.12
46 214.89
67 269.67
49 919.97
88 826.10
82 369.18
90 292.17
16 340.44
1 816.23
5 709.57
69 135.84
28 953.12
58 283.48
4 534.68
81 615.37
84 307.29
43 841.91
62 882.08
84 419.83
95 437.39
44 216.16
28 953.25
86 668.44
82 399.37
16 791.12
14 237.79
78 636.76
61 851.12
10 404.97
64 169.55
83 521.77
64 350.81
21 942.61
21 463.52
6 261.48
73 638.78
66 381.86
18 255.10
69 626.17
7 386.46
8 252.88
86 296.52
91 972.68
35 539.09
80 766.04
58 590.56
49 472.13
39 628.70
21 302.86
60 207.08
56 292.11
85 933.43
75 956.05
28 573.29
85 137.20
8 796.62
96 749.12
7 999.21
83 979.76
43 564.34
15 321.00
43 852.71
85 826.88
56 837.19
63 651.48
84 652.81
25 678.72
3 439.98
36 708.70
59 621.36
50 404.80
60 659.53
72 747.61
19 117.11
100 353.96
29 387.02
14 580.39
91 669.44
48 258.61
26 758.27
52 412.93
15 871.73
36 215.37
16 577.75
5 297.11
79 170.14
31 102.39
60 375.29
14 491.23
60 814.40
16 724.77
94 394.13
5 174.68
55 584.00
7 245.61
1 729.91
4 648.65
70 625.27
15 647.37
40 203.06
19 321.88
3 985.91
22 748.57
9 340.80
68 901.85
20 390.62
90 370.07
56 290.37
99 895.86
61 885.11
72 634.76
61 877.91
14 748.83
81 295.99
8 179.03
22 774.83
33 585.06
79 716.23
13 321.87
45 188.25
93 853.96
32 153.02
76 800.63
79 352.75
52 105.25
59 816.99
22 742.03
77 910.94
17 711.71
76 594.31
10 772.55
22 881.61
64 463.03
56 410.45
7 538.43
86 344.77
77 918.18
28 920.76
32 345.33
5 775.26
55 111.09
84 507.55
34 613.48
39 468.46
12 710.77
61 111.21
46 481.77
85 432.48
18 240.30
82 730.06
3 754.22
48 825.92
8 636.74
79 194.97
8 733.11
80 268.67
68 159.28
96 227.86
60 321.37
30 466.84
69 232.27
68 909.38
99 290.26
99 269.15
20 564.25
88 582.34
16 962.46
24 854.38
12 281.79
24 338.48
94 391.25
75 664.52
57 660.16
77 424.23
58 565.39
48 897.77
10 781.77
58 205.54
74 575.16
14 914.14
8 392.39
13 915.46
13 377.89
8 342.43
71 151.26
34 755.06
77 585.26
96 494.96
96 365.32
22 189.70
56 673.11
68 177.74
8 104.79
8 461.94
68 686.92
42 555.22
75 251.07
94 423.92
58 460.03
76 684.58
41 934.33
5 876.05
25 433.42
88 589.65
97 105.28
3 437.49
27 528.42
74 623.92
43 316.07
76 820.60
35 431.43
35 851.60
43 687.14
56 186.60
51 921.90
28 632.97
97 153.93
95 496.57
87 954.19
7 892.25
64 159.39
91 806.03
66 994.48
51 187.19
66 144.66
30 953.17
35 849.20
10 900.41
58 504.41
36 768.52
89 226.50
85 306.92
27 872.39
59 414.94
68 277.54
39 647.63
53 521.75
55 630.36
57 808.62
93 797.24
70 327.47
56 916.33
86 419.35
42 852.82
94 655.00
81 147.64
63 215.54
75 899.13
49 403.78
87 228.09
72 181.82
78 168.04
43 265.77
94 963.13
57 274.91
54 373.02
2 140.02
41 316.61
13 487.27
57 409.34
41 375.62
23 469.22
95 113.82
79 235.86
82 828.10
14 820.32
17 376.27
13 851.66
18 485.55
72 234.35
54 625.74
10 343.23
8 134.88
41 570.08
61 262.05
28 358.90
47 661.27
98 542.41
89 720.46
90 548.53
89 911.90
42 224.81
61 236.93
65 249.73
51 375.87
99 768.99
56 614.46
57 467.40
65 502.30
17 453.12
88 761.95
27 296.00
21 665.09
69 978.07
64 295.62
2 468.92
93 210.28
32 759.35
15 856.07
39 130.45
67 576.53
25 475.37
5 499.40
15 612.46
36 274.56
100 428.51
31 827.88
83 199.94
52 643.69
6 382.35
11 122.68
85 284.53
20 660.18
52 424.59
67 448.42
20 241.68
35 907.01
92 822.74
66 220.24
56 863.90
78 374.85
25 518.70
84 160.90
25 423.87
56 784.53
76 633.19
46 495.57
13 771.24
14 867.13
40 214.31
82 505.43
53 272.78
47 879.87
23 396.21
71 414.48
78 746.62
69 615.14
36 604.00
65 625.80
35 765.99
21 545.29
52 505.38
3 729.84
70 320.01
56 503.64
59 576.56
89 193.29
60 797.90
42 705.51
79 439.61
96 105.25
12 646.91
17 381.37
83 403.20
63 447.37
35 929.70
13 495.43
6 930.62
97 503.24
52 151.40
50 642.48
79 789.93
51 582.37
30 674.99
67 149.78
61 633.64
58 179.74
97 870.14
34 813.95
77 453.94
74 206.39
99 287.55
11 419.04
34 860.71
66 842.91
17 455.23
60 993.30
80 403.29
62 706.93
5 219.60
61 568.85
8 913.21
9 534.03
100 606.41
60 679.27
60 755.79
55 603.74
38 311.62
88 241.71
3 250.87
29 212.78
59 726.23
39 311.59
83 803.09
6 373.30
100 401.47
76 725.15
61 574.47
16 507.40
38 112.59
69 134.65
18 758.77
59 856.09
57 963.22
99 936.38
59 452.60
14 437.92
69 497.20
98 364.88
95 644.55
15 225.66
43 535.44
10 502.68
94 838.13
37 189.50
48 526.07
55 645.17
81 590.57
36 721.70
44 615.36
38 378.49
66 845.79
29 362.34
40 287.58
24 635.55
36 353.98
71 810.76
38 532.66
40 583.00
44 863.79
71 289.04
9 637.37
64 726.92
53 591.67
30 593.93
9 644.14
47 527.16
74 906.52
70 873.43
82 216.29
99 367.58
3 997.77
36 100.99
19 530.21
99 515.23
93 916.70
66 264.89
88 843.08
85 835.69
53 306.61
20 839.25
86 478.15
9 549.18
20 929.40
94 380.48
25 449.36
78 302.53
28 277.24
34 262.96
16 552.45
58 502.69
5 618.61
7 883.51
41 479.82
48 788.41
71 653.65
64 868.07
28 245.47
50 141.09
22 691.52
100 222.13
12 687.97
30 304.81
13 960.35
40 946.94
66 787.73
9 126.65
92 867.33
79 535.81
73 907.29
56 163.11
73 929.43
74 949.58
81 258.61
32 815.69
90 772.43
33 345.78
64 413.19
16 916.15
76 565.80
57 790.22
73 162.47
88 288.02
32 641.59
15 549.20
71 893.11
30 384.88
45 170.85
4 547.77
80 732.94
59 822.86
97 436.11
66 735.85
64 673.41
66 355.20
31 488.52
36 415.87
61 419.23
9 751.25
35 245.38
10 573.96
24 529.15
93 247.61
38 905.04
78 788.98
65 416.23
61 770.91
8 610.90
47 175.22
35 288.51
54 196.45
30 282.28
24 922.90
8 969.90
54 678.42
10 367.11
35 335.01
82 198.26
25 142.33
45 109.28
61 398.09
94 116.53
3 549.55
41 899.62
47 441.38
96 438.39
55 133.58
77 563.48
81 710.87
66 914.79
26 286.77
12 536.44
51 523.61
87 148.69
81 246.92
82 209.50
17 257.69
61 435.77
26 770.53
51 666.06
30 256.45
41 260.63
43 289.85
7 353.43
73 694.13
53 651.55
9 254.22
71 940.20
48 192.78
8 272.38
5 599.50
22 683.22
29 486.48
94 650.37
31 709.00
72 780.61
90 840.23
75 457.19
74 950.16
83 225.42
90 939.01
45 602.24
15 236.83
45 654.19
69 427.28
28 363.20
67 454.38
8 170.59
85 863.96
85 547.93
12 413.89
85 167.97
73 620.65
9 248.21
43 777.89
81 722.46
54 850.46
33 990.83
64 178.63
45 130.23
3 509.48
62 883.83
27 192.40
32 352.36
12 614.31
35 130.51
44 541.17
6 247.53
43 124.57
6 761.39
45 282.31
53 298.04
73 820.29
93 989.86
99 480.69
20 519.62
1 175.99
7 977.92
90 742.22
61 472.94
92 152.10
21 575.97
50 292.56
41 211.72
80 605.93
72 138.35
16 347.65
20 414.74
95 556.80
3 959.22
15 807.44
72 594.68
60 238.66
86 111.73
88 531.50
35 616.28
74 697.48
61 717.32
70 937.71
27 596.55
87 986.70
15 787.22
67 643.33
45 950.78
46 661.88
72 173.34
46 766.65
80 705.60
94 461.52
13 499.63
64 979.87
56 670.10
3 664.46
68 716.16
32 303.38
45 938.38
65 669.85
70 541.97
8 594.41
35 190.79
4 643.30
94 359.12
24 523.16
17 424.63
58 635.10
59 406.91
62 988.04
21 620.56
98 668.86
29 735.40
52 754.36
47 648.23
94 979.83
14 985.01
94 170.70
60 547.84
30 896.76
4 794.75
56 856.92
45 193.61
53 806.97
79 927.77
60 921.49
4 984.61
59 528.85
18 223.34
99 791.15
36 134.59
70 239.73
71 750.72
52 460.43
27 319.64
99 997.11
12 692.56
61 493.31
89 595.93
78 298.84
44 778.97
91 646.13
88 504.72
97 841.06
72 749.32
57 880.69
36 655.86
18 953.29
31 714.75
22 467.05
89 963.31
31 659.87
17 531.74
10 103.14
51 999.77
15 821.45
92 945.43
100 504.72
54 621.53
21 763.13
80 432.59
23 936.06
59 419.28
74 605.59
97 137.13
35 270.43
78 567.10
27 245.24
95 719.46
73 963.75
38 622.69
31 232.95
92 996.69
38 323.88
2 242.52
66 215.82
13 619.32
43 180.68
89 382.48
13 888.99
23 537.72
89 927.90
19 789.88
23 878.17
25 601.15
59 357.73
69 861.43
93 264.80
54 449.35
15 230.87
64 857.13
36 911.66
87 468.57
85 279.36
31 426.46
98 418.01
70 930.86
63 102.05
32 618.67
27 576.63
2 717.16
87 313.67
4 224.35
4 187.42
98 353.10
56 412.00
51 912.63
68 514.00
96 437.67
22 824.97
29 427.09
13 618.94
59 698.72
26 680.72
42 830.89
22 625.71
15 825.16
22 522.66
91 391.22
42 345.14
52 755.85
8 184.24
14 408.47
65 368.32
78 306.06
96 914.90
25 580.88
77 817.70
7 968.12
9 854.62
77 589.41
19 557.90
20 991.02
89 932.40
40 354.95
100 794.78
16 496.25
47 585.35
16 219.09
42 302.19
30 428.18
75 664.85
36 326.81
14 246.35
97 473.67
35 577.21
31 941.92
55 601.72
88 489.81
69 695.34
50 304.44
23 693.84
76 198.78
89 746.86
21 953.11
17 522.47
17 733.46
95 180.90
96 457.60
14 881.47
54 867.83
99 700.20
3 320.62
42 389.22
18 553.76
19 948.70
71 711.13
36 536.95
2 287.44
66 660.47
74 919.11
87 291.20
5 883.53
98 703.33
84 826.45
74 138.13
56 575.45
33 555.74
55 348.26
4 717.12
25 357.62
7 193.41
31 598.29
29 632.29
70 265.54
80 967.00
1 180.68
14 423.36
31 523.38
23 555.31
10 443.64
79 551.52
9 766.62
25 867.67
79 270.12
93 473.76
82 482.82
56 102.92
5 719.97
32 633.12
22 858.23
14 264.97
100 361.61
29 323.06
1 942.51
45 493.19
84 718.39
74 426.73
94 758.37
9 182.80
29 237.42
11 391.69
57 731.15
39 177.29
12 671.32
20 586.24
9 384.51
84 813.61
65 542.71
58 526.61
24 263.15
27 623.12
39 934.19
80 181.30
53 212.40
10 887.73
46 220.70
7 896.40
22 389.17
87 410.78
68 348.84
13 762.61
51 333.11
83 928.82
89 229.58
100 676.70
26 454.27
52 224.39
79 771.30
52 672.69
12 662.74
66 972.23
56 684.35
25 793.94
28 935.37
13 484.45
88 407.77
8 541.80
75 771.74
99 984.70
45 973.34
78 188.18
20 215.88
30 355.08
56 686.03
30 924.74
92 790.12
70 859.59
25 620.86
100 569.77
53 693.25
97 419.19
82 935.61
71 951.87
3 194.98
23 478.44
29 448.59
42 408.84
18 342.54
55 869.30
12 317.28
23 684.44
7 205.33
40 972.82
6 112.63
12 351.96
59 170.74
56 498.67
27 531.95
76 576.36
11 499.75
25 623.75
99 105.91
31 640.23
34 924.00
8 393.92
60 401.61
5 315.41
7 697.43
88 915.95
3 745.95
75 755.21
10 799.27
22 191.00
24 409.46
15 855.38
9 505.46
13 673.04
46 332.80
31 319.77
50 561.65
58 609.13
95 952.68
50 430.84
95 964.81
10 751.98
47 599.26
44 163.77
79 545.13
38 144.42
69 613.29
13 577.01
41 818.26
23 416.65
81 587.36
88 298.12
11 591.20
46 339.60
78 591.60
80 982.90
86 962.49
85 391.85
83 629.28
92 484.39
7 405.08
39 347.27
91 960.44
5 869.14
58 779.73
35 494.03
52 846.88
41 336.97
25 895.29
96 989.56
32 639.72
68 213.95
88 844.89
30 871.73
65 485.16
43 250.19
13 778.62
12 317.24
59 908.16
68 783.17
50 777.28
76 752.85
69 954.16
64 256.41
64 494.43
61 649.77
51 445.96
26 468.40
91 875.38
41 362.41
44 933.10
37 885.51
51 694.83
81 787.11
24 410.24
62 980.59
4 737.41
31 316.17
76 415.34
96 252.73
82 276.29
57 741.88
19 753.27
59 437.89
33 891.00
90 744.69
40 100.30
12 148.41
42 116.34
25 188.57
19 342.84
74 616.27
24 476.44
24 826.72
36 536.86
32 947.61
75 455.26
31 128.26
32 673.49
47 921.89
8 400.76
76 506.47
93 105.48
19 405.59
42 421.41
81 287.91
85 491.84
46 139.52
24 340.47
3 527.40
41 407.39
92 548.35
13 950.69
29 179.67
45 120.33
94 455.47
33 611.59
6 920.62
78 584.20
53 383.11
60 277.59
46 411.59
3 118.97
81 251.35
89 532.42
89 126.53
89 570.36
96 663.04
87 872.79
27 306.04
12 505.30
20 939.27
13 464.38
48 196.18
58 905.68
17 537.44
57 694.27
14 697.81
10 433.13
83 448.37
61 322.89
49 369.27
22 930.45
82 321.20
86 699.64
10 799.74
48 231.09
3 493.27
77 601.60
18 392.44
71 709.39
24 164.85
78 813.00
29 513.51
35 777.15
81 876.09
76 510.43
57 528.39
64 200.24
96 425.34
76 432.58
93 295.24
91 339.36
23 980.50
35 983.33
22 319.60
21 557.80
81 736.52
19 278.21
72 586.92
69 657.29
19 231.25
12 811.05
40 397.88
79 140.56
51 749.22
80 579.64
56 549.96
25 280.83
11 956.63
63 286.25
6 234.18
71 333.40
97 759.68
9 154.50
50 475.84
38 162.75
57 117.12
88 469.02
24 477.47
8 156.40
24 184.35
9 628.59
7 143.27
80 621.43
12 962.85
17 962.20
30 862.00
44 836.20
89 806.00
39 106.31
44 215.41
98 536.06
45 876.21
33 968.84
16 392.79
24 383.47
63 813.82
38 258.43
18 400.25
9 264.04
23 203.51
65 412.25
2 399.80
66 599.18
65 101.28
14 828.98
15 768.49
92 963.72
84 526.46
99 289.46
99 442.81
29 861.60
48 884.89
76 361.76
99 954.97
5 550.57
4 728.03
35 408.47
39 273.69
20 170.44
61 859.66
22 472.87
8 803.56
49 181.70
92 201.94
19 261.97
29 309.78
8 285.64
46 443.07
91 126.53
73 169.44
56 119.10
35 975.28
41 778.26
83 713.47
21 295.52
64 468.47
97 125.78
44 258.88
11 827.10
3 201.23
97 940.72
64 367.73
38 540.51
61 631.99
90 284.48
75 281.32
73 708.18
15 577.65
6 329.81
25 899.75
6 625.35
25 835.14
30 431.87
16 450.77
69 527.84
7 923.47
90 863.17
80 440.48
65 503.38
62 401.92
17 480.73
51 526.77
48 447.73
61 967.65
31 948.11
93 397.12
26 489.65
74 516.60
16 446.62
26 439.66
84 680.77
34 690.90
50 424.47
18 769.99
81 331.56
28 756.90
19 677.24
92 326.49
1 164.66
81 270.10
99 178.41
79 261.94
62 907.12
98 169.55
68 233.20
10 884.90
6 761.42
92 485.15
74 374.95
58 702.51
75 173.15
68 124.78
79 707.96
69 460.96
94 170.94
81 840.61
67 785.92
91 887.37
89 601.54
95 593.88
72 218.80
24 690.52
12 239.85
10 534.94
9 399.54
72 346.84
41 309.16
15 691.20
30 826.56
100 793.69
90 498.78
36 682.40
89 147.57
72 322.84
58 462.84
6 218.33
19 787.78
5 832.44
100 850.87
7 196.06
91 537.13
93 320.71
19 493.49
82 713.14
66 389.51
83 997.14
5 948.35
29 329.05
42 365.41
60 164.35
95 855.66
45 382.14
72 615.13
6 121.12
19 440.60
66 639.89
46 655.26
50 519.86
54 825.37
96 236.30
20 868.26
33 960.16
26 328.01
51 107.36
52 546.87
51 330.57
33 197.28
32 446.78
57 389.35
32 724.50
25 585.31
82 526.10
87 570.75
34 572.49
24 386.16
21 194.71
91 331.61
32 390.09
84 429.82
58 871.71
79 913.73
95 907.53
69 949.77
54 282.05
48 859.51
30 667.84
10 587.66
18 676.87
44 733.61
58 670.90
47 737.64
14 198.00
46 909.98
23 790.64
42 334.83
26 352.53
91 122.20
27 219.55
74 170.06
80 318.37
31 500.04
80 977.12
38 140.36
6 334.72
43 153.41
60 550.27
54 902.59
34 204.37
56 330.41
92 435.43
9 206.06
72 751.02
22 748.40
83 704.98
4 345.50
33 800.07
41 949.25
15 736.86
57 711.12
94 120.24
87 274.67
28 199.24
59 789.68
95 234.59
23 265.10
79 700.55
11 489.77
19 664.26
68 702.73
18 774.23
19 695.87
13 350.72
64 773.68
81 820.19
2 518.64
64 799.87
80 538.08
41 286.29
66 569.04
15 640.09
21 351.78
79 851.12
37 657.43
53 245.61
2 266.94
41 634.29
79 579.24
34 353.27
19 730.04
44 688.74
38 845.30
71 302.01
17 801.29
26 669.93
10 309.03
30 184.36
10 573.75
48 806.41
72 359.83
28 698.61
35 985.89
46 101.79
88 141.25
74 488.16
14 432.75
53 692.66
13 737.34
100 937.03
66 590.74
20 444.93
15 171.76
18 695.04
18 149.50
54 138.96
62 525.17
57 198.12
82 785.68
6 906.02
39 281.69
54 835.06
78 828.73
16 308.45
24 874.95
62 605.27
65 237.57
59 255.67
16 214.32
39 749.98
23 511.45
17 259.60
62 905.56
74 204.88
27 143.23
77 261.47
97 243.85
90 249.35
51 638.69
32 793.75
50 412.76
28 833.28
51 482.33
93 175.52
37 846.03
10 395.27
73 689.71
32 889.43
31 170.08
2 871.33
60 580.28
98 110.44
62 271.51
63 139.60
12 621.18
24 716.63
44 791.29
8 586.84
7 194.23
45 143.03
78 536.39
95 333.14
61 354.08
7 585.23
93 526.06
98 235.29
4 239.91
55 316.03
14 575.33
92 882.04
67 724.01
76 894.47
5 718.71
14 167.99
40 134.70
77 580.34
78 375.28
79 354.11
45 552.13
73 757.52
86 549.07
97 693.56
97 179.60
97 670.37
34 842.61
82 152.29
49 784.24
76 806.17
88 496.92
62 625.65
13 172.69
31 302.81
94 322.39
67 759.05
36 462.66
66 178.47
54 216.79
90 931.40
45 248.14
31 901.87
40 374.61
1 120.27
3 965.71
40 496.85
43 895.57
89 136.47
10 697.23
1 652.72
47 418.38
82 268.41
61 283.10
13 926.45
7 471.52
28 228.63
87 906.44
47 491.30
78 836.52
19 878.50
33 292.65
19 760.21
52 126.64
91 864.91
84 566.24
62 576.59
78 520.78
48 273.91
67 762.79
83 348.54
4 140.11
20 620.94
53 744.13
94 803.42
64 323.78
93 418.18
64 325.95
91 348.23
62 992.24
64 860.90
11 196.39
5 104.55
33 383.95
52 558.75
36 883.80
47 661.38
79 961.68
94 562.96
36 475.99
10 204.13
42 879.33
53 801.07
20 110.33
22 881.69
63 830.41
70 743.24
87 400.13
41 842.94
12 670.65
5 570.96
21 157.74
28 744.32
43 351.72
50 217.42
29 447.67
85 599.57
41 548.40
29 352.15
60 564.49
11 180.41
39 835.76
7 853.64
74 533.26
74 596.49
35 831.40
1 884.64
49 920.09
74 937.39
86 615.06
18 375.59
100 866.25
51 398.07
8 340.51
55 885.33
23 990.12
99 475.35
92 476.50
83 416.82
14 180.26
12 750.77
68 361.97
61 133.77
94 206.27
76 920.02
9 613.74
60 236.59
59 788.56
57 371.38
59 139.92
93 909.36
63 201.57
57 715.65
61 692.00
8 541.11
96 333.00
98 101.71
77 318.78
48 735.66
7 536.95
61 960.61
40 903.00
74 416.83
63 781.67
11 280.41
35 137.18
68 247.07
89 844.83
31 883.12
49 216.37
38 855.28
42 635.25
71 910.61
96 610.75
42 788.39
52 745.67
21 599.16
48 373.63
2 849.79
93 483.22
36 395.32
93 606.43
72 655.27
27 933.84
79 755.88
32 484.70
42 218.14
29 258.66
24 594.48
21 283.16
43 849.54
92 359.90
13 904.02
100 475.16
11 976.59
63 935.24
20 760.30
69 801.60
73 188.45
19 411.84
57 309.86
9 728.11
18 324.99
5 589.91
47 804.15
78 528.50
41 645.13
60 527.95
8 358.49
25 216.05
87 322.85
44 904.81
51 166.95
89 685.03
91 326.67
15 541.35
4 559.91
39 840.52
61 324.17
9 176.43
81 951.15
72 392.46
16 873.29
69 672.51
49 439.33
48 775.59
72 688.77
10 487.72
5 510.14
66 658.15
13 173.13
19 998.50
67 687.95
70 576.78
8 945.37
58 398.13
24 558.12
11 462.88
96 472.10
30 468.23
26 424.05
29 640.75
44 487.66
27 429.52
60 218.74
55 553.89
7 541.69
14 434.86
77 698.16
48 505.40
76 214.76
100 215.93
89 381.87
88 354.41
43 420.31
12 689.50
3 846.39
60 539.72
75 658.89
41 316.31
75 946.78
89 991.30
21 442.28
68 678.44
14 435.03
61 964.77
55 411.18
38 610.68
25 241.99
86 863.48
73 649.08
45 424.69
6 973.54
78 234.30
90 637.32
37 958.25
95 294.30
52 780.30
19 393.84
8 736.89
47 725.94
49 949.99
11 935.69
39 661.78
11 284.20
73 632.82
90 753.97
41 874.91
63 799.90
30 869.00
31 621.34
99 679.46
79 862.02
85 747.98
81 226.36
59 638.03
21 426.16
16 557.38
81 983.73
10 370.79
64 256.08
88 698.14
57 861.23
69 182.34
33 570.79
65 393.22
74 170.33
62 170.46
82 962.13
60 711.06
62 457.66
56 719.55
78 216.81
63 872.56
56 182.54
37 571.68
20 501.64
1 245.63
9 252.10
58 133.21
12 724.61
52 596.13
11 435.42
28 899.68
46 373.07
73 429.90
45 618.75
99 203.43
54 483.89
65 417.20
93 153.92
58 823.13
82 849.97
43 811.21
46 427.81
57 478.54
94 982.74
37 362.03
23 513.97
69 112.85
36 568.36
9 733.86
42 374.47
17 928.95
75 265.18
84 636.95
30 166.05
37 380.72
61 433.43
17 764.93
54 857.37
55 851.45
85 472.18
34 977.99
32 577.67
61 567.13
16 292.14
28 215.09
100 974.14
28 204.54
79 595.96
51 961.20
97 179.80
2 522.22
49 439.18
42 120.17
57 910.78
21 560.75
62 862.55
57 221.10
33 134.60
40 470.89
93 112.98
58 665.28
16 548.34
93 916.68
77 700.72
40 696.53
92 934.08
8 770.59
35 160.41
67 139.98
45 474.63
75 637.36
19 658.28
64 263.87
26 488.66
77 536.59
96 422.88
37 870.70
18 262.52
19 492.41
83 601.00
76 260.43
98 274.40
55 174.85
4 799.19
59 303.13
62 370.29
73 665.21
39 939.56
33 937.21
40 551.13
60 109.37
73 699.04
73 361.61
37 126.93
89 184.24
25 209.55
13 846.02
66 676.48
38 103.96
17 875.69
49 229.31
24 818.81
83 111.21
82 848.69
100 320.08
95 798.98
64 698.49
82 717.64
45 868.52
31 160.11
94 430.33
71 551.51
5 562.84
51 910.88
6 748.38
7 683.30
8 922.10
48 619.29
51 762.25
41 774.25
19 821.73
30 514.92
1 804.61
57 807.47
44 733.97
99 187.66
4 689.18
1 264.04
59 735.52
52 455.78
64 783.26
88 959.46
40 423.38
14 247.29
65 458.96
59 374.85
49 903.61
11 614.02
27 434.52
38 830.48
34 933.97
75 396.86
60 699.39
58 929.42
51 176.47
86 206.84
37 812.77
66 903.82
99 554.57
78 164.24
30 800.35
58 480.88
52 646.56
13 922.00
90 876.52
24 151.69
54 107.72
33 629.29
17 522.60
48 631.47
19 478.94
80 527.85
13 526.64
72 276.51
19 144.39
84 850.84
8 465.06
80 102.25
90 436.47
49 747.81
81 834.85
20 247.57
74 344.22
79 499.88
24 241.02
24 387.31
98 993.81
81 181.34
88 727.85
95 404.97
1 139.26
9 231.01
19 332.45
2 659.43
74 937.68
17 680.76
53 466.57
16 674.02
10 694.17
48 497.24
93 409.46
98 158.09
56 925.24
33 532.58
63 633.89
64 374.32
13 985.88
95 972.98
23 834.03
74 970.62
32 684.36
8 607.93
79 478.67
12 111.02
36 580.33
43 858.15
80 247.14
41 617.89
27 937.17
93 567.94
3 419.57
56 913.14
20 656.69
28 322.44
60 596.75
18 975.92
28 822.87
71 618.78
86 218.49
63 948.35
35 571.68
27 458.96
93 833.95
29 671.75
5 570.95
26 115.02
80 802.07
7 471.88
9 722.38
92 583.58
3 976.69
95 270.23
82 629.23
34 303.08
60 389.87
15 778.74
46 204.77
98 312.64
31 832.40
98 307.05
11 417.68
74 699.29
20 832.55
72 789.53
59 844.12
30 474.24
49 985.23
87 768.99
54 589.73
64 504.52
82 268.31
55 351.73
44 773.52
79 823.03
16 196.12
59 418.55
34 562.19
12 641.04
53 134.47
60 826.10
7 760.76
59 781.19
1 219.60
6 394.71
80 319.77
6 974.81
49 285.55
66 785.65
72 422.07
18 234.02
13 654.33
66 872.99
58 900.75
85 480.10
20 889.48
96 341.10
59 922.15
50 872.96
21 797.39
49 608.97
99 453.16
65 668.34
83 396.76
85 926.12
49 820.20
30 102.35
78 587.19
16 610.85
88 193.32
69 791.33
25 566.56
28 437.60
10 751.90
98 701.20
1 735.23
65 592.30
98 352.68
40 221.02
2 949.60
91 374.68
83 771.89
39 180.68
72 110.55
77 752.90
34 749.80
60 845.66
1 631.29
55 281.86
42 932.06
44 803.63
76 968.79
50 934.97
72 551.14
28 670.57
3 883.30
71 903.46
44 736.67
30 501.27
60 265.16
23 296.83
85 218.34
10 679.19
92 334.64
12 920.45
96 574.99
74 911.29
69 594.40
37 130.53
35 787.59
65 660.58
49 982.74
89 284.24
33 765.93
21 610.93
82 366.62
69 352.99
27 218.89
33 643.40
38 482.58
37 142.01
79 565.03
25 720.91
47 482.01
45 642.02
59 852.03
67 246.26
46 825.02
89 674.15
23 141.98
38 270.76
2 327.33
74 447.36
50 117.99
46 824.24
93 430.79
8 338.10
11 881.57
71 629.29
91 274.43
86 478.89
19 513.73
83 205.25
73 190.38
33 127.67
34 186.15
10 830.17
11 796.12
17 345.62
4 192.37
75 753.23
38 812.97
89 201.90
16 931.34
77 596.17
63 588.83
38 400.56
16 599.32
86 387.48
86 243.92
16 861.41
57 388.79
72 444.11
7 558.29
93 533.06
73 403.25
50 673.25
57 780.90
93 448.25
36 110.98
34 176.27
40 517.46
85 241.60
17 203.81
33 180.48
60 128.36
2 187.12
14 513.87
49 936.19
11 706.32
88 418.48
61 627.31
6 658.09
89 858.78
21 971.03
54 123.30
50 734.54
76 728.74
22 125.24
20 878.99
37 394.57
8 865.62
32 645.89
1 928.02
94 698.22
50 358.83
95 235.70
47 660.30
61 807.72
59 466.43
83 390.79
77 956.75
98 663.16
21 504.41
36 879.07
75 591.00
77 635.86
57 357.75
86 284.75
60 289.63
33 317.83
48 262.15
82 897.91
68 381.07
80 688.66
56 840.96
97 309.38
18 529.98
41 296.12
50 823.52
74 653.55
91 687.97
75 608.32
51 745.44
35 283.72
61 768.53
89 842.32
91 282.68
44 687.87
23 659.04
29 848.87
7 881.49
41 396.16
11 292.93
19 354.13
57 804.32
83 639.87
67 126.92
80 771.00
37 560.17
98 692.21
74 779.02
60 578.72
85 936.60
70 968.09
47 809.37
92 890.81
40 600.11
16 380.08
78 587.90
9 680.56
82 424.46
37 451.55
76 531.06
49 698.64
17 426.47
38 323.29
36 159.26
74 618.64
16 978.98
6 486.41
34 812.49
54 521.10
48 155.86
1 552.96
81 777.89
1 177.51
56 465.73
29 800.53
61 434.84
56 292.28
96 736.74
69 109.52
24 264.58
37 641.57
33 187.46
79 229.98
41 539.25
38 397.71
62 807.01
35 903.68
45 531.50
62 564.38
45 174.80
99 362.98
7 740.16
22 296.65
30 483.39
71 722.23
1 759.01
18 770.14
63 475.94
16 325.39
57 559.50
20 861.48
17 960.03
83 231.95
85 869.34
23 786.57
82 736.48
76 790.84
87 488.75
9 374.57
58 300.43
14 800.56
79 376.31
25 704.74
82 122.81
70 920.86
88 981.39
79 109.73
42 766.79
15 677.91
27 245.95
63 461.31
79 879.51
22 907.54
53 340.03
31 312.16
35 582.88
95 124.03
81 505.26
100 294.88
18 659.04
36 102.17
79 284.03
16 747.68
99 442.72
68 924.52
18 944.66
98 159.47
57 312.57
26 304.94
45 984.20
84 496.33
20 565.86
22 497.07
40 455.78
52 872.40
12 148.09
74 949.92
75 767.94
41 581.31
19 976.32
35 382.50
44 328.65
77 240.49
31 774.37
65 795.49
83 781.83
2 712.86
100 409.03
90 697.27
19 399.58
8 143.55
39 581.72
42 525.92
71 475.83
67 539.74
83 784.02
69 656.03
4 281.86
93 231.59
77 273.80
54 890.91
37 996.47
91 937.39
71 451.28
35 713.46
37 486.26
61 450.06
89 220.03
87 906.13
96 271.78
99 223.19
54 491.94
46 836.85
18 787.95
63 242.48
82 310.32
73 947.48
67 262.31
54 686.79
46 607.52
98 685.85
49 812.12
27 838.08
33 148.19
64 152.99
11 979.47
23 482.45
97 281.57
47 504.12
55 168.23
11 371.81
32 217.34
5 958.66
67 690.68
22 450.63
3 883.48
92 361.44
11 213.68
67 871.77
75 552.85
64 413.53
86 228.84
39 857.70
80 772.46
60 846.74
29 574.43
24 660.07
50 563.56
54 481.33
43 275.67
41 211.02
6 113.40
99 581.09
72 605.24
6 227.70
35 610.83
38 190.20
13 687.05
13 403.83
21 287.54
9 518.45
84 409.46
73 338.12
25 355.17
94 184.27
56 771.76
32 178.44
76 301.96
24 107.98
90 444.33
60 166.68
24 797.80
63 353.26
72 840.16
49 202.79
14 936.84
19 933.84
30 951.49
96 980.62
100 140.72
75 554.55
82 336.94
46 131.67
31 550.67
58 426.05
43 459.58
91 994.37
33 924.70
90 385.40
9 297.11
83 649.76
52 773.94
40 468.02
27 200.68
39 537.01
16 544.00
88 961.67
34 225.14
83 697.81
16 461.77
54 288.41
92 775.71
74 233.03
57 756.76
26 713.12
75 174.77
26 448.83
57 157.68
28 454.58
87 558.49
25 253.86
66 158.67
36 207.11
97 323.33
90 388.91
56 998.36
6 809.13
14 532.75
35 847.45
67 927.99
40 324.52
59 874.53
30 486.88
47 335.54
16 802.33
50 738.22
37 454.21
18 761.25
44 773.08
96 456.17
2 793.41
30 428.82
80 561.98
49 666.39
96 972.01
45 723.01
50 309.04
12 673.08
96 952.42
58 469.29
42 749.08
97 181.40
88 826.38
48 634.88
6 479.78
88 927.09
53 982.52
34 504.93
45 354.19
92 499.50
23 349.91
47 330.22
3 857.67
48 772.95
9 178.67
85 320.08
61 981.34
22 198.80
66 330.54
26 102.57
73 288.21
23 300.88
77 678.52
42 685.43
41 633.83
45 676.34
99 182.28
13 625.02
14 212.88
1 957.88
77 325.81
13 767.98
85 472.94
25 269.53
27 197.53
75 892.04
63 188.24
39 947.31
96 403.70
24 654.60
29 894.82
6 816.12
46 641.49
28 135.82
46 778.64
82 498.70
27 266.13
69 233.28
3 634.57
52 978.83
29 424.06
94 202.68
20 201.50
46 455.77
80 101.97
99 428.93
18 270.81
59 695.59
84 711.74
48 698.57
62 600.87
98 890.87
5 409.78
80 629.46
42 305.55
7 756.15
80 178.69
68 858.91
82 333.82
42 999.10
57 429.98
6 387.47
32 834.25
39 584.34
75 844.71
65 870.02
96 588.54
42 225.57
65 242.73
55 106.13
73 522.45
68 104.78
59 283.93
36 182.59
61 437.34
1 406.99
52 524.12
9 248.47
1 500.61
67 923.15
68 626.52
84 938.89
68 968.58
6 634.00
51 985.74
4 462.65
49 855.94
75 845.71
8 550.46
49 924.21
75 979.46
48 198.91
80 595.40
53 349.63
98 143.72
75 505.27
54 707.26
7 647.55
59 663.09
55 289.37
46 747.16
1 486.34
93 246.49
85 816.28
66 611.72
41 741.26
57 368.78
27 613.49
26 726.58
32 776.03
64 964.75
10 617.41
3 214.03
74 509.84
86 383.41
100 288.32
93 497.78
53 359.94
31 356.39
31 263.85
70 444.71
48 206.43
90 970.03
49 321.74
51 287.93
53 220.46
24 140.19
21 451.91
7 332.48
45 647.27
76 436.86
16 158.46
85 250.70
44 528.05
30 250.49
33 556.07
83 862.30
76 244.70
97 351.77
84 524.77
63 302.63
36 206.97
96 197.59
75 177.51
63 443.39
8 948.67
60 794.32
65 778.51
12 292.70
97 522.38
47 798.99
98 308.23
96 870.78
13 944.09
18 884.39
83 137.84
1 646.75
20 477.31
49 362.19
64 279.82
10 531.58
30 236.41
80 659.48
73 116.45
46 431.84
35 862.36
23 408.47
77 244.96
64 712.49
1 800.33
46 286.37
8 455.14
18 641.02
33 996.88
77 730.85
14 432.81
85 656.72
31 987.02
37 907.98
47 280.40
48 577.64
28 835.42
39 983.93
88 480.90
93 516.51
87 857.53
77 466.30
70 378.50
10 364.98
25 523.05
42 848.47
3 902.57
36 638.92
53 349.41
70 179.02
23 944.45
40 875.85
35 358.99
58 858.50
67 232.63
8 289.54
60 369.40
75 489.16
28 310.16
92 767.04
87 362.40
82 149.73
38 123.94
87 438.83
34 520.37
91 673.05
18 812.16
33 289.34
75 386.00
4 599.44
15 530.03
24 921.80
78 246.95
57 268.24
46 106.63
82 717.69
73 183.55
64 716.01
57 591.83
33 351.89
31 437.87
47 863.88
61 387.73
62 434.79
45 576.53
43 419.53
100 297.07
1 376.08
8 201.50
35 169.01
27 695.40
11 968.60
12 112.99
45 240.68
75 885.50
23 525.25
41 870.74
55 228.95
3 317.36
26 268.44
50 960.39
7 140.38
13 660.89
82 192.66
23 724.34
16 433.41
82 618.21
47 781.35
82 352.72
29 526.97
7 255.49
90 552.11
20 111.39
80 951.34
77 910.46
5 976.95
84 516.77
32 228.54
53 347.70
19 957.55
75 220.69
56 300.64
38 514.83
5 549.29
10 369.72
66 366.89
81 592.40
35 304.41
28 651.39
93 590.07
98 693.61
76 775.82
63 769.31
23 633.43
25 224.08
47 936.52
51 412.61
30 703.99
42 868.02
80 694.66
26 776.01
90 467.53
36 111.34
55 963.75
56 809.89
90 599.42
38 332.25
13 109.61
25 449.64
96 860.27
61 249.11
24 901.31
19 409.58
16 147.02
48 770.29
17 953.35
8 463.51
14 721.39
15 660.98
79 785.19
52 385.29
97 512.03
43 762.51
98 551.69
10 216.32
15 405.28
37 262.77
27 287.47
98 580.27
85 260.60
83 528.30
82 830.22
33 831.75
32 963.63
38 250.27
49 727.32
6 215.33
52 180.61
35 763.73
67 898.09
24 892.32
53 196.18
82 816.77
16 881.91
20 225.08
52 635.37
75 730.63
41 740.24
97 114.81
97 178.46
39 676.00
33 973.21
58 431.77
24 411.91
77 487.51
72 657.37
55 338.03
78 463.99
22 211.95
66 317.45
100 108.63
4 991.57
94 445.32
83 192.91
38 545.87
14 987.19
16 423.45
67 855.83
75 787.84
88 596.22
69 378.73
61 167.54
46 579.79
52 184.08
44 438.23
40 492.12
4 826.73
63 277.55
51 252.25
78 690.16
33 462.25
98 840.59
97 393.89
57 236.31
54 309.86
24 513.72
50 683.40
1 381.05
3 729.10
81 573.65
23 956.72
75 731.18
85 332.70
25 514.01
44 576.31
22 170.80
92 125.13
44 298.54
45 555.94
31 797.05
62 520.40
13 390.72
25 766.26
99 406.36
44 535.93
26 755.85
68 520.43
79 316.11
13 111.75
17 531.69
100 736.99
14 349.38
18 324.23
92 349.41
89 589.91
67 722.67
71 864.71
49 404.54
47 232.77
25 170.76
78 630.20
67 404.03
99 299.68
96 220.20
99 670.72
70 708.34
100 399.68
19 368.36
74 600.78
78 600.98
27 522.39
67 221.88
91 132.16
9 100.75
78 817.37
25 788.78
6 370.54
57 615.05
62 477.47
69 440.86
46 889.69
32 442.24
30 140.59
17 799.91
10 670.08
100 977.91
22 206.47
67 872.75
70 278.74
25 217.71
12 718.06
17 325.50
50 529.40
80 838.61
29 999.64
2 577.74
59 720.73
53 156.69
82 756.08
1 124.45
41 814.61
98 735.79
89 887.51
33 479.92
90 677.69
19 193.02
55 793.94
14 709.42
98 105.19
88 806.41
56 484.17
82 601.52
75 768.41
28 460.34
70 441.23
9 298.15
92 252.54
49 802.73
13 114.72
87 850.49
40 610.36
47 729.91
54 322.55
8 589.05
31 164.77
43 152.94
82 184.78
91 198.72
41 358.87
43 983.96
13 841.76
82 115.15
42 949.36
69 752.28
56 461.46
84 516.89
70 170.26
20 949.42
95 690.85
37 625.34
71 315.31
81 511.79
64 478.07
81 576.18
63 220.62
40 252.87
75 846.05
81 437.77
90 373.93
64 419.23
81 907.15
16 359.95
74 982.59
86 697.94
29 117.34
5 357.10
46 936.07
36 861.99
86 484.72
6 431.78
13 730.63
34 963.45
24 352.50
7 203.30
63 170.30
45 376.43
19 247.84
22 575.09
87 326.72
88 229.28
96 112.19
58 129.68
42 525.89
93 573.70
83 720.06
46 745.86
25 343.62
26 550.01
46 493.82
43 312.88
98 827.85
56 728.64
34 581.90
97 624.37
44 255.00
46 584.05
82 262.50
50 454.02
33 874.32
43 890.14
73 279.21
25 321.69
4 850.00
54 201.46
19 333.60
37 844.33
63 586.19
90 962.56
11 382.22
6 564.65
50 774.10
33 421.63
18 155.45
97 568.74
9 838.57
60 611.29
78 813.83
61 997.53
29 308.30
73 156.03
18 770.68
52 533.81
96 324.77
92 526.76
10 134.71
34 872.01
93 823.05
20 341.77
71 243.91
78 256.21
61 956.76
91 412.83
43 495.25
48 341.28
6 485.47
77 916.60
35 167.07
37 253.15
80 838.16
39 806.64
91 417.52
72 931.62
80 770.78
20 227.33
67 634.77
74 665.68
81 733.70
88 394.67
48 463.52
72 212.51
49 760.73
59 515.40
64 158.25
65 795.53
48 479.49
85 534.08
50 875.35
61 788.41
67 430.07
31 570.00
31 853.45
56 715.98
20 256.78
33 625.28
56 155.00
84 468.18
36 831.84
89 807.95
85 185.53
14 735.83
35 754.70
11 181.96
14 998.85
69 605.44
91 460.63
66 620.01
39 272.05
42 269.80
25 439.45
79 258.75
22 584.70
80 720.21
1 439.28
74 722.72
39 571.88
63 117.31
50 424.97
62 966.65
37 574.82
42 138.69
35 480.31
43 431.94
71 885.05
93 556.68
52 254.51
100 467.38
69 558.97
69 553.67
98 640.46
92 288.66
44 846.35
64 959.72
56 424.48
32 996.42
87 648.75
90 894.54
77 401.43
50 562.34
95 710.21
27 968.49
55 447.77
87 191.36
91 329.42
39 200.38
59 273.32
94 772.92
7 433.60
20 771.63
71 769.12
11 456.19
70 271.33
89 705.38
80 764.68
15 223.14
23 843.66
42 170.40
45 249.48
90 980.45
100 609.90
54 313.16
3 262.69
66 485.30
39 697.14
70 349.52
75 481.85
75 482.45
48 382.25
64 557.95
43 660.43
93 263.22
75 358.72
17 303.68
48 608.44
40 373.05
26 384.79
60 139.61
3 619.23
74 484.02
24 699.59
3 978.49
74 613.59
90 569.88
74 350.62
31 757.02
82 368.38
85 241.05
46 711.53
15 607.75
64 562.17
31 816.02
74 703.41
100 817.08
83 994.49
15 776.08
48 755.26
7 862.70
18 465.11
35 797.90
77 739.95
77 970.65
70 364.82
88 402.31
95 813.89
25 263.43
21 412.95
29 751.19
58 692.22
44 324.14
12 144.08
29 358.48
67 798.08
69 562.45
27 733.77
14 391.13
40 506.12
74 283.63
50 494.75
99 162.90
52 606.54
77 156.78
3 403.57
71 324.86
64 407.58
8 993.88
8 188.29
76 911.55
93 369.10
44 774.43
4 873.31
30 321.56
3 972.25
53 899.06
53 356.36
66 390.50
57 679.45
42 906.31
98 508.34
96 371.08
90 864.33
92 578.66
83 701.47
6 682.39
46 184.63
74 954.08
91 393.13
85 160.49
2 353.05
86 801.63
52 146.30
100 581.07
35 825.68
100 271.20
35 797.13
5 892.83
39 343.25
62 162.67
7 615.20
58 886.57
94 325.01
42 337.59
52 232.37
42 137.43
89 893.77
22 381.26
97 881.46
67 553.62
46 975.56
87 609.71
44 477.29
59 539.88
62 217.15
75 353.38
55 521.51
48 282.68
44 898.36
34 698.72
21 958.51
42 382.16
93 599.14
53 239.96
83 300.96
13 833.03
64 621.32
52 848.23
97 473.80
9 128.79
44 608.95
1 207.23
30 264.10
6 538.64
12 796.17
4 776.94
77 398.14
71 160.60
38 630.58
85 554.13
22 183.67
28 141.93
100 213.19
88 123.07
34 278.54
26 425.64
30 125.37
56 625.66
41 356.05
31 358.32
40 874.13
24 501.45
56 223.24
22 696.58
39 912.79
5 376.84
84 753.41
68 536.72
89 956.85
27 972.90
59 952.33
8 828.41
5 449.22
60 509.67
15 358.88
100 444.28
18 856.57
78 190.86
88 765.22
82 665.65
82 553.17
30 146.25
87 747.36
16 866.56
55 179.30
16 278.39
53 240.32
75 756.97
10 940.30
65 679.63
18 951.37
60 994.64
87 432.27
24 919.55
73 840.72
28 231.68
70 149.56
96 296.04
26 247.14
66 724.55
51 804.91
83 169.22
35 205.16
86 277.65
37 520.13
66 285.03
37 529.27
7 733.66
1 569.22
76 533.10
77 596.74
19 599.60
72 118.72
94 878.73
38 153.76
77 385.45
10 842.67
67 310.80
7 825.41
12 695.81
63 688.89
61 954.20
71 805.99
54 642.28
57 880.11
49 767.51
72 231.47
40 803.94
65 525.45
74 252.48
79 875.48
25 640.43
70 281.91
69 628.16
43 636.15
72 382.57
52 234.42
64 623.09
74 114.35
55 491.67
14 195.76
12 516.43
22 621.28
53 552.38
45 706.72
2 189.63
88 812.46
89 770.25
2 247.12
41 993.84
53 887.27
64 821.66
5 513.29
19 798.65
74 938.79
55 104.58
94 582.43
90 839.07
69 505.94
85 691.25
60 547.66
33 954.53
20 599.06
75 657.54
96 519.03
96 802.56
73 956.50
44 389.92
60 773.90
8 198.63
51 570.59
65 870.75
17 900.08
89 421.91
40 634.59
67 982.58
67 578.54
10 805.86
29 120.14
7 259.70
69 293.00
98 633.88
15 671.68
9 771.19
89 114.84
40 846.07
4 147.49
57 455.90
36 237.96
41 485.59
58 631.89
5 554.94
84 294.51
1 877.97
32 282.54
55 689.58
15 998.96
98 643.70
98 430.75
19 705.64
66 922.02
33 413.75
99 827.08
53 599.17
25 762.18
21 267.21
75 879.69
90 591.58
82 510.39
23 106.64
87 385.13
9 656.50
91 994.15
82 385.17
43 981.99
24 237.54
79 380.24
7 866.39
18 258.35
74 299.44
87 829.97
21 143.13
30 249.09
36 535.31
15 354.57
49 502.13
35 823.91
16 560.37
99 261.82
18 385.13
79 647.41
17 725.08
98 868.12
33 489.63
44 136.65
53 143.02
13 146.07
16 910.15
54 857.37
60 949.07
3 966.66
81 825.65
8 373.72
13 577.48
12 338.27
65 662.54
77 447.76
21 701.94
29 813.11
69 834.02
39 751.02
37 907.98
78 302.89
54 116.77
19 410.10
76 587.36
19 888.79
56 115.95
17 717.85
97 562.72
25 616.51
63 919.13
91 363.39
38 899.36
57 359.19
24 131.05
63 687.43
37 887.26
56 687.91
51 630.04
6 926.68
100 468.04
27 581.64
25 870.34
94 162.76
59 837.72
32 234.24
65 597.29
12 344.64
7 875.95
34 120.72
76 777.95
56 368.91
86 645.88
89 320.12
9 213.45
65 814.96
24 275.63
35 674.13
79 824.58
84 410.51
45 470.20
90 176.22
17 207.93
71 242.31
34 881.74
93 373.69
95 677.10
14 387.35
39 233.85
35 442.02
79 820.08
100 805.96
79 401.88
75 255.93
8 578.01
49 344.12
57 941.65
35 140.95
78 904.71
11 269.03
32 875.66
82 443.16
19 591.76
3 330.45
30 261.21
33 735.84
9 274.19
3 375.18
20 579.36
18 901.08
88 933.86
52 416.06
46 643.03
46 123.09
93 959.28
13 610.76
2 484.49
35 489.36
48 666.53
25 198.63
85 912.49
30 969.13
52 129.13
32 946.80
99 102.58
78 447.70
83 778.33
16 206.03
36 236.45
73 129.61
9 440.43
13 665.45
81 450.66
19 938.74
48 455.72
12 803.74
17 643.10
60 117.85
74 669.48
11 681.34
20 551.87
35 713.48
38 813.61
14 475.46
97 900.00
79 800.26
9 879.78
100 523.36
19 799.32
63 612.35
14 524.45
60 568.84
79 586.08
16 311.07
78 989.49
55 395.62
91 762.77
19 840.84
61 458.54
69 565.64
54 896.50
82 572.13
29 133.22
84 799.89
18 514.37
99 275.85
19 356.45
87 998.21
47 571.30
96 465.14
26 747.66
25 191.80
40 867.50
86 806.36
55 599.76
48 570.30
55 155.34
34 453.24
60 699.01
8 150.45
82 965.46
57 721.02
44 211.07
37 818.65
64 911.88
45 194.34
35 230.85
24 825.74
17 187.06
74 947.40
61 760.43
23 818.12
66 515.13
10 652.68
83 707.88
53 403.39
49 922.72
29 877.25
49 746.96
84 696.51
6 984.79
93 910.24
82 154.99
46 561.47
78 417.89
71 259.61
95 296.87
27 589.96
45 345.95
41 873.97
94 453.91
69 436.68
33 177.92
13 226.78
20 999.34
89 464.62
96 586.67
67 338.92
66 686.49
65 491.57
31 541.97
80 339.99
23 828.67
49 190.86
34 214.34
27 724.41
9 336.94
38 586.08
78 593.72
71 213.63
68 619.52
1 315.25
30 450.33
8 614.49
20 801.29
91 489.28
77 331.06
62 746.46
96 994.99
77 717.06
14 186.25
14 319.88
77 777.78
24 534.29
9 636.92
34 352.83
65 247.73
54 904.06
44 739.94
38 196.66
25 719.68
100 534.74
14 909.14
63 335.40
94 574.33
79 326.43
88 467.63
67 790.99
16 524.14
29 226.80
33 879.52
54 476.74
48 262.39
43 906.48
24 382.72
96 824.75
40 887.50
40 546.60
43 680.48
25 425.88
53 588.80
84 413.98
90 791.84
85 885.91
29 270.83
79 792.28
42 345.75
13 171.55
21 837.14
90 777.31
11 894.54
36 456.05
63 222.03
20 217.49
55 591.86
61 757.82
82 220.47
23 870.71
34 162.27
75 616.05
72 518.84
46 315.24
52 248.03
97 780.39
52 456.79
46 654.33
63 954.51
42 765.20
71 978.30
38 343.65
6 996.00
25 825.58
56 224.04
49 854.09
27 129.97
40 626.85
14 555.13
94 108.29
16 492.32
73 902.46
69 170.29
29 927.60
30 445.43
17 297.87
68 106.29
4 455.58
5 355.91
81 938.07
61 340.99
50 872.44
65 851.64
53 682.11
27 255.47
97 647.12
52 614.08
94 970.88
87 490.66
70 913.94
31 729.77
56 791.22
84 529.92
42 363.84
21 167.13
48 211.42
39 137.13
75 473.75
10 660.47
18 827.01
66 747.77
13 864.11
83 130.91
43 545.08
43 595.50
7 598.02
79 663.00
40 913.22
28 133.43
52 161.33
7 634.93
13 740.40
92 763.66
92 883.35
52 376.14
90 198.14
83 598.38
59 769.56
56 296.21
21 409.93
9 469.13
3 838.64
22 705.16
59 259.84
54 581.57
36 932.11
10 835.66
8 744.32
82 327.44
31 709.43
8 116.07
59 230.90
40 501.48
85 983.80
43 525.01
30 375.06
65 979.41
98 534.13
19 654.22
59 968.48
75 124.80
28 400.44
81 495.72
22 371.95
73 613.81
77 162.27
24 621.61
98 236.91
91 529.37
37 871.28
12 863.66
92 749.68
98 318.45
26 200.86
63 950.84
100 299.60
36 124.75
41 843.54
67 479.15
42 272.96
80 997.24
72 112.99
80 852.80
68 191.27
97 952.53
12 904.78
98 125.01
3 474.94
86 737.08
78 506.93
62 661.86
20 571.38
3 663.35
65 972.62
65 710.39
8 254.35
100 749.97
2 451.35
95 302.43
57 852.70
26 393.05
79 433.36
41 895.19
7 874.33
31 938.01
35 122.30
29 188.75
73 153.30
75 841.39
31 220.80
71 551.42
15 629.39
59 375.41
41 721.36
65 541.94
73 971.71
3 919.71
71 983.59
14 692.74
96 289.52
51 207.48
46 936.02
79 558.76
28 150.51
80 927.83
19 396.98
23 824.81
30 538.40
7 816.69
13 458.32
23 971.20
49 485.92
35 295.90
48 674.57
11 526.93
98 661.52
44 714.33
2 461.70
60 993.12
50 145.69
50 938.84
84 806.11
89 307.94
18 889.62
74 397.25
83 160.10
73 968.64
22 542.88
29 991.89
11 102.57
55 218.90
18 178.32
100 492.46
1 872.01
69 761.75
4 561.04
83 983.67
14 502.38
83 921.02
45 247.56
63 934.07
51 609.20
97 977.56
95 980.67
13 323.36
62 735.14
74 276.11
23 735.19
53 573.09
59 841.30
67 535.23
55 939.14
92 746.69
23 936.38
76 614.99
57 676.75
64 371.39
46 762.03
42 972.58
69 171.37
15 204.07
25 825.57
31 796.69
40 301.27
89 571.50
16 721.29
84 147.62
45 709.10
11 633.17
59 381.47
52 596.95
3 140.32
55 931.21
37 289.91
57 245.29
83 294.44
18 742.18
69 250.98
12 216.28
24 485.05
71 610.93
21 206.07
35 660.20
60 667.98
11 649.42
72 551.39
32 525.75
68 615.99
27 440.34
79 247.50
12 751.89
11 638.77
20 456.63
98 643.58
61 104.94
47 311.29
9 901.35
24 721.91
86 442.51
91 352.36
9 875.46
38 957.92
68 411.50
77 945.06
50 340.92
84 337.67
42 468.96
19 351.82
38 767.08
53 209.85
66 387.95
13 740.35
81 643.10
30 694.56
23 484.10
44 193.66
65 455.65
49 766.50
19 314.39
24 969.11
6 105.13
85 243.10
82 838.58
89 624.47
92 629.38
88 849.53
86 903.00
68 144.84
85 537.78
89 477.54
73 918.70
42 635.95
70 340.00
94 812.98
20 168.17
83 685.91
92 181.14
73 410.46
93 870.83
14 384.75
80 293.64
17 133.04
30 767.87
35 630.73
1 690.94
45 665.22
35 808.29
41 172.57
71 199.43
17 612.56
31 754.60
7 103.14
90 785.23
76 952.38
39 189.85
79 116.65
73 388.68
37 162.96
59 333.63
13 214.22
77 491.57
49 492.77
52 502.04
56 937.83
19 562.41
22 209.10
74 828.37
3 522.25
41 639.19
95 862.60
91 497.54
95 241.02
20 821.62
96 941.03
57 157.20
10 243.39
3 395.15
54 623.92
71 488.77
31 652.21
85 490.98
66 290.30
3 508.90
65 114.16
86 525.58
27 730.34
38 840.12
9 601.79
69 666.20
92 865.98
57 629.58
87 705.72
59 174.25
12 416.35
86 360.78
39 508.07
87 273.67
21 360.27
1 758.85
4 105.04
36 868.84
78 909.21
100 968.54
75 136.66
12 816.36
57 466.17
63 298.32
93 946.45
54 814.86
9 613.47
32 124.16
31 359.38
86 123.19
7 605.39
98 896.32
48 349.73
10 851.36
77 858.96
93 246.98
68 905.31
70 683.77
41 122.83
23 568.40
78 430.57
54 284.79
6 209.51
2 730.09
53 464.51
10 393.87
33 784.93
73 402.65
67 268.86
92 150.95
25 834.73
82 416.24
22 966.41
8 930.95
18 483.40
4 280.16
81 949.90
21 363.84
20 542.18
37 216.83
96 999.96
81 857.09
79 500.79
4 944.36
30 808.83
49 605.80
60 207.68
14 649.99
68 364.93
17 441.24
11 797.69
8 944.76
57 445.00
44 758.04
5 842.97
24 841.78
16 588.06
5 366.20
76 867.41
25 470.05
9 882.51
22 896.11
68 221.87
18 324.40
70 335.12
72 186.41
11 201.88
76 444.88
77 110.28
96 206.66
44 277.63
63 541.77
97 489.90
36 234.88
91 893.89
22 637.66
92 605.00
72 307.19
23 408.08
36 424.54
98 694.59
51 156.24
72 534.05
74 937.72
69 351.83
17 829.56
40 555.99
85 501.48
73 965.45
60 174.12
9 937.36
93 219.60
64 376.49
24 199.94
67 281.52
18 770.99
72 790.94
69 258.49
81 215.52
11 733.55
89 805.85
98 218.41
76 192.61
8 363.91
60 383.86
84 742.70
11 813.54
80 571.88
14 702.66
99 785.17
99 592.71
30 929.24
7 382.85
29 759.35
10 220.54
18 665.61
15 141.24
67 943.70
38 647.10
91 670.63
34 638.61
53 975.90
87 682.79
56 851.32
52 463.17
90 226.54
53 197.78
21 345.57
68 674.13
13 858.97
44 337.93
87 513.63
51 621.57
7 688.46
67 850.65
17 461.60
69 237.07
76 603.14
16 654.84
63 241.97
60 791.12
42 670.91
42 112.68
55 416.85
14 230.47
52 489.14
12 411.01
78 920.60
59 729.70
95 793.12
83 177.36
66 586.82
39 865.47
6 307.20
32 868.07
11 959.62
94 591.63
75 131.86
44 974.78
70 133.11
15 250.08
42 824.39
19 117.36
72 502.23
16 712.66
2 486.89
16 495.79
20 216.28
83 336.67
47 594.77
61 483.14
56 535.51
67 267.29
76 230.64
96 488.19
6 888.96
33 335.07
40 639.80
30 621.34
95 257.47
19 620.77
51 450.68
1 824.89
6 523.49
64 653.73
95 649.13
90 202.05
30 391.70
99 587.51
98 216.83
60 538.26
36 475.16
17 960.82
28 655.54
37 768.94
29 831.93
23 713.31
11 107.87
1 974.33
67 970.46
5 120.81
69 577.63
70 410.30
36 352.86
41 655.02
75 738.60
93 933.27
12 433.32
26 110.43
69 374.95
88 375.51
73 265.77
58 268.20
71 639.65
99 683.04
98 456.35
3 233.10
79 366.92
38 160.09
96 314.82
45 391.61
23 794.39
57 592.30
26 618.49
38 350.68
57 828.68
79 168.16
60 906.80
9 179.68
2 476.61
33 958.74
99 982.72
65 646.38
71 811.05
86 796.13
87 502.46
51 949.30
5 296.84
86 352.11
91 126.14
56 626.59
86 192.73
96 303.68
99 596.98
24 778.45
60 564.96
41 412.08
47 654.17
10 518.29
25 845.80
58 411.53
3 851.23
1 651.97
50 257.38
40 822.09
76 699.22
40 612.27
13 925.95
46 243.09
95 846.86
10 374.12
7 867.34
79 165.99
61 608.66
27 719.40
59 820.53
84 932.07
41 603.81
34 918.52
4 961.90
99 845.81
83 305.52
35 781.59
88 323.50
19 277.79
26 307.68
56 870.22
84 508.60
58 836.91
92 561.68
62 646.93
93 203.78
99 695.87
61 408.66
14 463.74
42 698.58
42 989.23
84 855.55
63 874.39
11 802.35
55 205.53
27 971.72
93 449.97
59 780.93
67 158.21
12 825.68
7 705.87
58 434.94
14 373.50
88 362.72
49 912.92
8 234.37
75 594.56
28 872.81
88 625.66
77 989.73
29 905.65
21 525.69
32 938.58
48 253.88
43 880.25
25 842.75
20 158.93
72 286.33
74 200.68
25 387.96
63 162.35
60 117.61
52 528.69
14 143.58
34 400.64
16 153.60
53 857.69
38 659.60
4 323.92
45 141.96
30 861.86
61 536.36
82 461.26
33 297.70
85 494.67
1 152.97
99 776.15
48 289.85
69 173.64
52 150.12
62 962.83
19 727.99
50 384.73
96 439.61
43 881.28
43 821.89
99 307.94
28 772.37
41 340.91
100 920.23
66 776.97
43 972.89
33 839.15
45 961.69
44 805.44
51 520.47
2 237.12
86 463.93
14 336.93
44 404.55
23 231.27
80 634.57
95 266.03
49 551.32
58 496.52
83 367.55
33 720.52
2 176.82
100 145.12
16 851.14
90 117.05
16 712.93
40 271.26
63 404.89
61 757.98
45 661.11
66 658.64
60 950.94
85 141.10
2 780.05
96 584.10
26 431.73
5 597.16
61 477.54
49 950.47
71 922.64
12 772.62
37 985.91
40 146.55
24 455.76
32 398.62
12 391.23
6 482.59
49 509.50
33 135.42
25 310.24
39 798.03
44 880.69
90 985.81
97 709.44
34 747.47
62 307.05
50 776.92
31 467.20
15 927.35
56 422.15
68 954.24
42 861.24
24 357.40
58 319.20
97 506.35
74 695.01
58 216.32
74 180.85
86 890.72
83 818.72
18 411.99
15 303.36
49 414.07
50 381.08
55 278.46
84 510.63
38 911.03
69 787.52
38 264.95
87 617.76
62 747.86
20 511.48
38 956.50
6 449.00
15 501.91
62 252.71
51 910.24
43 277.73
94 760.27
65 714.12
56 420.51
94 907.36
90 498.26
59 293.16
36 101.62
79 417.80
98 457.05
57 922.18
40 354.52
99 676.46
36 387.42
90 123.39
77 269.96
87 443.15
89 585.65
93 153.99
48 971.72
23 145.76
41 413.18
72 168.69
99 107.16
21 201.32
24 792.16
97 239.07
52 462.84
37 575.79
55 767.26
77 778.96
86 725.81
10 514.96
37 463.04
21 665.34
14 196.21
92 735.13
68 609.26
8 457.58
35 385.00
69 241.97
38 611.50
30 938.38
18 504.56
41 549.79
67 795.15
81 353.46
77 200.04
54 119.19
18 301.36
59 547.57
39 409.31
89 923.66
1 750.22
86 375.50
31 202.13
44 677.78
73 686.48
15 152.83
51 412.56
92 393.20
96 266.44
61 741.29
10 550.73
96 674.99
98 733.88
74 383.74
59 122.36
93 404.78
76 267.97
49 763.48
78 271.44
3 954.11
27 727.68
58 790.80
29 131.24
33 260.13
97 853.72
2 273.60
99 658.39
51 794.75
20 948.53
78 770.25
70 915.25
22 100.43
99 127.73
9 950.88
19 555.94
79 737.82
47 218.71
74 788.33
9 873.93
49 182.57
62 291.39
3 746.23
11 322.58
44 438.82
19 213.75
69 532.07
72 806.98
86 558.70
30 292.61
78 173.62
24 242.70
23 297.09
43 386.81
57 892.19
22 121.70
8 713.96
48 206.81
31 127.97
4 962.01
41 836.59
74 538.52
5 926.30
26 656.18
55 823.68
20 949.93
42 513.97
73 444.52
17 870.57
89 670.49
33 837.85
4 534.30
37 487.93
93 337.83
32 204.20
28 995.09
22 801.95
46 360.58
25 904.10
68 851.83
59 965.57
41 903.97
36 616.04
89 294.57
6 322.71
14 333.71
100 535.43
55 574.32
95 615.84
67 112.35
42 680.18
30 428.37
67 508.97
75 635.36
25 298.80
97 111.21
75 520.88
97 396.98
63 478.85
64 821.25
75 560.49
29 319.05
75 521.00
71 469.27
45 190.95
70 363.57
40 245.10
90 516.74
34 169.45
7 790.46
3 199.33
99 720.56
63 251.95
28 466.87
34 150.89
71 336.25
61 677.43
48 107.82
37 693.71
52 430.25
67 594.40
57 676.47
24 853.80
15 675.21
28 271.06
91 763.61
77 332.13
91 832.87
6 436.53
3 395.42
96 907.65
77 812.49
96 717.13
100 183.32
87 908.98
88 117.17
21 279.91
13 146.93
73 332.63
28 237.58
89 843.86
76 908.12
26 972.92
42 607.99
81 739.82
9 366.94
88 877.95
87 541.76
79 206.38
68 326.12
29 239.34
57 537.53
24 430.08
82 961.28
74 859.84
72 420.42
77 547.25
53 752.95
96 262.35
8 396.10
56 735.08
46 829.81
48 801.54
78 908.84
8 542.64
36 753.66
99 369.18
100 350.62
48 485.59
23 161.10
92 196.32
80 546.00
51 989.19
87 132.20
61 460.79
35 597.95
60 322.23
65 263.01
10 957.93
41 128.53
45 288.52
53 309.48
22 231.99
29 797.72
29 141.36
51 438.33
53 168.85
79 519.02
44 541.04
62 111.47
94 226.03
63 192.55
30 481.99
44 358.15
35 561.50
45 630.96
2 353.36
96 980.14
74 835.34
65 338.66
57 825.78
97 357.53
14 532.94
78 329.12
56 369.27
49 829.19
24 762.18
76 492.79
81 279.88
3 565.68
53 156.05
55 199.98
61 861.51
100 929.18
20 844.94
34 821.14
63 873.41
44 904.27
23 295.07
76 115.67
49 460.67
35 629.74
31 153.72
49 604.98
57 799.20
64 309.86
47 267.18
85 900.50
51 426.31
98 218.10
80 245.39
52 371.27
11 871.93
88 349.21
74 587.39
45 933.51
19 920.52
25 623.19
53 232.59
16 110.86
43 457.56
54 700.70
23 766.27
31 470.68
7 467.59
85 383.58
28 788.21
27 469.89
51 292.06
2 616.73
25 274.51
15 181.71
70 203.59
58 309.75
4 873.82
14 968.08
75 985.82
33 830.72
46 370.94
46 406.45
16 953.13
83 814.18
43 306.99
37 376.61
73 727.33
80 423.76
24 826.64
1 314.34
23 638.35
100 328.32
81 770.52
82 952.96
26 959.37
4 328.61
60 510.62
70 197.96
2 227.59
87 754.72
72 750.49
83 684.79
29 842.56
96 415.07
73 714.20
26 284.26
42 877.55
22 218.10
92 923.45
52 601.14
32 887.55
30 401.98
28 281.82
73 698.88
42 813.59
69 688.97
31 512.00
98 576.41
39 812.25
72 164.06
4 539.08
83 768.41
24 464.12
93 594.90
94 413.83
66 116.90
25 494.40
18 274.18
84 505.32
90 422.79
2 820.47
45 256.60
91 986.41
86 606.05
39 273.68
84 271.38
58 186.62
31 790.93
89 890.48
5 228.14
11 244.76
48 787.21
4 878.82
42 832.67
67 967.86
49 231.03
25 838.58
54 734.24
97 821.71
36 836.40
89 703.44
32 943.62
67 691.63
2 913.69
13 142.27
48 947.88
74 557.85
22 852.46
40 894.88
42 331.58
64 965.62
80 671.85
25 157.57
74 492.55
12 911.09
31 393.39
7 662.93
32 414.41
4 430.99
99 692.35
63 641.65
65 661.42
14 520.40
42 383.90
28 210.52
2 618.81
97 444.25
23 659.30
45 933.30
76 381.39
58 370.94
5 297.51
20 374.81
98 636.10
77 999.02
20 484.89
29 117.16
11 132.40
97 796.57
27 860.79
43 319.07
19 508.79
71 881.06
55 267.70
77 343.56
4 855.91
33 224.64
63 791.54
50 929.86
77 660.77
1 293.79
97 358.69
62 901.10
23 469.69
19 809.43
92 606.39
38 964.66
71 684.26
14 832.37
93 636.86
24 773.55
90 775.12
19 331.67
26 827.78
45 600.60
34 497.37
94 576.57
3 344.01
61 866.66
38 394.46
55 414.14
91 790.50
27 580.58
70 534.86
93 941.76
16 685.94
86 411.87
18 345.40
47 400.43
12 691.62
31 330.53
40 399.30
1 826.37
47 121.24
15 691.18
33 152.17
7 995.75
33 211.20
23 778.84
79 974.43
81 912.71
52 413.61
40 875.73
34 367.08
100 253.32
52 619.61
92 902.39
58 851.09
94 986.55
16 526.36
32 766.43
97 886.32
68 230.98
30 807.03
87 966.05
65 819.04
59 649.44
36 810.09
25 543.18
52 243.12
71 935.96
59 107.24
36 965.85
70 878.10
51 638.53
50 396.14
69 469.55
88 580.91
14 877.61
43 591.72
72 444.80
21 507.81
56 815.66
87 212.92
6 728.55
45 953.37
22 730.47
10 116.11
62 533.48
50 524.05
81 998.84
40 338.26
95 652.54
77 300.97
49 235.49
89 644.53
96 410.27
42 453.57
65 357.33
49 643.36
12 178.33
3 960.95
33 198.09
64 254.24
57 247.84
11 231.53
71 535.46
11 131.78
5 478.11
52 394.11
61 720.24
2 247.43
78 668.06
41 816.05
25 979.32
83 793.19
16 988.71
63 653.38
13 568.13
33 979.84
56 308.82
33 806.18
48 999.60
44 239.42
50 850.67
19 482.06
56 635.29
36 707.29
64 187.90
58 170.88
41 803.88
55 324.29
56 311.86
96 493.91
90 653.31
53 189.60
30 996.49
27 702.15
20 181.96
9 566.05
19 913.46
79 720.34
81 741.01
28 151.90
71 102.70
99 878.10
61 476.64
54 124.92
21 528.74
95 810.35
84 822.42
93 760.02
48 126.52
69 231.14
42 529.86
39 596.33
86 943.12
18 818.35
13 544.27
12 439.34
58 945.83
73 211.23
99 245.96
57 978.91
33 903.02
88 476.24
84 486.66
63 804.20
3 369.20
29 639.10
37 213.21
25 874.50
99 909.03
1 852.46
11 834.72
43 127.18
100 549.41
77 873.21
54 890.42
72 762.48
8 358.98
52 593.85
95 579.52
22 458.00
11 254.00
53 960.29
85 645.46
79 650.14
86 618.16
78 350.87
52 783.91
47 557.65
18 717.56
7 219.81
93 696.10
60 817.33
2 442.97
31 319.16
17 256.50
59 679.68
78 405.20
50 428.69
42 134.55
93 357.34
55 701.86
31 211.59
94 206.20
71 198.12
7 749.65
59 291.17
32 520.58
38 684.82
39 238.44
53 178.15
49 991.47
99 186.82
89 940.10
94 764.40
100 631.07
11 933.47
40 119.81
24 263.85
91 150.61
35 757.39
8 452.11
43 190.04
95 878.30
21 376.59
54 999.82
26 766.45
10 236.48
37 934.83
55 643.75
82 769.33
35 171.23
37 343.23
36 375.95
72 570.43
82 355.69
80 853.69
78 362.02
44 621.79
3 659.23
85 147.42
96 446.56
39 102.35
72 566.07
28 255.29
8 725.00
33 635.14
26 713.24
33 137.92
88 979.87
32 397.51
56 636.88
92 811.12
40 263.14
29 746.57
39 962.84
88 610.55
64 421.85
91 700.79
22 512.22
52 607.14
11 962.87
82 356.91
55 805.47
36 870.22
18 180.35
87 100.15
80 224.07
6 522.42
20 474.91
55 260.31
57 559.84
27 841.43
94 461.65
42 924.85
26 965.01
78 276.30
14 989.00
60 863.54
32 585.44
66 941.68
14 891.00
96 132.39
91 491.52
27 902.55
73 747.02
8 735.70
68 424.13
46 895.11
98 915.97
26 735.40
58 671.83
70 907.96
32 113.90
66 180.58
18 564.31
30 928.87
1 200.78
85 623.03
81 699.15
51 395.03
2 974.80
99 507.29
63 864.73
81 918.66
32 570.25
77 800.85
21 854.02
43 456.79
37 238.35
14 894.47
59 907.87
72 218.20
21 112.60
22 852.49
80 971.60
87 344.77
31 488.76
47 380.81
1 308.71
100 416.59
60 272.47
63 663.47
84 321.92
30 965.53
52 248.07
19 584.78
11 719.86
61 408.92
99 298.19
80 348.07
82 397.02
24 697.09
8 118.88
66 246.62
53 693.08
13 683.26
82 455.02
4 952.05
58 347.48
69 744.10
65 644.57
55 498.80
14 200.68
54 191.21
35 689.84
38 489.18
13 800.22
21 720.77
31 469.74
65 283.70
12 211.89
10 657.43
29 291.98
40 288.41
49 455.62
29 322.10
53 263.46
56 805.64
63 748.35
16 157.86
66 278.78
38 425.72
55 448.15
88 219.75
17 852.05
30 834.70
26 481.94
48 736.74
40 407.32
9 388.37
74 359.32
6 905.71
73 970.15
29 172.09
89 182.05
93 371.80
96 892.23
22 835.46
90 291.89
99 666.60
96 623.51
61 375.56
53 161.73
16 920.46
44 337.58
72 704.22
86 107.30
66 498.58
51 911.55
38 709.44
21 182.37
49 381.34
13 518.28
84 922.57
1 156.68
50 490.16
13 268.78
50 386.49
2 105.46
7 275.12
75 197.76
27 355.98
65 429.63
92 621.94
49 972.50
96 413.42
57 811.52
92 982.79
64 354.41
18 221.37
77 658.33
73 246.11
23 483.30
58 234.48
54 457.56
8 882.62
41 760.00
47 886.30
85 508.57
54 505.42
46 302.87
19 522.42
70 818.63
71 223.42
12 836.64
6 715.79
58 538.49
37 163.94
36 806.78
17 418.81
60 451.44
81 501.82
41 260.11
14 754.45
81 916.69
15 861.92
69 960.96
21 345.85
91 640.22
98 887.81
85 850.68
94 215.55
86 498.73
51 521.41
29 527.10
68 583.05
46 526.57
89 320.99
52 461.94
6 462.38
3 140.15
19 969.89
91 921.71
60 898.21
79 219.67
29 552.46
93 394.67
78 682.61
49 796.42
100 766.68
39 930.87
3 685.96
72 546.80
33 856.16
89 941.62
3 308.74
23 276.82
13 360.26
14 473.60
37 232.48
69 965.24
25 558.60
56 471.18
60 626.02
41 675.65
54 221.66
99 433.96
14 575.48
35 980.58
38 497.10
18 155.59
55 261.84
19 306.30
32 133.46
93 173.72
99 484.82
45 141.36
10 932.11
63 675.79
72 753.74
47 564.16
63 122.49
60 636.28
44 176.77
48 484.93
74 214.89
25 768.79
55 886.46
54 133.52
14 264.14
28 104.16
88 976.46
99 909.10
64 647.90
69 293.83
99 744.35
40 412.88
27 673.56
55 595.14
76 970.23
41 670.96
48 840.12
50 807.27
89 934.22
39 675.83
55 133.49
10 284.01
78 719.77
31 835.81
94 692.55
36 250.10
7 691.76
27 600.09
80 972.61
24 249.20
38 880.43
25 636.01
78 988.60
92 743.86
43 191.66
63 614.42
44 473.34
65 814.61
47 147.89
13 366.66
39 789.86
35 595.51
24 675.22
63 714.87
70 419.37
50 539.00
32 861.18
88 457.74
50 654.83
11 978.32
96 898.29
34 741.44
74 665.17
30 377.15
94 198.53
80 631.76
1 432.30
43 385.60
17 323.26
79 732.68
20 319.44
78 249.64
35 502.59
45 468.22
35 923.71
33 907.57
6 532.44
88 983.54
57 626.15
6 762.93
87 401.10
91 818.64
87 298.01
35 963.68
70 166.03
30 346.20
86 405.94
23 971.05
94 556.50
4 947.78
40 629.38
100 653.01
78 202.69
92 320.72
15 996.86
37 484.32
43 269.50
60 541.51
60 115.87
24 368.19
57 230.07
16 409.47
69 980.15
81 792.06
67 342.42
81 117.35
16 487.47
65 414.00
63 318.66
6 443.94
43 199.78
16 313.85
74 494.91
3 890.95
16 430.79
100 978.28
54 101.81
26 484.72
48 863.52
7 891.29
58 608.14
99 837.40
19 121.04
80 856.21
89 600.79
31 378.37
64 552.04
72 320.53
97 636.50
32 257.25
89 763.19
55 279.44
65 318.40
35 641.67
58 138.21
72 155.96
41 419.15
46 700.01
29 630.89
2 664.92
60 322.43
63 982.38
4 435.21
67 194.37
12 452.45
70 924.11
15 788.75
13 448.06
45 986.46
42 378.52
25 548.75
74 800.40
68 760.39
13 900.09
27 684.48
47 483.05
18 718.52
27 308.12
99 565.10
45 260.73
57 227.27
36 736.21
8 362.23
77 244.18
56 447.98
38 635.70
36 611.18
56 212.57
89 769.41
4 522.98
56 602.05
91 790.20
86 789.44
18 932.97
64 725.67
67 773.32
42 867.34
94 291.19
98 857.13
13 929.52
17 410.52
70 894.36
5 830.65
12 105.90
94 667.66
34 786.31
95 541.18
11 441.78
27 955.46
65 308.62
59 645.22
72 449.28
10 988.99
50 963.46
53 495.02
15 224.96
82 671.19
63 777.42
27 433.50
75 190.13
13 618.05
57 713.06
31 244.75
46 985.07
38 452.74
87 790.62
62 657.55
8 862.34
38 833.58
38 403.61
19 934.75
76 752.07
94 536.07
29 564.41
55 408.91
85 510.59
27 751.30
71 265.21
88 325.40
21 967.61
47 233.55
57 948.49
12 915.91
19 954.35
44 391.94
47 720.37
56 787.62
40 862.92
55 370.54
13 688.88
88 999.34
62 774.63
89 869.86
65 694.00
96 839.43
50 771.30
15 552.75
6 446.97
46 710.57
94 725.34
93 709.49
83 978.87
85 972.33
65 784.63
27 916.13
77 768.59
19 876.72
97 241.91
9 755.34
69 465.91
100 571.43
55 621.84
61 466.91
96 340.71
55 874.70
40 549.21
87 530.71
9 793.52
59 388.54
3 213.81
25 447.74
69 657.58
86 508.91
57 754.24
60 422.83
9 390.45
12 677.70
22 501.19
49 633.97
80 999.76
68 718.03
94 215.82
53 827.04
39 118.50
55 310.88
30 184.99
90 753.92
68 281.76
10 866.77
48 701.62
6 706.81
12 151.22
42 544.86
75 602.35
33 633.21
70 291.91
41 355.64
56 292.05
2 895.51
8 177.46
64 936.75
75 413.53
57 948.45
74 947.91
31 968.98
90 468.77
83 400.74
7 613.47
57 585.78
43 813.38
75 681.76
71 235.33
46 984.83
62 893.48
2 959.57
40 298.56
64 977.15
70 534.57
58 842.18
65 347.10
63 385.53
24 282.44
29 896.70
72 952.41
56 825.90
64 435.40
1 998.60
25 725.81
2 514.46
91 477.70
60 777.61
74 387.90
88 802.36
89 934.59
44 283.01
68 265.20
11 429.05
48 323.18
97 554.16
85 150.90
2 486.57
5 141.97
59 637.07
39 584.36
91 217.50
2 861.88
84 483.23
26 263.15
98 130.02
95 818.16
52 103.76
3 499.04
48 198.60
83 556.81
89 134.26
62 421.07
46 622.20
70 285.21
56 737.13
21 856.67
52 868.44
41 493.38
84 734.87
100 681.99
47 914.40
67 814.59
30 886.89
98 814.87
66 108.73
87 377.11
3 473.96
68 203.59
47 603.01
22 506.50
66 688.59
57 999.22
23 609.66
37 493.67
54 272.72
58 472.09
70 693.97
94 296.11
80 868.35
80 706.30
67 553.65
10 191.16
100 956.59
32 580.33
78 722.77
15 398.48
18 207.26
22 772.12
67 314.06
82 771.68
99 810.76
83 932.17
26 460.17
28 908.10
55 146.24
26 159.41
56 200.44
12 559.77
47 785.16
7 903.88
32 786.07
99 931.75
10 586.95
20 248.19
25 674.50
19 310.71
6 292.88
11 945.90
83 811.93
35 961.59
44 850.54
68 245.79
70 335.88
45 748.78
44 249.54
66 262.57
22 150.12
17 491.88
86 568.58
88 595.42
69 831.32
14 264.11
52 589.83
70 527.34
63 483.62
62 463.04
98 887.35
38 291.36
9 126.61
62 421.66
1 583.50
70 875.74
53 367.16
62 337.45
33 538.01
70 890.26
51 678.28
11 610.58
40 648.13
44 285.73
81 239.46
88 702.02
88 206.25
52 548.52
9 604.69
54 968.83
76 711.75
25 539.80
55 562.93
16 509.50
96 693.58
1 453.42
10 869.16
68 320.05
22 875.02
13 905.07
88 435.28
21 314.88
72 399.37
24 720.46
69 846.84
35 632.65
48 379.58
23 133.31
40 485.27
67 573.19
3 482.38
65 229.66
86 349.58
25 167.86
87 256.33
37 387.26
95 405.91
51 753.73
70 763.90
11 246.57
63 784.56
37 744.44
86 297.27
65 111.98
1 534.62
56 173.90
48 659.42
57 541.12
6 253.32
94 958.64
95 553.87
16 756.87
92 615.24
74 663.43
26 314.43
32 869.73
51 741.35
71 667.67
40 838.45
63 422.37
39 839.82
15 695.02
26 354.87
82 679.84
17 147.79
12 745.57
86 705.01
85 641.44
52 708.53
60 491.76
3 519.10
18 705.22
21 599.28
85 483.66
54 792.63
59 367.67
29 612.71
1 379.85
6 349.22
16 946.00
3 345.82
13 648.31
37 520.54
7 705.88
54 879.78
50 907.04
16 557.26
76 787.36
87 939.46
61 884.45
70 241.73
90 320.62
66 712.36
44 319.41
6 496.04
80 548.19
31 802.30
38 789.57
1 242.97
2 562.24
63 940.11
79 424.71
75 816.30
54 910.09
52 462.54
91 228.25
20 123.90
48 618.19
85 380.19
86 600.29
10 690.54
85 304.30
28 569.95
31 883.47
9 671.31
10 471.35
37 267.59
65 355.29
6 950.41
74 642.36
51 549.50
67 380.42
4 943.50
46 381.38
25 573.12
20 968.87
27 406.64
11 917.99
72 615.45
86 775.50
93 624.64
16 551.71
6 885.26
28 379.73
40 323.59
25 192.89
47 656.89
99 852.57
38 553.44
70 201.83
77 286.93
17 886.30
67 592.26
12 961.89
85 185.45
42 303.52
91 411.75
69 604.17
26 185.87
21 968.52
25 384.30
1 659.57
80 818.90
12 786.98
74 753.20
6 842.42
2 368.95
44 515.17
36 425.63
86 578.10
29 756.55
49 179.48
59 487.59
45 877.60
76 211.18
73 567.36
23 811.70
52 982.51
66 489.86
39 366.64
15 294.22
92 515.01
85 522.62
48 508.06
97 557.94
33 620.42
72 955.08
15 916.33
34 764.27
76 599.74
16 801.58
97 705.29
90 683.07
78 460.41
2 837.62
23 418.76
85 172.76
86 671.13
95 440.14
82 173.81
31 125.76
23 262.06
89 138.23
13 127.42
14 863.95
28 242.84
59 813.97
3 238.93
49 900.51
71 759.71
71 917.04
27 964.83
32 955.01
85 933.56
56 559.74
72 725.76
63 658.77
67 623.03
43 716.97
27 992.62
10 898.62
61 256.41
98 415.00
21 629.85
43 834.99
24 508.21
28 858.54
73 504.99
38 458.46
72 220.82
3 612.84
76 449.14
28 470.00
8 327.71
22 722.56
67 118.39
98 377.20
31 941.84
59 906.46
39 184.71
87 453.72
36 338.47
38 120.12
34 176.63
57 279.32
85 995.10
49 953.25
94 827.95
42 105.88
89 997.44
73 996.63
35 907.75
22 250.21
91 194.05
56 978.75
15 248.59
37 293.37
56 493.21
94 195.95
91 664.00
67 424.73
25 197.50
23 282.20
17 992.79
83 956.04
3 928.86
94 542.56
22 383.28
96 619.16
39 953.37
61 434.70
19 536.02
46 606.76
10 522.80
22 676.05
28 314.59
13 972.93
30 266.79
78 182.98
98 363.86
16 518.67
64 269.07
92 884.43
68 331.25
43 124.63
72 228.25
88 991.04
94 882.83
52 459.21
4 310.94
29 745.46
25 837.47
91 102.96
39 411.90
23 368.07
68 981.01
48 508.47
85 793.93
41 590.77
28 650.83
34 434.87
72 565.91
91 816.12
31 824.22
1 298.64
3 172.34
97 357.72
92 816.50
88 826.15
83 923.34
18 844.87
18 867.49
28 500.56
36 818.99
7 863.97
42 603.31
6 403.17
10 986.60
56 605.97
67 691.21
17 856.11
28 904.91
55 197.29
54 283.16
77 849.32
27 327.96
60 424.80
19 293.95
37 455.36
83 451.88
30 970.17
58 735.97
14 774.69
56 663.66
42 142.64
26 640.53
53 458.10
66 310.42
47 409.15
4 347.11
63 272.59
90 685.73
89 709.44
20 420.12
74 361.11
42 166.56
87 706.62
62 142.59
3 299.13
53 329.00
5 193.27
66 862.60
88 337.12
13 176.94
53 537.99
37 765.00
26 995.03
64 208.21
7 911.84
57 317.83
40 478.38
40 572.37
47 302.17
1 915.23
86 460.12
88 106.99
56 745.34
41 350.52
97 179.51
35 947.39
10 816.43
98 981.73
39 694.94
13 818.70
84 229.44
32 673.03
22 951.19
80 773.81
9 575.06
90 634.94
25 296.34
37 116.15
77 815.22
60 137.07
29 894.61
41 597.62
41 856.84
68 695.42
89 668.95
37 647.12
30 456.30
40 986.75
50 342.97
14 581.40
56 635.06
57 160.06
75 667.36
42 590.33
48 460.53
21 386.80
45 972.02
32 556.37
41 191.97
7 379.33
12 805.65
79 525.28
38 417.89
39 835.79
74 256.27
32 655.32
23 343.88
91 175.79
94 476.49
76 856.04
68 678.66
16 622.00
70 544.82
26 793.64
50 417.61
98 193.03
13 301.74
29 561.76
15 721.41
84 209.69
39 344.53
87 135.74
77 736.53
31 615.35
93 852.19
14 241.78
16 257.59
23 413.50
9 415.31
25 341.06
61 214.57
44 788.85
46 175.30
21 204.27
72 424.59
89 737.05
91 169.68
36 338.43
34 607.79
52 925.00
64 962.62
89 429.80
61 277.34
57 764.06
20 171.62
65 136.36
22 800.57
75 604.72
33 484.30
77 388.35
70 826.89
81 619.17
40 147.11
1 197.92
80 726.61
34 545.63
46 794.88
34 866.96
78 297.10
41 840.44
66 505.69
87 513.94
70 692.54
62 603.28
82 121.46
74 564.51
2 102.16
62 354.88
1 103.04
53 649.70
37 182.38
66 215.79
53 203.00
3 715.18
93 126.00
95 928.15
91 434.32
97 862.74
64 753.32
1 944.06
81 148.19
71 664.34
86 252.30
34 643.86
97 195.45
9 673.71
88 643.17
94 318.77
22 514.35
42 278.07
83 580.34
94 605.06
31 740.36
89 586.53
36 850.29
12 534.95
74 142.24
1 168.46
87 337.66
82 480.48
65 227.26
30 856.03
34 736.42
61 563.73
33 290.91
89 590.82
43 258.82
54 661.44
94 984.25
71 766.56
43 381.33
13 729.73
87 693.30
96 914.75
54 832.72
47 496.08
58 211.33
2 784.86
33 809.32
76 221.29
100 907.75
2 228.44
72 109.01
82 999.45
85 722.69
9 742.59
15 756.45
70 700.00
56 107.32
54 673.55
96 578.00
69 558.14
59 219.69
22 587.78
9 447.13
59 922.37
20 972.11
84 203.41
11 951.20
25 390.41
66 689.29
77 237.50
42 495.38
56 952.48
69 893.09
45 110.44
31 108.41
42 422.72
63 782.43
29 190.69
36 808.87
22 386.14
36 707.75
4 699.63
22 124.64
5 139.32
35 289.34
96 428.31
70 861.08
90 649.56
26 506.61
44 150.53
5 369.08
91 156.05
65 226.66
5 605.70
98 795.37
2 851.65
85 567.87
57 339.20
42 987.34
75 836.42
30 220.37
55 563.13
36 180.69
79 859.04
54 801.55
67 781.58
46 109.65
54 892.09
85 289.95
1 604.63
65 379.07
7 819.08
76 576.58
71 789.22
69 768.99
27 602.98
31 920.91
67 178.03
68 800.21
48 666.88
6 408.42
71 705.21
3 892.34
40 926.41
2 676.27
60 635.96
38 228.40
14 346.15
91 202.38
22 392.82
70 787.49
34 932.08
31 162.02
29 802.28
6 982.30
19 403.55
6 653.17
90 734.34
10 339.85
32 219.45
90 268.44
15 620.69
59 815.47
7 161.37
89 741.20
77 103.36
32 531.08
3 566.76
50 551.67
4 713.78
31 688.35
64 262.30
64 736.00
8 763.16
25 268.85
65 859.94
33 389.05
97 946.87
47 508.00
42 728.87
100 221.13
36 945.99
23 173.62
78 317.81
73 496.35
5 627.61
78 888.05
86 858.58
67 780.07
9 105.44
56 960.43
85 872.83
54 452.62
3 751.62
19 924.01
84 222.31
31 833.12
37 631.75
44 972.23
48 936.79
55 971.23
47 339.23
83 346.51
73 370.22
13 122.75
50 986.60
5 270.76
99 340.76
9 325.19
22 633.57
84 642.47
74 174.48
8 557.44
58 907.36
77 701.10
78 489.60
73 529.74
50 948.91
14 158.02
86 989.31
91 200.19
92 871.41
58 807.85
89 754.17
68 750.49
19 523.00
32 656.42
70 263.15
52 882.41
1 415.99
93 418.50
100 779.67
19 634.82
95 996.65
50 352.90
56 434.77
96 835.18
84 341.11
87 136.38
42 592.32
32 717.06
63 801.64
100 686.61
69 579.86
73 848.08
15 365.52
92 112.60
46 832.72
20 668.17
18 420.29
89 135.54
14 212.31
4 956.58
41 636.55
41 586.07
56 562.40
36 784.90
3 658.39
75 427.21
17 464.50
71 786.96
40 956.48
1 326.24
53 472.71
21 123.74
62 157.66
47 551.20
25 192.50
93 536.17
92 782.43
18 945.42
20 945.53
25 407.76
91 762.45
97 520.25
52 575.96
67 807.01
53 116.21
48 497.86
7 767.33
91 629.35
87 434.38
25 868.32
89 480.59
75 304.58
21 243.15
22 155.55
15 326.93
5 443.80
63 568.55
90 928.66
28 828.04
92 786.34
96 285.20
58 931.98
43 253.50
41 112.90
65 524.12
31 320.43
98 736.39
3 597.85
83 561.62
63 419.87
66 168.94
32 862.92
75 743.30
53 842.92
15 856.05
100 261.66
88 436.77
6 513.91
11 210.94
11 305.28
23 585.23
47 394.23
15 956.30
28 632.08
38 966.36
67 225.10
1 652.45
45 873.36
85 838.44
96 336.43
88 505.90
95 967.39
10 651.57
96 151.03
96 800.95
91 497.21
19 891.60
100 781.86
36 687.24
52 717.89
12 632.74
68 481.01
29 903.77
89 989.83
88 153.97
66 594.33
78 313.25
100 612.40
100 955.38
16 961.33
45 705.63
63 769.90
63 340.46
39 652.49
14 217.89
14 721.51
48 793.08
53 286.26
47 352.76
68 153.75
31 757.33
70 660.31
57 579.59
31 471.56
36 109.14
67 932.25
44 349.89
19 516.88
40 911.21
14 550.58
75 383.70
41 991.21
48 822.98
75 803.13
19 767.64
75 963.98
44 761.21
13 790.50
81 391.46
18 513.84
77 748.05
33 469.16
57 424.82
5 803.67
97 865.17
43 978.81
4 869.53
31 494.88
12 678.94
57 960.91
20 981.06
99 331.62
15 222.19
55 522.58
18 716.97
48 394.07
51 383.31
26 403.15
27 809.53
32 325.93
100 180.44
6 450.55
11 559.84
20 468.71
60 895.63
77 736.95
51 220.31
75 822.60
41 294.99
7 264.98
14 157.94
64 792.47
49 860.77
81 353.56
41 705.02
79 794.07
60 840.01
18 382.66
13 235.80
65 236.84
58 500.59
57 995.17
25 759.36
100 289.28
29 386.10
73 199.97
3 840.27
91 997.69
4 994.14
56 863.84
26 641.50
71 989.14
88 973.05
86 715.53
58 845.12
65 980.56
28 512.40
70 536.48
89 176.09
57 439.48
65 438.98
79 911.06
53 310.04
95 613.65
45 164.57
92 546.22
96 202.60
97 163.65
95 460.22
46 614.58
59 795.17
5 687.27
72 432.55
24 510.52
22 458.02
15 258.55
82 817.01
5 938.01
8 635.74
55 917.53
56 170.32
64 839.49
40 144.19
7 196.04
64 885.40
2 112.99
50 786.34
57 839.55
90 355.16
60 400.04
89 406.93
40 705.57
82 208.00
94 977.65
37 184.50
11 597.16
53 712.27
43 887.30
83 482.34
34 360.34
15 588.41
67 705.80
23 923.65
53 710.99
32 406.40
67 459.23
68 890.09
34 856.90
91 943.46
48 591.29
93 213.37
3 360.78
10 743.03
1 810.81
50 858.57
64 114.95
33 221.18
98 683.21
63 189.59
39 545.47
24 726.10
8 528.90
56 226.91
2 993.25
63 165.69
94 376.46
22 313.73
13 432.60
75 726.30
52 569.05
58 202.49
8 762.98
84 945.16
9 763.81
92 629.63
20 665.92
11 299.32
74 520.79
100 137.32
65 499.18
22 449.86
44 686.31
83 404.90
84 797.51
37 311.31
100 387.42
93 280.48
52 753.29
89 730.82
39 708.56
57 107.40
5 544.40
14 762.75
46 467.93
90 514.73
50 520.61
57 229.00
14 760.72
50 681.56
2 157.92
95 654.12
49 368.29
50 195.18
98 375.09
63 973.20
71 269.67
31 423.88
32 849.07
66 801.92
92 555.72
11 442.89
44 765.10
48 738.52
99 732.21
56 479.83
34 184.00
25 939.25
82 738.35
56 272.83
15 196.74
31 179.97
19 845.73
20 920.36
6 299.02
93 532.68
20 427.46
30 736.29
33 983.18
93 429.77
59 344.79
54 226.41
78 464.06
63 746.43
69 564.00
36 785.04
100 377.12
57 476.58
17 457.09
10 945.76
23 892.71
27 783.31
42 909.61
83 671.56
19 850.36
89 477.61
3 326.91
45 984.85
80 906.44
40 283.38
52 849.68
36 495.21
84 588.40
1 840.56
4 343.88
30 208.91
59 536.95
27 208.27
99 226.93
27 299.38
52 474.56
90 336.54
73 526.28
6 857.25
27 855.39
18 786.33
79 665.34
25 508.13
47 143.91
50 154.88
28 119.15
95 709.58
61 850.93
62 191.71
73 216.10
79 219.86
33 181.31
27 701.14
77 412.19
92 944.53
89 676.66
69 431.10
48 281.72
1 453.78
13 326.26
15 572.27
52 538.97
49 154.99
5 958.42
23 705.62
15 874.12
12 789.35
13 341.60
92 423.01
38 866.37
81 187.18
99 192.04
73 433.34
96 687.85
31 957.14
47 232.75
20 312.28
40 857.39
70 894.98
12 404.45
96 722.41
60 784.29
59 269.82
72 424.36
65 378.90
47 481.00
39 613.98
86 203.93
54 766.73
69 246.58
46 907.40
73 897.77
88 916.29
30 910.87
43 805.98
52 925.49
73 613.63
50 672.49
63 580.31
77 293.76
51 909.85
74 585.26
61 917.30
96 652.05
9 155.10
31 986.68
42 850.29
9 979.11
86 523.84
10 289.91
4 265.32
71 915.16
30 422.62
55 544.08
66 976.04
41 185.56
51 893.09
61 711.04
1 415.19
89 431.74
79 335.40
80 732.29
62 813.60
41 352.57
51 523.31
80 744.55
64 501.63
10 513.74
90 945.92
62 185.06
46 859.90
30 811.30
1 754.42
37 824.22
71 255.99
9 117.13
92 612.32
36 701.53
41 740.49
56 569.97
15 459.27
77 352.82
98 240.63
48 415.36
55 161.97
78 650.31
87 585.13
64 380.29
97 953.37
59 286.88
27 886.76
28 745.11
23 729.28
73 207.88
70 637.68
93 179.46
77 291.64
81 475.32
51 601.07
8 955.57
44 790.44
26 233.33
43 444.68
39 269.52
4 584.72
1 580.87
8 411.76
63 792.09
70 897.87
76 311.54
63 621.45
48 573.04
69 545.07
3 677.26
24 613.23
95 243.69
83 347.10
61 945.97
98 604.87
88 509.26
36 371.17
79 853.75
65 785.29
28 281.60
75 406.10
97 968.68
59 644.24
26 704.51
63 254.57
71 422.69
21 236.23
87 463.45
100 654.11
53 135.83
3 124.76
69 535.23
27 686.08
37 219.85
42 623.46
27 877.16
59 500.29
92 814.54
6 864.48
62 861.11
10 649.18
28 546.19
22 644.79
46 694.84
52 615.03
88 454.08
39 210.72
80 456.49
81 771.64
88 855.12
78 591.00
70 811.62
68 804.58
71 510.51
57 278.86
98 454.74
2 790.88
9 324.04
9 948.08
99 480.36
69 232.16
86 102.99
28 294.16
51 311.77
59 241.60
32 398.38
1 546.68
91 238.77
78 437.79
4 437.27
26 957.82
70 972.54
8 531.54
80 934.76
84 653.77
90 187.52
90 577.37
39 288.42
2 959.86
14 153.95
20 386.96
10 833.21
90 478.86
18 705.88
29 552.23
76 406.16
94 519.13
70 811.38
90 214.87
93 637.40
95 500.62
58 360.59
17 653.51
86 610.21
53 967.99
100 457.03
56 517.20
63 332.31
17 521.29
26 646.65
73 780.45
77 427.92
27 683.34
45 460.20
34 709.76
16 214.62
39 989.25
31 525.47
59 934.35
44 957.69
84 986.57
77 811.42
95 223.53
27 523.78
57 178.23
22 489.09
27 626.06
23 829.42
84 861.64
62 185.12
50 982.60
71 342.95
45 564.77
57 861.17
58 855.64
13 657.53
40 915.84
19 691.83
35 254.07
26 391.99
63 647.67
82 861.71
94 693.22
81 240.51
41 573.71
74 685.26
27 803.21
63 539.33
64 982.27
75 448.34
54 988.12
34 770.40
33 319.24
77 919.09
86 688.77
93 547.31
100 767.22
9 877.27
81 246.69
34 454.09
51 828.84
73 541.21
71 643.95
75 994.63
6 461.04
16 718.66
4 997.33
23 562.66
94 721.68
85 929.00
37 948.93
1 250.95
7 617.17
92 387.47
40 687.93
96 717.15
52 604.09
91 412.21
57 290.83
42 647.80
3 338.69
14 234.86
100 166.71
80 497.34
84 697.23
25 163.29
91 971.39
57 441.82
9 512.22
46 405.32
21 953.62
87 464.31
10 725.83
54 850.96
34 962.19
95 954.10
50 346.12
57 606.28
7 303.24
79 858.02
51 761.56
17 934.72
28 471.04
36 531.73
23 558.00
27 511.95
63 803.94
16 253.45
95 961.75
11 172.28
46 911.14
7 886.64
95 718.14
61 939.38
92 807.89
52 683.98
25 600.49
33 707.94
69 168.51
63 239.92
71 614.50
58 108.32
29 274.30
24 855.77
46 800.18
6 576.80
44 764.07
81 324.28
76 108.21
49 508.67
56 265.17
59 146.18
55 190.71
73 119.86
83 953.87
19 488.21
99 166.05
65 260.64
55 125.47
36 161.51
48 483.89
98 945.57
3 160.48
80 454.70
30 966.58
10 676.17
72 280.21
76 549.07
44 497.20
62 828.17
24 808.62
28 769.36
9 622.57
16 799.62
55 133.87
51 329.73
38 126.31
21 129.05
21 317.09
15 619.95
10 920.06
85 671.86
47 374.49
67 527.56
46 326.81
23 743.17
1 614.26
24 601.39
85 507.44
31 613.70
55 442.42
64 521.50
96 188.71
33 160.32
58 278.92
43 296.46
53 345.07
16 928.71
77 967.42
47 363.85
99 618.46
80 231.41
44 427.53
72 736.81
16 574.58
15 984.88
69 244.58
8 359.36
48 623.77
93 487.78
41 583.18
67 212.39
84 706.03
47 134.47
16 667.19
91 335.30
31 344.34
6 243.13
78 732.15
68 411.54
91 459.94
65 415.58
73 194.67
99 246.92
48 899.19
33 912.33
84 875.95
41 339.59
55 149.31
67 309.31
29 331.09
97 207.03
98 110.07
42 491.75
22 646.15
57 114.92
70 513.16
26 291.40
84 147.46
10 505.68
46 257.28
24 932.23
71 528.58
21 501.75
64 294.58
45 502.82
81 734.07
58 139.88
10 904.06
67 735.52
93 423.78
75 188.19
28 152.42
2 971.70
10 583.41
1 719.50
46 883.14
36 123.20
74 431.29
88 824.18
73 431.71
37 194.51
93 322.15
95 279.90
79 166.36
71 556.39
52 456.08
77 483.59
69 423.74
9 984.17
27 856.88
78 676.75
46 674.64
24 761.45
83 989.71
26 246.89
53 308.49
48 730.04
92 173.55
89 140.23
98 114.15
6 672.22
12 137.36
64 393.05
37 169.33
14 429.83
93 829.78
85 608.41
70 992.26
60 193.98
28 971.97
34 626.02
86 168.89
78 595.36
4 514.45
34 786.60
19 998.68
13 238.90
29 373.86
64 844.08
76 977.98
62 655.70
41 123.35
39 577.81
5 516.36
36 736.97
93 957.13
71 105.23
19 117.76
62 326.93
92 445.67
60 124.77
5 705.41
29 324.15
32 521.82
54 594.36
39 560.34
33 585.56
3 161.86
38 376.87
58 176.65
94 165.18
17 653.23
36 297.34
44 428.15
19 473.99
21 476.66
86 789.42
23 375.32
66 164.42
45 705.46
18 366.69
58 379.29
56 518.54
3 213.18
57 172.25
76 763.93
9 287.88
32 442.19
75 811.41
57 207.64
4 276.28
86 166.94
64 647.55
81 536.95
71 924.76
61 950.10
100 937.30
80 889.06
69 808.21
86 705.60
50 429.66
25 199.79
56 942.43
38 577.34
58 256.11
97 840.47
4 469.51
45 959.24
11 763.34
69 118.51
19 909.39
80 212.33
92 195.98
5 240.68
61 874.33
3 440.32
29 677.80
11 574.96
74 607.68
76 273.75
7 425.52
29 769.93
50 486.86
84 487.31
6 537.68
25 813.02
25 362.90
10 643.53
2 384.46
72 192.97
53 256.54
71 345.22
57 829.61
55 708.53
56 479.39
98 767.97
41 721.20
29 237.04
80 671.05
23 995.52
96 406.89
26 899.28
72 860.15
78 620.48
11 160.76
88 531.18
87 418.30
63 517.76
12 756.41
31 582.88
54 862.88
66 667.35
19 367.63
31 538.51
26 678.24
40 510.40
16 901.16
59 892.93
4 429.71
17 381.37
94 776.73
87 662.29
31 727.83
33 200.63
34 816.52
38 936.32
34 980.45
94 852.92
26 203.66
24 323.39
50 679.69
30 381.95
32 614.64
50 854.36
63 152.95
48 188.66
20 552.17
49 217.04
48 290.55
82 542.59
13 214.31
90 845.80
41 212.25
100 669.38
38 759.89
69 144.43
5 511.18
51 597.58
12 370.50
72 489.54
35 881.74
100 682.77
35 272.66
44 782.28
2 786.46
69 296.77
20 191.16
52 671.24
33 486.37
20 125.93
40 819.88
83 743.38
34 838.56
23 694.12
87 292.77
82 121.06
6 396.57
15 597.36
13 792.41
95 698.54
51 192.10
1 220.16
34 988.59
66 956.19
56 743.76
71 226.74
27 451.49
100 145.08
83 476.46
51 260.24
23 265.55
73 351.71
66 266.72
75 409.95
29 572.31
56 387.58
94 188.48
19 434.02
79 690.32
7 225.38
74 336.96
85 192.16
68 858.33
56 375.00
8 732.45
84 217.76
84 660.60
30 759.04
52 434.99
49 822.72
72 235.58
32 214.65
75 344.46
39 639.25
60 588.57
3 974.66
86 741.85
94 631.58
20 162.60
54 115.55
28 538.02
65 988.52
94 156.28
80 157.36
36 614.42
100 169.36
46 451.20
93 286.40
54 101.58
30 407.33
20 928.89
52 446.82
71 853.09
24 715.90
40 855.53
70 757.07
65 389.37
35 905.93
8 494.12
82 747.86
50 872.13
71 162.51
71 324.26
58 739.54
54 177.14
75 880.21
19 603.17
19 138.60
26 527.21
29 808.64
33 770.79
94 279.78
72 442.34
30 540.52
22 949.57
75 248.51
26 894.74
89 383.85
70 789.69
50 939.67
64 741.18
22 199.24
70 455.03
64 615.53
26 809.69
61 295.28
58 694.01
87 603.72
69 620.92
93 715.02
44 443.60
99 411.41
26 923.54
25 397.82
15 372.42
99 785.97
23 277.86
23 349.55
48 457.44
25 358.33
21 177.90
9 724.44
45 545.14
43 254.68
76 359.78
54 963.76
69 491.33
68 556.94
13 721.12
41 558.54
74 497.14
87 659.08
23 880.39
64 666.59
3 770.27
98 565.76
100 496.54
90 272.53
52 839.23
51 806.52
15 535.38
36 570.58
1 551.71
53 634.87
59 196.77
85 298.60
2 816.67
75 792.49
73 818.53
38 948.93
83 795.12
60 688.41
14 203.95
27 274.56
52 936.46
73 664.51
11 654.41
94 214.09
17 837.34
35 162.44
49 755.56
16 597.82
45 882.21
97 840.39
5 469.97
36 559.05
8 174.99
100 634.14
56 316.97
62 946.59
50 144.59
16 207.16
79 702.87
36 812.51
60 457.42
67 418.63
63 300.84
77 803.35
80 326.38
66 413.96
85 673.89
21 775.49
28 311.60
86 957.12
82 193.03
95 882.88
61 133.62
66 984.03
40 421.98
13 196.25
37 681.70
32 842.17
37 565.28
89 580.28
63 952.00
92 965.04
24 725.37
75 185.34
21 824.87
64 436.38
89 295.51
90 772.85
6 413.58
94 174.49
35 545.91
92 724.54
42 598.34
99 225.67
35 772.64
32 347.51
27 646.10
42 331.08
96 761.26
39 729.58
86 522.80
21 682.79
41 429.50
89 421.28
82 812.39
62 853.72
95 720.56
21 245.66
67 269.74
23 853.62
31 228.97
71 651.14
8 203.39
80 932.04
43 154.48
44 831.57
37 530.34
31 995.02
99 689.36
10 186.15
75 101.15
5 766.37
28 791.28
72 815.98
33 812.38
87 118.04
44 143.07
32 283.22
66 916.61
42 567.37
21 585.25
85 505.21
35 256.51
24 936.49
84 560.31
99 298.06
17 775.34
49 893.75
4 638.87
96 989.71
71 911.56
41 399.12
61 925.38
36 689.15
1 922.14
82 714.86
36 827.72
29 612.42
13 356.48
84 225.86
71 185.71
27 360.66
31 757.06
49 429.71
31 682.69
33 876.09
16 948.41
11 228.55
4 794.85
100 536.88
93 381.19
49 172.48
40 456.70
21 342.28
22 237.54
31 729.84
38 821.40
12 538.83
26 772.00
53 388.31
76 442.67
33 660.77
74 140.19
9 216.19
29 672.10
70 109.55
69 960.18
100 102.92
68 479.18
18 228.16
66 579.66
23 501.64
32 961.63
60 526.69
93 289.54
2 508.18
34 662.89
34 216.19
89 257.75
95 301.03
80 192.95
45 745.12
30 409.26
30 333.09
67 160.78
76 611.23
38 412.54
92 566.63
10 313.86
81 840.44
76 237.45
75 927.48
98 214.71
47 335.58
36 523.87
78 292.41
19 972.49
57 171.59
88 209.28
34 993.21
2 948.62
33 638.58
87 648.37
2 496.85
37 141.51
90 471.60
81 477.87
6 826.16
27 241.61
47 571.72
6 412.05
2 638.29
13 285.00
97 444.57
78 146.48
44 674.08
13 211.70
5 802.41
42 409.60
55 128.90
31 167.03
23 503.70
31 917.48
26 101.72
33 127.00
93 495.75
24 971.76
88 836.78
37 431.92
79 935.95
53 292.88
51 906.50
14 764.42
36 323.80
34 920.06
39 668.21
78 277.79
89 594.06
97 464.87
94 655.20
14 172.07
61 516.08
91 810.02
90 839.05
66 126.17
48 739.81
81 864.53
46 398.68
28 684.75
77 108.65
90 167.07
14 343.78
93 454.25
66 720.97
31 228.28
39 221.09
73 164.89
95 905.36
10 595.85
77 580.40
26 501.44
86 132.89
12 335.19
77 555.67
39 941.29
51 113.63
14 958.58
27 687.10
5 159.32
24 570.45
86 700.50
65 784.78
67 580.84
45 512.47
65 380.81
66 282.67
95 227.06
82 162.03
37 748.00
45 661.36
40 744.89
99 616.66
56 716.50
37 418.85
26 131.87
11 919.07
11 310.42
55 213.16
3 415.58
16 450.38
26 155.35
84 873.02
60 461.16
98 516.93
62 176.67
70 520.62
63 721.86
39 363.14
15 868.26
49 685.15
88 997.69
8 953.87
19 672.82
5 796.72
95 678.47
46 287.84
63 540.48
14 761.57
16 996.73
48 614.70
7 905.48
4 361.51
25 510.07
29 280.88
27 930.14
77 768.25
99 133.46
24 637.13
56 233.17
98 768.80
53 637.69
59 711.62
55 207.57
25 520.65
57 459.18
26 238.32
68 385.10
20 858.45
51 432.31
26 863.68
22 939.58
52 150.23
90 479.63
86 174.87
30 476.17
59 726.99
73 610.93
64 814.27
32 786.67
57 850.50
5 712.31
87 154.67
37 479.03
70 742.04
52 728.41
43 727.80
29 959.65
96 557.88
60 737.02
76 363.00
54 333.23
55 869.74
6 733.93
86 745.88
7 690.15
66 364.41
51 956.59
3 941.58
4 885.12
3 607.04
35 344.21
22 126.08
100 620.08
43 785.08
56 739.76
24 839.63
43 404.13
9 289.22
56 735.54
87 487.68
33 905.23
76 343.67
12 431.25
86 266.62
30 459.32
20 975.33
94 405.35
65 833.03
29 546.50
37 284.80
28 315.68
53 329.10
68 217.08
65 842.59
44 470.91
35 396.16
59 362.23
91 558.62
95 323.67
91 251.36
82 376.33
44 411.89
2 751.56
56 898.50
2 900.40
24 238.35
21 929.11
55 670.35
71 208.23
61 152.12
6 711.68
9 271.05
69 642.09
27 111.98
68 504.52
4 668.02
6 703.62
82 372.88
48 423.11
15 563.57
41 197.11
12 971.32
10 330.81
67 288.09
88 643.31
17 277.38
36 688.01
27 813.16
19 755.19
17 395.21
96 788.36
17 994.08
88 516.77
45 997.83
26 608.53
60 890.39
26 833.19
26 235.10
30 171.96
90 214.85
82 437.73
68 530.89
64 395.10
31 943.39
36 470.91
48 290.65
32 701.96
90 370.42
87 798.30
89 801.43
28 632.63
27 573.35
15 122.66
11 875.96
64 783.60
91 130.01
52 761.15
84 404.11
44 548.98
25 878.87
36 320.51
74 375.33
9 102.19
65 462.03
26 974.94
86 693.75
60 461.34
53 865.03
63 734.19
19 318.22
40 260.71
79 840.80
73 724.43
4 831.05
85 967.53
93 609.72
92 615.49
2 550.27
100 405.86
17 310.74
38 732.30
59 718.87
18 720.79
12 427.32
14 344.05
26 118.56
33 987.46
61 103.92
83 809.53
14 842.21
73 643.94
10 376.88
16 878.79
33 939.01
43 189.78
21 304.47
79 528.42
95 689.01
22 333.65
35 547.88
14 848.26
58 227.73
68 449.69
68 399.84
90 207.26
67 581.59
19 755.42
24 393.07
24 416.62
7 220.82
79 371.97
55 485.52
77 872.64
40 882.10
45 559.55
28 945.09
35 243.10
73 901.93
83 932.83
98 740.01
24 453.57
74 275.87
67 545.18
87 373.35
42 751.28
72 123.52
20 927.72
64 845.89
60 964.45
14 378.20
47 589.09
39 428.42
59 331.94
38 295.01
12 199.91
93 392.68
23 702.53
14 582.99
78 674.25
49 231.39
40 663.42
93 441.89
83 202.69
89 414.30
68 872.17
32 187.00
76 893.38
50 384.90
49 311.30
41 889.37
40 520.97
100 827.01
64 948.68
45 489.75
58 570.25
42 155.26
72 187.15
12 405.99
73 449.03
60 586.20
31 445.34
82 782.06
2 794.67
67 554.64
96 264.63
16 180.56
70 550.89
39 194.33
50 752.20
61 129.16
39 254.80
23 880.06
55 781.57
81 107.90
66 744.95
98 752.98
59 812.15
73 206.83
100 256.92
87 456.82
77 731.07
49 778.88
82 949.02
63 938.39
62 807.02
12 493.00
56 203.07
40 888.38
64 739.34
40 512.95
79 729.66
62 739.91
63 261.47
88 155.80
93 931.05
21 110.17
41 411.73
50 312.17
27 418.47
15 776.58
80 210.15
94 615.94
15 331.97
93 465.60
52 626.65
29 859.83
35 564.94
25 165.55
78 264.47
70 844.22
24 698.15
14 488.45
78 792.20
26 404.93
67 665.00
85 159.95
2 471.47
93 551.89
31 471.38
8 186.35
32 144.11
11 416.66
57 222.39
54 373.57
53 534.27
85 961.66
38 487.75
85 372.92
84 401.04
48 345.69
63 371.26
52 101.59
26 897.17
8 231.55
22 273.25
45 323.65
7 751.22
57 483.69
41 934.87
60 958.14
97 903.86
31 816.88
36 198.74
93 301.82
42 367.53
37 532.36
30 217.98
68 505.81
5 851.74
80 995.24
17 293.51
36 179.49
36 383.85
31 762.98
46 581.24
88 312.23
72 962.10
90 211.59
42 898.72
43 930.03
18 758.16
70 832.68
52 919.50
63 186.30
39 956.78
83 183.04
44 442.31
63 624.57
37 895.47
11 879.59
77 100.22
54 895.26
87 316.82
71 976.30
51 426.55
31 368.81
71 409.73
93 919.24
35 897.15
29 167.18
31 777.32
44 997.34
2 792.06
29 632.33
52 277.72
67 657.31
12 339.04
88 376.83
81 317.36
19 558.92
49 333.57
99 151.61
61 288.57
74 210.64
66 131.92
76 167.73
39 464.69
69 437.53
48 589.19
61 395.04
37 706.84
87 368.76
81 490.72
95 790.66
72 210.53
1 868.39
90 544.52
90 904.06
73 489.21
72 865.00
57 928.54
42 397.10
72 568.17
17 155.75
5 845.40
30 794.95
69 827.19
65 920.62
5 167.93
85 820.90
26 512.06
17 279.83
73 362.19
59 487.16
22 928.04
85 952.92
93 451.91
39 512.49
27 407.11
72 129.31
65 328.31
92 836.54
6 654.89
48 827.70
97 743.30
55 447.04
75 889.33
48 411.37
98 134.30
13 926.52
25 258.39
29 670.05
69 551.40
64 412.43
36 139.53
71 332.45
83 620.50
55 577.59
94 116.02
43 869.12
5 542.88
47 318.82
60 215.10
5 138.02
99 391.62
93 184.31
20 359.63
30 312.09
55 322.19
57 193.37
40 725.99
100 630.65
11 479.01
9 599.99
11 678.17
77 172.95
9 321.35
74 417.94
21 469.54
53 796.75
36 398.82
20 552.54
70 793.75
48 663.97
81 445.99
21 531.55
94 633.06
1 405.18
83 820.47
23 690.66
73 396.62
22 353.84
68 284.48
56 876.62
66 272.03
99 704.30
55 461.57
15 953.15
15 996.26
28 430.98
66 875.18
58 419.49
71 769.62
37 976.00
24 158.48
85 158.35
35 644.85
85 566.01
81 703.84
86 472.49
61 185.32
75 950.48
56 745.37
23 538.48
51 514.85
6 331.59
40 979.65
61 885.92
58 723.20
90 295.50
71 608.44
23 270.41
18 848.09
12 113.73
37 109.53
62 303.08
74 108.14
100 575.32
8 546.29
18 452.40
23 545.87
28 645.28
54 109.82
3 127.71
55 777.00
46 448.46
2 434.58
70 767.74
98 437.91
57 998.60
43 909.02
8 799.23
43 394.91
89 100.56
64 116.42
99 167.54
100 797.44
85 833.76
95 843.01
21 591.41
95 826.98
48 679.25
67 427.34
96 295.35
91 410.57
4 385.34
93 210.72
59 366.39
26 761.49
68 242.09
80 165.52
74 391.69
56 465.79
31 893.58
62 708.91
52 279.69
93 794.91
42 653.47
68 667.46
42 301.87
25 888.13
43 805.62
62 488.53
35 345.14
67 350.53
33 601.10
25 881.69
33 899.63
2 773.11
34 719.16
25 195.12
100 313.64
43 637.34
65 299.80
52 693.71
47 189.34
55 483.82
11 976.65
89 309.43
14 810.60
30 607.35
60 381.84
30 208.08
76 308.35
51 790.46
100 500.43
94 307.51
42 919.67
73 968.15
2 126.99
27 568.53
58 688.70
40 983.52
70 823.78
80 692.60
90 320.07
81 283.82
12 196.06
79 578.18
56 799.82
44 239.42
1 551.20
45 791.44
46 984.76
8 981.27
38 627.28
73 350.13
26 694.91
20 730.09
91 671.88
68 875.16
56 679.54
3 365.50
91 232.36
70 345.39
62 789.46
34 359.69
45 787.57
30 239.36
10 720.91
79 472.37
62 265.09
7 831.68
86 582.24
74 931.88
77 587.19
57 126.59
51 506.07
26 792.02
35 490.12
43 850.97
98 540.68
14 760.17
54 610.45
40 214.71
28 977.63
97 650.57
48 297.66
3 604.23
84 130.80
99 380.47
6 308.38
63 487.83
22 450.08
3 492.21
17 956.25
88 342.31
31 724.99
34 228.14
97 989.85
88 412.60
11 833.45
33 558.41
52 319.49
72 704.97
39 447.57
47 736.69
45 583.24
87 925.30
82 459.18
34 230.30
48 754.87
92 936.81
28 175.39
74 699.28
24 980.55
36 288.57
95 931.77
56 350.93
50 861.81
87 365.34
21 392.32
36 706.53
42 581.84
16 159.12
100 496.67
61 799.66
8 457.59
83 455.39
53 974.35
35 159.84
8 252.77
66 706.17
65 163.05
83 523.02
21 575.79
53 243.58
30 893.20
3 214.48
51 678.03
36 772.11
34 148.97
45 133.22
42 432.66
59 534.19
50 723.30
48 101.49
9 302.40
56 613.23
63 945.36
69 828.75
8 149.35
21 780.44
3 944.18
26 313.52
69 364.12
70 548.64
74 932.67
61 546.96
36 136.17
100 155.88
2 550.76
55 525.38
21 754.57
72 140.67
23 641.66
96 157.82
100 377.90
1 915.72
61 235.82
80 753.18
38 163.14
85 697.10
83 462.76
63 446.32
87 446.42
5 837.72
73 552.74
13 616.25
2 820.53
14 136.54
58 333.37
4 675.74
47 207.35
36 634.60
80 477.86
68 307.06
42 957.88
40 740.82
61 118.39
15 636.49
92 210.90
73 618.84
66 417.75
81 854.68
10 265.98
79 981.08
16 209.36
3 424.76
78 351.32
52 876.34
82 439.80
14 291.00
31 215.99
75 566.84
37 324.36
73 225.20
50 141.34
77 214.21
91 734.78
42 908.04
11 260.83
5 766.13
23 241.66
9 567.15
60 116.16
72 578.93
47 593.49
9 550.77
95 304.50
38 951.18
20 479.07
12 623.00
14 824.04
65 288.80
25 518.23
97 791.54
18 365.31
58 602.02
25 991.88
27 812.98
95 890.45
53 471.49
15 267.09
14 272.21
62 126.05
40 925.66
40 636.21
56 116.21
42 819.37
82 396.57
56 573.23
65 340.45
87 454.43
18 799.01
78 695.94
94 125.92
57 965.90
37 148.12
77 524.50
100 757.79
99 613.13
67 994.25
53 328.10
22 101.20
11 881.53
3 228.12
1 595.60
98 773.53
66 185.38
66 493.04
84 439.27
90 775.92
73 517.89
7 370.29
59 477.08
45 661.35
17 456.56
58 999.49
7 621.71
92 952.77
25 190.61
20 463.69
100 504.47
10 837.75
99 790.89
74 676.65
24 738.70
61 179.46
71 273.54
19 527.65
39 656.89
97 806.62
40 471.66
77 788.61
57 327.96
20 463.07
25 422.48
47 659.69
66 185.22
91 753.49
66 126.67
93 951.25
2 450.04
24 906.48
20 591.51
67 870.10
62 342.28
72 501.25
90 873.78
17 675.68
61 277.38
7 694.04
27 961.70
37 670.99
36 434.61
75 355.01
85 950.19
19 402.87
61 630.17
100 900.23
53 920.09
86 950.96
58 407.06
72 731.83
31 300.04
20 540.88
97 134.89
25 342.83
36 655.99
43 683.86
36 206.76
76 237.81
98 764.15
55 528.32
18 274.60
59 814.20
13 355.03
67 885.56
67 868.96
98 753.16
32 749.27
29 166.72
8 604.02
46 747.65
99 347.30
99 914.08
30 949.31
81 938.04
3 250.34
71 163.57
62 932.39
27 287.86
99 103.95
25 149.58
13 362.45
88 436.53
77 584.81
4 429.61
63 887.93
12 963.07
85 424.67
28 987.95
42 778.45
22 269.92
19 650.87
22 202.95
1 127.87
14 272.26
23 828.69
61 300.91
72 255.69
11 172.99
28 702.25
23 139.44
82 792.66
47 381.14
73 312.59
48 253.03
15 437.55
71 404.47
64 548.01
43 458.64
95 379.92
88 382.14
33 643.71
11 578.55
96 734.46
39 262.30
29 176.08
31 734.46
14 904.43
87 676.52
44 612.71
75 978.50
39 172.49
74 168.54
74 435.23
77 807.17
42 312.02
71 798.78
28 672.48
42 918.57
30 740.21
15 233.40
21 246.18
10 595.94
27 361.83
17 414.64
70 418.68
82 643.00
62 975.77
16 449.96
36 645.99
62 369.70
87 329.04
69 371.64
23 884.36
49 675.95
66 882.26
82 118.19
18 957.30
38 466.71
9 953.86
61 347.53
41 156.12
95 716.44
7 283.45
87 222.81
48 308.57
91 191.22
12 975.30
97 637.47
64 520.35
10 274.15
72 639.73
57 718.78
61 563.70
75 564.47
94 181.86
97 491.31
62 510.25
4 617.19
52 852.45
62 741.86
22 108.13
7 970.56
21 933.45
39 602.29
55 321.64
77 690.74
83 990.52
32 262.74
29 773.08
69 254.26
16 499.95
36 380.15
83 162.67
15 432.12
9 675.28
82 657.37
44 315.77
13 238.36
83 266.62
92 843.91
82 427.17
9 494.27
86 944.70
36 956.82
84 140.16
39 766.75
8 418.56
53 138.59
36 550.05
74 933.80
98 478.75
34 743.01
22 191.62
50 240.14
87 852.25
41 748.60
47 611.43
94 915.84
50 682.04
95 558.04
29 899.89
30 864.49
60 833.97
66 784.20
21 284.90
23 105.58
57 401.57
77 615.00
69 546.40
71 444.63
40 208.51
5 852.25
41 730.88
65 152.26
23 399.44
52 607.16
34 511.18
88 465.47
52 671.38
81 604.98
65 244.43
65 560.77
59 123.44
22 653.18
75 776.93
64 522.39
88 783.17
94 820.97
27 471.76
53 982.33
96 546.12
73 546.63
98 809.10
10 581.12
31 853.19
79 135.89
62 519.03
52 981.00
8 904.04
54 403.59
77 539.24
74 509.34
49 883.17
3 891.81
50 676.61
53 300.90
53 481.83
3 491.23
14 611.18
97 548.78
19 291.03
51 383.21
53 878.31
43 412.91
22 484.44
72 299.95
66 723.47
38 774.22
14 986.73
20 725.29
39 614.87
79 827.25
14 531.49
90 129.93
52 923.66
78 699.90
73 763.05
62 309.84
30 192.06
56 356.22
38 925.38
2 547.69
5 765.11
30 553.03
88 169.32
100 541.38
19 918.16
84 961.69
100 559.04
46 269.91
85 524.08
45 562.06
78 691.49
66 278.52
89 766.49
2 326.63
81 789.37
41 131.27
94 812.18
91 751.80
20 139.86
53 494.23
43 797.79
5 825.64
7 974.34
69 981.22
57 306.62
34 488.75
70 870.60
39 103.13
62 652.62
42 426.44
22 529.34
63 711.09
58 879.67
4 398.38
94 998.95
8 485.11
17 252.27
72 342.83
45 891.80
67 389.83
47 398.22
85 219.71
36 505.75
81 549.26
12 875.69
74 243.72
9 205.98
35 883.02
14 634.55
24 646.91
76 230.00
41 482.58
34 905.10
84 269.42
28 412.61
5 256.67
65 935.14
34 613.21
88 351.60
48 755.15
5 873.18
53 868.79
20 509.38
80 274.37
82 876.08
7 630.38
46 853.05
86 653.72
6 440.85
41 569.85
75 817.43
69 390.78
85 391.50
70 249.02
95 418.01
48 272.51
71 279.83
44 755.47
26 791.70
44 987.67
3 669.52
81 193.79
4 896.48
59 997.00
31 212.84
26 412.53
77 655.33
10 167.01
32 127.84
72 521.28
42 102.79
69 112.98
96 403.53
49 998.77
45 838.53
28 634.53
9 228.33
50 332.69
14 166.10
47 599.84
48 763.26
10 914.89
27 400.23
42 950.53
86 809.03
15 387.64
72 717.78
80 784.00
80 840.04
79 860.41
12 508.48
21 677.20
85 665.31
64 817.20
61 992.46
10 919.87
14 983.58
88 686.50
12 774.33
65 429.22
51 968.80
86 443.86
42 284.72
31 606.40
77 436.63
55 769.71
74 356.84
64 984.67
50 451.22
65 357.26
6 357.44
76 979.33
52 467.11
40 455.28
78 341.76
96 725.88
98 363.67
71 262.81
46 284.44
77 897.67
72 943.97
41 209.40
87 164.64
76 269.21
70 748.90
13 967.89
15 165.00
18 104.48
44 581.40
26 129.57
51 986.85
100 986.82
32 633.45
24 190.74
83 188.14
40 874.87
58 200.17
97 799.02
14 410.07
99 953.83
53 787.46
96 920.58
18 217.64
14 358.15
42 933.95
76 798.87
37 715.78
3 190.90
42 401.29
99 984.20
25 814.62
70 519.78
53 241.63
92 657.36
14 645.23
79 179.39
48 694.71
28 147.90
7 226.75
24 526.29
26 977.14
75 487.49
89 746.78
25 686.75
50 684.30
48 235.57
59 568.03
7 282.16
67 867.34
69 423.19
28 755.26
54 211.51
70 269.55
82 759.93
20 866.45
65 945.55
11 926.05
13 497.94
36 528.45
5 755.46
55 276.05
15 905.80
30 548.80
94 516.92
35 973.97
40 179.65
51 204.14
13 613.48
21 268.26
82 452.09
38 136.08
41 509.05
99 603.86
27 987.27
80 134.58
60 859.60
17 342.84
85 646.08
49 430.96
20 399.64
90 939.29
22 330.11
51 726.48
67 885.57
97 878.41
76 750.17
22 892.93
56 856.45
88 580.02
94 286.09
50 646.16
93 388.88
63 143.01
70 960.57
29 331.21
42 702.57
34 955.82
5 142.60
37 393.97
38 500.30
29 337.16
27 590.17
11 630.34
3 718.84
96 615.94
81 457.51
6 774.24
62 954.14
46 809.60
54 989.54
72 427.72
88 515.85
68 472.49
46 484.08
44 809.26
35 455.16
88 586.47
33 470.25
69 383.41
1 690.76
44 716.32
30 197.66
88 180.04
61 594.78
65 973.57
45 812.09
60 298.29
63 991.35
14 711.25
26 267.80
60 209.09
62 491.87
19 934.51
37 984.19
92 685.05
92 349.86
21 116.75
31 929.12
75 345.10
31 969.94
28 930.62
39 827.98
33 170.59
42 769.90
96 889.83
77 192.97
68 176.01
90 793.54
74 816.23
23 311.78
75 112.10
30 702.66
27 288.78
45 869.20
35 446.52
33 821.48
1 392.19
81 101.23
15 374.27
46 298.18
90 130.72
49 484.72
42 948.14
20 405.08
81 812.29
60 133.65
84 972.68
52 472.61
19 448.96
35 187.02
94 240.27
84 216.80
74 531.39
47 716.86
76 344.02
44 317.06
100 166.15
21 422.50
89 215.95
4 300.69
68 497.52
5 322.66
12 681.72
57 893.94
19 926.74
82 408.35
64 800.18
79 737.54
75 401.01
74 974.86
25 986.72
5 342.08
78 889.85
98 185.91
42 966.92
98 124.91
69 516.24
89 308.10
100 767.78
92 634.95
5 830.83
23 468.42
42 242.38
29 854.96
16 108.04
39 395.66
52 173.14
91 873.83
98 789.42
90 988.58
51 291.69
6 863.95
91 309.66
96 203.97
92 535.08
3 479.76
66 583.73
63 891.61
83 768.37
74 790.57
66 816.12
89 532.79
59 870.98
72 347.93
41 659.43
34 655.64
35 209.61
75 177.19
54 165.35
5 805.00
75 780.61
54 581.60
4 612.78
94 223.91
93 720.03
84 293.72
79 736.54
22 951.81
27 974.94
27 722.36
18 197.93
55 305.18
50 183.00
53 772.87
53 121.50
31 687.18
50 628.70
40 149.67
42 257.31
21 969.96
72 855.94
21 237.37
20 927.57
26 768.53
77 156.31
64 599.29
90 447.18
52 551.10
87 110.42
77 858.71
22 550.66
74 481.97
73 153.66
9 532.18
44 624.01
85 172.52
87 986.31
79 215.37
26 286.82
30 983.96
69 214.62
75 236.96
55 855.23
14 805.82
90 600.41
52 467.21
10 257.80
77 911.24
62 428.00
58 854.94
89 852.91
97 248.63
59 178.42
41 673.64
42 945.73
91 207.88
86 371.25
53 689.60
74 215.67
66 974.15
99 874.67
59 155.79
89 693.17
69 548.07
17 388.50
44 649.63
54 548.00
42 618.24
71 993.54
6 603.31
69 733.06
28 753.43
100 506.62
42 486.50
10 809.77
64 837.16
11 349.40
88 391.30
86 399.03
91 934.13
15 953.96
47 526.47
30 155.73
95 220.33
49 861.19
76 804.92
64 601.12
9 532.46
38 939.93
21 694.95
62 396.90
16 863.13
69 342.84
23 207.12
17 258.53
95 804.31
10 332.43
30 370.55
51 859.00
3 336.07
5 172.40
32 291.58
44 874.35
64 931.07
2 580.46
88 120.81
93 896.58
66 562.72
51 800.75
30 394.08
17 612.10
6 196.11
98 324.49
84 359.95
76 995.19
99 370.72
14 462.50
1 924.22
79 392.75
4 776.67
9 695.38
51 547.66
42 577.73
48 546.00
21 111.98
13 681.67
35 735.62
2 952.31
77 611.16
80 771.94
38 994.13
69 881.65
27 362.21
52 344.36
24 419.90
55 736.24
82 789.12
62 506.56
73 697.20
84 535.27
14 455.60
81 186.85
49 464.60
92 191.76
66 112.43
89 967.76
31 874.81
59 235.49
17 830.18
11 177.12
84 906.09
41 734.70
81 187.35
1 637.54
93 205.07
92 250.55
41 428.96
24 732.66
54 162.90
61 623.44
46 588.19
57 446.41
79 784.97
47 505.54
46 787.55
14 756.04
25 547.17
37 810.89
91 199.45
95 597.36
1 173.62
77 638.09
94 757.00
16 469.64
56 198.64
41 202.85
81 753.97
34 262.60
98 185.00
33 833.95
6 859.54
80 972.22
84 389.98
58 427.20
49 819.43
5 795.80
99 323.50
66 654.52
63 640.59
7 172.48
50 461.51
56 960.34
8 742.76
28 916.96
54 377.14
68 298.97
27 800.79
79 218.73
85 217.45
34 283.51
29 164.91
35 712.33
90 255.76
15 255.51
30 596.89
21 795.16
86 665.30
82 545.49
86 479.02
65 843.12
13 275.58
83 246.69
32 377.08
13 876.44
60 968.80
25 666.56
28 694.81
70 685.35
70 324.26
73 658.39
88 326.01
71 617.75
64 532.29
90 963.07
24 338.29
9 435.55
74 280.81
45 355.98
70 687.96
99 584.45
61 736.45
23 454.35
33 438.29
77 652.68
24 950.44
74 710.41
95 905.91
30 691.54
31 380.85
14 796.72
33 113.21
41 739.37
12 635.97
65 268.08
58 742.75
95 820.34
89 673.12
43 218.04
20 197.56
25 329.21
34 329.37
64 371.16
78 928.62
6 729.28
12 350.36
41 317.55
77 203.44
66 292.43
49 104.07
8 521.23
61 130.28
33 626.74
90 277.75
72 625.92
27 568.23
90 642.92
47 634.23
65 914.53
100 735.25
3 887.77
60 374.59
25 537.94
63 362.06
8 703.38
27 487.52
52 449.53
33 688.92
58 738.37
44 184.01
19 128.51
92 658.48
37 833.24
89 491.25
56 765.62
41 212.52
45 902.65
19 800.85
48 941.22
59 656.01
36 447.93
51 571.55
63 417.22
44 458.33
66 854.97
19 981.61
1 373.23
95 399.38
91 371.26
21 885.44
1 553.10
92 474.78
90 766.86
86 703.25
50 137.67
84 547.18
75 609.61
7 254.92
59 355.13
48 527.09
29 174.22
68 897.13
42 925.07
7 534.98
29 594.91
86 911.12
66 431.22
27 690.53
84 394.75
50 433.98
47 332.84
27 162.13
59 763.74
69 967.12
70 707.08
12 401.21
75 333.05
1 793.42
54 470.03
50 177.35
96 109.69
42 642.14
20 422.28
49 385.52
1 273.59
100 339.49
12 710.34
98 452.86
25 256.19
6 200.17
60 278.08
67 613.80
34 798.62
91 313.57
56 466.07
69 866.63
15 682.28
14 432.20
54 460.94
39 395.96
11 772.37
52 705.38
90 287.74
17 731.35
39 962.48
89 744.11
56 437.35
50 438.55
58 606.09
52 262.99
10 433.69
35 849.82
15 460.41
85 717.48
79 208.73
34 889.25
30 105.59
68 356.65
43 666.78
11 651.98
17 550.89
76 348.26
91 256.14
93 905.89
75 477.38
88 128.28
4 536.14
91 940.96
82 994.58
16 942.50
76 706.40
39 403.85
45 774.94
41 550.19
11 530.51
94 632.22
62 620.66
53 924.48
22 891.52
59 204.65
30 506.02
27 528.44
28 685.99
10 826.58
37 926.37
31 293.11
62 259.59
82 703.38
59 731.53
71 491.51
18 377.43
82 293.69
38 128.33
34 343.88
64 542.06
66 406.76
17 880.52
71 843.62
49 215.06
58 229.40
73 240.10
46 445.04
64 860.32
55 478.00
22 316.90
53 751.87
46 782.57
46 393.08
88 282.54
46 849.64
67 788.24
22 428.40
85 431.69
7 983.81
10 408.81
49 200.78
21 792.86
64 147.03
32 218.60
53 954.14
100 972.59
50 627.97
41 366.03
84 329.09
14 491.27
47 527.63
60 665.60
34 779.72
22 581.50
51 574.11
27 336.45
32 525.47
98 504.89
46 659.25
98 879.29
84 641.51
64 234.11
96 111.74
70 646.50
93 605.85
58 321.63
52 324.44
93 902.86
76 693.82
95 966.87
41 569.67
12 730.39
22 479.51
17 284.99
62 241.91
16 674.76
44 430.27
30 740.13
23 925.29
86 255.25
82 923.97
38 129.15
20 356.37
88 604.73
4 421.45
65 706.80
55 133.85
7 229.03
1 897.85
3 673.87
17 537.41
88 289.35
29 515.97
19 622.41
52 286.78
72 453.26
49 561.76
48 166.77
58 833.97
89 817.67
54 859.25
33 672.24
26 153.49
26 918.54
82 949.62
11 716.13
